username,total_items,subreddit_count,activity_tier,focus_type,breadth_tier
Significant_Ad_3918,25,5,regular,general,moderate
AdEastern6906,3,2,occasional,swiss,narrow
compassWorn,120,88,regular,general,broad
stef_himself,3,3,occasional,swiss,narrow
PhiDeltaChi,16,8,regular,swiss,moderate
Unhappy-Froyo8828,7,4,occasional,target_centric,moderate
larsie001,50,15,regular,general,broad
Emotional-Share4461,106,30,regular,general,broad
Ue-De-yeh,37,13,regular,general,broad
Upstairs-Chest6736,2,2,occasional,target_centric,narrow
authentichooman,161,24,regular,swiss,broad
Valfaros,12,6,occasional,swiss,moderate
Donthaveaphd,33,8,regular,swiss,moderate
Designer-Access-4471,4,1,occasional,target_centric,narrow
thesaltyanchovyyy,13,4,occasional,general,moderate
BazingaSan,2,2,occasional,target_centric,narrow
Infamous-Pizzaman,21,10,regular,swiss,moderate
TheSquire8221,92,16,regular,general,broad
Jolly-Victory441,2947,127,power,general,broad
Schmackofatzke,344,47,power,general,broad
dath_bane,669,70,power,general,broad
Ok_Application4371,4,3,occasional,swiss,narrow
laooomo,25,4,regular,swiss,moderate
sonofszyslak,22,10,regular,general,moderate
Fulltime_Capitalist,4,3,occasional,general,narrow
KilometresDavis12,10,5,occasional,general,moderate
girly-lady,851,74,power,general,broad
Legitimate_Clue8948,34,11,regular,general,broad
b0sstweed,6,3,occasional,general,narrow
Waltekin,114,17,regular,swiss,broad
Basic-Arachnid9233,164,23,regular,swiss,broad
FunkySnail19,1453,190,power,general,broad
watchm8,13,4,occasional,general,moderate
Helvetia_1,47,11,regular,general,broad
andris907,8,4,occasional,target_centric,moderate
StuffyDuckLover,128,41,regular,general,broad
PenGeek030609,22,12,regular,general,broad
AlbatrossIcy5704,32,19,regular,general,broad
Evoo4820,44,12,regular,swiss,broad
Rich_homeless_01,3,1,occasional,target_centric,narrow
Subject_Elk_4762,72,14,regular,general,broad
Busy-Belt-992,1,1,occasional,target_centric,narrow
Jininhok,6,5,occasional,general,moderate
Aywing,931,69,power,general,broad
East-Preference164,3,2,occasional,general,narrow
beingmisogynist,4,2,occasional,general,narrow
Girlygabenpepe,56,15,regular,general,broad
Sad_Bookkeeper8630,30,7,regular,general,moderate
Babushka9,864,65,power,general,broad
Der_Lachsliebhaber,361,39,power,swiss,broad
WrongSeaworthiness60,21,5,regular,academic,moderate
Gokudomatic,405,39,power,general,broad
Chinglaner,714,145,power,general,broad
LiJingQi,29,4,regular,general,moderate
GrumpyKungFu,175,39,regular,general,broad
Substantial-Leg-9000,430,24,power,general,broad
45422201,40,11,regular,general,broad
Coco_JuTo,2069,39,power,general,broad
Vegetable-Brother-31,9,7,occasional,general,moderate
Antidigitalist,1945,83,power,general,broad
Grouchy-Friend4235,1084,105,power,general,broad
beyond1980,7,5,occasional,academic,moderate
Brilliant_Charge_608,15,5,regular,academic,moderate
-Nothing-Suspicious-,2,2,occasional,target_centric,narrow
caslea94,37,15,regular,general,broad
Sans_Moritz,937,166,power,general,broad
peculiar-meowie,299,17,regular,target_centric,broad
EwoksAreAwesome,80,21,regular,general,broad
PastInternational249,8,3,occasional,target_centric,narrow
Hour_Direction9988,19,1,regular,target_centric,narrow
Accomplished_Bad_487,105,42,regular,general,broad
mathmob,1,1,occasional,target_centric,narrow
Bierculles,1778,148,power,general,broad
Rebecca123457,605,44,power,general,broad
Dry_Tumbleweed7177,1,1,occasional,target_centric,narrow
alepetitti,35,5,regular,general,moderate
paulh0107,41,6,regular,general,moderate
human3483933883,1,1,occasional,target_centric,narrow
Dance_Choice,6,3,occasional,target_centric,narrow
EntropicalIsland,84,13,regular,swiss,broad
Mogreal,14,7,regular,general,moderate
Khyta,2341,269,power,general,broad
Heavy_Show2580,1,1,occasional,target_centric,narrow
Same_Wonder_2703,40,8,regular,swiss,moderate
ko_nuts,462,58,power,general,broad
Such_Return278,4,1,occasional,target_centric,narrow
ghazi_syed,1,1,occasional,target_centric,narrow
king_grifffin,8,4,occasional,general,moderate
Fuzzy_Highlight5366,2,2,occasional,target_centric,narrow
Humble_Love2736,61,17,regular,general,broad
Ok_Beach6624,1,1,occasional,target_centric,narrow
rocknets,5,4,occasional,general,moderate
biglarrypoo,871,23,power,general,broad
Immediate-Outside572,9,4,occasional,swiss,moderate
elxu54,6,1,occasional,target_centric,narrow
Direct-Jackfruit-958,191,29,regular,general,broad
Metapont1618,29,16,regular,general,broad
NutellaHoden,74,9,regular,general,moderate
HelicopterNo9453,1777,167,power,general,broad
Financial_News_6400,24,2,regular,target_centric,narrow
Drio420,2,2,occasional,target_centric,narrow
supersevi,3,1,occasional,target_centric,narrow
nameless_presence,9,2,occasional,target_centric,narrow
Many_Slice_9646,7,2,occasional,target_centric,narrow
Realistic-Garage-369,9,5,occasional,swiss,moderate
Acrobatic_Shelter_96,23,7,regular,general,moderate
attalgreg,54,20,regular,swiss,broad
QueenGwendolynSnow,3,3,occasional,general,narrow
languagestudent1546,243,56,regular,general,broad
xXGIMpL0rdXx,8,7,occasional,general,moderate
Dede1751,63,15,regular,general,broad
ethustler,11,6,occasional,general,moderate
Srgaala,7,4,occasional,general,moderate
nurufen,1,1,occasional,target_centric,narrow
mokugres,59,14,regular,general,broad
DirectionOther224,9,6,occasional,general,moderate
xAshenDemonx,12,6,occasional,general,moderate
rodrigo-benenson,1658,215,power,general,broad
OkAlternative6515,13,2,occasional,general,narrow
mayonnaise989,18,7,regular,general,moderate
athvasilopoulos,6,1,occasional,target_centric,narrow
Colourful-Fish,2,2,occasional,target_centric,narrow
Upbeat_Hat1089,189,23,regular,general,broad
beeartic,256,41,regular,general,broad
Ok-Abbreviations-938,13,6,occasional,general,moderate
FinanceAltTrow,140,36,regular,general,broad
ToBe1357,1432,47,power,swiss,broad
Feeling_Passenger815,121,14,regular,general,broad
Tuscany_kangale564,430,38,power,general,broad
nikxtaco,41,6,regular,general,moderate
fat-garfield,143,23,regular,general,broad
therealRCKola,21,6,regular,general,moderate
Belarnon,20,7,regular,general,moderate
onil34,558,81,power,general,broad
etan1,45,16,regular,general,broad
TrickyEstate6128,7,6,occasional,general,moderate
No_Difference_1515,4,1,occasional,target_centric,narrow
Volameter,105,16,regular,swiss,broad
Creative-Road-5293,5094,256,power,general,broad
EyedBread,17,6,regular,general,moderate
bl3achl4sagna,769,21,power,swiss,broad
tagpro_samuele,38,14,regular,swiss,broad
BluebirdNo4405,19,3,regular,target_centric,narrow
EmeraldDream123,340,40,power,general,broad
gunslingerson,109,29,regular,swiss,broad
Ok_Ask_6378,3,1,occasional,target_centric,narrow
Equivalent-Ad5185,57,14,regular,swiss,broad
hyperbrainer,846,85,power,general,broad
studentqu,9,2,occasional,target_centric,narrow
Public-Parfait5769,18,4,regular,swiss,moderate
CircleTool,27,10,regular,general,moderate
wilrob2,78,8,regular,target_centric,moderate
Tall_Yogurtcloset797,24,3,regular,target_centric,narrow
y_abdelaziz,46,12,regular,general,broad
SomeGuyOnInternet7,189,29,regular,general,broad
Elephant_pumpkin,166,16,regular,general,broad
DoomedweArenow,2,2,occasional,target_centric,narrow
Chemical_Rebby17,4,2,occasional,target_centric,narrow
Tall_Ladder8399,2,1,occasional,target_centric,narrow
nochilllll,13,11,occasional,general,broad
Due_Astronomer_604,3,3,occasional,general,narrow
mrex778,59,14,regular,general,broad
PalePianist7025,16,6,regular,target_centric,moderate
Inevitable_Head3920,3,2,occasional,target_centric,narrow
HilariousMonkeys,18,3,regular,general,narrow
Particular_Lion_1873,13,6,occasional,general,moderate
zeoreeves13,359,45,power,general,broad
Spesolis421,5,1,occasional,target_centric,narrow
Moonwalking_Diogenes,3,3,occasional,swiss,narrow
Front_Problem_9847,1,1,occasional,target_centric,narrow
AtmosphereAny,23,7,regular,general,moderate
Frozen_Yoghurt1204,2,2,occasional,target_centric,narrow
Careless_Career_8467,51,8,regular,target_centric,moderate
LockTheMoon,127,18,regular,general,broad
aashnalize,1,1,occasional,target_centric,narrow
Ok-Yellow5605,89,5,regular,general,moderate
Wonder_human9225,65,25,regular,general,broad
_oscarstott,54,14,regular,general,broad
SnooLobsters6170,6,6,occasional,general,moderate
InThePanchine03,26,3,regular,general,narrow
nebnoskcaj,3,3,occasional,general,narrow
Internal-Flamingo-56,9,1,occasional,target_centric,narrow
whatdoiknooow,302,57,regular,general,broad
Different-Chef-7359,2,2,occasional,target_centric,narrow
Outrageous_Spinach85,207,33,regular,general,broad
Emergency-Job4136,452,90,power,swiss,broad
4maxlhmn4,303,44,regular,general,broad
ThrowayGigachad,1063,146,power,general,broad
Andromeda279,18,12,regular,general,broad
Ok-Stock4586,3,1,occasional,target_centric,narrow
neuronerd624,2,2,occasional,target_centric,narrow
look1ngforheroes,8,3,occasional,swiss,narrow
Intrepid_Challenge52,5,3,occasional,general,narrow
Hopeful_Ad9591,17,8,regular,swiss,moderate
s195t,14,3,regular,target_centric,narrow
PlaneSpirited2507,43,8,regular,swiss,moderate
HeyImSwiss,1029,104,power,general,broad
LyraddarylGG,581,31,power,general,broad
KingKongGorillaKing,65,14,regular,general,broad
Me_K_Hell,520,69,power,swiss,broad
Fernando_III,683,77,power,general,broad
Stomach_Academic,5,4,occasional,general,moderate
Genjo00,4,3,occasional,general,narrow
yummy_broccoli,42,16,regular,general,broad
Antique-Ticket-382,13,3,occasional,general,narrow
thoangzr,45,7,regular,swiss,moderate
Athror,6,4,occasional,swiss,moderate
oppa_i_30,18,9,regular,general,moderate
SusannaDeV,9,2,occasional,target_centric,narrow
davidTheEngineer,19,9,regular,target_centric,moderate
cocaine_and_h00kers,52,13,regular,general,broad
Laertes1601,8,6,occasional,general,moderate
Secure_Cupcake_986,2,1,occasional,target_centric,narrow
obviously_anal,15,5,regular,general,moderate
SubstantialGap7335,337,63,power,general,broad
divergence_of_curl,367,24,power,general,broad
SpaceDebri,54,13,regular,general,broad
Constant_Parsley_493,142,39,regular,general,broad
Nick0805,98,31,regular,general,broad
BigMaraIppo,13,4,occasional,swiss,moderate
Entire_Bill1804,98,25,regular,general,broad
ExpertPlayful9604,2,1,occasional,target_centric,narrow
Tomathor13,26,11,regular,general,broad
Tierriminator,7,3,occasional,target_centric,narrow
nudeice,14,2,regular,target_centric,narrow
pberton,1,1,occasional,target_centric,narrow
IndicationOk5884,4,4,occasional,general,moderate
SchoggiToeff,8129,133,power,swiss,broad
IssaTrader,125,24,regular,academic,broad
WorldML,119,40,regular,general,broad
MusicModeShop,1,1,occasional,target_centric,narrow
kenzoy0426,4,2,occasional,target_centric,narrow
BetaKa,28,10,regular,general,moderate
Godnivia,8,1,occasional,target_centric,narrow
f1u82ypd,259,71,regular,general,broad
AZfoodie,1,1,occasional,target_centric,narrow
Flimsy_Woodpecker_28,12,1,occasional,target_centric,narrow
Singularitaet_,383,36,power,general,broad
Ok-Investigator8061,1,1,occasional,target_centric,narrow
WeWaagh,81,16,regular,general,broad
Marmar_9241,1,1,occasional,target_centric,narrow
ProRussianPlayer,6,2,occasional,target_centric,narrow
miinouuu,283,40,regular,general,broad
Orillians,157,23,regular,general,broad
lost_leopard_,8,7,occasional,general,moderate
ale86ch,80,21,regular,swiss,broad
dag00dag33,1,1,occasional,target_centric,narrow
vakulaboredofquora,21,5,regular,general,moderate
aaarbeikop,55,10,regular,general,moderate
melumiemi,2,2,occasional,target_centric,narrow
Good_Winter7396,99,25,regular,general,broad
Hamelama,4,2,occasional,target_centric,narrow
Smart-mouth-VLO,1,1,occasional,target_centric,narrow
omnipresentzeus,797,102,power,general,broad
MiekoOnReddit,11,6,occasional,general,moderate
Empty-Suggestion-597,76,13,regular,academic,broad
TheGratitudeBot,15078,6703,power,general,broad
Iamexhausted2,61,5,regular,target_centric,moderate
OldRip7185,69,30,regular,swiss,broad
Temporary_Privacy,424,75,power,general,broad
Severe_Rock3301,1,1,occasional,target_centric,narrow
ChouChou6300,476,31,power,swiss,broad
General-Account-,14,10,regular,general,moderate
spctclr,31,8,regular,swiss,moderate
domijeri,4,4,occasional,general,moderate
DVUZT,288,30,regular,swiss,broad
Odd_Feeling_8021,19,3,regular,target_centric,narrow
WeaknessDistinct4618,493,35,power,swiss,broad
Easy-Echidna-7497,386,80,power,general,broad
ChaonesJ,835,19,power,general,broad
Key_Ratio_2828,34,14,regular,general,broad
zaka9923,15,1,regular,target_centric,narrow
boomersimpattack,502,88,power,general,broad
Colorpalette696,17,4,regular,general,moderate
7facetime7,125,19,regular,general,broad
FailerOnBoard,346,20,power,swiss,broad
william_andrew_simon,8,3,occasional,general,narrow
Fit-Conclusion-7579,92,18,regular,general,broad
Wonderful-Edge-2883,7,4,occasional,swiss,moderate
Limp_Pomelo_9773,6,2,occasional,target_centric,narrow
Actual_Nobody_7590,36,15,regular,general,broad
Master-Ear-1558,5,3,occasional,swiss,narrow
Ncolas_Grimm,1,1,occasional,target_centric,narrow
NappingVolcano,6,2,occasional,swiss,narrow
plainerman,1,1,occasional,target_centric,narrow
penguinsontv,482,31,power,swiss,broad
kriccs,10,2,occasional,swiss,narrow
Adorable_Knee959,9,3,occasional,general,narrow
aaTONI,412,53,power,general,broad
jonarivado,8,3,occasional,target_centric,narrow
Double_Sun2924,21,3,regular,target_centric,narrow
percentage97,29,11,regular,swiss,broad
sabagian,1,1,occasional,target_centric,narrow
Jodyr-117,2,2,occasional,target_centric,narrow
ffxx8811,12,9,occasional,swiss,moderate
gitty7456,7252,307,power,general,broad
Accomplished_Team300,20,2,regular,general,narrow
Powerful_Pace_2597,10,3,occasional,target_centric,narrow
Acrobatic_Salad_9691,2,1,occasional,target_centric,narrow
andich,6,4,occasional,swiss,moderate
Right_Fisherman_9320,1,1,occasional,target_centric,narrow
WEAluka,777,64,power,general,broad
DesperateCake826,171,35,regular,general,broad
One-Function7275,1,1,occasional,target_centric,narrow
DadaBnki,1,1,occasional,target_centric,narrow
Organic_Tradition820,64,15,regular,general,broad
IICatDestroyerII,600,73,power,general,broad
Severe-Elk-3993,38,7,regular,swiss,moderate
LocalNightDrummer,1410,66,power,general,broad
Syvisaur,111,21,regular,general,broad
amogus_guy1904,65,7,regular,target_centric,moderate
Gumphant,337,46,power,swiss,broad
masterkenobi31,21,4,regular,general,moderate
bil-y,76,19,regular,swiss,broad
ParisianFlower,5,3,occasional,target_centric,narrow
WhiskeyDolphine,1,1,occasional,target_centric,narrow
elixirofsoup,24,6,regular,general,moderate
Livid-Winter-5652,1,1,occasional,target_centric,narrow
katatonikk,51,18,regular,general,broad
ETHsurvivor,24,14,regular,general,broad
Function-Diligent,125,29,regular,general,broad
nodemon404,10,5,occasional,general,moderate
Eulercurie,4,4,occasional,general,moderate
WrathOfTheKressh,64,12,regular,general,broad
nononeffervescent_ml,23,10,regular,swiss,moderate
Royal-Candidate7234,65,11,regular,general,broad
ParkingBite6357,41,10,regular,general,moderate
FreshCandidate8108,55,15,regular,general,broad
Feisty_Anywhere4422,70,23,regular,general,broad
Global-String655,5,1,occasional,target_centric,narrow
Double-Outside-4763,25,3,regular,target_centric,narrow
Tritiumoxid,16,5,regular,target_centric,moderate
Ingonator2023,240,51,regular,general,broad
no_underage_trading,205,49,regular,general,broad
SuggestionSimple1850,385,48,power,swiss,broad
heyheni,2906,107,power,swiss,broad
Happy-Key-909,1,1,occasional,target_centric,narrow
Pitiful-Sector7975,14,9,regular,general,moderate
Freezemoon,3848,169,power,general,broad
Larynx_Austrene,85,11,regular,general,broad
Proof_Violinist_9373,6,2,occasional,general,narrow
apotropaica,4,1,occasional,target_centric,narrow
StefanFizyk,133,25,regular,general,broad
MyBeatifulFantasy,171,34,regular,general,broad
fmartiescofet,1,1,occasional,target_centric,narrow
barberousse1122,1338,142,power,swiss,broad
imcompletelyhonest,7,3,occasional,target_centric,narrow
Ok-Award-839,21,5,regular,target_centric,moderate
Poldi_7,26,17,regular,general,broad
Beltner,10,2,occasional,swiss,narrow
ChevalBlanc1947,489,145,power,general,broad
XH4869,6,4,occasional,swiss,moderate
HomeGrownSilicone,20,6,regular,general,moderate
Striking-Desk-7345,9,5,occasional,general,moderate
alphahighendpro,3,3,occasional,general,narrow
head-ta,15,1,regular,target_centric,narrow
Proper-Delivery-7120,29,11,regular,general,broad
lasker99,2,1,occasional,target_centric,narrow
Clean-Egg1905,7,5,occasional,general,moderate
SignatureAdvanced916,7,3,occasional,general,narrow
SamonBoulevard,26,11,regular,general,broad
escasiyo,16,7,regular,swiss,moderate
Afraid_Wave_2489,97,26,regular,general,broad
__Reddidiot__,471,50,power,general,broad
webbs3,1325,517,power,general,broad
JustFisherman2957,3,1,occasional,target_centric,narrow
Certain-Operation347,38,16,regular,general,broad
InjuryElegant5024,1,1,occasional,target_centric,narrow
No-Pudding-8622,2,1,occasional,target_centric,narrow
ToxicCooper,1735,83,power,general,broad
MajorTheSecond,2,2,occasional,target_centric,narrow
Raupenpanzer,49,7,regular,swiss,moderate
R4spberryStr4wberry,229,29,regular,swiss,broad
Sig_MaGiiK,4,1,occasional,target_centric,narrow
s_copypasta_bot,9131,4395,power,general,broad
Prestigious-Pause-17,6,4,occasional,general,moderate
Gorzoid,162,32,regular,general,broad
team_analysis5,211,6,regular,swiss,moderate
MacBareth,1669,177,power,general,broad
No-Novel-1192,49,12,regular,general,broad
PressureCold,14,5,regular,target_centric,moderate
kkkllllllllll,1,1,occasional,target_centric,narrow
Jaded_Hair_2906,14,6,regular,general,moderate
Mexifyderstoehnt,38,15,regular,general,broad
lefory538,4,3,occasional,target_centric,narrow
Financial-Read5053,25,15,regular,general,broad
Born-Conflict6051,2,1,occasional,target_centric,narrow
rafael0301,5,1,occasional,target_centric,narrow
psanchi2,155,76,regular,general,broad
Pael-eSports,122,32,regular,general,broad
Entire_Classroom_920,3,1,occasional,target_centric,narrow
wizened-planner,1,1,occasional,target_centric,narrow
dimitriglaukon,323,81,regular,general,broad
CHONO2-CH2ONO2-2,14,3,regular,general,narrow
MyIQis1000000000bil,4,2,occasional,target_centric,narrow
GaoHAQ,85,30,regular,general,broad
Local_Explorer_595,39,9,regular,swiss,moderate
Electronic_Special48,57,17,regular,swiss,broad
Wrong-Adagio-511,139,37,regular,general,broad
Sad-Bit-2234,13,7,occasional,general,moderate
wheregold,115,27,regular,general,broad
Fa_well,2,2,occasional,target_centric,narrow
whitehole_phy,53,21,regular,swiss,broad
Fickbar_M,42,5,regular,general,moderate
CaptchasSuckAss,26,12,regular,general,broad
2006boiii,3,2,occasional,general,narrow
Responsible-War-1179,511,141,power,general,broad
Senior_Juice5380,466,26,power,general,broad
hunterdayawife,59,18,regular,general,broad
allornkcor,24,16,regular,general,broad
Simozzzo,19,9,regular,general,moderate
lemonhead94,9,4,occasional,general,moderate
ogldr,4,1,occasional,target_centric,narrow
super_kami_1337,95,20,regular,swiss,broad
zombieslayer124,1112,151,power,general,broad
asdfg_lkjh,111,14,regular,general,broad
gruengle,102,42,regular,general,broad
MaximilianJanisch,1,1,occasional,target_centric,narrow
_BarelyAcceptable_,4,1,occasional,target_centric,narrow
ConsistentSpare7760,6,5,occasional,general,moderate
Sorry_Warthog_4910,83,10,regular,swiss,moderate
lownerbeach,16,7,regular,academic,moderate
Lumpy_Worth6930,3,1,occasional,target_centric,narrow
Classic_Indication10,24,8,regular,general,moderate
OwlAffectionate158,7,1,occasional,target_centric,narrow
Slayer10101,7,2,occasional,target_centric,narrow
Miserable_Ad2265,2,2,occasional,target_centric,narrow
ConversationKey8665,6,5,occasional,general,moderate
Japap_,73,36,regular,general,broad
reddit_jasper,2,2,occasional,target_centric,narrow
luthiena12,1,1,occasional,target_centric,narrow
Barrack_H_Obama_II,8,4,occasional,general,moderate
Front-Pollution-6673,48,14,regular,general,broad
Swiss-Smarties,47,16,regular,swiss,broad
svechinskaya,6,1,occasional,target_centric,narrow
Chiron_The_Archer,157,27,regular,general,broad
EaseOdd5533,17,7,regular,swiss,moderate
Worried_Guarantee_98,62,16,regular,general,broad
Reasonable-Fuel-8084,2,1,occasional,target_centric,narrow
anthunter7,117,32,regular,swiss,broad
HrGSch,61,11,regular,swiss,broad
mbo25,135,33,regular,swiss,broad
aviviel,542,64,power,general,broad
Ok_Association_9625,1814,150,power,general,broad
Longjumping-Win6037,106,25,regular,swiss,broad
tinatsh,5,4,occasional,general,moderate
Troste69,798,110,power,general,broad
Wise_whisper_,13,4,occasional,target_centric,moderate
AdvisorTechnical7732,128,4,regular,general,moderate
Suitable_Anxiety208,622,51,power,swiss,broad
Altruistic_Map_4081,50,11,regular,target_centric,broad
WorthPersonalitys,1702,1216,power,general,broad
JohnDonne2913,3,2,occasional,target_centric,narrow
Old_Eggplant4934,26,4,regular,general,moderate
Worldly_Mango4543,6,3,occasional,general,narrow
pixusnixus,166,27,regular,general,broad
Such_Negotiation4683,127,8,regular,swiss,moderate
Long-Piano1275,44,12,regular,general,broad
jjjj_83,106,55,regular,general,broad
AmbientOccluder38,16,9,regular,general,moderate
Sunflowerblue123,2,1,occasional,target_centric,narrow
MortgageAdventurous8,713,74,power,general,broad
Silentfoxy,9,6,occasional,general,moderate
R4pper1noStu,48,7,regular,general,moderate
Dear_Bicycle_5741,17,8,regular,swiss,moderate
CompoteMysterious822,56,11,regular,swiss,broad
m_shark,162,23,regular,swiss,broad
sparklingwoter,2,2,occasional,target_centric,narrow
Internal_Leke,3163,64,power,swiss,broad
spike-spiegel92,431,68,power,general,broad
Background-Fish-8465,26,3,regular,swiss,narrow
Odd-Tomatillo4119,79,32,regular,general,broad
hoang252,1364,1162,power,general,broad
tommi-eth,1,1,occasional,target_centric,narrow
Dramatic_Analysis417,1,1,occasional,target_centric,narrow
Ant-One,13,12,occasional,general,broad
_TitanoPigro_,1,1,occasional,target_centric,narrow
maronnadituttecose,101,15,regular,swiss,broad
BeginningSelection57,2,2,occasional,target_centric,narrow
Cyber2rock,3,2,occasional,general,narrow
Flualiengrind,22,10,regular,general,moderate
DiligentAd655,1,1,occasional,target_centric,narrow
Calm_Dust_1007,49,16,regular,swiss,broad
pad0lex,2,1,occasional,target_centric,narrow
BOBBO_WASTER,15,9,regular,general,moderate
RubenLaorden,4,2,occasional,target_centric,narrow
Apoorva__a,33,9,regular,general,moderate
DDragonn70c,33,9,regular,general,moderate
Working_Proposal7261,2,2,occasional,target_centric,narrow
SilverBladeCG,1482,132,power,general,broad
nechl,1,1,occasional,target_centric,narrow
virtualdweller,61,15,regular,general,broad
ravingrabbid_baba,5,1,occasional,target_centric,narrow
Appropriate-Still712,5,4,occasional,general,moderate
faranzki,15,8,regular,general,moderate
lemeneis,1,1,occasional,target_centric,narrow
SlideHammer86,15,10,regular,general,moderate
Creepy_Floor_1380,70,13,regular,general,broad
DarkKnight_GMT1,20,6,regular,swiss,moderate
Turbulent-Point-3341,1,1,occasional,target_centric,narrow
guiserg,318,76,regular,swiss,broad
Qu3st10nmark,12,4,occasional,target_centric,moderate
academiaswiss,5,3,occasional,general,narrow
1maginaryApple,1911,107,power,general,broad
Unhappy_Doubt_355,106,9,regular,swiss,moderate
Dajinxed,10,2,occasional,general,narrow
tsrumble,1,1,occasional,target_centric,narrow
Ok_Peanut_5685,308,49,regular,general,broad
gsaltintas,3,2,occasional,target_centric,narrow
PaintCharacter8338,2,1,occasional,target_centric,narrow
bdaikis,2,1,occasional,target_centric,narrow
Responsible-Menu-428,21,3,regular,target_centric,narrow
SnooTomatoes8722,53,14,regular,swiss,broad
LatterEstimate3027,234,29,regular,general,broad
phicreative1997,2012,373,power,general,broad
Severe_Cookie1567,82,12,regular,general,broad
b3MxZG8R3C9GRTHV,131,24,regular,swiss,broad
WhichConcentrate9451,14,7,regular,general,moderate
thechickenmaster6000,6,3,occasional,general,narrow
studentprojecthouse,1,1,occasional,target_centric,narrow
Lachainone,99,29,regular,general,broad
kasapkapo,28,10,regular,general,moderate
Ok-Worldliness6287,12,7,occasional,general,moderate
No-Bat6834,338,34,power,swiss,broad
BinaryBulwark,12,6,occasional,general,moderate
Zuuuuuuuuuuuuuuuuul,25,4,regular,swiss,moderate
PureAsk9038,7,2,occasional,target_centric,narrow
Nightfurry1997,69,29,regular,general,broad
DyingFish3000,1,1,occasional,target_centric,narrow
No_Inflation4169,226,48,regular,general,broad
Leather-Cap-8063,1,1,occasional,target_centric,narrow
FunRevolutionary8654,42,8,regular,general,moderate
GetOutBasel,115,10,regular,swiss,moderate
Possibly_your_mom,37,7,regular,general,moderate
HighfiveBeast,6,5,occasional,general,moderate
2D_Tiddies,3,3,occasional,general,narrow
iAmCatton,9,5,occasional,general,moderate
RodCherokee,1447,99,power,general,broad
jpjbagdi,14,8,regular,general,moderate
pentesticals,1324,162,power,general,broad
checklistfanatic,1,1,occasional,target_centric,narrow
_Swideru,135,30,regular,general,broad
jfang00007,116,19,regular,general,broad
fbanis,26,6,regular,target_centric,moderate
Panda-Calm,38,6,regular,target_centric,moderate
dinhth,82,20,regular,general,broad
mohannadhaitham,52,8,regular,general,moderate
Smephite,24,10,regular,general,moderate
B1gThro,2,2,occasional,target_centric,narrow
Level-Abroad8807,2,1,occasional,target_centric,narrow
TheInebriati,567,61,power,general,broad
compozitez,9,6,occasional,swiss,moderate
Ok_Bother_1426,1,1,occasional,target_centric,narrow
LP2222,154,42,regular,general,broad
PieHistorical30,235,21,regular,general,broad
Current_Rub_4992,15,4,regular,swiss,moderate
Nicolas__97,31,9,regular,general,moderate
mouceen,16,7,regular,general,moderate
PossibleEntrance7886,3,2,occasional,target_centric,narrow
Fun-Consequence-5844,1,1,occasional,target_centric,narrow
guetibuetu,2,1,occasional,target_centric,narrow
OkImprovement8743,113,16,regular,general,broad
Inside_Assignment524,1,1,occasional,target_centric,narrow
eomertherider,405,97,power,general,broad
Emotional_Hotel6843,49,8,regular,general,moderate
other_users,76,16,regular,general,broad
Whole-Library-59,7,1,occasional,target_centric,narrow
SofferPsicol,845,156,power,general,broad
Xandalf23,39,14,regular,general,broad
No-Distance3115,2,2,occasional,target_centric,narrow
Armagetton,18,12,regular,general,broad
Time-Comfortable489,67,36,regular,general,broad
Flashy_Help_7356,26,8,regular,general,moderate
Beghorangi,18,10,regular,general,moderate
Philippe_Z,66,23,regular,general,broad
selenethestar1,29,10,regular,general,moderate
Experimental_Work,161,16,regular,general,broad
1203-NT,2,2,occasional,target_centric,narrow
These_Honeydew_2570,2,2,occasional,target_centric,narrow
River_Raven_Rowee,111,27,regular,general,broad
DeliriousCakeGobbler,113,23,regular,general,broad
strawberryscoups,2,1,occasional,target_centric,narrow
Heizor,13,9,occasional,general,moderate
Itchy_Technician_216,262,91,regular,general,broad
yhaxxxxxx,67,23,regular,general,broad
KrisseMai,319,135,regular,general,broad
iwontremembr,3,3,occasional,general,narrow
ArmIntrepid8204,2,1,occasional,target_centric,narrow
Best_Celebration9790,17,4,regular,target_centric,moderate
KingQuail89,53,7,regular,general,moderate
Ayasaminata,7,2,occasional,target_centric,narrow
winkymann,1,1,occasional,target_centric,narrow
JakobMeier,15,6,regular,general,moderate
Exotic_Internet5969,1,1,occasional,target_centric,narrow
Business_Stress_3306,19,7,regular,general,moderate
Osuiw,1,1,occasional,target_centric,narrow
verilaks,333,21,regular,general,broad
gowth130,1,1,occasional,target_centric,narrow
amajusk,81,17,regular,swiss,broad
aorozco1996,18,6,regular,general,moderate
rukacheded,19,8,regular,swiss,moderate
HanniBunny007,3,2,occasional,target_centric,narrow
Pana_Guiskas,38,14,regular,general,broad
roseyardgraves,77,27,regular,general,broad
Tricky_Poetry847,744,63,power,general,broad
-_mo_-,90,40,regular,general,broad
jfjdndixjd,1,1,occasional,target_centric,narrow
CDawn1337,30,7,regular,general,moderate
AliveEntertainment45,5,2,occasional,target_centric,narrow
LiberFriso,278,62,regular,general,broad
EncelBread,158,28,regular,general,broad
Working-Ad5682,2,1,occasional,target_centric,narrow
Wonderful_Setting195,333,11,regular,swiss,broad
vltmusic,16,5,regular,general,moderate
Spiritual_Tailor7698,2347,93,power,general,broad
kaliumsorbath,42,14,regular,swiss,broad
BlackCH,28,7,regular,target_centric,moderate
ToxicTop2,232,66,regular,general,broad
justTinkering,22,9,regular,general,moderate
Gigo0078,27,8,regular,target_centric,moderate
broesmmeli-99,244,63,regular,swiss,broad
Delicious_Ad7123,48,13,regular,general,broad
CryptographerTop6264,183,20,regular,general,broad
ulfOptimism,483,71,power,general,broad
rueblimaster,47,9,regular,general,moderate
suholdmeback,16,4,regular,target_centric,moderate
Afraid-Tea-2358,11,1,occasional,target_centric,narrow
cwormer,205,33,regular,general,broad
Opening-Net-4735,12,4,occasional,swiss,moderate
Bloxx12,1,1,occasional,target_centric,narrow
JauntyKnight,40,16,regular,general,broad
BuenzliBuex,484,62,power,swiss,broad
eee_bume,29,7,regular,general,moderate
rBlu3b0x,48,6,regular,general,moderate
shaolinmasterkiller2,39,8,regular,academic,moderate
DeadManSitting,103,22,regular,general,broad
q_moonstone,14,10,regular,general,moderate
yesplease63636jwj,2,1,occasional,target_centric,narrow
Lazy-Rate6734,748,72,power,general,broad
aparchure,6,5,occasional,general,moderate
bozaro_za_rokku,2,1,occasional,target_centric,narrow
Antique-Jacket8864,16,7,regular,general,moderate
Samilainthemirror,88,25,regular,general,broad
FinancialPossible240,1,1,occasional,target_centric,narrow
Delicious_Mention234,23,6,regular,general,moderate
FairFig5622,283,71,regular,general,broad
Radical_X75,100,24,regular,general,broad
That_Agent1983,927,46,power,swiss,broad
notMeiwakuna,11,5,occasional,general,moderate
d3nizy,127,27,regular,general,broad
Jahkral,1662,78,power,general,broad
halilemreisik,8,5,occasional,target_centric,moderate
x3non_04,893,136,power,general,broad
QueensTarget,6,1,occasional,target_centric,narrow
Playful-Winner5122,59,11,regular,general,broad
mandoleeeen,86,10,regular,general,moderate
Schuano,501,91,power,general,broad
Luc2992,126,24,regular,swiss,broad
Glad-Neighborhood500,6,2,occasional,target_centric,narrow
meeneemeten,240,36,regular,general,broad
langkexiaoyi,7,2,occasional,target_centric,narrow
cariprazine1,1,1,occasional,target_centric,narrow
swazilaender,189,58,regular,general,broad
Cautious_Storage_348,7,1,occasional,target_centric,narrow
Double_Employer_1301,2,1,occasional,target_centric,narrow
Secure-Technician274,2,1,occasional,target_centric,narrow
bafe,357,55,power,swiss,broad
MeisterMumpitz,71,16,regular,general,broad
Artistic-Ad-3794,20,9,regular,general,moderate
Helvetia2021,445,43,power,swiss,broad
ektoplazmahhh,54,7,regular,general,moderate
ygtrhos,145,20,regular,swiss,broad
ykozyr,13,3,occasional,target_centric,narrow
SmoothEnjoyer,9,2,occasional,target_centric,narrow
Ddmaltr,3,1,occasional,target_centric,narrow
redit411,178,12,regular,general,broad
wowmyearhurts,4,3,occasional,general,narrow
West-Instruction-577,32,4,regular,target_centric,moderate
cfdismypassion,33,16,regular,general,broad
majestickr2,214,69,regular,swiss,broad
julian0722,3,1,occasional,target_centric,narrow
schwabbbel,15,7,regular,general,moderate
resignresign2,1,1,occasional,target_centric,narrow
n123k15,18,5,regular,target_centric,moderate
Serious-North-1,2,1,occasional,target_centric,narrow
ThrowRA_Paul98,40,6,regular,target_centric,moderate
Sweet_Reach8318,11,4,occasional,general,moderate
DeezeKnotz,483,59,power,general,broad
cat_ass_trophy_91,92,20,regular,general,broad
Bastion55420,141,24,regular,general,broad
__deadpoet__,61,21,regular,general,broad
DooM_SpooN,427,59,power,general,broad
memetellectual,11,5,occasional,general,moderate
Capybarapolo,3,2,occasional,swiss,narrow
East-Celebration-826,2,2,occasional,target_centric,narrow
Epic_Diss,2,2,occasional,target_centric,narrow
Trzyq0712,3,3,occasional,general,narrow
No_Specific_8742,14,1,regular,target_centric,narrow
DisasterExisting8141,3,3,occasional,general,narrow
Wonderful_Dirt5069,10,6,occasional,general,moderate
W47erM01e,31,9,regular,general,moderate
mardmax,1,1,occasional,target_centric,narrow
Decent_Brain_542,53,19,regular,general,broad
Upset-Crazy-4913,8,1,occasional,target_centric,narrow
Daktus05,294,30,regular,general,broad
iDankYourMemes,2,2,occasional,target_centric,narrow
Imaginary_Gift_8533,81,19,regular,general,broad
FriendshipPitiful927,37,4,regular,general,moderate
Fine-Resident-8157,362,22,power,general,broad
Aypnia,72,24,regular,general,broad
kuaile258890,7,3,occasional,general,narrow
Simonjhfgh,67,14,regular,general,broad
aedlearndl,20,11,regular,academic,broad
lazy-rushi,3,1,occasional,target_centric,narrow
Bio_silly,5,4,occasional,general,moderate
avonburger,80,10,regular,general,moderate
Sudden_Membership491,9,2,occasional,general,narrow
Ok_Journalist_2052,183,21,regular,general,broad
Feuermurmel,130,20,regular,general,broad
Zainto,4,2,occasional,target_centric,narrow
f00ld,16,3,regular,general,narrow
Kogulp,170,32,regular,general,broad
Difficult_Bridge_864,123,32,regular,general,broad
adventurousgirl3,103,15,regular,swiss,broad
RateRevolutionary177,2,1,occasional,target_centric,narrow
lashiskappa,44,24,regular,general,broad
Trendios,267,43,regular,swiss,broad
joyjoy1515,1,1,occasional,target_centric,narrow
macdestroe234,2,2,occasional,target_centric,narrow
SoulOfSword_,244,30,regular,general,broad
Raetlr,34,15,regular,general,broad
randomelgen,20,8,regular,swiss,moderate
AppropriatePatience8,225,22,regular,swiss,broad
Rettiratata,29,10,regular,general,moderate
happy_ieng,9,3,occasional,target_centric,narrow
shadowknight63782,10,4,occasional,general,moderate
SCHWIFTY_BURSCH,11,10,occasional,swiss,moderate
terdinatore,14,10,regular,general,moderate
F3367,17,5,regular,general,moderate
mkangw,4,3,occasional,general,narrow
Icy_Study_538,3,1,occasional,target_centric,narrow
saint_zeze,254,46,regular,general,broad
Flashy-Weird8715,18,8,regular,general,moderate
barthii,64,18,regular,general,broad
Secure-Initial2376,45,10,regular,general,moderate
Many-Beyond6619,16,3,regular,swiss,narrow
vantheman0,30,8,regular,general,moderate
KrysTallineDream,11,7,occasional,general,moderate
Defiant-Dare1223,9454,271,power,general,broad
Illustrious_Pound994,18,3,regular,general,narrow
No-Start8890,418,79,power,academic,broad
puppetalk,785,69,power,general,broad
Ansh_3101,3,3,occasional,general,narrow
AstroRoverToday,818,69,power,general,broad
ICPT-M-Studie,40,15,regular,swiss,broad
No_Rice_9717,966,44,power,general,broad
sneakpeekbot,213887,26275,power,general,broad
Easy_Ad_5917,8,4,occasional,general,moderate
Mankra23,182,9,regular,target_centric,moderate
akhenator,81,30,regular,general,broad
Witty_Reality_7065,11,4,occasional,general,moderate
r_moma,59,21,regular,general,broad
OwnStorm2983,17,6,regular,general,moderate
pro_bro007,1,1,occasional,target_centric,narrow
berriesandcigars,21,10,regular,academic,moderate
TheDutchCardist,127,5,regular,general,moderate
Frequent-Text-4967,2,2,occasional,target_centric,narrow
ClemensCle,5,3,occasional,target_centric,narrow
presentation-chaude,1146,140,power,general,broad
Chris_P_Nuts_,1,1,occasional,target_centric,narrow
Mysterious-Candle-31,5,1,occasional,target_centric,narrow
Key_Flower1793,128,35,regular,swiss,broad
Ur_M0m_420_,2,2,occasional,target_centric,narrow
lars99971,60,15,regular,general,broad
ChopSueyYumm,1071,88,power,general,broad
Che_Buoni_I_Biscotti,8,3,occasional,general,narrow
AlighieriDonkey,1,1,occasional,target_centric,narrow
nishhi,48,11,regular,swiss,broad
PythonEDTA,2,1,occasional,target_centric,narrow
UnderstandingNo8613,4,3,occasional,target_centric,narrow
Ok_Way4741,2,1,occasional,target_centric,narrow
Significant_Way2882,16,3,regular,target_centric,narrow
Karim_acing_it,157,42,regular,general,broad
MrStroopwafel,29,6,regular,target_centric,moderate
TJuKj7WofKLzBZjt7w9t,45,13,regular,general,broad
patrickgiust,10,7,occasional,general,moderate
Medium-Specific3801,24,12,regular,general,broad
griffithisinnocent,5,2,occasional,target_centric,narrow
copyrightlover,12,3,occasional,target_centric,narrow
Tiny-Web9536,4,2,occasional,target_centric,narrow
Key-Rice-3047,8,4,occasional,general,moderate
OutrageousAd1101,10,5,occasional,general,moderate
Affectionate-Dot5725,139,34,regular,general,broad
AcanthaceaeQuick9663,14,4,regular,general,moderate
capital-man,36,12,regular,general,broad
Bottoml1ne,149,10,regular,swiss,moderate
Loud_Eggplant772,1,1,occasional,target_centric,narrow
Snake_Dog,1,1,occasional,target_centric,narrow
ExamPrep_Switzerland,16,3,regular,target_centric,narrow
matisbv,25,14,regular,general,broad
ready0gunner,34,23,regular,general,broad
playerpipp,2,1,occasional,target_centric,narrow
Glass_Passenger7552,5,1,occasional,target_centric,narrow
steinblitz,47,14,regular,general,broad
Playful_Bass7295,14,1,regular,target_centric,narrow
YeesusFistus,108,8,regular,general,moderate
trotoka,3,3,occasional,swiss,narrow
Popular-Traffic967,114,6,regular,swiss,moderate
SuccotashCold7114,353,34,power,general,broad
Emperror_of_Mankind,81,16,regular,swiss,broad
ImpossibleCarrot3781,2,2,occasional,target_centric,narrow
whothatboah,18,11,regular,academic,broad
Vallaaris,4,2,occasional,general,narrow
Active-Delay-1337,183,37,regular,general,broad
ExcaliburWontBudge,132,30,regular,general,broad
yellowtulip04,3,1,occasional,target_centric,narrow
Other-Elevator3593,103,15,regular,general,broad
niemertweis,2015,136,power,general,broad
Tarobubbly,5,2,occasional,target_centric,narrow
ranranrandrand1,223,28,regular,general,broad
MentionSerious5311,1,1,occasional,target_centric,narrow
LordAmras,498,83,power,general,broad
Impossible-Comb-1375,21,13,regular,general,broad
red_tabasco,146,27,regular,target_centric,broad
Nebula0375,24,11,regular,general,broad
Ok-Technician-9704,219,28,regular,swiss,broad
anonymous-311,295,29,regular,general,broad
iamsimbaba,36,16,regular,general,broad
Swisscom8940,104,14,regular,swiss,broad
big_skapinsky,81,24,regular,general,broad
Curious_Crafter1,13,7,occasional,general,moderate
dav_the_vader,2,2,occasional,target_centric,narrow
CorgiSecret,10,3,occasional,target_centric,narrow
CombinationFeisty699,7,1,occasional,target_centric,narrow
White_TCR,39,15,regular,general,broad
hotterthanyou69,1059,46,power,general,broad
Scattered99,1,1,occasional,target_centric,narrow
BleakShawarma,23,5,regular,target_centric,moderate
Ornery-Fisherman2175,18,3,regular,target_centric,narrow
Flat_Fix9873,206,22,regular,general,broad
gustapa,187,53,regular,general,broad
latticeperson,10,3,occasional,academic,narrow
sekex,41,27,regular,general,broad
No-Entry8156,1,1,occasional,target_centric,narrow
njalo,3,2,occasional,target_centric,narrow
VirusTechnical69,7,5,occasional,general,moderate
Remarkable-Town-2733,5,1,occasional,target_centric,narrow
zhdc,238,38,regular,general,broad
JimGHI,16,5,regular,general,moderate
No-Tiger-7812,4,2,occasional,target_centric,narrow
chiubicheib,261,32,regular,general,broad
db600db,561,10,power,general,moderate
softielle,119,22,regular,general,broad
jal1926,5,4,occasional,general,moderate
crowchan114514,386,75,power,general,broad
math_nerd_77,7,4,occasional,academic,moderate
squigguilty,10,6,occasional,target_centric,moderate
averysaltyburrito,2,2,occasional,target_centric,narrow
Obvious-Degree1970,11,8,occasional,swiss,moderate
Tight_Net7260,2,1,occasional,target_centric,narrow
kriscnik,358,56,power,general,broad
frigley1,884,100,power,general,broad
Competitive-Dot-3333,432,39,power,swiss,broad
Stonks71211,277,87,regular,general,broad
GeronimoMoles,878,78,power,general,broad
No-Tip3654,4221,215,power,general,broad
Medical_Baseball901,8,4,occasional,swiss,moderate
ContentOpportunity41,10,2,occasional,target_centric,narrow
gian_69,94,47,regular,general,broad
Mirdclawer,258,78,regular,general,broad
myblueear,2048,184,power,general,broad
Zealousideal_Soft298,5,3,occasional,swiss,narrow
mathiswiss,734,69,power,general,broad
hhoverflow,44,17,regular,general,broad
RosefromB-612,12,7,occasional,general,moderate
gjarne,5,5,occasional,general,moderate
RealPerplexeus,585,60,power,general,broad
furious_sheeps,24,8,regular,general,moderate
Additional_Leek_9893,5,5,occasional,general,moderate
Fabulous_Ad_5709,3048,191,power,general,broad
yarpen_z,845,67,power,general,broad
Cashoo-Doodew,2,1,occasional,target_centric,narrow
Motor_Worldliness489,27,5,regular,target_centric,moderate
logishoder,589,53,power,general,broad
Old-Cycle-3721,14,9,regular,general,moderate
tackslabor,238,27,regular,general,broad
andreas16700,275,53,regular,general,broad
da_f0511,54,22,regular,general,broad
NecessaryFan8396,2,2,occasional,target_centric,narrow
modr1c,3,1,occasional,target_centric,narrow
Fynnyx,1,1,occasional,target_centric,narrow
FlimsyCockroach3,4,2,occasional,general,narrow
the-return-of-amir,91,36,regular,general,broad
Plastic_Share2619,1,1,occasional,target_centric,narrow
shamishami3,301,17,regular,swiss,broad
OvomatVonBuenzline,530,63,power,general,broad
Accomplished_Set1872,23,7,regular,target_centric,moderate
chatscheder,1,1,occasional,target_centric,narrow
PeterGriffinOwO,5,4,occasional,general,moderate
Pokeristo555,196,26,regular,swiss,broad
MagnoliaboiZoy,14,6,regular,general,moderate
Snoo40710,21,5,regular,target_centric,moderate
koki51,69,10,regular,swiss,moderate
szuruburuszuru,181,39,regular,general,broad
Darkmight,397,50,power,general,broad
Familiar_Cupcake_750,50,50,regular,general,broad
NomadicContrarian,1357,34,power,general,broad
Some-Satisfaction-80,5,1,occasional,target_centric,narrow
Simoendli,1,1,occasional,target_centric,narrow
LongjumpingTheme5252,7,7,occasional,general,moderate
Available_War4603,960,65,power,general,broad
Vontaxis,304,47,regular,general,broad
Prestigious_Idea4723,11,2,occasional,general,narrow
Dependent_Writing_30,177,26,regular,swiss,broad
supermag2,177,18,regular,general,broad
FriedBrainCells2401,48,15,regular,general,broad
Important_Mine_3310,1,1,occasional,target_centric,narrow
WorldlyDetective4257,7,2,occasional,target_centric,narrow
selfentropy,3,3,occasional,swiss,narrow
Chizuru32,453,76,power,general,broad
Leo1703,9,8,occasional,general,moderate
Aurilandus,84,23,regular,general,broad
theonewhoask11,271,15,regular,general,broad
acespaceingout,62,16,regular,swiss,broad
Scary-Implement-4407,16,8,regular,general,moderate
Confident_Catch_8641,6,4,occasional,academic,moderate
jeanmichelcrapaud,55,21,regular,general,broad
IceChocolateHead,62,25,regular,swiss,broad
Pristine_Anteater_36,1,1,occasional,target_centric,narrow
PlatypusExisting5730,33,9,regular,general,moderate
TZKP,12,2,occasional,target_centric,narrow
DaaneJeff,1737,154,power,general,broad
roy_meraki,105,14,regular,general,broad
Misgir,603,55,power,swiss,broad
B0tRank,14500,3093,power,general,broad
bottle_of_pastas,19,8,regular,general,moderate
Reasonable_Writer255,71,10,regular,general,moderate
fabiiimert,2,2,occasional,target_centric,narrow
SultanMJH,3,1,occasional,target_centric,narrow
Interesting-Basis747,28,2,regular,target_centric,narrow
BouncyPomPom,7,6,occasional,general,moderate
ImperiaUnum,61,12,regular,general,broad
Wise-Command2807,15,7,regular,general,moderate
DarkZoneNinja,15,4,regular,target_centric,moderate
Training-Upstairs518,118,28,regular,general,broad
hot-plato,10,3,occasional,target_centric,narrow
elmarceeel,1,1,occasional,target_centric,narrow
DifferentFroyo1872,2,2,occasional,target_centric,narrow
JimSteak,1401,124,power,general,broad
Livaliv,61,9,regular,general,moderate
Deet98,437,21,power,general,broad
Frosty-Wish-3558,28,5,regular,target_centric,moderate
Ririri88,12,2,occasional,target_centric,narrow
hallojuhu,25,6,regular,target_centric,moderate
TackomeiI,17,9,regular,general,moderate
Emergency-Act8436,13,3,occasional,target_centric,narrow
TechnoWho,43,9,regular,general,moderate
IocusMoechae,81,22,regular,general,broad
yfsarah,119,26,regular,general,broad
Suspicious-Positive8,63,6,regular,target_centric,moderate
hhhdzy,1,1,occasional,target_centric,narrow
killmeatap,6,1,occasional,target_centric,narrow
Liquidity_magician,32,8,regular,general,moderate
KPAHK,9,4,occasional,general,moderate
overthrowingdinosaur,433,110,power,general,broad
Mnkhtuul,113,14,regular,swiss,broad
StuffOpening9962,93,5,regular,swiss,moderate
Bolognese_is_best,152,61,regular,general,broad
wassup369,16,8,regular,swiss,moderate
Legitimate_Date5883,2,2,occasional,target_centric,narrow
Artistic_Storm4102,27,6,regular,swiss,moderate
Hippo_n_Elephant,44,11,regular,general,broad
Inside-Till3391,906,70,power,swiss,broad
Infinite-Chemist-747,1,1,occasional,target_centric,narrow
BigDogHenry,15,6,regular,general,moderate
Ok_Act_8987,1,1,occasional,target_centric,narrow
Ukula_69,10,7,occasional,general,moderate
Nauticat37,5,2,occasional,general,narrow
SmitherCH,388,41,power,general,broad
skip-narrative,18,5,regular,general,moderate
mac4ron,26,8,regular,general,moderate
KingDojojoD,29,10,regular,swiss,moderate
Iksion10,19,5,regular,general,moderate
ilovecrystals889,1,1,occasional,target_centric,narrow
Sudden_Shopping_735,166,26,regular,general,broad
SirDamian,11,10,occasional,general,moderate
silviacambiago,13,2,occasional,target_centric,narrow
kovariantenkaktus,4,3,occasional,target_centric,narrow
fanconic,16,9,regular,general,moderate
Bakeey,241,60,regular,general,broad
Chrisstar56,83,46,regular,general,broad
TrumpfBuur,1,1,occasional,target_centric,narrow
Ok-Investigator-2402,4,3,occasional,general,narrow
TiPrincess,574,39,power,general,broad
arbobendik,265,54,regular,general,broad
asurasiva,1,1,occasional,target_centric,narrow
Son_of_a-PreacherMan,363,74,power,general,broad
dddanielllll,45,11,regular,general,broad
Mortifer_I,552,78,power,general,broad
Lost-Jello679,12,2,occasional,target_centric,narrow
rah_whos_that,7,2,occasional,general,narrow
epfl_person,30,5,regular,general,moderate
ndnator,319,34,regular,general,broad
Horsepower_7,233,21,regular,general,broad
tagleaf,16,7,regular,general,moderate
StephWhatever100,146,15,regular,general,broad
Lvm152coc,135,30,regular,general,broad
Brattley,443,45,power,general,broad
ItsMagic777,974,114,power,general,broad
Blobfisch11,66,34,regular,general,broad
valonistabot,13,5,occasional,general,moderate
Defending_Eagle,23,9,regular,general,moderate
Original-Tell-5222,1,1,occasional,target_centric,narrow
BiscottiGreat6698,16,14,regular,general,broad
areomigeo,11,3,occasional,target_centric,narrow
FancyDimension2599,541,65,power,general,broad
AdobiWanKenobi,382,96,power,general,broad
Thresh_will_q_you,14,4,regular,general,moderate
Tautili,79,26,regular,general,broad
wraith-mayhem,316,29,regular,general,broad
CompoteSalty3830,21,8,regular,general,moderate
Versailles_ro,7,4,occasional,general,moderate
Professional_Law8023,2,1,occasional,target_centric,narrow
TheTomatoes2,6872,267,power,general,broad
MightyKifran,12,4,occasional,general,moderate
irisosaurus,27,10,regular,general,moderate
fabmatazz,22,7,regular,swiss,moderate
Benedoc,172,66,regular,general,broad
jeffxxxxx,24,6,regular,general,moderate
Riegler77,232,37,regular,academic,broad
Egg-Livid,6,5,occasional,general,moderate
Ok-Purpose-1822,1368,92,power,general,broad
Aniket_Mhaskar477,12,4,occasional,swiss,moderate
Zz_TiMeZz,46,23,regular,general,broad
raviolibuxe,23,9,regular,swiss,moderate
iampujan,4,1,occasional,target_centric,narrow
Purple_Passenger_244,37,4,regular,swiss,moderate
doyoueven1996,55,13,regular,general,broad
Minute-Court-8785,7,6,occasional,general,moderate
crispin97,85,35,regular,general,broad
Asdfjalsdkjflkjsdlkj,6,2,occasional,general,narrow
573984729874,110,46,regular,general,broad
Foreign_Ad9997,10,6,occasional,general,moderate
Confident_Glove_7189,10,3,occasional,target_centric,narrow
r0kzzzz,3,2,occasional,target_centric,narrow
Capital-Park-2700,2,2,occasional,target_centric,narrow
Jaded_Entertainer505,1,1,occasional,target_centric,narrow
SignificantShape1593,1,1,occasional,target_centric,narrow
Hungry-Finding2360,46,6,regular,target_centric,moderate
No-Philosopher-5773,49,7,regular,general,moderate
0rdin,107,31,regular,swiss,broad
Druunas,8,5,occasional,general,moderate
Revolutionary_Clue59,19,7,regular,swiss,moderate
ThomasJAsimov,5,5,occasional,general,moderate
RealisticBookWoman,38,6,regular,swiss,moderate
lookoutforthetrain_0,510,58,power,general,broad
kolmiw,657,134,power,general,broad
a_smilingpsycho,36,15,regular,general,broad
bbbf01,2,1,occasional,target_centric,narrow
National_Badger8336,42,3,regular,general,narrow
bumble_bianc,5,1,occasional,target_centric,narrow
strawberryyymilkkk,12,5,occasional,general,moderate
Didiermaoer,14,10,regular,general,moderate
bonkersforevers,3,2,occasional,general,narrow
murdercheese,60,21,regular,general,broad
littlemarmmot,50,22,regular,swiss,broad
tischbombe23,342,14,power,general,broad
TriboarHiking,283,59,regular,general,broad
mrnacknime,893,101,power,general,broad
Much_Sprinkles_7096,28,9,regular,general,moderate
rezayazdanfar,200,68,regular,general,broad
Fun_Objective_7779,3235,84,power,swiss,broad
Prestigious_Ad_5355,2,1,occasional,target_centric,narrow
Kindly-Exercise-5134,100,28,regular,general,broad
mlx11,27,11,regular,swiss,broad
atrusdaskoenig,2,2,occasional,target_centric,narrow
VirtualPanic6798,13,3,occasional,general,narrow
arturoEE,311,76,regular,general,broad
kinkyaboutjewelry,2119,306,power,general,broad
Vergnossworzler,658,71,power,general,broad
Emergency_Teacher_55,1,1,occasional,target_centric,narrow
Embarrassed_Gate5495,69,19,regular,general,broad
PeaQueasy9195,6,4,occasional,swiss,moderate
Much-Caterpillar1903,271,15,regular,swiss,broad
anxious_human_431231,33,6,regular,swiss,moderate
Gabroxs,2,2,occasional,target_centric,narrow
Designer-Ad441,2,1,occasional,target_centric,narrow
Fierce_Coffee,37,11,regular,swiss,broad
2eZ4J,67,15,regular,target_centric,broad
Important-Trick1875,2,1,occasional,target_centric,narrow
QYbear,8,5,occasional,target_centric,moderate
SamaireB,3519,145,power,general,broad
Soggy-Pin-1936,123,21,regular,general,broad
Training-Jaguar-901,1,1,occasional,target_centric,narrow
0attention-span,96,24,regular,swiss,broad
favfavfav,13,2,occasional,general,narrow
Spiritual-Freedom-20,6,5,occasional,general,moderate
polissilop,32,13,regular,general,broad
No_Listen7185,23,2,regular,target_centric,narrow
Slim_Jue,6,4,occasional,academic,moderate
Jakey1999,85,34,regular,general,broad
Longjumping-Club-321,1,1,occasional,target_centric,narrow
Drunken_Sheep_69,1529,175,power,general,broad
Fun_Ad_3206,2,1,occasional,target_centric,narrow
Equivalent_Low_8350,755,67,power,general,broad
Excellent_Avocado485,23,9,regular,swiss,moderate
nickbob00,4353,276,power,general,broad
OneRefrigerator8599,5,3,occasional,general,narrow
Happy_Ad_4345,3,2,occasional,general,narrow
Giggs1986,42,10,regular,general,moderate
Brave-Variation-1397,46,9,regular,swiss,moderate
No_Pollution_1312,238,21,regular,general,broad
manchmaldrauf,177,44,regular,general,broad
Curious_Meat_9317,367,43,power,swiss,broad
devshah19,182,37,regular,general,broad
hette4,29,5,regular,general,moderate
Then_Magician1002,13,6,occasional,general,moderate
bsaverio,31,5,regular,general,moderate
individualismus,6,5,occasional,general,moderate
Papierkor654,209,63,regular,general,broad
Western_Gear5643,16,5,regular,general,moderate
Safe_Preference772,3,1,occasional,target_centric,narrow
iceby,887,117,power,general,broad
Pandafaryan,2,1,occasional,target_centric,narrow
SockNecessary9116,3,3,occasional,general,narrow
Amapocho,142,14,regular,general,broad
Unique_username_7171,10,7,occasional,swiss,moderate
The_Gobi_1,639,82,power,general,broad
ETHEPFLchallenge,1,1,occasional,target_centric,narrow
RedditRule3,17,13,regular,general,broad
h-musicfr,7025,1572,power,general,broad
Qverman,2,2,occasional,target_centric,narrow
Pleasant_Bug_6121,11,4,occasional,general,moderate
B_BARTHMAN,33,13,regular,general,broad
gobacktomonke31,289,48,regular,general,broad
Valentin_el_Patron,4,2,occasional,target_centric,narrow
SwimmingPen1458,3,1,occasional,target_centric,narrow
chapcoin,44,20,regular,general,broad
CharlyNuggy,32,10,regular,general,moderate
Primary_Wolverine_52,1,1,occasional,target_centric,narrow
Odd_Television_6382,81,21,regular,swiss,broad
GuiltyConsideration5,33,12,regular,swiss,broad
Professional_Fig1828,10,7,occasional,general,moderate
Fickle_Knee_106,2233,41,power,general,broad
Galaktische_Gurke,31,7,regular,general,moderate
Suspicious_Season_26,12,2,occasional,swiss,narrow
Admirable-Group-1129,15,4,regular,target_centric,moderate
_fairychicken58,2,1,occasional,target_centric,narrow
Vincenz0ne,14,3,regular,target_centric,narrow
tau_pi,5,3,occasional,general,narrow
an-ordinary-manchild,178,59,regular,general,broad
strawmangva,211,51,regular,swiss,broad
Flo03DT,149,17,regular,general,broad
raymondh31lt,797,61,power,general,broad
Elegant_Ad6405,8,4,occasional,general,moderate
BluebirdUnfair9030,2,1,occasional,target_centric,narrow
VermicelliStill7625,37,8,regular,general,moderate
NO5575,4,1,occasional,target_centric,narrow
ysenngard,19,4,regular,general,moderate
Its_just_a_nerd,220,17,regular,swiss,broad
SuitableEye4785,38,8,regular,swiss,moderate
Athoak,15,5,regular,general,moderate
SnooRadishes3418,15,7,regular,general,moderate
Stunning-Scar-9907,23,6,regular,general,moderate
riceball4real,188,25,regular,general,broad
Pynabb,495,116,power,general,broad
Puzzleheaded-Dish816,2,1,occasional,target_centric,narrow
ramchi99,2,1,occasional,target_centric,narrow
bigfr0g,91,17,regular,general,broad
Enj0yth3silence,1,1,occasional,target_centric,narrow
beachwavesshrimp,51,9,regular,general,moderate
benutzername127,323,80,regular,general,broad
DotNetEvangeliser,779,20,power,academic,broad
hoechsten2,137,30,regular,swiss,broad
Psychological-Owl-76,7,4,occasional,target_centric,moderate
rabbitfoot89,127,26,regular,general,broad
SnowflakeGangster,5,4,occasional,swiss,moderate
CoopPlayerLP,7,6,occasional,general,moderate
lamperi-,107,25,regular,general,broad
cantfindapseudo26,1,1,occasional,target_centric,narrow
Ok_Error_4110,931,79,power,general,broad
Accept_A_Username,2,2,occasional,target_centric,narrow
evadingagainandagain,148,23,regular,general,broad
Annual-Advisor-7916,766,50,power,general,broad
bleulivide,7,6,occasional,general,moderate
GaimNoKazeK69,26,3,regular,target_centric,narrow
user_052525,15,6,regular,general,moderate
reisk4nzler,9,4,occasional,general,moderate
septimius42,9,5,occasional,general,moderate
Left_Ferret1542,204,26,regular,general,broad
Odd_Raspberry_2402,473,57,power,swiss,broad
throaway_ch,29,10,regular,general,moderate
heehehehehehh,2,2,occasional,target_centric,narrow
zarkonnen,44,19,regular,general,broad
Brilliant-Word2927,370,31,power,general,broad
Ginerbreadman,738,63,power,swiss,broad
Significant_Gap_4788,38,15,regular,general,broad
luckyvice323,25,4,regular,target_centric,moderate
fishbirdsfoxesmoles,532,23,power,academic,broad
Virtual_Yoghurt_5300,19,4,regular,general,moderate
DreamingLab,1,1,occasional,target_centric,narrow
Arzaxx,1,1,occasional,target_centric,narrow
rastrellogiallo,3,1,occasional,target_centric,narrow
monsemania,5,3,occasional,general,narrow
thetta-reddast,39,15,regular,general,broad
unknown_qw,75,19,regular,general,broad
H123G123,67,11,regular,general,broad
Altruistic-Edge-2393,30,6,regular,academic,moderate
DifficultMouse8428,138,41,regular,general,broad
No_Feedback_1728,2,1,occasional,target_centric,narrow
Xpert_Ash,4,2,occasional,target_centric,narrow
zweiter_mensch,39,6,regular,general,moderate
No-Meat1818,5,2,occasional,target_centric,narrow
i_see_the_ocean,112,15,regular,general,broad
pferden,8438,611,power,general,broad
sillyleopard84,8,3,occasional,general,narrow
Professional_Ear7173,294,45,regular,general,broad
Fair-Cod7669,428,71,power,general,broad
Pretty_Employ_8657,46,12,regular,general,broad
stichtom,232,25,regular,general,broad
haraldfranck,66,21,regular,general,broad
Character-Wedding-56,16,4,regular,general,moderate
OverallPractice7381,162,44,regular,general,broad
Obviously_Special,1007,69,power,general,broad
eclipseflyer,1,1,occasional,target_centric,narrow
SnooWoofers237,38,6,regular,swiss,moderate
Electrical_Cicada_,3,2,occasional,target_centric,narrow
badUFO,85,15,regular,general,broad
Jonathan--,26,18,regular,general,broad
davincix,1,1,occasional,target_centric,narrow
TheDerplessHerp,18,7,regular,general,moderate
Agruesle,25,12,regular,swiss,broad
_white_noise,79,19,regular,general,broad
blueswancsgo,13,11,occasional,general,broad
BANANAT0R,78,21,regular,general,broad
Macroneconomist,125,29,regular,general,broad
hornystoner161,46,22,regular,general,broad
passificrimjob,19,12,regular,general,broad
tobevivid,38,6,regular,target_centric,moderate
hadronmachinist,327,91,regular,general,broad
milfiway,119,29,regular,general,broad
maroonjoggers,14,8,regular,general,moderate
Warm_Advantage_2337,2,1,occasional,target_centric,narrow
tpawn42,1,1,occasional,target_centric,narrow
ChewieShot,10,4,occasional,target_centric,moderate
Cattleya123,11,5,occasional,general,moderate
Ristlii,17,6,regular,general,moderate
Significant_War_2802,7,3,occasional,general,narrow
light_is_time,10,7,occasional,general,moderate
Emergency-Shower-205,5,2,occasional,target_centric,narrow
Jazzlike_Draw2915,3,1,occasional,target_centric,narrow
maximilianbernoulli,8,6,occasional,swiss,moderate
Appropriate_You564,121,15,regular,general,broad
CompleteCountry6,48,6,regular,general,moderate
Eastern-Rip2821,49,17,regular,swiss,broad
qra_01516,19,13,regular,general,broad
dawnstrata1996,73,11,regular,general,broad
Ok-Conference6068,381,125,power,swiss,broad
jujumusk,15,13,regular,general,broad
studentofbio,9,2,occasional,target_centric,narrow
Acrobatic-Kiwi2045,51,9,regular,swiss,moderate
Eucheria,8,5,occasional,general,moderate
Serious_Reporter950,62,13,regular,swiss,broad
Adorable-Rich720,4,1,occasional,target_centric,narrow
MyPunsAreKoalaTea,4130,446,power,general,broad
schrodingers_wave,3,1,occasional,target_centric,narrow
Ok_Biscotti2172,1,1,occasional,target_centric,narrow
Prof_Blutfleck,59,12,regular,target_centric,broad
turingawardwinner,7,3,occasional,general,narrow
ebes_77,106,22,regular,general,broad
MaleficentAd3783,275,34,regular,general,broad
Salty_Idea1437,11,4,occasional,target_centric,moderate
Any_Permission2555,136,26,regular,general,broad
zoroasterixer,92,12,regular,general,broad
ArmMuted5190,2,1,occasional,target_centric,narrow
remolueoend,1,1,occasional,target_centric,narrow
peony2506,74,11,regular,target_centric,broad
reactionchamber,56,12,regular,general,broad
VegetableBike3537,2,1,occasional,target_centric,narrow
schrieffer321,987,31,power,swiss,broad
BNI_sp,8377,157,power,swiss,broad
Ok_Construction2330,26,9,regular,general,moderate
Barinski04,7,3,occasional,target_centric,narrow
DoritoKingpin69,50,9,regular,general,moderate
Rfky301,5,1,occasional,target_centric,narrow
nuevofilipo,2,1,occasional,target_centric,narrow
essigguerkli,5,4,occasional,general,moderate
VastStandard6769,924,29,power,swiss,broad
Savings-Ad-5585,14,6,regular,general,moderate
arifsiam,1,1,occasional,target_centric,narrow
Limp_Dependent_3887,1,1,occasional,target_centric,narrow
biologicalwastehere,105,12,regular,target_centric,broad
Alex51423,244,33,regular,general,broad
richard--b,529,73,power,general,broad
AffectionateStore225,43,6,regular,general,moderate
Responsible-Hawk5908,1,1,occasional,target_centric,narrow
Commercial-Claim3290,49,5,regular,swiss,moderate
4g4o,11,4,occasional,general,moderate
Anon_cat3563,91,13,regular,general,broad
Vegetable_Meal_1781,10,4,occasional,swiss,moderate
Consistent_Form_2460,5,1,occasional,target_centric,narrow
jayinnn,2,1,occasional,target_centric,narrow
hytrax,19,5,regular,target_centric,moderate
Odd_Student_7313,245,9,regular,general,moderate
Sorry_Mushroom5493,111,43,regular,swiss,broad
mrafinch,2483,159,power,general,broad
AdWitty1713,880,177,power,general,broad
toooni,57,19,regular,swiss,broad
No-Entrepreneur-7164,1,1,occasional,target_centric,narrow
AI_lover_always,5,1,occasional,target_centric,narrow
umm_wtf_hey,28,8,regular,general,moderate
CaptainLoggy,202,90,regular,general,broad
E715A,271,35,regular,general,broad
Lukkwad1917,1,1,occasional,target_centric,narrow
Same-Scholar-8182,11,6,occasional,general,moderate
standermatt,926,76,power,general,broad
mexican_next_door,119,15,regular,general,broad
fingerprint187,109,17,regular,swiss,broad
Powerful-Squash4367,3,1,occasional,target_centric,narrow
patatadavinci,37,14,regular,general,broad
UniqGamora,7,1,occasional,target_centric,narrow
Nick88stam,28,7,regular,target_centric,moderate
Wonderful-Train-465,10,7,occasional,general,moderate
Maximum-Community-89,1,1,occasional,target_centric,narrow
angelomirkovic,4,3,occasional,target_centric,narrow
emirhcgl,1,1,occasional,target_centric,narrow
nohatevibez,18,9,regular,general,moderate
Whole_Leadership_100,6,1,occasional,target_centric,narrow
bbvs247,4,1,occasional,target_centric,narrow
Dulduls,87,22,regular,general,broad
Small_Telephone_6587,3,2,occasional,target_centric,narrow
PracticeMammoth387,126,40,regular,general,broad
egiorgis,35,17,regular,general,broad
Wonderful-Comment558,4,1,occasional,target_centric,narrow
blvckb1rd,55,24,regular,general,broad
LeaveEffective1581,2,2,occasional,target_centric,narrow
Sebajf,1,1,occasional,target_centric,narrow
FlounderNecessary729,191,55,regular,general,broad
peaceradiant,118,41,regular,general,broad
_Hurdy_Gurdy_,441,94,power,general,broad
Great-Pollution688,19,7,regular,swiss,moderate
DcShelby9,3,1,occasional,target_centric,narrow
ok-alma,1,1,occasional,target_centric,narrow
Emergency_Mail6848,104,32,regular,general,broad
Thoaishea,18,2,regular,swiss,narrow
elmeronero,19,12,regular,general,broad
GaboogAas,58,9,regular,general,moderate
Educational-Bad-5029,10,1,occasional,target_centric,narrow
AlrikBunseheimer,1638,241,power,general,broad
Appropriate_Spend268,22,5,regular,target_centric,moderate
velirozh,37,8,regular,swiss,moderate
xXVareszXx,122,34,regular,swiss,broad
it-isss-what-it-isss,20,14,regular,swiss,broad
ajnosz120,41,25,regular,general,broad
FlounderOutrageous42,29,7,regular,general,moderate
No-Supermarket-4378,11,6,occasional,general,moderate
Adarain,1101,75,power,general,broad
Remarkable-Music7684,16,2,regular,swiss,narrow
Stock-Charity-9610,1,1,occasional,target_centric,narrow
aieidotch,671,110,power,general,broad
LengthSuch,7,4,occasional,academic,moderate
Electrical-Ear5319,5,4,occasional,general,moderate
myguruedgecom,485,26,power,general,broad
Th-Eben,75,27,regular,general,broad
poiuqwer78,81,7,regular,target_centric,moderate
Relative-Ad-3217,5,4,occasional,general,moderate
Careful_Head_5076,2,2,occasional,target_centric,narrow
talpazz,50,25,regular,general,broad
nxx-ch,184,63,regular,general,broad
Such-Emotion3247,273,50,regular,general,broad
_null__,191,18,regular,general,broad
Reasonable_Yak_526,43,8,regular,swiss,moderate
xDerDachDeckerx,390,64,power,general,broad
Final-Fisherman-7648,7,5,occasional,general,moderate
Chemical-Baseball-24,12,3,occasional,target_centric,narrow
BusSuch2471,16,5,regular,general,moderate
THE_CODING_ERA3791,74,17,regular,general,broad
KRuss7,39,19,regular,general,broad
0raid,25,5,regular,swiss,moderate
Popular-Art6864,30,13,regular,general,broad
Dadaman3000,581,95,power,general,broad
OperationSalt3860,17,7,regular,general,moderate
matt78whoop,17,5,regular,general,moderate
Much-Championship169,1,1,occasional,target_centric,narrow
PureContext1186,7,4,occasional,general,moderate
Bitter_Clue2400,5,3,occasional,swiss,narrow
erizon,108,34,regular,general,broad
Timely-Yam7702,1,1,occasional,target_centric,narrow
MrMcFreddy,2,2,occasional,target_centric,narrow
letha_smurf_361,31,2,regular,target_centric,narrow
EmergencyArtistic634,12,8,occasional,general,moderate
BoSutherland,178,29,regular,swiss,broad
Level-Discussion1853,2,2,occasional,target_centric,narrow
Automatic_Pear3386,47,13,regular,swiss,broad
needyfr,12,7,occasional,general,moderate
MarioPnt,60,20,regular,general,broad
Lestode,40,10,regular,general,moderate
Away_Ad_7316,65,16,regular,general,broad
Kug3lfisch,28,9,regular,general,moderate
WizardyJohnny,370,21,power,general,broad
nova_nocturna,10,7,occasional,general,moderate
AVeryGoofyGoober,22,10,regular,general,moderate
Glass_Phoenix_0052,1,1,occasional,target_centric,narrow
quazlyy,158,69,regular,general,broad
oldppd,3,2,occasional,academic,narrow
Character_Fail826,2,2,occasional,target_centric,narrow
OrneryRefrigerator53,56,14,regular,swiss,broad
ToshiakiTakenori,21,7,regular,swiss,moderate
trufaluffy,5,3,occasional,general,narrow
Firm-Programmer-5627,1,1,occasional,target_centric,narrow
TopSoft9645,11,6,occasional,general,moderate
ProfessionalLoad238,1431,58,power,swiss,broad
CarefulInterview8101,7,6,occasional,general,moderate
arjuna66671,796,84,power,general,broad
Peace_and_Joy,607,81,power,swiss,broad
Witty-Direction6756,6,2,occasional,target_centric,narrow
fuckthiscentury175,276,42,regular,general,broad
Mandelmus100,1346,118,power,general,broad
Scypher_Tzu,481,61,power,general,broad
Hot_File9525,20,5,regular,target_centric,moderate
WindowAromatic6228,33,6,regular,general,moderate
MeetStill3914,2,1,occasional,target_centric,narrow
Detachment1779,3,1,occasional,target_centric,narrow
ginarrbrik,25,8,regular,general,moderate
Yunikk_sc2,7,3,occasional,target_centric,narrow
AdAccomplished989,61,16,regular,general,broad
Matty_Liquor,15,8,regular,general,moderate
LeonUPazz,545,125,power,general,broad
bennellis1,4,1,occasional,target_centric,narrow
Kindly-Caregiver7197,197,26,regular,general,broad
Japan-Tokyo-1,132,41,regular,general,broad
clay_me,217,24,regular,general,broad
EffectivelyToasted,23,11,regular,general,broad
PopularRooster1131,2,2,occasional,target_centric,narrow
Annual-Psychology668,11,2,occasional,target_centric,narrow
kittenkorb,6,3,occasional,swiss,narrow
Kindly-Dog1125,48,10,regular,swiss,moderate
CauliflowerNormal989,53,23,regular,general,broad
Kyrie2901,13,4,occasional,target_centric,moderate
toshass,11,6,occasional,general,moderate
Printadmin,34,10,regular,general,moderate
Dazzling_Pie6938,7,2,occasional,target_centric,narrow
Sebasite,374,60,power,general,broad
Ribsl,16,6,regular,general,moderate
user13376942069,326,51,regular,general,broad
Desperate-Mistake611,220,51,regular,general,broad
No-Grapefruit1341,37,8,regular,general,moderate
pointbreak_7,61,23,regular,general,broad
Foreign_Fun_1196,9,3,occasional,target_centric,narrow
Equal_Problem_2749,27,3,regular,target_centric,narrow
BiggussssDickussssss,2,2,occasional,target_centric,narrow
Get0rganiz3d,1,1,occasional,target_centric,narrow
Mundane-Carry-6632,3,3,occasional,swiss,narrow
Fit_Entrepreneur_669,204,33,regular,general,broad
w4lt3rwalter,5,3,occasional,general,narrow
Short_Assignment5601,57,39,regular,general,broad
Lettuce_Logical,6,4,occasional,general,moderate
Iphilbour,12,10,occasional,general,moderate
Emotional_Jello_2119,47,8,regular,target_centric,moderate
Knorpsl,49,11,regular,swiss,broad
TheGilrich,206,23,regular,general,broad
tarquasso,26,4,regular,target_centric,moderate
corny96,146,34,regular,general,broad
Efficient-Day-9662,6,2,occasional,target_centric,narrow
Reasonable_Duty6013,3,2,occasional,target_centric,narrow
v0idness,396,38,power,general,broad
Vegetable_Collar_565,2,2,occasional,target_centric,narrow
Inner_Swim_2941,1,1,occasional,target_centric,narrow
BioTechSweeper,30,8,regular,general,moderate
Brilliant-Job-3784,4,4,occasional,swiss,moderate
Bongo_2020,86,15,regular,general,broad
philkellr,172,38,regular,general,broad
_shadow_moon_,381,54,power,general,broad
terminal_object,1788,136,power,general,broad
Bitter-Invite7175,74,17,regular,general,broad
Otherwise-Fan8822,2,2,occasional,target_centric,narrow
tinytiny_val,210,25,regular,swiss,broad
SirJohnSmith,87,10,regular,general,moderate
backgammon_no,767,95,power,general,broad
jappsugthesorcerer,258,31,regular,general,broad
ET_ON_EARTH,23,11,regular,general,broad
IcePlus489,665,73,power,general,broad
DummeStudentin,1328,100,power,general,broad
SmOothOperatOR123456,12,4,occasional,general,moderate
ResistAlternative935,183,23,regular,general,broad
Sploter289,33,16,regular,general,broad
haCKerCK,66,10,regular,general,moderate
New-Boysenberry-5125,10,5,occasional,swiss,moderate
Prestigious_Road7872,96,36,regular,general,broad
ComprehensiveWeb6066,92,10,regular,general,moderate
Mersire,1,1,occasional,target_centric,narrow
Few_Rope611,35,9,regular,general,moderate
PyroZy,52,3,regular,general,narrow
Voda06,2,1,occasional,target_centric,narrow
progressivemonkey,114,25,regular,general,broad
RoastedRhino,9772,373,power,general,broad
NatsukiSubaru-,5,1,occasional,target_centric,narrow
veliwi,3,1,occasional,target_centric,narrow
hopeful_learner123,35,12,regular,academic,broad
PineappleOk3727,92,13,regular,general,broad
supercali_,37,11,regular,target_centric,broad
UncharteredComic,4,2,occasional,target_centric,narrow
Jollydancer,1780,127,power,general,broad
ivy_winterborn,240,55,regular,general,broad
Kepsnyy,15,6,regular,general,moderate
asozzi,42,15,regular,general,broad
Fun-Confection1862,8,5,occasional,general,moderate
ugwemubweosas,1,1,occasional,target_centric,narrow
PaintingAnnual,1,1,occasional,target_centric,narrow
Stunning_Calendar595,3,2,occasional,swiss,narrow
Valuable-Still-3187,1304,118,power,general,broad
osteonc,15,6,regular,general,moderate
SwaggingtonMcYolo,3,1,occasional,target_centric,narrow
randomperson212351,16,8,regular,general,moderate
Eve_Z_,23,5,regular,general,moderate
of_patrol_bot,7509,3878,power,general,broad
Specific-Length-9783,73,15,regular,general,broad
xeme11,4,1,occasional,target_centric,narrow
SHChan1986,3074,32,power,general,broad
PromptImpossible,5,4,occasional,general,moderate
nephelauxetic,1,1,occasional,target_centric,narrow
Comfortable_Bear8998,3,1,occasional,target_centric,narrow
wormyOdyssey,5,3,occasional,general,narrow
pxtrxia,20,7,regular,general,moderate
Excellent_Coconut_81,1228,66,power,general,broad
SamFC,8,3,occasional,general,narrow
Last_language_bender,22,5,regular,target_centric,moderate
Curiousbot_777,6,1,occasional,target_centric,narrow
DrOeuf,133,25,regular,swiss,broad
T0MOWN,77,11,regular,general,broad
crimson1206,500,31,power,academic,broad
BozidarIvan,497,45,power,swiss,broad
Endivi,37,18,regular,swiss,broad
myname_8,5,2,occasional,target_centric,narrow
luckystarof2020,113,30,regular,swiss,broad
geethaa_,1,1,occasional,target_centric,narrow
browncatnip,8,3,occasional,target_centric,narrow
globetrotterdiamond,41,9,regular,swiss,moderate
Ok_Connection_3294,1,1,occasional,target_centric,narrow
JaqueTheDaque,1,1,occasional,target_centric,narrow
Fabian_B_CH,370,47,power,general,broad
Sarvu18,4,2,occasional,target_centric,narrow
conradkun,24,12,regular,general,broad
aebelge1,11,3,occasional,target_centric,narrow
randomsubaccount,26,15,regular,general,broad
LingonberryGlum226,1,1,occasional,target_centric,narrow
umammy,1,1,occasional,target_centric,narrow
Konayo,2356,145,power,general,broad
Conoodler,27,15,regular,general,broad
Pattt2602,31,8,regular,general,moderate
shekyboms,120,19,regular,general,broad
esketut,2,2,occasional,target_centric,narrow
No-Assumption-6889,135,15,regular,general,broad
Pastelgarten,16,4,regular,general,moderate
Sufficient-Chef5785,21,8,regular,general,moderate
RomanRiesen,99,32,regular,general,broad
Colour_me_shocked_99,4,2,occasional,target_centric,narrow
flenkenhues,71,14,regular,general,broad
OverGoat7,60,28,regular,general,broad
120904,4,2,occasional,general,narrow
ConfusedEarthDweller,57,14,regular,general,broad
IdealistCat,15,10,regular,general,moderate
Overall_Comb9019,1,1,occasional,target_centric,narrow
WiselyIndeed,5,2,occasional,swiss,narrow
l33dplayer,5,4,occasional,general,moderate
Fabi8086,117,30,regular,general,broad
Cool-Newspaper-1,7329,290,power,general,broad
Fun_Preparation_1372,4,2,occasional,target_centric,narrow
ParfaitFinancial9765,16,8,regular,swiss,moderate
Thehockeyplayer,1,1,occasional,target_centric,narrow
enlightened-sloth,13,8,occasional,general,moderate
ThickShift40,14,3,regular,general,narrow
Ok_Revolution3592,60,16,regular,swiss,broad
MelonLord25-3,2065,84,power,general,broad
Particular_Act_9563,3,1,occasional,target_centric,narrow
nogoodskeleton,71,12,regular,swiss,broad
markus_583,6,2,occasional,academic,narrow
DiscountOk830,116,16,regular,general,broad
East_Yesterday_2313,2,2,occasional,target_centric,narrow
HappySquid25,18,13,regular,general,broad
lealyr,2,2,occasional,target_centric,narrow
bigboy3126,505,104,power,general,broad
noctualarua,2,1,occasional,target_centric,narrow
Intelligent-Art4587,8,4,occasional,swiss,moderate
Training-Bake-4004,472,60,power,swiss,broad
luky_66,11,6,occasional,general,moderate
ApprehensiveBack4896,204,3,regular,swiss,narrow
Temporary_Ad2328,45,12,regular,general,broad
lapp3m,118,34,regular,general,broad
Beneficial_Repeat773,73,16,regular,general,broad
Spare-Twist-9574,3,2,occasional,target_centric,narrow
Zoeeyyy1234,1,1,occasional,target_centric,narrow
DaubDavs,14,7,regular,general,moderate
wallexd7,34,9,regular,general,moderate
Designer-Tea2092,172,11,regular,general,broad
Some-Relationship774,38,5,regular,target_centric,moderate
redditisgarbage1103,27,6,regular,swiss,moderate
jred11219,1,1,occasional,target_centric,narrow
AcidFreak1424,337,92,power,general,broad
Ok-Clothes-8833,9,2,occasional,target_centric,narrow
peyonze,53,20,regular,general,broad
ExistingPass8801,5,2,occasional,general,narrow
Chemboi69,967,145,power,general,broad
Fantastic-Pie6179,1,1,occasional,target_centric,narrow
sleep-deprived16,133,34,regular,general,broad
mytinyteenieproblem,27,9,regular,swiss,moderate
Chadington1234,725,38,power,general,broad
qkrrmsdn,2,1,occasional,target_centric,narrow
Tenn_essee,31,10,regular,swiss,moderate
ComfortableAd6213,5,3,occasional,general,narrow
un-glaublich,1594,83,power,swiss,broad
Cheap-Cheek8801,9,7,occasional,general,moderate
weiss_doch_o_ni,105,44,regular,general,broad
Lulu3454,472,39,power,swiss,broad
Spielopoly,131,53,regular,general,broad
Outrageous-Writer935,10,7,occasional,general,moderate
Kaptvr,4,3,occasional,target_centric,narrow
jsbi,36,16,regular,swiss,broad
InternationalWay3577,423,87,power,general,broad
Walk_EmDown,2,1,occasional,target_centric,narrow
Alexa-Klee,11,7,occasional,general,moderate
Kyuki88,349,47,power,swiss,broad
cecedede1,2,1,occasional,target_centric,narrow
_mostdefinitelynot,27,2,regular,target_centric,narrow
RespondSea4861,10,6,occasional,swiss,moderate
TittyStClaire,1445,100,power,general,broad
rosealyd,44,26,regular,general,broad
Aalibab,15,7,regular,general,moderate
zinsights19,13,8,occasional,general,moderate
Early_Emu_5798,1,1,occasional,target_centric,narrow
Geschak,9391,831,power,general,broad
ClassicMurderer,17,5,regular,academic,moderate
AccomplishedBad1415,47,3,regular,target_centric,narrow
Cheap_Claim7165,120,19,regular,general,broad
Fun-News2258,96,19,regular,swiss,broad
joeboeho,71,24,regular,general,broad
Lukasthuering,27,12,regular,general,broad
h3cker999,7,6,occasional,general,moderate
TransportationFast50,121,8,regular,general,moderate
DeaZebra,118,17,regular,general,broad
IntentionFun4289,3,3,occasional,swiss,narrow
Nile_Quote2642,6,2,occasional,general,narrow
Schwarzwaldstube,621,178,power,general,broad
OneAboveAll3,10,2,occasional,general,narrow
AdDouble2025,34,7,regular,general,moderate
damianUHX,385,64,power,general,broad
PoqQaz,731,86,power,general,broad
-Phobophobia_,3,1,occasional,target_centric,narrow
TrashAdvanced84,1,1,occasional,target_centric,narrow
Emotional-Skirt7855,45,9,regular,general,moderate
Sea-Bother-4079,900,171,power,swiss,broad
Key-Basket4693,63,6,regular,swiss,moderate
MoistMaintenance2,13,1,occasional,target_centric,narrow
Scared-Room-8534,4,1,occasional,target_centric,narrow
drsnoggles,1828,128,power,swiss,broad
gtancev,39,6,regular,swiss,moderate
Illustrious-Dance976,1,1,occasional,target_centric,narrow
2004FBS,117,12,regular,general,broad
urshootingstar,57,14,regular,academic,broad
Ok_Satisfaction448,42,5,regular,general,moderate
TribeWars,56,21,regular,general,broad
TemirTuran,118,25,regular,general,broad
dumogin,44,20,regular,general,broad
hyperionXO,5,2,occasional,swiss,narrow
bringbackDM2,407,73,power,general,broad
Leducationth,96,28,regular,general,broad
therealshunkaido,51,17,regular,general,broad
zzztz,177,49,regular,swiss,broad
Sea_Web9898,10,4,occasional,swiss,moderate
virgin_fap_master,1,1,occasional,target_centric,narrow
i_am_bloating,184,63,regular,general,broad
Lucifer__Uchiha,8,3,occasional,general,narrow
Muoitran,10,4,occasional,swiss,moderate
Wacern,16,9,regular,general,moderate
yungreseller,22,10,regular,general,moderate
SnooChipmunks2112,6,1,occasional,target_centric,narrow
EarDue438,4,2,occasional,target_centric,narrow
bomboloco,15,7,regular,general,moderate
Comfortable_Turn3162,5,1,occasional,target_centric,narrow
East_Leg1474,2,1,occasional,target_centric,narrow
WeirdBalloonLights,131,22,regular,general,broad
ArtemisCrusher,8,4,occasional,target_centric,moderate
Appropriate_Gap_1399,34,9,regular,general,moderate
TheRealEmmek6,151,31,regular,swiss,broad
FullWing2690,37,13,regular,general,broad
top_ofthe_morning,996,107,power,general,broad
Tight_Remote_1571,27,5,regular,target_centric,moderate
Scentsuelle,362,46,power,swiss,broad
Christiandus,74,19,regular,general,broad
EyeofEnder,2071,187,power,general,broad
Boosted_Arrow,273,43,regular,swiss,broad
tiny_smile_bot,7432,4671,power,general,broad
Zenith_Predator,193,25,regular,general,broad
No_Combination_6429,819,138,power,swiss,broad
Janedoe34007,124,18,regular,swiss,broad
Weak_Tea_5505,5,4,occasional,general,moderate
nurdagniriel,7,3,occasional,target_centric,narrow
Proud_Process3548,23,9,regular,general,moderate
ObjectiveMall,801,143,power,general,broad
Senbean,10,6,occasional,general,moderate
svensKatten,133,49,regular,general,broad
Expat_zurich,149,13,regular,swiss,broad
Nervous-Ear-477,145,41,regular,general,broad
natankastel,17,3,regular,target_centric,narrow
Timber_77,10,8,occasional,swiss,moderate
BallsBuster7,453,77,power,general,broad
artha_penn_,106,24,regular,general,broad
DaDf10,11,6,occasional,swiss,moderate
Awkward_Eggplant1234,74,16,regular,general,broad
livelifetodream,22,9,regular,academic,moderate
_mortal_chaos_,111,41,regular,general,broad
ShadowZpeak,1924,76,power,general,broad
useless_neutrino,132,25,regular,general,broad
Willing-Tomorrow-380,4,2,occasional,target_centric,narrow
WatchmeDoc,5,2,occasional,target_centric,narrow
SafeAcademic1544,30,16,regular,general,broad
LordWonker,101,20,regular,general,broad
Recent_Wrangler_1064,14,6,regular,general,moderate
nervoustwig,10,4,occasional,general,moderate
MangoExciting9169,62,16,regular,general,broad
TurnAdministrative60,4,4,occasional,general,moderate
FanaticalExplorer,7,6,occasional,general,moderate
deruben,817,161,power,general,broad
dinfk-bot,6,1,occasional,target_centric,narrow
micha4w,1,1,occasional,target_centric,narrow
oopswhatsmyusername,10,4,occasional,general,moderate
WolfInner7540,94,15,regular,general,broad
Downtown_Ear7915,40,17,regular,general,broad
Low-Opposite-7453,11,4,occasional,general,moderate
VulpesVulpes001,12,4,occasional,general,moderate
cryptocrypto0815,190,40,regular,general,broad
135uv,10,7,occasional,swiss,moderate
R_H_02,3,1,occasional,target_centric,narrow
MaracCabubu,33,6,regular,general,moderate
Visual-Set-2736,4,4,occasional,general,moderate
oat_milk_daddy,28,5,regular,target_centric,moderate
nibr1609,10,2,occasional,target_centric,narrow
Welcie,14,5,regular,target_centric,moderate
exp_max8ion,135,16,regular,swiss,broad
ActioContraria,154,46,regular,general,broad
Glum-Gold4014,1,1,occasional,target_centric,narrow
Effective-Argument-7,19,6,regular,general,moderate
aswin997,9,4,occasional,general,moderate
jusjsndjdhdjd,458,49,power,general,broad
Chess_Mathematician,5,2,occasional,general,narrow
Rollingblade77,76,24,regular,swiss,broad
GoblinsGym,2782,190,power,general,broad
Tajuja5,20,5,regular,general,moderate
65289791,9,2,occasional,swiss,narrow
Significant-Goose120,6,2,occasional,target_centric,narrow
Ill_Brilliant_2650,33,8,regular,swiss,moderate
LeBrun73,146,28,regular,general,broad
SecureStandard3274,77,37,regular,general,broad
Initial_Fig2677,74,21,regular,swiss,broad
Bitter_Care1887,296,41,regular,academic,broad
1KappaIsLife,40,11,regular,general,broad
_Blurgh_,71,29,regular,general,broad
trufa27,121,14,regular,general,broad
Chocoweetabix,7,4,occasional,general,moderate
Maritime_Khan,561,53,power,general,broad
ANature,25,6,regular,general,moderate
Traditional_Pear_425,2,1,occasional,target_centric,narrow
Correct_Map1057,33,16,regular,general,broad
biggelone,10,4,occasional,target_centric,moderate
neatoburrito4,1,1,occasional,target_centric,narrow
Hidemitsu26,116,28,regular,general,broad
geger42,17,9,regular,general,moderate
Kaushik2002,25,7,regular,general,moderate
Mcwedlav,356,35,power,general,broad
TGD187,171,36,regular,general,broad
swiss_lt,132,31,regular,general,broad
jojo_504,19,8,regular,swiss,moderate
Imgayforpectorals,1594,135,power,general,broad
Amazing-Peach8239,256,28,regular,swiss,broad
sweat-child-of-mine,2,1,occasional,target_centric,narrow
Listen_Itchy,69,19,regular,general,broad
This-Proof-5195,2,1,occasional,target_centric,narrow
_random__redditor,9,5,occasional,general,moderate
marxikus,7,5,occasional,general,moderate
Glittering-Flow6875,31,10,regular,academic,moderate
BullfrogLeft5403,345,19,power,general,broad
paul-est,60,16,regular,general,broad
rapax,1023,109,power,general,broad
Scott_z_Zueri,81,20,regular,swiss,broad
Ok-Post4320,39,7,regular,general,moderate
raadim,165,23,regular,swiss,broad
basicberkeleybitch,2,1,occasional,target_centric,narrow
yesNoIdunnno,32,8,regular,general,moderate
Rough-Big-2371,9,5,occasional,general,moderate
gfrhFFDF,7,6,occasional,general,moderate
Tia_Scholar11,82,30,regular,general,broad
Callisto778,734,70,power,swiss,broad
MisterThomas29,276,26,regular,general,broad
A_Lymphater,28,17,regular,swiss,broad
maxmellow_9,404,74,power,general,broad
GlitteringPhysics02,14,2,regular,target_centric,narrow
BloodIsRedDidYouKnow,12,5,occasional,swiss,moderate
BitterSweetLemonCake,23,13,regular,general,broad
Convolutioner,1,1,occasional,target_centric,narrow
PoolBright5356,1,1,occasional,target_centric,narrow
Todesnachti,18,9,regular,swiss,moderate
Numerous-Pressure-94,5,2,occasional,target_centric,narrow
ElonMax303,70,37,regular,general,broad
AaronKDinesh,17,5,regular,swiss,moderate
rainer_d,2192,97,power,general,broad
kaengururu,2,1,occasional,target_centric,narrow
Life_Local168,78,3,regular,general,narrow
Master_Sergeant,223,54,regular,general,broad
infinitedillpickles,2,2,occasional,target_centric,narrow
jan-jan-14,11,3,occasional,general,narrow
jerry_22292,31,4,regular,general,moderate
Full-Piano6969,1,1,occasional,target_centric,narrow
Firm_Ad_330,45,13,regular,general,broad
KennyClobers,2274,127,power,general,broad
Hot-Profile-1273,109,24,regular,general,broad
xelanxxs,262,31,regular,general,broad
Pristine-Author1384,17,5,regular,general,moderate
PlayfulPerformance12,344,15,power,general,broad
The3dsTeoooo,2,2,occasional,target_centric,narrow
marcy818181,65,6,regular,target_centric,moderate
SourDough99,300,25,regular,swiss,broad
Phippe,48,28,regular,general,broad
ecologist23,62,8,regular,general,moderate
OutOfCharm,48,9,regular,general,moderate
johnny-T1,1178,146,power,general,broad
Minelayer42,1,1,occasional,target_centric,narrow
asphtk,5,1,occasional,target_centric,narrow
Sapperlotta,99,28,regular,swiss,broad
ComplexWelcome2761,294,38,regular,swiss,broad
BlueMinion205,1,1,occasional,target_centric,narrow
GayBitchJuice,34,15,regular,general,broad
Thiagoalbu,387,57,power,general,broad
alberet06,7,5,occasional,general,moderate
Ok-Dependent8357,21,2,regular,general,narrow
Repulsive_Break9856,4,3,occasional,academic,narrow
Maximum_Smell9853,1,1,occasional,target_centric,narrow
CannibalDan,7,5,occasional,general,moderate
teig123,33,9,regular,swiss,moderate
tomasbm5,3,1,occasional,target_centric,narrow
No-Pineapple-5318,259,50,regular,general,broad
RatioDesigner5528,3,2,occasional,general,narrow
SHIROYASHA120311,55,6,regular,general,moderate
OverallFood8550,98,10,regular,general,moderate
PeterBeast37,4,3,occasional,general,narrow
mangozeroice,47,24,regular,swiss,broad
WeightPurple4515,136,32,regular,swiss,broad
Embarrassed_Offer_46,7,2,occasional,target_centric,narrow
Snoo_90501,2,1,occasional,target_centric,narrow
Designer-Freedom-922,1,1,occasional,target_centric,narrow
ForeignLoquat2346,334,21,regular,general,broad
Al141974,108,6,regular,general,moderate
Conscious_Party9019,13,6,occasional,general,moderate
sarcastosaurus,625,104,power,general,broad
Long_Error8895,2,2,occasional,target_centric,narrow
hyperswiss,169,27,regular,general,broad
asianpeoplesinging,89,14,regular,general,broad
The_Ph03n1x_F1r3,135,54,regular,general,broad
Consistent_Pen7016,16,8,regular,general,moderate
UnluckyInvestment893,269,36,regular,general,broad
Advanced_Dance1853,2,2,occasional,target_centric,narrow
TheJoyfulEccentric,15,6,regular,target_centric,moderate
thelambdamale,5,4,occasional,general,moderate
Dolores_Bush,562,64,power,general,broad
ShadowVerses,10,5,occasional,general,moderate
Numerous_Current892,18,6,regular,target_centric,moderate
PersonX132,436,51,power,general,broad
AirportAgreeable467,3,1,occasional,target_centric,narrow
Apart-Efficiency-248,40,8,regular,general,moderate
Fit-Philosophy-2261,22,5,regular,target_centric,moderate
Philfreeze,916,60,power,general,broad
parcerodelwettstein,54,15,regular,swiss,broad
cyrilp21,411,27,power,swiss,broad
gojir0,10,4,occasional,general,moderate
CountGinko,60,8,regular,general,moderate
Fine_Carry_5348,4,1,occasional,target_centric,narrow
crashwinston,12,4,occasional,swiss,moderate
robotoron,5,3,occasional,general,narrow
back_again13,1253,225,power,general,broad
Shoddy_Map5575,12,5,occasional,general,moderate
hellbanan,338,44,power,swiss,broad
Sexy_M_F,104,21,regular,swiss,broad
Murky-Case-8958,7,1,occasional,target_centric,narrow
Laschibaschi,37,13,regular,target_centric,broad
SuspiciousTea4224,1219,101,power,general,broad
Critical-Ostrich-884,4,2,occasional,swiss,narrow
AppleBanter,22,15,regular,general,broad
SeaworthinessNo6435,2,2,occasional,target_centric,narrow
Low_Pudding_8204,44,2,regular,general,narrow
Tenebraxis,131,60,regular,general,broad
nakedchef24,1,1,occasional,target_centric,narrow
FlounderStill,6,5,occasional,academic,moderate
No-Two-4337,60,13,regular,general,broad
MortgageSimilar5576,1,1,occasional,target_centric,narrow
EffectiveCupcake5971,9,1,occasional,target_centric,narrow
Fair_Rhubarb3249,6,5,occasional,general,moderate
truthwwmm,43,15,regular,general,broad
Liwi-,98,29,regular,swiss,broad
EastRom67,6,1,occasional,target_centric,narrow
Icy-Adhesiveness-833,294,75,regular,general,broad
toefungusgonebad,2,2,occasional,target_centric,narrow
Rekhyt24,5,4,occasional,general,moderate
jacobinsilico,3,3,occasional,academic,narrow
Exumax,40,7,regular,general,moderate
Appropriate_Waltz431,19,8,regular,general,moderate
BrocolliCCR5,24,4,regular,target_centric,moderate
FickleAssistant7095,46,6,regular,general,moderate
Mocha-Mona,17,12,regular,general,broad
Thick-Revenue-5342,1,1,occasional,target_centric,narrow
anoymous_dreamer,87,13,regular,general,broad
licheyyyy,4,2,occasional,general,narrow
LemonSniffs,4,2,occasional,general,narrow
Blagger7Z0,1,1,occasional,target_centric,narrow
rhorho22,11,6,occasional,general,moderate
Possible-Trip-6645,1186,46,power,swiss,broad
hans_wie_heiri,226,32,regular,swiss,broad
bitchmuchannon_,36,12,regular,swiss,broad
LumosDRSG,88,11,regular,academic,broad
No-Efficiency6694,21,5,regular,target_centric,moderate
Cupcake-Full,7,3,occasional,general,narrow
Valuevow,364,109,power,general,broad
Celopeelo_nut,321,27,regular,swiss,broad
avgnamasendaenjoyer,14,7,regular,general,moderate
Joekosler,3,3,occasional,swiss,narrow
MailWide5861,404,35,power,general,broad
quitProgGetLife,3,2,occasional,target_centric,narrow
Kangaruan,7,7,occasional,general,moderate
Mister_Zerfister,4,2,occasional,target_centric,narrow
misplacedlion,113,19,regular,general,broad
Yogurt_Motor,2,2,occasional,target_centric,narrow
something384,9,2,occasional,general,narrow
Apprehensive_Ice_412,214,93,regular,general,broad
MrBank42,1,1,occasional,target_centric,narrow
Character-Ant-2919,4,2,occasional,general,narrow
doudoualexou,5,3,occasional,general,narrow
Sad-Macaroon-7577,8,3,occasional,target_centric,narrow
Longjumping_Sky_6440,3064,125,power,general,broad
mrrossiontravel,5,3,occasional,general,narrow
Tentacled_Whisperer,362,58,power,general,broad
ImportanceSquare1321,37,4,regular,general,moderate
Ch3sm0829,2,2,occasional,target_centric,narrow
microtherion,3267,284,power,general,broad
r_card_,22,6,regular,general,moderate
skeptic234234,141,25,regular,general,broad
Humbletr33s,134,12,regular,general,broad
SnooTomatoes5729,522,49,power,general,broad
VeterinarianOk6275,19,7,regular,general,moderate
microwavedsalad69,9,3,occasional,general,narrow
VanillaTrue452,5,4,occasional,general,moderate
Bas_karo_yaar93,53,2,regular,general,narrow
dimsum69420,27,10,regular,target_centric,moderate
Adventurous_Ruin_919,7,6,occasional,general,moderate
anikook,4,2,occasional,general,narrow
pwxykd,3,1,occasional,target_centric,narrow
Glittering-Deer-2679,28,5,regular,target_centric,moderate
Fun_Cranberry3479,23,10,regular,general,moderate
InternalPromotion982,3,1,occasional,target_centric,narrow
Virtual_Decision_898,90,13,regular,swiss,broad
Ke_vi_n,27,11,regular,general,broad
WhyNotCollegeBoard,7043,2161,power,general,broad
Pargona,61,13,regular,general,broad
Efficient-Song-7978,7,7,occasional,general,moderate
TheRealSaerileth,1280,84,power,general,broad
ecchi4ever,17,2,regular,target_centric,narrow
opinionated_exciton,4,3,occasional,target_centric,narrow
Tobyey,322,91,regular,general,broad
dinimuetterrr,6,3,occasional,target_centric,narrow
Laraaaa2002,15,5,regular,swiss,moderate
TheVivek,28,5,regular,target_centric,moderate
Alarmed_Gain_1121,1,1,occasional,target_centric,narrow
Moefeee,14,6,regular,swiss,moderate
Ok_Establishment4432,17,4,regular,swiss,moderate
ohalipchak,2,1,occasional,target_centric,narrow
Separate_Walrus119,163,40,regular,general,broad
Active-Vacation4270,3,2,occasional,target_centric,narrow
peter1714,4,2,occasional,target_centric,narrow
Fly_GP,7,6,occasional,general,moderate
Purple_p0tat059,27,4,regular,swiss,moderate
VoyagerViaPasserby,6,2,occasional,target_centric,narrow
AnNiE01518,19,3,regular,target_centric,narrow
ethz-ModTeam,363,1,power,target_centric,narrow
cwinparr,28,19,regular,general,broad
Eisenfuss19,836,52,power,general,broad
its-focking-me,11,4,occasional,general,moderate
priscala,1320,102,power,general,broad
Eli_229,164,35,regular,general,broad
Louis020520,12,3,occasional,general,narrow
monkey_work,447,58,power,general,broad
CineLP,53,10,regular,general,moderate
sharenogulub4e,10,4,occasional,target_centric,moderate
Maddox_1503,41,4,regular,general,moderate
True_Cupcake2634,44,12,regular,general,broad
philwen,33,17,regular,general,broad
Street-Difficulty-42,55,19,regular,general,broad
ParticularEmu4420,62,24,regular,swiss,broad
Mobile-Bid-9848,1419,50,power,general,broad
lukee910,507,66,power,swiss,broad
jjooniii,23,10,regular,general,moderate
PoxControl,409,47,power,general,broad
prince_Vegeta___,34,2,regular,target_centric,narrow
No_Interest_1285,108,31,regular,general,broad
_blueye_,199,48,regular,general,broad
ilvetikos,4,3,occasional,swiss,narrow
Sparomat,988,36,power,swiss,broad
CementoArmato,515,156,power,general,broad
kekwwwww999665,125,10,regular,general,moderate
recently_banned,1162,129,power,general,broad
Impressive-Box6976,3,1,occasional,target_centric,narrow
Freljord2,16,12,regular,general,broad
Interesting_Run_7442,5,1,occasional,target_centric,narrow
horse_s_mouth,7,4,occasional,general,moderate
ExaBast,2483,224,power,general,broad
LightDrago,507,39,power,academic,broad
0b00000110,227,39,regular,general,broad
iam_thedoctor,328,57,regular,general,broad
sortikova,122,41,regular,general,broad
githubrepo,93,9,regular,swiss,moderate
SuisseTea,277,35,regular,general,broad
TheJacksy,5,3,occasional,target_centric,narrow
yaxir,11798,492,power,general,broad
Neat-Firefighter-934,1,1,occasional,target_centric,narrow
gantii,35,13,regular,general,broad
Imax1003,58,13,regular,general,broad
dust-and-disquiet,10,8,occasional,general,moderate
Floedebollebolle,6,1,occasional,target_centric,narrow
FederalBrick,33,14,regular,target_centric,broad
hainb,33,8,regular,general,moderate
malake44,141,23,regular,general,broad
chaneloptional,33,1,regular,target_centric,narrow
minusmode,33,13,regular,general,broad
Any-Gear-8855,5,1,occasional,target_centric,narrow
TheQuantixXx,981,135,power,general,broad
XxXJEFF_XDXxX,3,2,occasional,target_centric,narrow
Elegant-Path-9235,1,1,occasional,target_centric,narrow
New_Individual_8679,76,21,regular,general,broad
elsbergs,22,10,regular,general,moderate
Nauckle225,11,4,occasional,swiss,moderate
PizzaPartyBro,22,6,regular,general,moderate
Sydon-X3,26,8,regular,general,moderate
outdoor_addict94,1,1,occasional,target_centric,narrow
uenuifah,377,34,power,general,broad
Triple_L_Master,45,11,regular,general,broad
Royal-Librarian-7825,16,7,regular,general,moderate
avogadro-,10,1,occasional,target_centric,narrow
andre_zanna_01,1,1,occasional,target_centric,narrow
TheAntisocialMuffin6,3,2,occasional,general,narrow
Swissaliciouse,196,25,regular,general,broad
pesce36,9,6,occasional,general,moderate
KeyLab3958,17,6,regular,general,moderate
mathguy59,269,16,regular,target_centric,broad
Fritzbombur,38,14,regular,general,broad
dead_by_aprl,15,8,regular,general,moderate
anonymous3953294,40,12,regular,swiss,broad
Cistude,78,15,regular,swiss,broad
SadlyASpring,4,2,occasional,target_centric,narrow
Consistent-Welcome43,207,21,regular,general,broad
neo2551,5006,233,power,swiss,broad
CrimeMastergogo_-,6,1,occasional,target_centric,narrow
No-Still-7020,3,3,occasional,general,narrow
C_Brick_yt,381,26,power,general,broad
Puubuu,1015,86,power,swiss,broad
BarbellJuggler,22,4,regular,general,moderate
tinkerthinker1337,69,17,regular,swiss,broad
RedRuhm101,103,24,regular,swiss,broad
Ythion,245,12,regular,target_centric,broad
TemporaryConfusion53,17,12,regular,general,broad
ai4bing,3,1,occasional,target_centric,narrow
Gullible_Ocelot_6148,18,1,regular,target_centric,narrow
cosbay,1,1,occasional,target_centric,narrow
C_L42,35,21,regular,general,broad
One_Tap_2244,3,2,occasional,target_centric,narrow
Albastru-Aib,540,102,power,general,broad
No-Significance779,778,144,power,general,broad
Extra-Strike-264,1,1,occasional,target_centric,narrow
Bamboleo_bambolea,12,7,occasional,general,moderate
RoosterPrevious7856,120,21,regular,swiss,broad
Express_Outside4580,22,11,regular,general,broad
Bottom-CH,215,36,regular,general,broad
way_ze,3,1,occasional,target_centric,narrow
Ad-Cod-2504,9,3,occasional,swiss,narrow
ProjectDaBu,2,2,occasional,target_centric,narrow
Dartze695,58,17,regular,general,broad
Medical-Detective-33,121,55,regular,general,broad
pineapple-account-00,19,5,regular,target_centric,moderate
acro_albaner,1,1,occasional,target_centric,narrow
More_Minimum6145,37,15,regular,general,broad
Comprehensive-Chard9,2121,74,power,general,broad
StationNo6708,799,75,power,swiss,broad
mihai_mc98,12,5,occasional,general,moderate
Lord_uWu_OkO,173,22,regular,general,broad
aspa34,185,21,regular,general,broad
Lukeskykaiser,219,31,regular,academic,broad
mr_stargazer,224,16,regular,academic,broad
WishboneNo4583,17,8,regular,general,moderate
nilsbenswiss,15,4,regular,general,moderate
luxumb,40,18,regular,general,broad
Due-Cardiologist-802,54,21,regular,swiss,broad
suinodivino33,23,9,regular,general,moderate
decaillv,25,18,regular,general,broad
mapa33,64,15,regular,swiss,broad
daromz_,126,25,regular,general,broad
totalboring,1,1,occasional,target_centric,narrow
Leptonne,19,8,regular,general,moderate
MeatLasers,24,15,regular,general,broad
Get_that_A,20,16,regular,general,broad
thatchemist96,42,15,regular,swiss,broad
Dry-Entertainment380,2,1,occasional,target_centric,narrow
Apprehensive_Cake541,3,1,occasional,target_centric,narrow
MrHippo17,11,4,occasional,general,moderate
cratstatna,29,11,regular,general,broad
arisaurusrex,1215,169,power,general,broad
undigestedFiD,1013,65,power,general,broad
BadBoy_3371,98,26,regular,general,broad
FamousDeer4131,12,6,occasional,swiss,moderate
askswitzerland,116,18,regular,swiss,broad
UnableLettuce344,72,43,regular,general,broad
Great_River_Bear,14,6,regular,general,moderate
mdkovachev,78,18,regular,general,broad
BrachiumX,33,8,regular,general,moderate
intimate_economics,30,13,regular,general,broad
OleksandrHalipchak,1,1,occasional,target_centric,narrow
JustF1tAGauss1an,670,46,power,general,broad
RaresDerBares,30,4,regular,target_centric,moderate
Typical_North5046,134,36,regular,general,broad
phonybelle,257,67,regular,general,broad
seinseikakashee,1,1,occasional,target_centric,narrow
Oligu,50,11,regular,swiss,broad
iesterdai,88,30,regular,general,broad
sedemokiN,15,8,regular,general,moderate
LongFisherman2484,1,1,occasional,target_centric,narrow
lamamilinda,2,2,occasional,target_centric,narrow
Zestyclose_Taro_136,2,2,occasional,target_centric,narrow
Aggravating_Tone9541,144,31,regular,general,broad
alexfuchs2020,87,24,regular,swiss,broad
danholics,36,16,regular,swiss,broad
random_fr_username,372,13,power,general,broad
robikgrin,5,2,occasional,target_centric,narrow
churel98,50,13,regular,general,broad
Legitimate-Let-5008,42,13,regular,general,broad
chuchupic,23,6,regular,general,moderate
Swissgank,129,26,regular,swiss,broad
Ossigen,731,94,power,general,broad
No-Cardiologist8473,239,32,regular,general,broad
fi-le,11,7,occasional,general,moderate
Apprehensive-Meet-60,1,1,occasional,target_centric,narrow
Justmyoponionman,2678,260,power,general,broad
pseudogelber,54,22,regular,general,broad
felixcra,31,12,regular,general,broad
LuckyNumber-Bot,16405,7176,power,general,broad
Musixen_,10,6,occasional,swiss,moderate
inadal,3,1,occasional,target_centric,narrow
ConsciousFollowing54,35,5,regular,general,moderate
Guilty-Mirror628,14,4,regular,target_centric,moderate
-ColaZero,347,65,power,general,broad
specijalan,10,5,occasional,general,moderate
pekopeko-ch,11,3,occasional,swiss,narrow
acemep,1,1,occasional,target_centric,narrow
Zankoku96,122,34,regular,general,broad
energy_zoey03,3,3,occasional,general,narrow
WZZ410A,89,12,regular,general,broad
RossYT,15,3,regular,general,narrow
Ericdergrosse,247,63,regular,general,broad
IkeaCreamCheese,456,71,power,swiss,broad
Training-Argument-58,71,9,regular,general,moderate
AutomaticAccount6832,3219,71,power,swiss,broad
Independent-Cat-8551,42,9,regular,general,moderate
NoahIH,28,6,regular,general,moderate
mensii,64,8,regular,swiss,moderate
PedroJOSH,15,6,regular,general,moderate
Hot-Leg-2434,8,2,occasional,target_centric,narrow
TrickyBench,13,3,occasional,general,narrow
MaterialOwl1114,3,1,occasional,target_centric,narrow
Dry_Rabbit_1123,20,7,regular,general,moderate
curiossceptic,3846,196,power,swiss,broad
LesserValkyrie,1217,64,power,general,broad
Virgilontheway,3,3,occasional,general,narrow
chrisly227,8,3,occasional,target_centric,narrow
AstronASMR,1,1,occasional,target_centric,narrow
DecisionTreeLeaf,3,1,occasional,target_centric,narrow
theoconomist,569,32,power,general,broad
SwissGifted,127,42,regular,general,broad
Ok-Upstairs-131,7,3,occasional,swiss,narrow
Little_Writing_3171,3,2,occasional,target_centric,narrow
OneArugula1415,1,1,occasional,target_centric,narrow
Fornitiedde,19,8,regular,general,moderate
loveYourMomBro,1,1,occasional,target_centric,narrow
Quiet_Difference7658,85,23,regular,general,broad
Mountain-Yak3304,1,1,occasional,target_centric,narrow
RoundUpGaming,108,29,regular,general,broad
FutureAd6409,4,1,occasional,target_centric,narrow
ida63838991,87,17,regular,swiss,broad
Seven_Over_Four,1888,68,power,general,broad
Dashjack30,2,1,occasional,target_centric,narrow
scorpion-hamfish,559,20,power,swiss,broad
Wew1800,78,35,regular,general,broad
Used-Implement9108,7,1,occasional,target_centric,narrow
AdeptusDankanicus,10,6,occasional,general,moderate
East_Earth_920,375,32,power,general,broad
Street-Cover-2874,8,5,occasional,general,moderate
damanfordajobb,34,7,regular,general,moderate
Electronic_Tea_914,777,24,power,general,broad
godly_carpet,681,14,power,general,broad
Infamous-Audience-45,5,4,occasional,swiss,moderate
ZeoChill,572,35,power,general,broad
yulindu,7,4,occasional,swiss,moderate
Dante_van_Heiko,1176,91,power,general,broad
adambolamdesenyz,2,1,occasional,target_centric,narrow
nilsleum,482,62,power,general,broad
Aglar253,7,4,occasional,general,moderate
dddtry,2,2,occasional,target_centric,narrow
MoonKnight99,169,16,regular,general,broad
exclaim_bot,258222,43936,power,general,broad
SnooRobots582,228,52,regular,general,broad
CucumberMore7943,3,3,occasional,general,narrow
kmader,4,3,occasional,academic,narrow
Scared-You-4311,3,1,occasional,target_centric,narrow
Ok_Job5626,1,1,occasional,target_centric,narrow
ws11235,196,73,regular,general,broad
Fun_Abbreviations477,8,2,occasional,target_centric,narrow
Bouxxi,406,54,power,general,broad
DocKla,4369,207,power,swiss,broad
Due_Parsnip2466,13,6,occasional,general,moderate
ale_skrt,12,4,occasional,target_centric,moderate
kriegshuehnchen,29,11,regular,swiss,broad
Brief_Valuable4482,122,39,regular,general,broad
2578923047823,2,1,occasional,target_centric,narrow
zhantongz,663,39,power,swiss,broad
Aniruddhb16,90,39,regular,general,broad
DepressedGuy89,9,2,occasional,target_centric,narrow
No_Tough_4172,63,12,regular,general,broad
Affectionate_Camp468,1,1,occasional,target_centric,narrow
IgotaMigraine755,1,1,occasional,target_centric,narrow
Perfect_Gur2266,1,1,occasional,target_centric,narrow
Important_Variety220,18,1,regular,target_centric,narrow
x_AdvaitD_x,12,4,occasional,target_centric,moderate
Own_Relationship9794,10,4,occasional,swiss,moderate
Superhero_889,1,1,occasional,target_centric,narrow
HideousHades,28,6,regular,swiss,moderate
lotformulas,36,15,regular,swiss,broad
Square_Ad1103,1,1,occasional,target_centric,narrow
Forsaken_Bid927,101,17,regular,general,broad
sah10406,1621,50,power,general,broad
Liquid_Cascabel,1856,117,power,general,broad
Classic-Abies4861,1,1,occasional,target_centric,narrow
skarros,1516,202,power,general,broad
Tomisido,42,13,regular,general,broad
Delicious-Dot8458,8,4,occasional,swiss,moderate
Alarmed-Counter150,1,1,occasional,target_centric,narrow
Nurnstatist,923,120,power,general,broad
nico-zh,5,3,occasional,general,narrow
Martha_007,113,11,regular,general,broad
Lunareptilia,15,2,regular,general,narrow
The_Russian_Racoon,3,1,occasional,target_centric,narrow
LongBit,79,18,regular,swiss,broad
Physical-Tip9184,1,1,occasional,target_centric,narrow
fuckyou12342023,42,6,regular,swiss,moderate
username6056,67,18,regular,general,broad
F-_-_-_-_-_-_-_-_-_-,105,13,regular,swiss,broad
Financial-Drummer825,2,2,occasional,target_centric,narrow
Pigna099,8,6,occasional,general,moderate
The_Reto,31,9,regular,swiss,moderate
MasterJJ2701,1,1,occasional,target_centric,narrow
TotalWorker,1,1,occasional,target_centric,narrow
Artistic_Slide2345,93,22,regular,general,broad
Infinexcio,2,1,occasional,target_centric,narrow
Electrical_Lecture87,6,3,occasional,target_centric,narrow
Prestigious-Pair-785,5,4,occasional,general,moderate
r0guss,4,1,occasional,target_centric,narrow
Big_Position2697,1345,139,power,swiss,broad
Status_Emu_5142,13,10,occasional,swiss,moderate
opanguete,30,8,regular,general,moderate
Impressive-Bar-2030,10,4,occasional,swiss,moderate
Inevitable-Cap1476,2,1,occasional,target_centric,narrow
Die_2,19,7,regular,swiss,moderate
gen_z_snowflake,6,2,occasional,target_centric,narrow
relativisticcobalt,114,29,regular,general,broad
stefan2017ch,12,5,occasional,swiss,moderate
No_Excitement5489,1,1,occasional,target_centric,narrow
manwendi_,200,30,regular,general,broad
Cristian369369,678,109,power,general,broad
gyoza__fairy,12,9,occasional,general,moderate
Suspicious_Jelly_398,3,1,occasional,target_centric,narrow
BergUndChocoCH,630,50,power,general,broad
LordVectron,209,62,regular,general,broad
RealNPCDuude,488,53,power,general,broad
Spiritual-Hat0,10,6,occasional,target_centric,moderate
Key-Agency-2643,25,4,regular,target_centric,moderate
04whizkid,54,17,regular,general,broad
SourProcessing,2,2,occasional,target_centric,narrow
NoFearImAnEngineer,1,1,occasional,target_centric,narrow
BobbyBryson,14,5,regular,target_centric,moderate
RumaliRotii,3,2,occasional,general,narrow
SupposedToBeInTheLab,5,4,occasional,general,moderate
Campinggoat,1,1,occasional,target_centric,narrow
amtz_____,1,1,occasional,target_centric,narrow
nGaggi,106,20,regular,general,broad
nubpod23,184,46,regular,general,broad
renens_reditor1020,28,11,regular,general,broad
Nizza99,48,11,regular,swiss,broad
razenmaeher,11,4,occasional,general,moderate
bobailike,1,1,occasional,target_centric,narrow
TeeMug__,24,9,regular,swiss,moderate
snowmandala,79,23,regular,general,broad
stockholm_maniac,12,12,occasional,general,broad
Life-Technician-1978,1,1,occasional,target_centric,narrow
Tsgoat,361,34,power,general,broad
Traditional-Nail-720,2,1,occasional,target_centric,narrow
Runaaan,124,27,regular,general,broad
randommofo3369,25,5,regular,target_centric,moderate
Defiant_Gap5862,17,3,regular,general,narrow
fennecfoxxx123,1242,66,power,general,broad
SuperstarRockYou,811,79,power,general,broad
inainam,8,2,occasional,swiss,narrow
JunoKreisler,361,50,power,target_centric,broad
AdAcceptable9332,2,1,occasional,target_centric,narrow
csueiras,180,51,regular,general,broad
Traditional_Pen_3698,379,47,power,swiss,broad
DarkKnight0102,5,1,occasional,target_centric,narrow
LeCholax,213,70,regular,general,broad
Far-Vermicelli1995,1,1,occasional,target_centric,narrow
Aster1xch,39,14,regular,general,broad
Lumpy_Award3793,4,2,occasional,swiss,narrow
Jolieblabla,76,17,regular,general,broad
IKnowMeNotYou,2696,45,power,general,broad
raefoo,66,13,regular,general,broad
LG193,109,38,regular,general,broad
Odd-Air-7588,1,1,occasional,target_centric,narrow
pokku3,226,42,regular,general,broad
Training-Area6316,168,25,regular,general,broad
LanguageGlobal2338,36,14,regular,general,broad
ba-13,7,4,occasional,general,moderate
ProofSmooth7317,4,1,occasional,target_centric,narrow
TheRealDeal2024,59,14,regular,general,broad
No_Writing_7050,217,29,regular,swiss,broad
brg119,41,10,regular,general,moderate
Interesting_Area3828,24,6,regular,target_centric,moderate
Helenke_Dame,16,12,regular,general,broad
Automatic-Water2325,95,36,regular,general,broad
Agreeable_Addition84,261,22,regular,target_centric,broad
No-Patient8520,5,1,occasional,target_centric,narrow
Amazillon,22,16,regular,general,broad
Akutasan,2,1,occasional,target_centric,narrow
National-Flower5188,4,1,occasional,target_centric,narrow
Old_Handle4278,3,1,occasional,target_centric,narrow
Available-Job2201,827,110,power,general,broad
Ashamed-Birthday-887,13,5,occasional,general,moderate
tauloki,2,1,occasional,target_centric,narrow
-___-_-_--,171,58,regular,general,broad
MLThottrap,1211,128,power,general,broad
Fallap90,273,33,regular,general,broad
jetblack164,3,1,occasional,target_centric,narrow
OmaMorkie,57,12,regular,general,broad
tym0704,17,7,regular,target_centric,moderate
flower-999,12,3,occasional,target_centric,narrow
HATECELL,7318,440,power,general,broad
hatepoop,2,2,occasional,target_centric,narrow
Playful-Ostrich-7210,19,3,regular,general,narrow
dilutedblacktea,27,12,regular,swiss,broad
Even-Cod8017,12,6,occasional,target_centric,moderate
compsciguy__,1,1,occasional,target_centric,narrow
tibetatakan,18,8,regular,general,moderate
Hello_PleaseAnswer,29,8,regular,general,moderate
Evening_South_5784,8,1,occasional,target_centric,narrow
Suspicious_Self8332,154,10,regular,target_centric,moderate
fishyfishtony,1,1,occasional,target_centric,narrow
swiss_boy_128,11,6,occasional,general,moderate
0x-Error,43,22,regular,general,broad
HerpaderpAldent,19,7,regular,swiss,moderate
ThomasP2000,2,1,occasional,target_centric,narrow
Aark95,13,6,occasional,general,moderate
greenappleFF,46,12,regular,general,broad
Cloudy-weather,1,1,occasional,target_centric,narrow
spacedario,54,17,regular,swiss,broad
Standard_Talk_4670,25,5,regular,target_centric,moderate
Practical-Ad5634,1,1,occasional,target_centric,narrow
K1sh1-Onepiece,290,31,regular,general,broad
Fyuryy,6,4,occasional,swiss,moderate
Alendion_TLG,21,5,regular,target_centric,moderate
redytusr123,17,6,regular,general,moderate
Ciiceeroo,217,34,regular,general,broad
Impressive-Gap7138,191,18,regular,target_centric,broad
Extension-Ad-4822,2,2,occasional,target_centric,narrow
Bettgsteu,186,39,regular,general,broad
VeganBaguette,147,31,regular,general,broad
LundZindagiJhand,4,1,occasional,target_centric,narrow
Skairin,27,10,regular,general,moderate
the_evil_biscuit,3,1,occasional,target_centric,narrow
TrainerCivil,133,38,regular,general,broad
kamiem123,34,6,regular,target_centric,moderate
Ok-Objective-7506,4,2,occasional,general,narrow
BjornVandenOuvren,2,1,occasional,target_centric,narrow
passsion66,15,3,regular,general,narrow
Fuzzy_Box_9138,15,7,regular,general,moderate
Friendly_Fox_6041,7,6,occasional,general,moderate
Objective-Web7083,10,2,occasional,target_centric,narrow
Apprehensive-Ice2576,66,15,regular,general,broad
Dark1000,2176,80,power,general,broad
avokadolainen,2,1,occasional,target_centric,narrow
Automatic-Tax-7414,11,5,occasional,general,moderate
NikolNikopoulou,73,9,regular,general,moderate
Zealousideal-Dog1156,206,10,regular,general,moderate
kvutxdy,21,4,regular,target_centric,moderate
Sad-Ladder-1455,1,1,occasional,target_centric,narrow
ScrapAccountLad,19,5,regular,general,moderate
KatAddicted69,13,6,occasional,general,moderate
asdfghjkl12345678996,1,1,occasional,target_centric,narrow
Nahtlos,2,1,occasional,target_centric,narrow
gfcanneverseethis,3,2,occasional,general,narrow
No_Carpenter7252,34,8,regular,general,moderate
CrashingBrain,40,13,regular,general,broad
JCur24,8,4,occasional,swiss,moderate
AnonymousWhistle,1,1,occasional,target_centric,narrow
your_curious_guy,13,6,occasional,swiss,moderate
AffectionateRange673,19,9,regular,general,moderate
employeenumber1359,32,8,regular,general,moderate
Kim_in_AMS,1,1,occasional,target_centric,narrow
vocdex,20,10,regular,academic,moderate
petrograd67,12,1,occasional,target_centric,narrow
Usual_Opposite_5022,49,7,regular,target_centric,moderate
Sauron_78,729,82,power,general,broad
Constant_Medicine_85,135,16,regular,general,broad
Upstairs-Chipmunk579,12,4,occasional,target_centric,moderate
Raskolnikov98,165,35,regular,general,broad
hellvetic147,21,9,regular,swiss,moderate
Arsh90786,576,71,power,general,broad
MantisPymp,255,20,regular,general,broad
Professional-Ask246,1,1,occasional,target_centric,narrow
Every-Literature-351,2,1,occasional,target_centric,narrow
MalaMuerteSCN,40,5,regular,target_centric,moderate
Paid-Not-Payed-Bot,47006,11907,power,general,broad
Extreme-Ad2408,2,2,occasional,target_centric,narrow
emerk102,7,7,occasional,general,moderate
SenpaiKai,197,53,regular,general,broad
chrismclp,41,24,regular,general,broad
Ivan_pk5,847,108,power,general,broad
Hzlqrtz,440,48,power,general,broad
sumik02,2,2,occasional,target_centric,narrow
-Ritsar-,3,3,occasional,general,narrow
pleasemore05,92,40,regular,general,broad
einsJannis,532,51,power,general,broad
Standard_Monitor4291,1038,120,power,general,broad
Jafonsoo,2,2,occasional,target_centric,narrow
BakrTT,19,4,regular,general,moderate
abcdefmoi,48,18,regular,general,broad
Individual_Print7350,41,14,regular,general,broad
NoSloLace,2,1,occasional,target_centric,narrow
That_Walrus3455,264,55,regular,general,broad
ActuatorNaive8791,1,1,occasional,target_centric,narrow
OnionLai,5,2,occasional,target_centric,narrow
ksjwo,12,6,occasional,swiss,moderate
tarudesu,29,5,regular,academic,moderate
OkBlacksmith4013,52,13,regular,general,broad
crunshysalt,93,36,regular,general,broad
RushDvd,62,25,regular,general,broad
N8_90,48,12,regular,academic,broad
Usual-Royal1804,12,1,occasional,target_centric,narrow
meowmilie,2,1,occasional,target_centric,narrow
Cursed1978,579,57,power,general,broad
feelingalive99,34,9,regular,general,moderate
MoridinB,643,125,power,general,broad
AleCar07,39,20,regular,general,broad
raumdeuter255,122,33,regular,general,broad
ivica555,323,25,regular,general,broad
Naive-Mechanic4683,2244,130,power,academic,broad
Thomas_KT,442,150,power,general,broad
EngineeringFlop,53,17,regular,general,broad
Initial_Ad3554,104,15,regular,target_centric,broad
mitsuki666,26,6,regular,general,moderate
Sharanbasav,67,13,regular,general,broad
Sufficient-Wave1132,137,13,regular,general,broad
Naarusgaut,9,1,occasional,target_centric,narrow
BarFun9487,34,5,regular,target_centric,moderate
WildlifePhysics,157,44,regular,general,broad
Xenon_Vrykolakas,227,23,regular,general,broad
MundaneJudgment3491,16,8,regular,swiss,moderate
No_Excitement7991,33,10,regular,swiss,moderate
LueddeFromTheBack,2,2,occasional,target_centric,narrow
Aware-Cauliflower-25,6,2,occasional,target_centric,narrow
BeyondCurrent5754,525,29,power,swiss,broad
MikeDoesDo,117,19,regular,general,broad
ikamran_khan,6,4,occasional,academic,moderate
Lower_Proposal_8646,32,8,regular,general,moderate
TiSapph,115,31,regular,general,broad
xiikjuy,486,83,power,general,broad
strame3,28,6,regular,swiss,moderate
gcalligher,7,5,occasional,general,moderate
Smart_Idea9035,17,5,regular,general,moderate
lil_fib,4,1,occasional,target_centric,narrow
EducationOk5938,74,11,regular,swiss,broad
Popular_Ad1466,8,5,occasional,general,moderate
showingsmthing,6,6,occasional,general,moderate
ForzaCharles16,219,51,regular,general,broad
Complex-Vanilla-2746,11,7,occasional,general,moderate
Historical_Cod_3545,2,2,occasional,target_centric,narrow
Hex30_03,39,15,regular,general,broad
Alive-Lake7,4,1,occasional,target_centric,narrow
free_kmart36,25,8,regular,general,moderate
thedolfiin,10,6,occasional,target_centric,moderate
False_Pizza4215,1,1,occasional,target_centric,narrow
terminal__object,2647,48,power,general,broad
Complete-Ad-3165,13,4,occasional,general,moderate
Common-Frosting-9434,1694,229,power,general,broad
alpisgood,37,9,regular,general,moderate
Anfphrodite,15,8,regular,swiss,moderate
blooming_edelweiss,66,16,regular,general,broad
ahangary,2,1,occasional,target_centric,narrow
Astrophysicist369,2,1,occasional,target_centric,narrow
chiffchaff_mother,2,2,occasional,target_centric,narrow
Pretend_Football4721,4,1,occasional,target_centric,narrow
iterative_iteration,93,22,regular,general,broad
ReverseElectron,220,35,regular,general,broad
newname_tabitha,10,6,occasional,swiss,moderate
CopiumCatboy,701,74,power,swiss,broad
Obvious_Bit7674,21,6,regular,swiss,moderate
AlphaAlex1_,132,43,regular,general,broad
Majestic-Hall4954,2,2,occasional,target_centric,narrow
Possible_Barnacle_68,12,1,occasional,target_centric,narrow
sixdayspizza,686,47,power,swiss,broad
AnishAndTheBoys,55,24,regular,general,broad
tigrayt2,79,23,regular,swiss,broad
Freddy_Mercurial,1,1,occasional,target_centric,narrow
speedbumpee,221,27,regular,academic,broad
Junior_Sign7223,59,16,regular,general,broad
-SAMV-,17,9,regular,general,moderate
KlingonTranslator,543,176,power,general,broad
qaywsxqaywsxqay,141,11,regular,swiss,broad
naratcis,446,61,power,general,broad
zeytonx_,5,2,occasional,target_centric,narrow
Eskapismus,1539,125,power,swiss,broad
herbertdm,17,6,regular,general,moderate
Benzene_Vapour,7,3,occasional,target_centric,narrow
Separate_Football_20,16,6,regular,swiss,moderate
menthol-squirrel,27,12,regular,general,broad
Best-Customer4288,19,12,regular,general,broad
BreakfastImmediate_,7,3,occasional,general,narrow
Mihalis_balts,26,4,regular,general,moderate
Beginning_Path_3735,100,26,regular,general,broad
Olivia-2021,7,4,occasional,swiss,moderate
Former-Ad-9278,32,5,regular,general,moderate
Electronic-Olive9411,41,4,regular,target_centric,moderate
ssamuel558,7,3,occasional,swiss,narrow
fduct,3,3,occasional,general,narrow
AdrianWasTaken,3,2,occasional,target_centric,narrow
Queku08,62,13,regular,general,broad
Zestyclose-Ice-3434,103,34,regular,general,broad
devangm,726,136,power,general,broad
BroadComb6309,20,8,regular,general,moderate
OwIts4AM,13,9,occasional,general,moderate
arst289,16,5,regular,general,moderate
crack_cocain,3,2,occasional,swiss,narrow
AlfCarison,76,41,regular,general,broad
denfaina__,580,122,power,general,broad
IntelligentGur9638,2956,306,power,general,broad
ElectronicCountry701,22,7,regular,swiss,moderate
anprme,2294,168,power,general,broad
Reporte219,138,49,regular,swiss,broad
Relvind,34,18,regular,general,broad
Eggsy_x,6,3,occasional,target_centric,narrow
Ok_Bat4262,4,4,occasional,academic,moderate
MarsBoy_2,5,3,occasional,general,narrow
PhoebusAbel,2103,288,power,general,broad
Outrageous-Boot7092,43,11,regular,academic,broad
Careful-Tip9157,2,1,occasional,target_centric,narrow
Infernality99,11,5,occasional,general,moderate
envyyeet,72,19,regular,target_centric,broad
BullyNGL,10,5,occasional,general,moderate
SeaworthinessPale733,11,2,occasional,target_centric,narrow
probably_random,12,2,occasional,target_centric,narrow
BaseCautious6799,6,2,occasional,target_centric,narrow
TwoJarl7,17,3,regular,general,narrow
New_Analyst1866,26,1,regular,target_centric,narrow
PreviousLeadership55,1,1,occasional,target_centric,narrow
autizmisreel,6,5,occasional,general,moderate
Head-Pension3949,9,1,occasional,target_centric,narrow
My-gel-is-leaking,22,6,regular,general,moderate
Slingshot_42,50,7,regular,general,moderate
Ancient-Job-4911,67,35,regular,general,broad
RevolutionFull111,11,5,occasional,general,moderate
freebullshitaccount,373,44,power,swiss,broad
InspectorUnlikely595,169,42,regular,general,broad
HTMLator,5,4,occasional,academic,moderate
ahmeddu26540,6,1,occasional,target_centric,narrow
Successful_Elk_3011,37,8,regular,swiss,moderate
wasserkonfetti,128,18,regular,swiss,broad
Entsche1dungsproblem,4,2,occasional,target_centric,narrow
pelfet,1498,65,power,swiss,broad
Outrageous-Lake-2950,1173,71,power,general,broad
Lumpy-Lock-5429,284,27,regular,swiss,broad
EvenPumpkinQQQ,2,1,occasional,target_centric,narrow
Reasonable_Candle817,1,1,occasional,target_centric,narrow
Phoenix-fn1zx,712,43,power,general,broad
opensourceartwork,32,6,regular,general,moderate
Specialist_Pop6500,2,2,occasional,target_centric,narrow
Ok-Construction-6309,17,2,regular,target_centric,narrow
Ok-Mathematician1294,2,2,occasional,target_centric,narrow
des_illusion,32,6,regular,general,moderate
KeyFroyo1153,13,5,occasional,swiss,moderate
AskLbm,1,1,occasional,target_centric,narrow
CardiologistKlutzy39,10,5,occasional,target_centric,moderate
Calugorron,19,12,regular,general,broad
Excellent_Skin9697,36,4,regular,general,moderate
ImportanceKey5304,7,3,occasional,target_centric,narrow
Realistic_Book_5713,6,1,occasional,target_centric,narrow
Fri3ndlymushroom,19,10,regular,general,moderate
SoZur,739,90,power,general,broad
ubernion,2,1,occasional,target_centric,narrow
Moist_Horror_7627,36,6,regular,general,moderate
Hairyjoes,52,8,regular,general,moderate
Legitimate_Gene8047,3,1,occasional,target_centric,narrow
meagainstmyselff,22,15,regular,general,broad
kloodarmstium,18,8,regular,general,moderate
Illustrious_List7717,62,10,regular,general,moderate
Venomfenz,4,2,occasional,target_centric,narrow
nerdie16,2,2,occasional,target_centric,narrow
Zestyclose-Ad-4383,3,2,occasional,general,narrow
pang-zorgon,226,53,regular,swiss,broad
SeltenerPeter,10,8,occasional,general,moderate
General_T42,5,5,occasional,swiss,moderate
BenchExpress8242,219,23,regular,swiss,broad
sweet_selection_1996,353,66,power,general,broad
genauerstrasse,5,3,occasional,target_centric,narrow
_urmumlol_,32,4,regular,general,moderate
Zoesan,4469,149,power,general,broad
Mission-Mushroom902,26,5,regular,swiss,moderate
kushkus,1,1,occasional,target_centric,narrow
Professional_boffin,8,7,occasional,general,moderate
studyharrrrrrrrd,1,1,occasional,target_centric,narrow
ConsequenceOk3058,7,4,occasional,target_centric,moderate
Deciperer,1,1,occasional,target_centric,narrow
Automatic_Dirt7305,1,1,occasional,target_centric,narrow
jenisurgod,2,1,occasional,target_centric,narrow
MustBeNiceToBeHappy,1704,110,power,swiss,broad
Btrabus,38,11,regular,swiss,broad
Due-Level1978,10,3,occasional,target_centric,narrow
egbreo,4,3,occasional,general,narrow
TheRedditofJaming,1,1,occasional,target_centric,narrow
Bitkoneeeeect,3,1,occasional,target_centric,narrow
Sciencescience_1,137,35,regular,general,broad
Emergency-Horse6928,30,7,regular,target_centric,moderate
StatisticianBusy5416,11,5,occasional,general,moderate
In_Zyzz_We_Trust,84,14,regular,general,broad
shirogeek,24,12,regular,general,broad
Master-Self-6760,95,21,regular,swiss,broad
AdCalm9578,60,24,regular,general,broad
skinnyangeldream,8,3,occasional,target_centric,narrow
InsuranceHonest2230,3,3,occasional,general,narrow
Full_Patience5734,57,17,regular,general,broad
bippingtevers,8,8,occasional,general,moderate
Tom1380,547,169,power,general,broad
Alkeryn,1187,175,power,general,broad
Lucky_Lettuce5384,4,3,occasional,general,narrow
CharlieLee666,38,15,regular,academic,broad
PreviousSteak8901,1,1,occasional,target_centric,narrow
blupilobup,13,6,occasional,general,moderate
FaithlessnessFair682,1,1,occasional,target_centric,narrow
Ashamed_Baker_3568,27,9,regular,general,moderate
MTG_Lukas,2,2,occasional,target_centric,narrow
ondasboy1,24,11,regular,general,broad
giantZorg,134,26,regular,general,broad
deuduze,29,7,regular,swiss,moderate
Significance-Far,4,4,occasional,academic,moderate
dwaiix,1,1,occasional,target_centric,narrow
Upset_Appointment_89,2,2,occasional,target_centric,narrow
Ashamed-Simple-8303,718,57,power,general,broad
Shanilkagimhan,160,15,regular,general,broad
mmmmmmmmmkm,9,5,occasional,general,moderate
HeaterPieter,2,1,occasional,target_centric,narrow
Ale_cra,1,1,occasional,target_centric,narrow
Accomplished_Base532,4,2,occasional,target_centric,narrow
cocktailcock,1,1,occasional,target_centric,narrow
Niduck,356,34,power,general,broad
Severe-Beach-2585,1,1,occasional,target_centric,narrow
Ok_Abbreviations7805,5,4,occasional,general,moderate
Kaze027,3,1,occasional,target_centric,narrow
MedYog-6262,4,2,occasional,general,narrow
tiderborse,15,15,regular,general,broad
Visual_Ordinary9826,20,4,regular,target_centric,moderate
Beach_Outrageous,5,5,occasional,academic,moderate
Frequent_Ad8876,2,2,occasional,target_centric,narrow
Any-Cause-374,3217,254,power,swiss,broad
Street-Passenger8497,29,10,regular,general,moderate
flexseason,1,1,occasional,target_centric,narrow
LeopardSuspicious432,1,1,occasional,target_centric,narrow
iDhanushReddy,6,3,occasional,target_centric,narrow
LeBronTheGreatest31,29,8,regular,swiss,moderate
GlobalTumbleweed8872,1,1,occasional,target_centric,narrow
No_Pop8531,4,2,occasional,target_centric,narrow
MrCreator1002,4,2,occasional,general,narrow
nilbiescas3,1,1,occasional,target_centric,narrow
Whole_Entrance7619,7,3,occasional,general,narrow
slramuu,4,2,occasional,target_centric,narrow
askforward,15,6,regular,swiss,moderate
Brilliant_Basil1787,105,10,regular,general,moderate
Interesting-Dance911,11,3,occasional,target_centric,narrow
Strong_Individual223,7,3,occasional,general,narrow
harryf,102,21,regular,general,broad
Memory4468,89,25,regular,general,broad
RandQuantumMechanic,18,6,regular,general,moderate
Firm-Canary-1438,36,11,regular,academic,broad
Additional-Ad-1021,278,52,regular,general,broad
Simple-Seaweed7072,2,1,occasional,target_centric,narrow
Miserable-Pea-472,1,1,occasional,target_centric,narrow
Majestic_Sail7094,1,1,occasional,target_centric,narrow
enomostar,2,1,occasional,target_centric,narrow
mog-thesify,153,25,regular,general,broad
chevyymontecarlo,115,25,regular,swiss,broad
ZealousidealEnd8841,3,3,occasional,general,narrow
Leading_Might_6391,2,2,occasional,target_centric,narrow
timebandit456,1,1,occasional,target_centric,narrow
monti2510,13,6,occasional,academic,moderate
Consistent_Vehicle88,2,2,occasional,target_centric,narrow
Glopatchwork,39,17,regular,general,broad
Female_Silverback,168,18,regular,general,broad
DjHengel07,5,2,occasional,target_centric,narrow
Maximum-Duck2721,1,1,occasional,target_centric,narrow
hazelnussibus,58,19,regular,general,broad
spread_those_flaps,275,50,regular,academic,broad
Great_Director_3280,1,1,occasional,target_centric,narrow
SvrT_3108,1616,58,power,general,broad
Stranger_Dude__,27,9,regular,swiss,moderate
OhioDeez44,576,81,power,general,broad
matchy233,21,6,regular,academic,moderate
Solaire2991843,1,1,occasional,target_centric,narrow
np-heart,3,1,occasional,target_centric,narrow
Odd_Jellyfish_5710,390,22,power,general,broad
skeleton_dancer,12,8,occasional,swiss,moderate
ReturnWonderful376,1,1,occasional,target_centric,narrow
c1u5t3r,338,29,power,general,broad
kuzzzmina_,8,4,occasional,target_centric,moderate
Mathemagician218,1,1,occasional,target_centric,narrow
zgjs24,38,9,regular,general,moderate
Striking-Bank-5760,48,22,regular,general,broad
exp-multicast,10,3,occasional,swiss,narrow
Hopeful-Caregiver-47,9,2,occasional,general,narrow
_hat_fish_,4,3,occasional,general,narrow
RiseWarm,74,26,regular,general,broad
quanganh9900,37,25,regular,general,broad
siriusserious,2059,172,power,general,broad
SilverDouble7043,8,3,occasional,target_centric,narrow
Shompen,2,1,occasional,target_centric,narrow
junkfood113,3,3,occasional,general,narrow
Adel_Mustafa,72,18,regular,general,broad
Easy-Explanation1338,239,11,regular,general,broad
Mankus,24,11,regular,general,broad
Lyssa_Lud,89,19,regular,general,broad
badboi86ij99,890,81,power,general,broad
OkLawfulness9224,1,1,occasional,target_centric,narrow
Loki_is_alive,31,11,regular,general,broad
Interesting-Bit6448,2,2,occasional,target_centric,narrow
Relative_Produce6759,1,1,occasional,target_centric,narrow
Head-Excitement-1396,1,1,occasional,target_centric,narrow
Itchy_Muscle_9429,117,44,regular,general,broad
Emanuele_18,8,2,occasional,target_centric,narrow
jmesfin,4,2,occasional,target_centric,narrow
Public_Leadership_14,29,9,regular,target_centric,moderate
Foreign-Gap-3283,8,5,occasional,swiss,moderate
Electronic_Garlic600,42,10,regular,target_centric,moderate
Kiloiki,112,28,regular,general,broad
Connect-Speech-7694,7,3,occasional,general,narrow
MalkoZai4e,2,1,occasional,target_centric,narrow
Feeling-Award6976,68,11,regular,general,broad
BranchAble2648,328,52,regular,general,broad
Routine-Animator-774,1,1,occasional,target_centric,narrow
Sure-Chocolate-2946,4,2,occasional,target_centric,narrow
Nlck0li,34,9,regular,general,moderate
Amslae,2,1,occasional,target_centric,narrow
ReporterWooden3441,79,9,regular,general,moderate
png-dude,1,1,occasional,target_centric,narrow
Noblicke61,50,19,regular,general,broad
Chemical_Freedom_227,105,56,regular,general,broad
Rakru84,75,21,regular,general,broad
bub1q,97,23,regular,general,broad
TomPistola,6,4,occasional,general,moderate
rj380,118,14,regular,swiss,broad
SegfaultSensei,217,29,regular,general,broad
LightQueasy895,646,67,power,swiss,broad
Cultural_Result1317,951,91,power,swiss,broad
-hexie-,4,4,occasional,academic,moderate
moniblm108,3,1,occasional,target_centric,narrow
MedicalPrinciple5042,33,2,regular,general,narrow
wild_brocoli37,43,17,regular,swiss,broad
Tall_Computer_4050,2,1,occasional,target_centric,narrow
Ok_Garage_683,92,25,regular,swiss,broad
Bitter_Serve4680,12,5,occasional,general,moderate
sccy1,62,21,regular,general,broad
Patient-Movie231,11,2,occasional,target_centric,narrow
Asiansugarbabygpt,7,6,occasional,swiss,moderate
RelationshipLevel129,7,3,occasional,general,narrow
Fun_Local800,6,3,occasional,target_centric,narrow
carmichaelthe3rd,357,89,power,general,broad
codeviser,51,11,regular,general,broad
RepulsiveDonkey739,13,7,occasional,general,moderate
hohenheim5678,10,7,occasional,general,moderate
Crafter1515,49,13,regular,general,broad
soviet-seneca,6,4,occasional,target_centric,moderate
Independent-Lynx-671,3,2,occasional,target_centric,narrow
EatThatPotato,1288,114,power,general,broad
5amorhqn,5,2,occasional,target_centric,narrow
Straight_Turnip7056,2593,68,power,general,broad
Lontschie,14,10,regular,general,moderate
HonkHonk05,30,10,regular,general,moderate
PQTRIOT88,1,1,occasional,target_centric,narrow
Competitive-Cup-6309,5,2,occasional,general,narrow
AlphaQ-14,2,2,occasional,target_centric,narrow
iatamajira,2,1,occasional,target_centric,narrow
ThorusBonus,178,35,regular,general,broad
_saem_,188,32,regular,swiss,broad
heresacorrection,340,28,power,general,broad
ExplorerGlad168,22,3,regular,general,narrow
RycinCZ,25,7,regular,general,moderate
multiversal-citizen,90,11,regular,swiss,broad
SmartBeagle,25,7,regular,general,moderate
Rodudu,2,2,occasional,target_centric,narrow
unga_bunga520,199,41,regular,academic,broad
Bitter_Pineapple_720,235,29,regular,general,broad
cauchymeanvalue,46,17,regular,general,broad
PLS_SEND_TRAIN_PICS,38,13,regular,swiss,broad
-Tobito,6,5,occasional,general,moderate
National_Traffic252,3,1,occasional,target_centric,narrow
mercykanaiza,10,9,occasional,general,moderate
CreamedCrackered,4,1,occasional,target_centric,narrow
Sorcumalot,12,2,occasional,target_centric,narrow
Haunting_Nail985,5,2,occasional,general,narrow
DrNio1313,33,3,regular,swiss,narrow
Fun_Helicopter5785,6,1,occasional,target_centric,narrow
Anonymous234910,42,9,regular,target_centric,moderate
Upper-State-1003,118,38,regular,general,broad
chewie_42,57,18,regular,swiss,broad
LowAcanthocephala448,3,1,occasional,target_centric,narrow
Time-Measurement-778,5,4,occasional,swiss,moderate
NovikovMorseHorse,15,6,regular,academic,moderate
KATCHAW9,30,8,regular,swiss,moderate
nicolamuttoni,4,2,occasional,general,narrow
pay_of_my_credit,1,1,occasional,target_centric,narrow
SaltyFish69,17,7,regular,general,moderate
hciruzhte,18,1,regular,target_centric,narrow
flowtuz,77,29,regular,general,broad
Tatay_17,123,20,regular,general,broad
elia_bluelle,1,1,occasional,target_centric,narrow
Lower_Fig_3085,70,17,regular,swiss,broad
SMTP2024,450,66,power,general,broad
PJannis,6,3,occasional,target_centric,narrow
Emergency_Coffee_829,19,5,regular,swiss,moderate
Chemist-Nerd,76,22,regular,general,broad
Henzo26,348,25,power,general,broad
Shoggyhaze,9,3,occasional,general,narrow
Acrobatic-Giraffe-65,75,20,regular,general,broad
PPTTRRKK,118,37,regular,general,broad
Stan-stanman17,1,1,occasional,target_centric,narrow
SirDrystan,5,5,occasional,swiss,moderate
Fndundai,11,8,occasional,general,moderate
Purpose_roam,53,19,regular,general,broad
Hour-Hope7559,10,6,occasional,general,moderate
nanotechmama,685,34,power,swiss,broad
Castles_Caves,10,5,occasional,general,moderate
Tight_Guidance_5597,2,1,occasional,target_centric,narrow
Petingo,28,8,regular,swiss,moderate
zonamoroza,33,15,regular,general,broad
IllustriousBit2033,1,1,occasional,target_centric,narrow
scrapyscrape,10,3,occasional,swiss,narrow
Plane_Space_1635,27,4,regular,target_centric,moderate
java-the-alien,2,2,occasional,target_centric,narrow
CryptographerVast379,9,5,occasional,general,moderate
-name-user-,834,104,power,general,broad
xinn-6153,3,2,occasional,target_centric,narrow
lemonadexpert,18,7,regular,general,moderate
ConsistentMessage547,26,7,regular,academic,moderate
Open_Ad_8599,36,10,regular,general,moderate
Dipak1337,36,17,regular,swiss,broad
splishsplashdrop,12,7,occasional,general,moderate
MehImages,5310,672,power,general,broad
Much_Philosophy9946,9,5,occasional,swiss,moderate
Skejdisisiwuej,197,38,regular,general,broad
TwoAffectionate2965,223,32,regular,general,broad
archiebirtles0,7,7,occasional,general,moderate
Perun01,5,5,occasional,general,moderate
Double_Wishbone_1932,76,19,regular,general,broad
intrepidlady97,15,7,regular,general,moderate
Stuff_I_Made,554,91,power,general,broad
fifibg,18,6,regular,general,moderate
brateboi,8,4,occasional,general,moderate
CranberrySodaWater,7,1,occasional,target_centric,narrow
Ciridussy,268,54,regular,general,broad
back-stabbath,21,10,regular,swiss,moderate
Swimming_Ride_1143,6,3,occasional,target_centric,narrow
Alternative-Fact6209,23,16,regular,swiss,broad
aramkrat,56,30,regular,general,broad
OpeningPilot700,1,1,occasional,target_centric,narrow
ComprehensiveType907,69,9,regular,swiss,moderate
PaneSborraSalsiccia,123,22,regular,general,broad
gurji123,20,10,regular,general,moderate
paaaaattttttt,28,8,regular,general,moderate
UC-Cali05,6,2,occasional,target_centric,narrow
Diarrhea-Spritz,7,7,occasional,swiss,moderate
knicksinfo,2,2,occasional,target_centric,narrow
zoe_tinytoes03,2,2,occasional,target_centric,narrow
junionpect1,17,10,regular,general,moderate
Safe-Heron-195,67,24,regular,general,broad
2colombia4u,126,19,regular,general,broad
Not_Voyeur,14,7,regular,swiss,moderate
Few-Salary-409,1,1,occasional,target_centric,narrow
Complete-Morning4179,23,11,regular,general,broad
thottlieb,4,1,occasional,target_centric,narrow
Pandaaorta,1,1,occasional,target_centric,narrow
Bad-Gloomy,23,10,regular,general,moderate
Unlucky-Increase-732,4,1,occasional,target_centric,narrow
txmxzzx,1,1,occasional,target_centric,narrow
gary_cooper_01,9,1,occasional,target_centric,narrow
VeterinarianTight102,7,1,occasional,target_centric,narrow
Ok_Night3075,45,13,regular,academic,broad
goldfischglas79,8,6,occasional,general,moderate
ilikethelettery,32,14,regular,swiss,broad
procrastomaster,49,15,regular,general,broad
Adorable_Position_34,23,4,regular,target_centric,moderate
abe_girl77,1,1,occasional,target_centric,narrow
walter3white,3,3,occasional,general,narrow
csman86,62,8,regular,general,moderate
daniele_danielo,29,10,regular,academic,moderate
inkognitro90,74,22,regular,general,broad
14372_Ritabrata,22,4,regular,general,moderate
Xentoxus,58,7,regular,target_centric,moderate
Puzzleheaded-Ad-4817,1,1,occasional,target_centric,narrow
andrea,1,1,occasional,target_centric,narrow
Equal_Many_6750,126,24,regular,general,broad
cozy_mike,5,3,occasional,swiss,narrow
bfnflflknn,1,1,occasional,target_centric,narrow
yungSturrr,1,1,occasional,target_centric,narrow
Eastern-Cause-7762,1,1,occasional,target_centric,narrow
This_One_Guy2,344,33,power,general,broad
ApprehensiveInside13,148,63,regular,general,broad
maybeincoherent,4,4,occasional,general,moderate
zieglas258,1,1,occasional,target_centric,narrow
Reactive-Battery,42,15,regular,general,broad
czee96,55,10,regular,general,moderate
ltsaNewDay,307,44,regular,general,broad
PintoCH,3,2,occasional,target_centric,narrow
Drive_on_mulholland,14,1,regular,target_centric,narrow
lelezorm,40,10,regular,general,moderate
GoldenKiwi69,2,2,occasional,target_centric,narrow
OkWaltz4307,1,1,occasional,target_centric,narrow
urgent-lost,182,34,regular,general,broad
michu050696,3,3,occasional,general,narrow
rzaytsev,8,5,occasional,general,moderate
disciples_of_Seitan,43,21,regular,general,broad
Remote_Magician_5448,36,9,regular,general,moderate
Grand_Expert_1278,52,8,regular,general,moderate
cztian1990,1,1,occasional,target_centric,narrow
Stats_are_hard,98,27,regular,general,broad
flammkuch,7,6,occasional,general,moderate
kingb134p,6,3,occasional,swiss,narrow
t0t0zenerd,436,46,power,general,broad
agil7717,2,1,occasional,target_centric,narrow
winstonchurchilloffi,4,2,occasional,target_centric,narrow
Ok-Pattern-9588,12,3,occasional,swiss,narrow
mrahab100,847,62,power,general,broad
k1234567m,1,1,occasional,target_centric,narrow
Cumburucum,2,2,occasional,target_centric,narrow
tobisaurier,13,6,occasional,swiss,moderate
ArmadaLimmat,79,14,regular,swiss,broad
barfbutler,1382,335,power,general,broad
Odd_Instruction_1440,9,3,occasional,general,narrow
Difficult_Bar_3827,4,1,occasional,target_centric,narrow
astkaera_ylhyra,2090,87,power,general,broad
tojig,521,55,power,swiss,broad
Gghg625,10,5,occasional,swiss,moderate
Technical_Spell2870,18,9,regular,general,moderate
Tall-Touch-9964,1,1,occasional,target_centric,narrow
Jaeger-Eren69,89,8,regular,general,moderate
cavallo_impazzito,30,14,regular,swiss,broad
fkb089,284,38,regular,general,broad
ElonMask123,20,12,regular,general,broad
LuoBiDaFaZeWeiDa,476,64,power,general,broad
zacyivk,21,5,regular,general,moderate
Redouantoukani,6,4,occasional,swiss,moderate
Banana_with_benefits,29,13,regular,general,broad
-_-_-_JOKER_-_-_-,10,6,occasional,general,moderate
Dear_Duty_1893,747,110,power,general,broad
Weirdoonline42,5,2,occasional,target_centric,narrow
Boring_Focus_9710,79,16,regular,general,broad
Plastic-Kitchen3689,7,5,occasional,general,moderate
CranberryKindly8432,9,3,occasional,general,narrow
CHKiri,58,19,regular,general,broad
KaleidoscopeApart802,6,3,occasional,general,narrow
Imaginary_Emotion_24,9,3,occasional,general,narrow
yikem_606,2,1,occasional,target_centric,narrow
Poodina,1127,131,power,general,broad
Longjumping-Welder62,184,38,regular,general,broad
No_Radio_9062,2,1,occasional,target_centric,narrow
Dave_1412,9,5,occasional,swiss,moderate
meancream_ow,12,9,occasional,general,moderate
ETHEREVM,251,57,regular,swiss,broad
haverkla,1,1,occasional,target_centric,narrow
RemindMeBot,539313,35845,power,general,broad
FastLegEnte,60,5,regular,general,moderate
Coolmargarita,287,8,regular,swiss,moderate
phystrol,125,32,regular,general,broad
700iholleh,241,36,regular,general,broad
skolemiz,213,12,regular,general,broad
Adventurous_End_8227,108,18,regular,general,broad
Wise-Newspaper7926,1,1,occasional,target_centric,narrow
Alexx_FF,309,50,regular,swiss,broad
okiharaherbst,172,21,regular,swiss,broad
steromez,7,3,occasional,general,narrow
Positive-Crab00,7,4,occasional,general,moderate
NYCooookie,3,3,occasional,swiss,narrow
opopoca,40,16,regular,general,broad
gorkia,2,2,occasional,target_centric,narrow
Wide-Run6554,31,1,regular,target_centric,narrow
Suspicious-Form8724,10,2,occasional,swiss,narrow
chemape876,949,120,power,general,broad
Distorted-Nick,8,3,occasional,swiss,narrow
Shofield41610,1,1,occasional,target_centric,narrow
Ok_Trifle_3863,1,1,occasional,target_centric,narrow
cyao12,92,29,regular,general,broad
Broad-Acanthisitta17,4,1,occasional,target_centric,narrow
NotableSenior,1,1,occasional,target_centric,narrow
CannibalEmpire,61,25,regular,general,broad
Which_Guess_2429,35,17,regular,general,broad
Every_County4301,25,5,regular,general,moderate
CriticismMaximum7993,1,1,occasional,target_centric,narrow
ilovejesus1234,370,32,power,general,broad
aetdotcom,1,1,occasional,target_centric,narrow
Geekwalker374,669,117,power,general,broad
Electronic_Sink26,8,3,occasional,swiss,narrow
Mysterious_Tax_1226,1,1,occasional,target_centric,narrow
Carluskk,13,4,occasional,academic,moderate
rokietrap,3,1,occasional,target_centric,narrow
ShrimpBunny,1,1,occasional,target_centric,narrow
Hot_Cattle8579,607,65,power,general,broad
Bubbletea02,1,1,occasional,target_centric,narrow
evian_water,121,23,regular,general,broad
lookatyou23,2,2,occasional,target_centric,narrow
Ok_Nail7169,3,3,occasional,general,narrow
OldSeries256,20,6,regular,target_centric,moderate
lazy_warlord,99,17,regular,general,broad
zhsrd,6,5,occasional,general,moderate
NaturalAd4151,22,9,regular,academic,moderate
pup_k,4,2,occasional,swiss,narrow
LargeFalcon2675,5,5,occasional,general,moderate
Quixiote,19,7,regular,general,moderate
DreamBussyBoi,75,47,regular,general,broad
HeftyBreakfast1631,367,34,power,general,broad
QuArKzzz01,571,99,power,general,broad
oaschlurch,162,14,regular,swiss,broad
sakuragaoka2001,9,5,occasional,swiss,moderate
No-Fill9172,21,2,regular,general,narrow
Jeffery_113,4,2,occasional,target_centric,narrow
yassin_01_,122,72,regular,general,broad
Empty_Definition4520,1,1,occasional,target_centric,narrow
Careless_Chemist_997,1,1,occasional,target_centric,narrow
Vashym,5,4,occasional,academic,moderate
Puzzleheaded_Sail729,1575,77,power,general,broad
Candid_Atmosphere148,1,1,occasional,target_centric,narrow
mr_fin3man,3,1,occasional,target_centric,narrow
BlessedBladeOfCut,2,1,occasional,target_centric,narrow
Apprehensive_Arm_493,25,6,regular,general,moderate
Confident_Bug_1833,141,19,regular,general,broad
Old_Acanthocephala75,75,25,regular,general,broad
jfolzy,2,2,occasional,target_centric,narrow
Hot_Construction7690,7,4,occasional,general,moderate
Background-Pin3960,733,94,power,general,broad
AskDecent4630,1,1,occasional,target_centric,narrow
BigMountain546,7,2,occasional,target_centric,narrow
OkEconomy9512,6,2,occasional,target_centric,narrow
10nosaure,3,3,occasional,swiss,narrow
boredDODO,405,63,power,general,broad
Left_Studio_7022,16,5,regular,general,moderate
Ok-Head8238,16,7,regular,general,moderate
Droid_CC5,17,3,regular,general,narrow
carb0nyl3,355,75,power,general,broad
Impossible_Union4049,48,17,regular,general,broad
vavavas,1,1,occasional,target_centric,narrow
mygrannyhascancer,99,41,regular,general,broad
NameofMineisThisOne,16,3,regular,swiss,narrow
just_alfa,2,2,occasional,target_centric,narrow
Bitter-Run-6205,14,6,regular,general,moderate
mildm1nd,10,4,occasional,general,moderate
Fearless-Car9206,4,2,occasional,swiss,narrow
Smart_Rooster_9687,92,21,regular,general,broad
MundaneAdeptness4024,15,8,regular,general,moderate
tradbeg,1,1,occasional,target_centric,narrow
taenyfan95,252,32,regular,general,broad
faboo811,6,3,occasional,swiss,narrow
thenakednucleus,350,70,power,general,broad
marin246,3,3,occasional,swiss,narrow
Excellent_Tourist980,503,26,power,swiss,broad
Weird_Internal9607,61,24,regular,general,broad
RipParty6055,43,8,regular,general,moderate
ica94,384,61,power,general,broad
Remarkable-Minute171,33,5,regular,general,moderate
twm2718,11,3,occasional,general,narrow
Intrepid_Map_6540,42,18,regular,general,broad
Gragy_0,98,11,regular,general,broad
Soldann,1,1,occasional,target_centric,narrow
Consistent-Piglet695,7,2,occasional,target_centric,narrow
East-Ad5173,296,58,regular,swiss,broad
Atalantius,381,96,power,general,broad
zambaros,158,53,regular,swiss,broad
5Lick,368,36,power,general,broad
RelevantAgency7979,4,2,occasional,target_centric,narrow
Patient-Winter2719,20,5,regular,academic,moderate
nobblebox,17,9,regular,swiss,moderate
serialkiller03,31,9,regular,general,moderate
Emergency-Month967,98,13,regular,general,broad
Focus-Proof,183,16,regular,general,broad
der-wixer,137,22,regular,general,broad
Fickle-Card-7617,3,1,occasional,target_centric,narrow
Tired_science_gal_61,7,4,occasional,general,moderate
complexJoey,67,23,regular,general,broad
giacomomaggiore,15,4,regular,swiss,moderate
nomadkomo,175,17,regular,general,broad
Viking_Chemist,518,34,power,swiss,broad
Dry-Abbreviations-92,17,7,regular,general,moderate
Lemon-Federal,34,12,regular,general,broad
Different_Scholar548,143,30,regular,swiss,broad
lilordeo,449,49,power,general,broad
MahoneyTree,17,9,regular,general,moderate
fcgjgjdfjdahdjfddg,2,2,occasional,target_centric,narrow
tpauss,14,8,regular,academic,moderate
donutfruit,20,12,regular,general,broad
rather_pass_by,386,33,power,swiss,broad
Happy-Apartment9829,3,2,occasional,swiss,narrow
__D3U5__,18,6,regular,general,moderate
flute-man,22,11,regular,general,broad
_bluelemon,16,3,regular,general,narrow
MajesticCow9622,12,4,occasional,general,moderate
DELTA84N,496,93,power,general,broad
Strong-Usual-6077,2,2,occasional,target_centric,narrow
PartyConnection1,143,29,regular,general,broad
NoLet4988,1,1,occasional,target_centric,narrow
PullyLutry,207,22,regular,swiss,broad
VINX1988,58,19,regular,swiss,broad
Fit_Spot_4679,41,14,regular,general,broad
Substantial-Plate433,28,12,regular,general,broad
lilsosa23,5,3,occasional,general,narrow
FingerPuzzlehead,6,3,occasional,general,narrow
Ok_Effect666,12,5,occasional,general,moderate
LaufenKopf,20,8,regular,general,moderate
Szuchy666,3,3,occasional,general,narrow
equin_x,23,5,regular,academic,moderate
False_Description_43,1,1,occasional,target_centric,narrow
jonah1011,2,2,occasional,target_centric,narrow
Available_Heart5556,78,25,regular,general,broad
maumaumaumaumau,1,1,occasional,target_centric,narrow
Aggravating-Face7375,4,2,occasional,swiss,narrow
Wavernky,46,14,regular,general,broad
Heathergrey_7654,10,7,occasional,general,moderate
MariGabay,9,7,occasional,general,moderate
leraysp3s3,2,1,occasional,target_centric,narrow
Street_Corgi2610,90,18,regular,general,broad
Stev_OL123,2,1,occasional,target_centric,narrow
Menthos_,4,1,occasional,target_centric,narrow
Kongzillaaaa,131,29,regular,general,broad
Cold_Age_535,216,8,regular,general,moderate
MathematicianOne1112,7,4,occasional,general,moderate
Positive_Diamond_300,33,6,regular,swiss,moderate
Key-Clothes1258,64,15,regular,general,broad
architectureNomad,274,32,regular,general,broad
Second_innings,1,1,occasional,target_centric,narrow
Elric_the_seafarer,1260,71,power,general,broad
IndependenceAlert495,3,2,occasional,target_centric,narrow
_HGWXX7,21,8,regular,general,moderate
cwc___13,1,1,occasional,target_centric,narrow
CoocooKitten,294,32,regular,general,broad
Reasonable_Swim3339,18,5,regular,general,moderate
Taikutsu4567,110,15,regular,general,broad
Remarkable_Guitar830,1,1,occasional,target_centric,narrow
Rude-Pressure6256,85,15,regular,general,broad
Ka5cHt3,48,19,regular,general,broad
SoothingRain35,21,10,regular,general,moderate
Tiiimmoo,10,4,occasional,general,moderate
Secure_Cress7206,3,2,occasional,swiss,narrow
AmityRule63,220,54,regular,general,broad
-stab-,72,32,regular,general,broad
Haunting-Bet-2491,39,17,regular,general,broad
HeisHim7,846,57,power,general,broad
Chaingang132,111,26,regular,general,broad
Minute-Watercress-55,2,2,occasional,target_centric,narrow
Chance-Ad3993,90,22,regular,academic,broad
Natural_Guest7978,1,1,occasional,target_centric,narrow
pfyffervonaltishofen,90,27,regular,swiss,broad
FoxLast947,258,41,regular,general,broad
Strong-Depth-4067,4,1,occasional,target_centric,narrow
HeftyIntroduction644,8,7,occasional,general,moderate
harryethzurich,3,2,occasional,target_centric,narrow
Ant_of_Colonies,11,8,occasional,general,moderate
ClimbRunRide,85,25,regular,general,broad
usualSputnik,4,2,occasional,target_centric,narrow
Efficient_Algae_4057,161,52,regular,general,broad
Substantial-Concern7,2,2,occasional,target_centric,narrow
raulo1998,56,23,regular,general,broad
gangster4-ever09,4,2,occasional,general,narrow
Hesiodix,567,43,power,general,broad
ZookeepergameBig7491,319,130,regular,general,broad
Hurbig,63,31,regular,general,broad
Several-Programmer68,10,4,occasional,target_centric,moderate
dianam1n,1,1,occasional,target_centric,narrow
cucurbitaecaputX,2,1,occasional,target_centric,narrow
Lazy-Unit-2281,12,6,occasional,general,moderate
ObscureOmen,12,6,occasional,swiss,moderate
Pixelheini,10,2,occasional,target_centric,narrow
Haldenbach,177,60,regular,general,broad
trip_tripp,18,8,regular,general,moderate
Xx_SHINJINN_LP_HD_xX,139,28,regular,general,broad
kisa-male,27,17,regular,general,broad
Due-Giraffe-5478,13,1,occasional,target_centric,narrow
deathcoder727,228,54,regular,general,broad
kitten_twinkletoes,544,92,power,general,broad
imkarthikeyans,1,1,occasional,target_centric,narrow
JustPatience8936,7,1,occasional,target_centric,narrow
Money-Total,108,13,regular,general,broad
Gfuelmaster64,1,1,occasional,target_centric,narrow
Ausverkauf,392,21,power,swiss,broad
lilla_00,4,1,occasional,target_centric,narrow
andreaaazo,58,10,regular,general,moderate
New-Interest-8020,39,14,regular,academic,broad
Efficient_Pack2008,1,1,occasional,target_centric,narrow
htcu11,4,4,occasional,general,moderate
ceesqo,4,3,occasional,target_centric,narrow
-mr_meeseeks--,2,1,occasional,target_centric,narrow
DRay6t,34,19,regular,general,broad
bobbyfischerchic,502,20,power,general,broad
Top_Budget_9947,28,9,regular,swiss,moderate
Emeth839,2,2,occasional,target_centric,narrow
antCABBAG3,174,27,regular,swiss,broad
ProfessionalSmoker69,66,21,regular,general,broad
Fresh-Mine6908,2,1,occasional,target_centric,narrow
SeveralConcert,2173,65,power,general,broad
Buzz_Cut,31,15,regular,general,broad
YoghurtCompetitive10,7,4,occasional,general,moderate
Old_Opening9822,3,3,occasional,swiss,narrow
AdeptnessLatter78,44,13,regular,general,broad
HeatEffective1698,6,6,occasional,general,moderate
Thebosonsword,784,63,power,swiss,broad
TS925,1,1,occasional,target_centric,narrow
nilguvenal,6,2,occasional,target_centric,narrow
Aite13,116,36,regular,general,broad
Slimmanoman,602,75,power,general,broad
Nomenbeb,41,11,regular,general,broad
bbalazs721,428,45,power,general,broad
Arushh42,33,7,regular,general,moderate
elegant-yapper,1,1,occasional,target_centric,narrow
terraformerre,15,7,regular,general,moderate
InsidePrinciple9355,11,1,occasional,target_centric,narrow
Tony0695,538,61,power,general,broad
Remarkable_Garden477,2,2,occasional,target_centric,narrow
kamsariii,6,4,occasional,general,moderate
VegetableSea7044,247,29,regular,swiss,broad
Queasy-Sundae-1201,5,2,occasional,target_centric,narrow
FlatwormNo3465,44,27,regular,general,broad
Few-Vegetable-3814,4,2,occasional,general,narrow
Cryanek,38,16,regular,general,broad
DarioSidd,12,9,occasional,general,moderate
EarlyArcher2584,26,12,regular,general,broad
dgarcia_eu,12,5,occasional,general,moderate
Kaylculus,42,19,regular,general,broad
Met4physics,1,1,occasional,target_centric,narrow
melancholy_mountain,2,1,occasional,target_centric,narrow
matu1234567,22,11,regular,general,broad
GreazyNoze,1,1,occasional,target_centric,narrow
VonDueCH,318,9,regular,swiss,moderate
LSB06,48,11,regular,swiss,broad
Any-Patient5051,925,46,power,general,broad
Sekatorxd,4,2,occasional,target_centric,narrow
Glum_Commission358,51,18,regular,swiss,broad
cipri_tom,590,56,power,swiss,broad
Recent-Special-109,17,2,regular,target_centric,narrow
bluedude42,2,2,occasional,target_centric,narrow
Gismoogames,7,1,occasional,target_centric,narrow
presentssmoochies,11,11,occasional,general,broad
SwissNationalist48,187,21,regular,general,broad
PussyOnDaChainwax-,224,49,regular,general,broad
CattleParticular7482,4,1,occasional,target_centric,narrow
ColdDense3901,1,1,occasional,target_centric,narrow
pV-ZnRT,26,10,regular,swiss,moderate
Hrafnafloki,7,3,occasional,general,narrow
Complex-Water-3876,4,2,occasional,target_centric,narrow
desperatelamp74,174,52,regular,general,broad
Reasonable_Sundae333,20,2,regular,general,narrow
TheAthleticDiabetic,31,16,regular,general,broad
Affectionate_Bid5941,2,1,occasional,target_centric,narrow
Vanessa1502,3,2,occasional,target_centric,narrow
TrofimS,39,23,regular,general,broad
Klutzy_dreams,1,1,occasional,target_centric,narrow
NRGNTRO,8,5,occasional,general,moderate
Witty-Tie4172,85,24,regular,general,broad
CarpinchoNautico,1,1,occasional,target_centric,narrow
Creative-Fig-1499,5,3,occasional,general,narrow
wolfstettler,66,13,regular,swiss,broad
Odd_Bridge_1863,256,45,regular,general,broad
1ksassa,1280,147,power,general,broad
cablecar1024,5,1,occasional,target_centric,narrow
Quirky-spaghet,3,2,occasional,swiss,narrow
itsleis,24,12,regular,swiss,broad
Efficient-Dust-1330,5,1,occasional,target_centric,narrow
Upstairs_Occasion_86,3,1,occasional,target_centric,narrow
McLovin_reformed,36,11,regular,general,broad
Sweet-Rutabaga-2606,82,19,regular,general,broad
EmongLusk,116,31,regular,general,broad
Admirable_Towel8693,7,4,occasional,target_centric,moderate
Mhaupt23,22,3,regular,swiss,narrow
kr_store,20,11,regular,general,broad
asdfmoon2012,182,9,regular,general,moderate
lukebeckcg,20,4,regular,general,moderate
ligregni,261,42,regular,general,broad
Goldesel97,20,9,regular,general,moderate
lobstaAr,13,4,occasional,target_centric,moderate
dreameroutloud,3,3,occasional,academic,narrow
PinsAndGambits,96,6,regular,general,moderate
Reasonable_Road5842,15,8,regular,academic,moderate
Content-Afternoon996,1,1,occasional,target_centric,narrow
Trick_Horse_13,488,81,power,general,broad
Primary_Drive_3359,264,77,regular,general,broad
therage_,9,4,occasional,swiss,moderate
ConfidentRepair6744,1,1,occasional,target_centric,narrow
JurgenEins,102,12,regular,general,broad
nicobonacorsi,5,5,occasional,general,moderate
No-Heat517,31,10,regular,general,moderate
a2biR,15,6,regular,swiss,moderate
LeonardoS2,54,14,regular,general,broad
More_Wave6548,20,2,regular,target_centric,narrow
J3TTpt,7,4,occasional,academic,moderate
ka2753,123,20,regular,general,broad
Vemba13,1,1,occasional,target_centric,narrow
Disco-Snail,1,1,occasional,target_centric,narrow
Nck____a,4,2,occasional,target_centric,narrow
lucas_critique,9,3,occasional,target_centric,narrow
Elegant_Salt8138,34,6,regular,general,moderate
OfficialOnix,102,25,regular,general,broad
ChezDudu,1444,46,power,swiss,broad
Comfortable_Ad742,2,2,occasional,target_centric,narrow
Albi_Sup,9,4,occasional,general,moderate
TheGraphicsFrog,14,2,regular,general,narrow
HuustxD,33,13,regular,swiss,broad
Prestigious_Aerie824,3,1,occasional,target_centric,narrow
friendslikeapplepies,6,4,occasional,general,moderate
Basic_Afternoon_7241,6,2,occasional,target_centric,narrow
Marsbars_xxxxxxxxx,128,12,regular,general,broad
Desperate_Sign_1286,1,1,occasional,target_centric,narrow
AlternativeSalary145,1,1,occasional,target_centric,narrow
AntiqueLifeguard5696,8,2,occasional,general,narrow
holzbei,2,1,occasional,target_centric,narrow
Few_Mulberry_8254,26,5,regular,swiss,moderate
Distinct_Maximum3028,28,13,regular,general,broad
Extreme-Stress5545,5,1,occasional,target_centric,narrow
Pb_Plumbum,2,2,occasional,target_centric,narrow
Internal_Mark_5163,2,1,occasional,target_centric,narrow
AirSubstantial1376,16,8,regular,general,moderate
the-medium-cheese,318,130,regular,general,broad
markus_b,541,54,power,general,broad
Zymonick,153,30,regular,general,broad
HolidayOptimal,193,39,regular,swiss,broad
MOCingbird,1362,223,power,general,broad
__laeri,4,3,occasional,general,narrow
turtulin,7,2,occasional,general,narrow
xLexip,55,13,regular,general,broad
Crazy-Fly-9464,76,20,regular,target_centric,broad
Asparagasin,1,1,occasional,target_centric,narrow
ComeToTheDark_,15,5,regular,general,moderate
MyEternalName,1,1,occasional,target_centric,narrow
nicpssd,974,99,power,general,broad
Federal_Bet_7275,1,1,occasional,target_centric,narrow
Narrow-Funny-1741,54,6,regular,general,moderate
radioactivegoddes,22,7,regular,general,moderate
Seni_draws,165,38,regular,general,broad
bkb07,4,2,occasional,target_centric,narrow
Mckax1942,15,7,regular,swiss,moderate
GUniThe,2,2,occasional,target_centric,narrow
lisf666,229,37,regular,general,broad
EngineerNo2650,674,82,power,general,broad
cmnemeth,38,18,regular,general,broad
fruppster,10,5,occasional,target_centric,moderate
Ok_Addendum6295,5,4,occasional,general,moderate
Intelligent-Put1607,301,28,regular,general,broad
krokoloco,14,6,regular,general,moderate
i_would_say_so,1642,56,power,general,broad
durandal,89,18,regular,general,broad
astromonkey5000,1,1,occasional,target_centric,narrow
Downtown_Tip_5279,2,1,occasional,target_centric,narrow
kephyrion,223,73,regular,general,broad
martinbk5,45,19,regular,swiss,broad
zirande,20,10,regular,general,moderate
randelung,386,92,power,general,broad
Unconv_mob_24,214,56,regular,general,broad
HealthScienceClub,2,2,occasional,target_centric,narrow
Catchetan,1,1,occasional,target_centric,narrow
rd211x,17,7,regular,general,moderate
shaquilleoatmeal477,26,4,regular,general,moderate
irago_,2089,169,power,general,broad
IndependentStable952,5,1,occasional,target_centric,narrow
wylde_d7,116,18,regular,general,broad
moldersmut,35,9,regular,swiss,moderate
BackgroundLow1438,23,5,regular,swiss,moderate
Responsible_Pin_3387,1,1,occasional,target_centric,narrow
External_Welcome_225,12,6,occasional,swiss,moderate
PuzzleWalrus,1,1,occasional,target_centric,narrow
SammyWo,32,9,regular,swiss,moderate
SnooObjections6532,4,2,occasional,swiss,narrow
Altruistic-Buy-3458,4,4,occasional,general,moderate
Cute_Mind9649,1,1,occasional,target_centric,narrow
fast_zh,102,11,regular,general,broad
antonio_alberti,1,1,occasional,target_centric,narrow
Gooodest,17,4,regular,general,moderate
iris_flower_girl,2,1,occasional,target_centric,narrow
neurophotoblast,161,31,regular,general,broad
Available-Bus-9562,3,3,occasional,swiss,narrow
Cute-Amount2160,1,1,occasional,target_centric,narrow
Imaginary_Paper9578,239,15,regular,general,broad
leo33_,1,1,occasional,target_centric,narrow
impulserave,8,4,occasional,target_centric,moderate
kyurigang,53,15,regular,general,broad
por135,12,10,occasional,general,moderate
frankthornewell,2,2,occasional,target_centric,narrow
KekkoMV,122,15,regular,general,broad
DearLeek1822,13,7,occasional,general,moderate
amigdala21,550,122,power,general,broad
inedijx,4,2,occasional,general,narrow
Comfortable_Leek3617,261,31,regular,general,broad
Substantial_Mud7026,221,61,regular,general,broad
konsuli7,9,5,occasional,swiss,moderate
Cybx,4,3,occasional,target_centric,narrow
Acanthiisitta21,33,7,regular,general,moderate
caexial,5,3,occasional,general,narrow
Honest-Cow1411,5,3,occasional,general,narrow
Turbulent_Koala8281,1,1,occasional,target_centric,narrow
Complete-Budget-9512,35,5,regular,general,moderate
Top_Technician7675,51,10,regular,general,moderate
Original-Ad-3674,40,15,regular,general,broad
Own-Fee-4752,53,6,regular,general,moderate
LeadingAd7963,506,47,power,swiss,broad
FriedrichQuecksilber,38,18,regular,general,broad
Hariueli69,4,2,occasional,target_centric,narrow
Ok-Campaign894,2,1,occasional,target_centric,narrow
Potential_Candle20,1,1,occasional,target_centric,narrow
WonderProud8512,7,4,occasional,general,moderate
Suspicious-Ask-7231,18,2,regular,target_centric,narrow
Artistic_Frosting864,9,1,occasional,target_centric,narrow
Saegmers,29,6,regular,swiss,moderate
Lonely-Message-8767,5,1,occasional,target_centric,narrow
ExtremeCat6613,347,26,power,general,broad
Saturn2777,3,2,occasional,target_centric,narrow
zue2000,1,1,occasional,target_centric,narrow
InterestEmpty6876,7,2,occasional,target_centric,narrow
Popular-Use9857,1,1,occasional,target_centric,narrow
SelectionWrong2180,2,1,occasional,target_centric,narrow
Arykku,1,1,occasional,target_centric,narrow
gloriad00,25,6,regular,general,moderate
nieggou,1,1,occasional,target_centric,narrow
LionLu6,15,3,regular,general,narrow
timee_bot,18816,6055,power,general,broad
ThrowRaTranslator,9,2,occasional,general,narrow
crimson4snow,1,1,occasional,target_centric,narrow
isam2k,2,2,occasional,target_centric,narrow
RelativeMortgage8690,7,3,occasional,target_centric,narrow
Signal_Egg_5360,59,4,regular,target_centric,moderate
ReactionOk3609,112,28,regular,swiss,broad
BoAnZu,26,17,regular,general,broad
cmdPixel,31,18,regular,swiss,broad
CartographerOpen9107,2,1,occasional,target_centric,narrow
Kc_bu_eze,18,4,regular,general,moderate
Born-Fan-9628,2,2,occasional,target_centric,narrow
StEvUgnIn,322,65,regular,general,broad
zpiman,1,1,occasional,target_centric,narrow
natirniger,1,1,occasional,target_centric,narrow
Aggressive_Life3654,3,3,occasional,general,narrow
_simu_,3,2,occasional,target_centric,narrow
Yinggggg_,6,3,occasional,general,narrow
PlaneStrawberry6640,722,110,power,general,broad
Any-Objective-7255,3,3,occasional,general,narrow
kermittheelfo,337,35,power,general,broad
centrevia,2,2,occasional,target_centric,narrow
Dear_Helicopter_4006,67,6,regular,general,moderate
gehp150,1,1,occasional,target_centric,narrow
Jolly_Cow1006,9,6,occasional,general,moderate
majimearun,15,6,regular,general,moderate
thatzodiackiller,9,5,occasional,general,moderate
lspkiller,1,1,occasional,target_centric,narrow
kidastray,5,3,occasional,general,narrow
Altruistic_Bother321,3,1,occasional,target_centric,narrow
Inevitable_Finish941,12,4,occasional,general,moderate
Any-Fox-4048,1,1,occasional,target_centric,narrow
ppvrysoft,3,1,occasional,target_centric,narrow
Ultimate260,9,7,occasional,general,moderate
Aiyimitzweii,16,4,regular,target_centric,moderate
Any_Butterscotch_421,1,1,occasional,target_centric,narrow
bacan2,4,3,occasional,general,narrow
rosscargome,1,1,occasional,target_centric,narrow
SerRacelot,3,3,occasional,general,narrow
TheMehGamer,50,19,regular,general,broad
Nicolas_YN,1,1,occasional,target_centric,narrow
Sleien,13,9,occasional,general,moderate
Acceptable-Smoke-488,2,1,occasional,target_centric,narrow
keskec,11,6,occasional,general,moderate
Icy_Link_151,4,1,occasional,target_centric,narrow
markojoke,76,16,regular,swiss,broad
depressedandpsycho,22,9,regular,general,moderate
aerialbubble,146,17,regular,general,broad
YOLollok,1,1,occasional,target_centric,narrow
jpeg11111010001,11,4,occasional,general,moderate
geniusdeath,906,106,power,general,broad
East_Finance2203,10,2,occasional,target_centric,narrow
CapitalAd5339,442,133,power,general,broad
Huge-Literature-5978,3,2,occasional,target_centric,narrow
HotDogQaz,47,8,regular,general,moderate
Fluid_Push8632,1,1,occasional,target_centric,narrow
11undsiebzig,27,6,regular,target_centric,moderate
Strivingformoretoday,605,72,power,general,broad
DefKatsuki,20,10,regular,general,moderate
Adorable_Bottle8557,11,6,occasional,academic,moderate
lswans,36,13,regular,general,broad
R0R5C84C8,1,1,occasional,target_centric,narrow
rlyehiangabriel,22,5,regular,target_centric,moderate
bl0mb0r,34,9,regular,general,moderate
hitemth,16,4,regular,general,moderate
NoTruck242,1,1,occasional,target_centric,narrow
PuzzleheadedWind5806,12,3,occasional,target_centric,narrow
Individual_Hippo6465,1,1,occasional,target_centric,narrow
mekkim,14,8,regular,general,moderate
akshith_rao1623,78,15,regular,general,broad
Intelligent-Dot-4926,22,7,regular,target_centric,moderate
Upset_Quiet_8907,94,15,regular,swiss,broad
Due-Butterfly-5790,163,30,regular,general,broad
Educational-Bite3961,21,4,regular,target_centric,moderate
stamcro,21,1,regular,target_centric,narrow
LaCasaDeiGatti,219,35,regular,general,broad
bonnet666,5,5,occasional,general,moderate
emoceanally,9,4,occasional,target_centric,moderate
Other-Smile600,136,27,regular,general,broad
luvsemih,42,18,regular,general,broad
Waste-Rope-9724,1055,103,power,general,broad
Here0s0Johnny,430,38,power,general,broad
goremagalafan,204,54,regular,general,broad
Double-Cardiologist8,8,4,occasional,general,moderate
Best_Toster,178,55,regular,general,broad
Bozza36,93,31,regular,general,broad
DudeFromMiami,252,24,regular,swiss,broad
Frosty-Ganache-6334,2,1,occasional,target_centric,narrow
Brave_Negotiation_63,994,100,power,general,broad
Sufficient-History71,1465,31,power,swiss,broad
ShepherdDesign,19,10,regular,general,moderate
ScratchAccurate7044,2,2,occasional,target_centric,narrow
Eu8bckAr1,59,16,regular,general,broad
ForestAppAddict,3,3,occasional,general,narrow
bawbaw1,130,38,regular,general,broad
SnooSprouts9384,34,7,regular,general,moderate
trembel12,23,6,regular,academic,moderate
stemcellrevolution,1,1,occasional,target_centric,narrow
Final-Share1176,1,1,occasional,target_centric,narrow
doppio280,611,42,power,general,broad
Black1451,449,76,power,general,broad
University_Routine,6,4,occasional,swiss,moderate
bluelight_dogmatix,12,5,occasional,target_centric,moderate
halzhang,3,3,occasional,general,narrow
Loner_Cat,219,33,regular,general,broad
GermanGodfather,8,6,occasional,general,moderate
Vast-Signature-8138,59,13,regular,academic,broad
Sree03,1,1,occasional,target_centric,narrow
Necessary_One_2590,21,13,regular,general,broad
elber3th,79,21,regular,general,broad
Fit-Tumbleweed635,1,1,occasional,target_centric,narrow
redditboy117,183,65,regular,general,broad
royastudio,1,1,occasional,target_centric,narrow
Ill-Split-672,45,14,regular,swiss,broad
Glad-Jury-6742,1,1,occasional,target_centric,narrow
AstronomerLevel325,2,1,occasional,target_centric,narrow
Huge-Neighborhood675,12,3,occasional,general,narrow
Gabimariza,180,32,regular,general,broad
ButtYKnot,284,61,regular,general,broad
Grapefruitlover19,25,9,regular,general,moderate
AppropriateDoctor725,2,2,occasional,target_centric,narrow
Independent_Syrup333,6,1,occasional,target_centric,narrow
Otherwise-East-990,11,4,occasional,general,moderate
No_Passion9960,3,3,occasional,general,narrow
Far_Education4528,21,2,regular,general,narrow
Final_Gift8813,17,10,regular,general,moderate
Globalbeauty,142,40,regular,general,broad
creative_empathy,1,1,occasional,target_centric,narrow
hakim_ziane,1,1,occasional,target_centric,narrow
fjxif,2,2,occasional,target_centric,narrow
Turbulent-Freedom325,1,1,occasional,target_centric,narrow
Public-Standard7684,1,1,occasional,target_centric,narrow
Henry-T-01,12,5,occasional,target_centric,moderate
AdUnfair2134,1,1,occasional,target_centric,narrow
PhotojournalistNew45,1,1,occasional,target_centric,narrow
clickchem,18,10,regular,general,moderate
thbaloo,2,2,occasional,target_centric,narrow
CallExner,14,7,regular,target_centric,moderate
Lexi_lys,2,2,occasional,target_centric,narrow
Whole_Bad_3819,5,2,occasional,swiss,narrow
Privatewanker,114,20,regular,swiss,broad
Informal_Welcome97,13,2,occasional,swiss,narrow
highlevel_fucko,93,48,regular,general,broad
MommySlayer699,57,8,regular,general,moderate
Existing-Escape6320,7,4,occasional,target_centric,moderate
YCV17,6,2,occasional,target_centric,narrow
Jaded-Attempt4739,24,7,regular,general,moderate
sankleta,22,4,regular,swiss,moderate
Sesquilinear,5,2,occasional,target_centric,narrow
Brpro16,15,10,regular,general,moderate
Doughnut_Potato,164,31,regular,general,broad
moripaa,131,16,regular,general,broad
Current-Baseball193,34,5,regular,target_centric,moderate
ahmetfirat,294,73,regular,general,broad
Born_Swiss,433,45,power,general,broad
genoche63,2,1,occasional,target_centric,narrow
gerrad830,1,1,occasional,target_centric,narrow
Aggressive_Ad_600,5,1,occasional,target_centric,narrow
Adv-rewi-8806,1,1,occasional,target_centric,narrow
Hidden_user2000,33,4,regular,general,moderate
SpiritArchitect12,56,8,regular,general,moderate
throwawayacc42424242,14,3,regular,target_centric,narrow
Process0331,2,2,occasional,target_centric,narrow
TheCoffeeNB,209,25,regular,general,broad
d_rassem,3,1,occasional,target_centric,narrow
--Ano--,639,85,power,swiss,broad
laura8m,3,2,occasional,target_centric,narrow
Time-Tension-4891,1,1,occasional,target_centric,narrow
Lasermuffel,13,4,occasional,academic,moderate
Odd_Permission8373,498,82,power,general,broad
Diligent-Floor-156,422,58,power,swiss,broad
ak_karuna,17,7,regular,general,moderate
Kakashiiiy,231,19,regular,general,broad
Educational_Tooth560,35,17,regular,general,broad
MuffinKingStudios,180,45,regular,general,broad
Marchel1234,74,21,regular,general,broad
CriticalComfortable,39,16,regular,general,broad
rillaboom3,155,24,regular,swiss,broad
strugglin4adoctorat,63,14,regular,academic,broad
bbboooooobbbssss,1,1,occasional,target_centric,narrow
SellSideShort,711,143,power,general,broad
taurjr,6,4,occasional,swiss,moderate
cookiemonster671939,13,3,occasional,academic,narrow
Mysterious_Lab_9043,629,52,power,general,broad
Clean-Wolverine-1337,56,20,regular,swiss,broad
Manvav,32,8,regular,general,moderate
NecessaryAd5562,94,15,regular,general,broad
CreativeAd996,1,1,occasional,target_centric,narrow
Beautiful_Spare_6489,3,2,occasional,target_centric,narrow
ExplanationEnough295,61,16,regular,swiss,broad
unsuspiciousprofile,290,44,regular,general,broad
Dungeness-Crab,7,3,occasional,general,narrow
PrestigiousCamp5169,28,8,regular,swiss,moderate
Cortana_CH,445,68,power,general,broad
sudo_rm-r-f,8,5,occasional,target_centric,moderate
Stefaniie0612,2,2,occasional,target_centric,narrow
Own_Reference6631,2,1,occasional,target_centric,narrow
Free_Needleworker532,1548,103,power,general,broad
RareswanX,45,20,regular,swiss,broad
CornelioPandolf,9,5,occasional,general,moderate
Front_Discussion_343,49,11,regular,swiss,broad
Nag_143,32,9,regular,general,moderate
IpJ_exe,4,2,occasional,general,narrow
One-Log1938,1,1,occasional,target_centric,narrow
z3iah,17,8,regular,general,moderate
VisibleWindow505,1,1,occasional,target_centric,narrow
Alert-Fill2998,4,3,occasional,target_centric,narrow
latyrus,2,1,occasional,target_centric,narrow
kindermd,4,2,occasional,target_centric,narrow
EtherealEquations,41,9,regular,general,moderate
_conspicuous_avocado,27,2,regular,target_centric,narrow
MUCU-,56,12,regular,general,broad
LeJanbandhu,28,16,regular,general,broad
Ancient-Athlete106,2,2,occasional,target_centric,narrow
WiseSpread4435,115,21,regular,swiss,broad
elpapac,9,9,occasional,general,moderate
Blossoms_Enchant-18,26,2,regular,target_centric,narrow
AnonC951,19,4,regular,general,moderate
BrunoNasciemento123,2,2,occasional,target_centric,narrow
safflower23,13,8,occasional,swiss,moderate
Quantum-Scribe1011,31,4,regular,swiss,moderate
Aggressive-Movie8109,1,1,occasional,target_centric,narrow
xplosivexpert,4,3,occasional,general,narrow
Traumbaguette2,316,24,regular,general,broad
Informal-Criticism77,1,1,occasional,target_centric,narrow
MoreLingonberry8630,11,3,occasional,target_centric,narrow
ListenWhich1775,61,19,regular,swiss,broad
Youshoudntlookthere,13,5,occasional,general,moderate
Background-Run8812,1,1,occasional,target_centric,narrow
numericalclerk,1809,91,power,general,broad
confirmation_please,4,2,occasional,target_centric,narrow
restzoe,5,5,occasional,general,moderate
Kahzu0,82,44,regular,general,broad
Far-Communication886,886,137,power,general,broad
dayanadaway,10,6,occasional,swiss,moderate
getMewRONGg,251,34,regular,general,broad
jkflying,606,54,power,general,broad
-chinoiserie,180,55,regular,general,broad
xcxzero,13,8,occasional,general,moderate
Full-Wonder8906,83,7,regular,general,moderate
dheeman_roy,147,42,regular,academic,broad
Representative-Tea57,372,29,power,swiss,broad
No_bitches_but_f1fan,24,6,regular,general,moderate
buythedamndip,1,1,occasional,target_centric,narrow
VanDerRohesome,5,5,occasional,general,moderate
justimperator,98,4,regular,general,moderate
cyk_cky,2,2,occasional,target_centric,narrow
UsualPhysics8462,14,10,regular,swiss,moderate
Hopeful-dopeful,22,3,regular,general,narrow
Ok-Hospital7142,1,1,occasional,target_centric,narrow
Individual-Potato-44,41,8,regular,general,moderate
Dangerous_Arm887,26,8,regular,target_centric,moderate
Embarrassed-End-9685,1,1,occasional,target_centric,narrow
radfemagogo,137,18,regular,general,broad
Wayne-420,265,25,regular,general,broad
Virtual-Hold5099,33,9,regular,general,moderate
BenefitNew867,2,2,occasional,target_centric,narrow
recklessproceeding,162,26,regular,general,broad
Patient-Breakfast310,221,36,regular,general,broad
Old-Membership7415,9,2,occasional,target_centric,narrow
Odd-Dog-4038,1,1,occasional,target_centric,narrow
dogancemd,23,6,regular,general,moderate
AndromedaStrange369,17,8,regular,general,moderate
BlueNanny,48,12,regular,swiss,broad
StarfireSoSo,1,1,occasional,target_centric,narrow
Comfortable-Bee-7912,1,1,occasional,target_centric,narrow
ForeignUniStudent,25,7,regular,general,moderate
TaskUnlikely99,19,6,regular,target_centric,moderate
CakeYesMang,2,1,occasional,target_centric,narrow
NoFlounder5177,99,31,regular,general,broad
underthebanyantree,11,6,occasional,swiss,moderate
Glittering_Map1710,1350,105,power,general,broad
Eddos3,4,2,occasional,target_centric,narrow
Unusual-Hippo1,33,7,regular,swiss,moderate
tawayforsadvice,57,19,regular,general,broad
Hairy_Notice1469,2,1,occasional,target_centric,narrow
Small_Table_7083,7,1,occasional,target_centric,narrow
These-Machine-253,11,5,occasional,general,moderate
SatisfactionMany5171,80,20,regular,general,broad
Illustrious-Mail-130,3,1,occasional,target_centric,narrow
user07711229999,4,1,occasional,target_centric,narrow
pingpongtiddly,4,4,occasional,general,moderate
Familiar-Ad301,13,7,occasional,general,moderate
MonkeyIslandWizzard1,52,18,regular,general,broad
BigGirafe49,1,1,occasional,target_centric,narrow
ExtensionDowntown177,83,36,regular,general,broad
OhMySBI,77,28,regular,general,broad
mr5400,5,2,occasional,target_centric,narrow
qwer_24,1,1,occasional,target_centric,narrow
LordScantron,6,1,occasional,target_centric,narrow
Murtaza_Nomani,19,5,regular,target_centric,moderate
Euphoric_Bite_759,4,1,occasional,target_centric,narrow
Saonimay,4,2,occasional,target_centric,narrow
user365710,18,5,regular,general,moderate
Horror_Job_566,102,29,regular,general,broad
Ok-Painter573,808,133,power,general,broad
ConfusionNo4339,397,72,power,general,broad
_levin_1,9,2,occasional,target_centric,narrow
spooky_strawberri04,49,49,regular,general,broad
Pinoletto,11,6,occasional,general,moderate
nikolastefan,121,38,regular,general,broad
RemarkableBed92,8,3,occasional,target_centric,narrow
PsychologyEast7457,122,21,regular,general,broad
Sufficient-Treat-846,457,111,power,general,broad
Savings-Height3404,1,1,occasional,target_centric,narrow
mixmax0M,1,1,occasional,target_centric,narrow
Different_Half_9990,7,5,occasional,general,moderate
Zuriquois,94,50,regular,general,broad
PeteZahad,730,45,power,swiss,broad
blabla63blabla,1,1,occasional,target_centric,narrow
breakthealpha,9,2,occasional,general,narrow
Fl0oW,260,61,regular,general,broad
Upper_Poem_3237,513,99,power,general,broad
EmuMundane8470,1,1,occasional,target_centric,narrow
simplyyAL,668,148,power,general,broad
Accomplished-Gap5099,1,1,occasional,target_centric,narrow
Better_Carrot9353,3,2,occasional,target_centric,narrow
GarlicThread,2924,318,power,general,broad
LlllDorisiuuuu,3,1,occasional,target_centric,narrow
OpportunityEastern16,4,1,occasional,target_centric,narrow
Purple-Round472,3,1,occasional,target_centric,narrow
pebble_co,3,3,occasional,general,narrow
Sufficient-Stay-7358,421,59,power,general,broad
7o5aN0,267,63,regular,general,broad
Beduines123,20,4,regular,target_centric,moderate
Temporary-Contest-20,297,73,regular,general,broad
StationSad1229,6,2,occasional,general,narrow
Weak_Tone8326,5,2,occasional,general,narrow
davethehacker,4,3,occasional,target_centric,narrow
iRobi8,3169,259,power,general,broad
siorge,272,60,regular,general,broad
BeOSu,7,5,occasional,general,moderate
FCCheIsea,344,33,power,general,broad
keplerian01,10,6,occasional,general,moderate
gil0999,28,13,regular,general,broad
paradisesadness,2451,186,power,general,broad
Adorable_Arugula_499,89,31,regular,general,broad
Icy-Piglet-2536,858,92,power,general,broad
No-Faithlessness7246,196,18,regular,general,broad
tamantiga,7,7,occasional,general,moderate
ManaNeko,436,37,power,general,broad
Aurora_Black_,1,1,occasional,target_centric,narrow
Classic_Mousse7941,2,1,occasional,target_centric,narrow
EducationalAppDev,2,2,occasional,target_centric,narrow
Financial_Camp517,171,12,regular,swiss,broad
Varun5621,827,72,power,general,broad
y0xi,48,6,regular,general,moderate
MasterYoda0207,7,3,occasional,target_centric,narrow
PresentationHot7059,950,90,power,general,broad
123photography,236,59,regular,general,broad
That-Secret5932,38,1,regular,target_centric,narrow
Ploviee,10,5,occasional,general,moderate
Otherwise_Internet71,1389,145,power,general,broad
Much-Acanthaceae3312,23,6,regular,general,moderate
New_Highway_2898,652,151,power,general,broad
bogdanTNT,110,25,regular,general,broad
sexy_ricardo,1,1,occasional,target_centric,narrow
black_knight87,108,2,regular,general,narrow
diocane04,5,4,occasional,general,moderate
MattSymetry,18,6,regular,general,moderate
pointermess,209,43,regular,general,broad
les-alpes,18,5,regular,general,moderate
Vdog1206,4,4,occasional,general,moderate
LifeBus2707,47,13,regular,general,broad
Sorkeners,3,1,occasional,target_centric,narrow
Additional-Eye-1413,5,4,occasional,general,moderate
beyhai,5,3,occasional,general,narrow
Forward-Feed-1759,3,2,occasional,target_centric,narrow
meppel,90,29,regular,general,broad
Ill-Perspective-7190,50,12,regular,swiss,broad
Necessary_Ant_9505,2,1,occasional,target_centric,narrow
Glad_Department_9318,10,2,occasional,target_centric,narrow
fortniteprooooooooo,1,1,occasional,target_centric,narrow
BrekfestLanchDenner,10,9,occasional,general,moderate
MediocreNickname,233,63,regular,general,broad
mymathsucksbigtime,205,28,regular,swiss,broad
KalekTheDalek,4,3,occasional,academic,narrow
ComprehensiveAnt3054,6,2,occasional,target_centric,narrow
Dry-Huckleberry-3979,3,2,occasional,general,narrow
Forsaken_Scientist67,1,1,occasional,target_centric,narrow
SnooPies7301,17,5,regular,academic,moderate
Flippperboy,15,7,regular,swiss,moderate
Michaelson57,20,10,regular,general,moderate
Diddleydope,2,1,occasional,target_centric,narrow
TheLaylinette,1,1,occasional,target_centric,narrow
cjncbhxx,2,2,occasional,target_centric,narrow
nalliable,521,62,power,general,broad
pussydestroyer42069l,144,27,regular,general,broad
GowthamR10,19,7,regular,target_centric,moderate
Okabee_Rintaro,2,1,occasional,target_centric,narrow
pleda_,205,57,regular,general,broad
cirehw,14,5,regular,general,moderate
AnarchyKing50192,40,15,regular,general,broad
Outrageous-Power-562,6,1,occasional,target_centric,narrow
Festus-Potter,893,156,power,general,broad
Deathfighter2017,17,5,regular,general,moderate
megamaracuja,20,5,regular,swiss,moderate
chandaliergalaxy,1650,203,power,academic,broad
MessageBeneficial790,7,4,occasional,general,moderate
Puzzleheaded-Law34,407,31,power,general,broad
frankybasel,4,4,occasional,general,moderate
Normal-Thanks5055,1,1,occasional,target_centric,narrow
SufficientSpare9499,1,1,occasional,target_centric,narrow
envo_logicist,2,2,occasional,target_centric,narrow
TankiniLx,390,42,power,general,broad
Beginning_Vast_4780,39,11,regular,general,broad
Mundane-Map6686,1145,99,power,general,broad
casolitaire,1,1,occasional,target_centric,narrow
Present_Investment14,3,3,occasional,general,narrow
Ajataashatru,2,1,occasional,target_centric,narrow
Tasty-Bat9953,272,23,regular,swiss,broad
mintpepp,4,1,occasional,target_centric,narrow
Ev3rm0re,41,12,regular,swiss,broad
idontknowbutitsokay,2,2,occasional,target_centric,narrow
glazmann,15,5,regular,general,moderate
FengCR,22,4,regular,general,moderate
OneTip5351,14,4,regular,swiss,moderate
_halex_,1,1,occasional,target_centric,narrow
Emm_Mango,1,1,occasional,target_centric,narrow
BidKey1431,85,29,regular,general,broad
AlternisHS,23,12,regular,general,broad
Song_Forsaken,1,1,occasional,target_centric,narrow
AdhesivenessOk457,5,2,occasional,target_centric,narrow
Fit_Platypus7915,1,1,occasional,target_centric,narrow
Equivalent-Lime-5656,1,1,occasional,target_centric,narrow
LusineAd,9,4,occasional,target_centric,moderate
AndriaKyriacou,2,1,occasional,target_centric,narrow
Tight-Implement-4988,1,1,occasional,target_centric,narrow
Frequent_Ranger_709,10,4,occasional,swiss,moderate
IQisMySenpai,10,5,occasional,general,moderate
indizonen,25,8,regular,general,moderate
screwBrexit,41,18,regular,general,broad
little__riddle,7,4,occasional,general,moderate
ReelingRambutan,15,4,regular,general,moderate
Ok-Consequence-4617,1,1,occasional,target_centric,narrow
TD1248,1,1,occasional,target_centric,narrow
Simple_Rope2969,42,7,regular,general,moderate
Dovah_120,34,12,regular,swiss,broad
No_Second1489,201,32,regular,general,broad
Negative_Republic973,17,8,regular,general,moderate
StuffPuzzleheaded689,9,3,occasional,swiss,narrow
AliAhmet1903,14,9,regular,general,moderate
cyberpunk00c,23,11,regular,academic,broad
lela2011,3,2,occasional,target_centric,narrow
Frequent_Ad_3444,331,1,regular,target_centric,narrow
AquaHornet08,35,9,regular,general,moderate
21022018,465,103,power,general,broad
compvisengineer,4,1,occasional,target_centric,narrow
Plane_Inevitable2329,6,4,occasional,general,moderate
Alrex_G,7,5,occasional,general,moderate
gluons48,37,6,regular,general,moderate
weRborg,359,96,power,general,broad
Irgendwer99,10,2,occasional,general,narrow
Heenassr,78,23,regular,swiss,broad
lordjamie666,377,88,power,general,broad
Ok-Sea-8139,3,3,occasional,swiss,narrow
18carriages,36,24,regular,general,broad
Glad-Gas9437,4,2,occasional,general,narrow
CoachFormer7305,3,3,occasional,academic,narrow
Crafty_Effort_8500,11,2,occasional,target_centric,narrow
bitulator,8,4,occasional,swiss,moderate
Appropriate-Cup9335,66,7,regular,general,moderate
Ok_Actuary8,2659,98,power,general,broad
personaDisguised,5,4,occasional,general,moderate
jkochh,3,2,occasional,swiss,narrow
Fun-Exit7474,92,22,regular,general,broad
Puzzleheaded_Run_312,1,1,occasional,target_centric,narrow
BearSEO,169,48,regular,general,broad
supermarkio-,195,37,regular,swiss,broad
bullpup1337,173,57,regular,general,broad
AggravatingSplit7492,2,1,occasional,target_centric,narrow
gheimifurt,17,10,regular,swiss,moderate
Really-hot-soup,41,7,regular,target_centric,moderate
visciousblack,11,6,occasional,swiss,moderate
_-Spitfire-_,1,1,occasional,target_centric,narrow
TotallyNotVikiNg,32,11,regular,general,broad
Kleysley,15,4,regular,general,moderate
Jiv_iM,3,1,occasional,target_centric,narrow
MarinatedPickachu,2159,126,power,general,broad
AbdullahFarghaly,3,2,occasional,general,narrow
Suspicious_Wind_7978,10,2,occasional,general,narrow
IAmHereForTheStories,139,41,regular,swiss,broad
BestStonks,53,15,regular,general,broad
clorox_1g,7,2,occasional,general,narrow
Jazzlike-Box6788,11,8,occasional,general,moderate
Spirited_Scallion971,82,16,regular,swiss,broad
palatiz,3,2,occasional,general,narrow
Alpajio,6,4,occasional,general,moderate
Internal-Bet3910,25,6,regular,general,moderate
Thomas_Steiner_1978,356,39,power,general,broad
dobrimoj,162,22,regular,swiss,broad
ciracam,7,4,occasional,general,moderate
WesternMost993,251,36,regular,swiss,broad
ClimateInevitable733,10,1,occasional,target_centric,narrow
Legndj,97,71,regular,general,broad
QuarterReasonable204,2,2,occasional,target_centric,narrow
AP11997,10,7,occasional,general,moderate
BatteryMaxx,5,3,occasional,general,narrow
Intellectualweeber99,10,5,occasional,general,moderate
Big-Buy2457,1,1,occasional,target_centric,narrow
PassAppropriate5891,97,19,regular,target_centric,broad
SwissLover2004,54,16,regular,swiss,broad
mrlibman,1,1,occasional,target_centric,narrow
thvgfcghfh,17,12,regular,general,broad
rteasghnwmyksrx,27,8,regular,general,moderate
Professional_Bus_574,59,16,regular,general,broad
FitSeaworthiness4304,2,1,occasional,target_centric,narrow
sernameistaken4,12,6,occasional,swiss,moderate
Pitiful-Situation494,162,25,regular,general,broad
_quantum_girl_,1026,83,power,swiss,broad
PseudoRandomStudent,69,13,regular,general,broad
Playful-Matter-5757,1,1,occasional,target_centric,narrow
Alternative-Spot5016,28,8,regular,swiss,moderate
vermee,79,9,regular,target_centric,moderate
Wichu04,98,15,regular,general,broad
riomaxx,605,74,power,swiss,broad
total_desaster,425,100,power,general,broad
WorkSuspicious4916,2,2,occasional,target_centric,narrow
Tottybox,280,58,regular,general,broad
PianistWinter8293,1372,84,power,general,broad
GraciaK03,113,20,regular,target_centric,broad
Filthykun,12,4,occasional,target_centric,moderate
ttthhheeeoooooo,135,27,regular,general,broad
SnowEmbarrassed6407,3,2,occasional,swiss,narrow
MyColaZero,89,30,regular,swiss,broad
Ok_Mistake1498,18,6,regular,swiss,moderate
No_Bodybuilder7446,673,38,power,general,broad
litbizwiz,164,15,regular,general,broad
Quick-Coat,1,1,occasional,target_centric,narrow
Arin_Pali,378,83,power,general,broad
SpeedCuber69,321,42,regular,general,broad
Lirionex,251,44,regular,general,broad
RexBadger,4,2,occasional,target_centric,narrow
Forsaken_Jewel,3,3,occasional,swiss,narrow
Successful_Bill_4607,6,5,occasional,general,moderate
Phocasola,86,19,regular,general,broad
kjm_zhh,7,5,occasional,general,moderate
PirateTerrible5118,1,1,occasional,target_centric,narrow
Poldi_06,1,1,occasional,target_centric,narrow
super-servant,5,3,occasional,general,narrow
stanimal91,1,1,occasional,target_centric,narrow
Traveller-2001,9,4,occasional,swiss,moderate
Br0wnHammer,16,8,regular,general,moderate
bongosformongos,696,48,power,swiss,broad
Interesting-Maize-45,1,1,occasional,target_centric,narrow
ywecur,77,27,regular,general,broad
Bubbly_Cellist_6802,175,7,regular,general,moderate
FuzzyGrizz,61,21,regular,swiss,broad
Formalutaion,1,1,occasional,target_centric,narrow
ginsunuva,439,72,power,general,broad
Wooden-Ad-3151,1,1,occasional,target_centric,narrow
Old-Initiative-6373,33,16,regular,general,broad
AimingforGreatness,52,11,regular,target_centric,broad
Warm_Tough_4290,12,2,occasional,swiss,narrow
lordgthegreat,15,8,regular,general,moderate
Asztrus11,9,3,occasional,general,narrow
botulrich,4,3,occasional,target_centric,narrow
QuestioningMyLifeJa,93,33,regular,general,broad
TouchGrasso,70,10,regular,general,moderate
_Zinio_,28,3,regular,target_centric,narrow
jj_HeRo,1040,286,power,general,broad
jitter1337,2,1,occasional,target_centric,narrow
softgale,144,10,regular,academic,moderate
dlPhil,1,1,occasional,target_centric,narrow
TheMexxx,1,1,occasional,target_centric,narrow
vocalproletariat28,698,117,power,general,broad
Intelligent-Algae46,3,2,occasional,general,narrow
duckduckyourself,3,1,occasional,target_centric,narrow
Ok_Childhood4231,1,1,occasional,target_centric,narrow
Minimum_Parsnip165,88,14,regular,general,broad
moiwantkwason,965,149,power,general,broad
BlockOfSwissCheese,82,18,regular,general,broad
nccantos,1,1,occasional,target_centric,narrow
LemonOnTheMoon,1,1,occasional,target_centric,narrow
CaptainNanon,13,8,occasional,swiss,moderate
SiNoName101,6,4,occasional,general,moderate
ShotSmile169,63,12,regular,general,broad
cactii281,6,4,occasional,academic,moderate
absolutely__no,19,10,regular,general,moderate
nikki4716,4,4,occasional,general,moderate
CricketWide8581,9,3,occasional,general,narrow
Ordinary_Ad_9838,4,2,occasional,target_centric,narrow
dpaleka,3,3,occasional,academic,narrow
slippery_slimy_fish,18,8,regular,general,moderate
Loliges486,1,1,occasional,target_centric,narrow
Expensive-Mix-9687,90,11,regular,swiss,broad
Broad_Warning_2886,228,66,regular,general,broad
Beautiful_Welder_919,46,12,regular,general,broad
Living_Substance_487,635,60,power,swiss,broad
imbaldcuzbetteraero,910,83,power,general,broad
bschne1,14,8,regular,general,moderate
Infamous-Picture-10,5,1,occasional,target_centric,narrow
FewEvidence4309,3,1,occasional,target_centric,narrow
Decent_Perspective26,1,1,occasional,target_centric,narrow
constar93,43,13,regular,swiss,broad
im_person_nate,12,6,occasional,swiss,moderate
Front-Photo-7166,44,11,regular,general,broad
BondBretting,2,2,occasional,target_centric,narrow
outsidethecave,35,22,regular,general,broad
ReaperDaemon666,435,55,power,general,broad
riptorial,8,7,occasional,general,moderate
Electrical_Ad_4848,5,4,occasional,general,moderate
Available-Maize1493,226,33,regular,general,broad
FlreW0lf,1,1,occasional,target_centric,narrow
Possible_Bike7252,47,21,regular,general,broad
Tomurs,13,4,occasional,target_centric,moderate
servant_ch,517,30,power,general,broad
Healthy_Letter_9694,1,1,occasional,target_centric,narrow
Electronic_Collar931,8,4,occasional,target_centric,moderate
Few-Horror-6341,2,2,occasional,target_centric,narrow
SidereusEques,301,74,regular,general,broad
Ecstatic-Level9286,24,2,regular,target_centric,narrow
sense8__,23,9,regular,general,moderate
PetitArvine,769,63,power,swiss,broad
forallem,49,7,regular,academic,moderate
chan123chan123,2,1,occasional,target_centric,narrow
Potential-Sea3260,23,4,regular,target_centric,moderate
sweet_potato_elsisi,81,12,regular,general,broad
Specialist-Appeal257,4,4,occasional,general,moderate
SnackettiXD,22,7,regular,general,moderate
Old-Feed1306,5,2,occasional,target_centric,narrow
IBM_Research_ZRL,4,1,occasional,target_centric,narrow
Kikujiroo,212,32,regular,general,broad
Mykoliux-1,147,35,regular,general,broad
Swiss_wow,77,8,regular,swiss,moderate
Salty-Traffic-7202,31,4,regular,general,moderate
Open-Farmer-7285,45,11,regular,general,broad
After-Lengthiness720,2,2,occasional,target_centric,narrow
AdolphSilvia,808,137,power,general,broad
dstemcel,1305,71,power,general,broad
MangoBlackTea,1,1,occasional,target_centric,narrow
Novel_Ad_1766,5,2,occasional,target_centric,narrow
neilus03,270,23,regular,general,broad
Nick224,3,2,occasional,target_centric,narrow
deception2022,380,70,power,general,broad
Classic-Break5888,2197,174,power,general,broad
deragent,53,13,regular,swiss,broad
Nicopavo,11,8,occasional,academic,moderate
Positive-Strategy161,273,70,regular,general,broad
Imaginary-Teacher317,1,1,occasional,target_centric,narrow
eternalpanic,335,64,regular,swiss,broad
BoatImmediate8262,3,2,occasional,general,narrow
Poppyseeds369,42,11,regular,general,broad
Federal_Subject_6797,204,159,regular,general,broad
FunnyPocketBook,273,44,regular,general,broad
Newton-Leibniz,179,36,regular,general,broad
Plus_Yogurt_9647,13,1,occasional,target_centric,narrow
mou-no_pep-si,35,18,regular,general,broad
Due_Wallaby_3643,125,17,regular,general,broad
Majestic_Example2529,7,3,occasional,target_centric,narrow
Moisty_Amphibian,88,73,regular,general,broad
Hairy-Peace-9390,15,9,regular,general,moderate
OsakaTosuto,71,29,regular,general,broad
Norby314,540,77,power,general,broad
Money-Panda9038,21,6,regular,general,moderate
Good_Choice_4722,13,3,occasional,target_centric,narrow
BeStoopid,152,45,regular,general,broad
General2000,1,1,occasional,target_centric,narrow
Y_mc,88,28,regular,general,broad
PokemonAttorney,1,1,occasional,target_centric,narrow
Friendly-Nose4060,2,2,occasional,target_centric,narrow
IsengardMordor,164,26,regular,swiss,broad
Lolekkkkkkk,116,20,regular,general,broad
Smart_Technology_433,4,2,occasional,target_centric,narrow
Even_Frame_2494,7,1,occasional,target_centric,narrow
leezaard,6,6,occasional,general,moderate
Warm-Discipline6414,9,7,occasional,swiss,moderate
moormaster73,210,32,regular,general,broad
rosavb,17,8,regular,general,moderate
pranavadvani2003,14,9,regular,general,moderate
Greedy-Intention-900,5,1,occasional,target_centric,narrow
MaMont02,3,1,occasional,target_centric,narrow
AutomaticOrder3635,36,21,regular,general,broad
dogsdiner,3,1,occasional,target_centric,narrow
1234VICE,48,24,regular,general,broad
L0VESTHE0CEAN,7,3,occasional,swiss,narrow
elliot18620,1,1,occasional,target_centric,narrow
Maurice1001,11,2,occasional,target_centric,narrow
QuietOtherwise7530,35,12,regular,swiss,broad
ReputationFull4819,7,3,occasional,target_centric,narrow
Interesting_Coast279,37,14,regular,general,broad
justonesharkie,1080,51,power,swiss,broad
Romerini81,94,54,regular,general,broad
katzenliegestuetze,2,2,occasional,target_centric,narrow
stereosteam,6,4,occasional,general,moderate
AlertEmotion7134,1,1,occasional,target_centric,narrow
Hairy_Spirit1636,190,47,regular,general,broad
Accomplished_Echo_31,1,1,occasional,target_centric,narrow
Weary-Television3170,1,1,occasional,target_centric,narrow
fishanddipflip,150,30,regular,general,broad
Latter_Minute_1395,102,32,regular,general,broad
brunnertu,14,4,regular,swiss,moderate
Curious-Average-1706,6,6,occasional,general,moderate
Double_Vacation545,186,38,regular,general,broad
Laokon96,14,6,regular,general,moderate
Frost-Singularity,5,1,occasional,target_centric,narrow
Maleficent_Business4,10,2,occasional,target_centric,narrow
Outside_Long5907,168,22,regular,general,broad
Several_Falcon_7005,342,17,power,swiss,broad
fabkosta,3275,290,power,general,broad
Legal-Pear-6497,28,11,regular,general,broad
C0R0NA_CHAN,300,71,regular,general,broad
nauhgc,7,2,occasional,swiss,narrow
Aggressive_Battle727,23,6,regular,general,moderate
FerrousThing,153,43,regular,general,broad
icwkdzajz,84,12,regular,swiss,broad
Friendly-Bunch-1828,1,1,occasional,target_centric,narrow
Hopeful-Database-221,13,6,occasional,swiss,moderate
HonestJackfruit9028,2,2,occasional,target_centric,narrow
kanoa_riddle,9,6,occasional,general,moderate
idkjustgimmeusername,2,1,occasional,target_centric,narrow
Yarza,1,1,occasional,target_centric,narrow
AlFatalGast,4,3,occasional,general,narrow
weekendhope,9,8,occasional,general,moderate
Katniped_,98,21,regular,general,broad
polapix,45,13,regular,swiss,broad
luneedananswer,6,1,occasional,target_centric,narrow
Moist-Delivery-1909,2,1,occasional,target_centric,narrow
Puzzleheaded_War9413,8,1,occasional,target_centric,narrow
LeonardoPinna,3,3,occasional,general,narrow
choconutz_coco,33,20,regular,general,broad
alsbos1,1421,109,power,general,broad
HeLst3n1,103,25,regular,general,broad
Tomlishorn2128,30,12,regular,swiss,broad
vrwv,15,6,regular,general,moderate
Informal-Way9158,5,2,occasional,target_centric,narrow
AbCi16,671,71,power,general,broad
hitzgi,67,9,regular,general,moderate
SaPpHiReFlAmEs99,305,52,regular,general,broad
Competitive-Song5961,90,16,regular,general,broad
kylinandy,27,6,regular,target_centric,moderate
unknownstudentoflife,1632,320,power,general,broad
NewspaperDense4644,6,3,occasional,target_centric,narrow
tiddlywinks_truth,9,9,occasional,general,moderate
Business_Brush_8482,1,1,occasional,target_centric,narrow
Rollstein_,4,3,occasional,general,narrow
PoignantPoison,290,30,regular,general,broad
guemeller,18,6,regular,swiss,moderate
Pristine_Tie8418,1,1,occasional,target_centric,narrow
Training_Listen_1449,12,4,occasional,general,moderate
Euphoric-Present2208,84,9,regular,general,moderate
anothers0meone,48,16,regular,general,broad
DifficultyTricky7779,359,71,power,general,broad
Intell10,1,1,occasional,target_centric,narrow
tenzinleila,7,5,occasional,general,moderate
Bottle-Desperate,2,1,occasional,target_centric,narrow
shineme26,5,4,occasional,general,moderate
FishyFrie,16,11,regular,general,broad
hann953,71,28,regular,general,broad
Single-Sky9457,2,1,occasional,target_centric,narrow
CaptainCuddles17,80,19,regular,general,broad
Famous-Exercise6091,6,3,occasional,swiss,narrow
ignorantgal5,374,31,power,general,broad
Shining_star_875,284,38,regular,general,broad
diqkd,1,1,occasional,target_centric,narrow
ounipeperouni,24,7,regular,swiss,moderate
Advanced-Rip568,1,1,occasional,target_centric,narrow
EdoBirelART27,11,7,occasional,general,moderate
Ittybittykittypi,47,26,regular,general,broad
Academic_Body7249,5,3,occasional,general,narrow
UphillTowardsTheSun,756,51,power,general,broad
endtoabeginning,445,96,power,general,broad
EmbarrassedAd7823,23,12,regular,general,broad
Lumpy_Leg_1826,36,8,regular,swiss,moderate
NoForm7090,1,1,occasional,target_centric,narrow
Idontlikecancer0,277,58,regular,general,broad
fromtheptothee,2,1,occasional,target_centric,narrow
TortoisesSlap,234,49,regular,general,broad
CombinatorialCub,2,1,occasional,target_centric,narrow
dplume,137,20,regular,general,broad
nzflmc,34,11,regular,academic,broad
LysanderStorm,84,28,regular,general,broad
Mouschi_,283,46,regular,general,broad
souhhcong,4,2,occasional,target_centric,narrow
Whole-Discount-8770,2,2,occasional,target_centric,narrow
Flockifox,4,2,occasional,target_centric,narrow
arsbars17,1,1,occasional,target_centric,narrow
polypancake,47,15,regular,general,broad
Cedi26,31,12,regular,general,broad
Ornery_Cake_9864,167,19,regular,general,broad
Flat_End4624,36,6,regular,swiss,moderate
Diligent-Ant-2269,8,3,occasional,target_centric,narrow
StrictRelationship52,10,2,occasional,general,narrow
turbman2,1,1,occasional,target_centric,narrow
Typical-Weather1254,10,7,occasional,general,moderate
No-Animator-7931,77,13,regular,general,broad
Fine-Cat4708,17,5,regular,swiss,moderate
SeaCompetitive6806,962,184,power,general,broad
ReceptionStreet1707,1,1,occasional,target_centric,narrow
Sideralis_,126,24,regular,general,broad
Warm_Theory_9145,9,1,occasional,target_centric,narrow
davit_i_guess,3,1,occasional,target_centric,narrow
Gazellu,8,6,occasional,general,moderate
SkyNo234,1883,97,power,general,broad
AdhesivenessOdd7527,1,1,occasional,target_centric,narrow
Accurate_Stay_5058,19,6,regular,general,moderate
Wonderful-Friend8815,6,5,occasional,general,moderate
Low_Objective_1040,7,2,occasional,target_centric,narrow
Lingon_Berry548,14,7,regular,general,moderate
No_Outcome_1760,6,2,occasional,general,narrow
Alternative-Yak-6990,674,73,power,swiss,broad
Purple-Peak-6487,13,2,occasional,target_centric,narrow
Barnariks,460,121,power,general,broad
rachelKD637,81,24,regular,general,broad
thetaharvest,7,4,occasional,general,moderate
Head_Pollution_7193,78,17,regular,swiss,broad
No-Citron8371,3,2,occasional,target_centric,narrow
woozy_1729,21,9,regular,general,moderate
panda-cool123,1,1,occasional,target_centric,narrow
Proof-Wafer9199,9,5,occasional,general,moderate
New_Release6355,7,3,occasional,target_centric,narrow
DenimSilver,488,67,power,general,broad
Ok-Bottle-1341,1914,51,power,swiss,broad
Vast-Rock-4512,19,2,regular,target_centric,narrow
alinary2222,4,4,occasional,academic,moderate
Able_Stretch4800,2,2,occasional,target_centric,narrow
YigitDemirag,7,4,occasional,general,moderate
Tallbigboi,1,1,occasional,target_centric,narrow
LLBeep,143,12,regular,general,broad
phonendoscope,5,4,occasional,general,moderate
MeNamem-me,5,4,occasional,general,moderate
Suspicious_Lawyer272,39,12,regular,general,broad
Ctg2005,7,2,occasional,target_centric,narrow
realcarmen1678,2,1,occasional,target_centric,narrow
cryptofreedoom,8,2,occasional,swiss,narrow
HYSTERYON,9,4,occasional,general,moderate
PrestigiousAssist689,47,20,regular,general,broad
bi7worker,147,62,regular,general,broad
Own_Salt1799,4,1,occasional,target_centric,narrow
Swi_Pol_Eng_guy,65,31,regular,general,broad
Morqz,35,14,regular,general,broad
OziAviator,827,90,power,general,broad
Senshi988,90,7,regular,swiss,moderate
FilthyRubber,26,8,regular,swiss,moderate
rio_gambles,135,13,regular,swiss,broad
TuDictator,4,3,occasional,general,narrow
shrawnschone,9,9,occasional,general,moderate
DistributionGreedy32,32,14,regular,general,broad
Consistent_Lab9978,2,2,occasional,target_centric,narrow
RadishRocket,45,15,regular,general,broad
Adventurous-Race5478,56,13,regular,general,broad
NeatSolid6535,5,2,occasional,swiss,narrow
Electrical-Pie925,53,13,regular,general,broad
liverpenguin,1,1,occasional,target_centric,narrow
Busy_Blood_2220,2,1,occasional,target_centric,narrow
bert1808,12,7,occasional,academic,moderate
Downtown_Brother6308,70,37,regular,general,broad
FatBoiXL,3,1,occasional,target_centric,narrow
geigergopp,1150,43,power,general,broad
Wide_Ad_9129,1,1,occasional,target_centric,narrow
randomUser539123,196,39,regular,general,broad
jrsowa,357,49,power,general,broad
FewBlacksmith6399,21,5,regular,target_centric,moderate
finanzgipfel,55,6,regular,general,moderate
ResearcherNo4681,409,105,power,general,broad
TheseHoesAintLoyal01,62,24,regular,general,broad
Miserable-Whale,50,9,regular,swiss,moderate
schoki_banane,1,1,occasional,target_centric,narrow
Active-Diamond-7555,32,7,regular,general,moderate
Accomplished-War1971,420,89,power,general,broad
Mobile-Hospital-1025,9,5,occasional,target_centric,moderate
HorrorRemove6851,7,5,occasional,general,moderate
Filippo295,561,51,power,general,broad
bread_or_me,2,1,occasional,target_centric,narrow
ThickMathematician0,3,1,occasional,target_centric,narrow
Agitated-Pollution52,39,6,regular,general,moderate
Confident_Bear9311,1,1,occasional,target_centric,narrow
MixtureBrilliant1840,3,1,occasional,target_centric,narrow
red_eyed_devil,330,42,regular,general,broad
Difficult_Comment564,13,1,occasional,target_centric,narrow
Various_Biscotti_147,1,1,occasional,target_centric,narrow
preetesque,126,24,regular,general,broad
Physical_Sleep_9918,212,33,regular,general,broad
retermist,9,3,occasional,general,narrow
LivingIntention6882,9,6,occasional,general,moderate
Uranium_Donut_,369,81,power,general,broad
Zombie46,21,11,regular,swiss,broad
AleLuke,8,3,occasional,target_centric,narrow
StationDeer,52,15,regular,general,broad
Little_Biscotti_9134,86,19,regular,swiss,broad
Sure_Neighborhood_79,8,3,occasional,target_centric,narrow
Fuzzy_Ad_8448,13,4,occasional,general,moderate
Nervous_Grapefruit99,3,2,occasional,target_centric,narrow
DryRound8883,3,1,occasional,target_centric,narrow
Aromatic-Dog7505,21,1,regular,target_centric,narrow
styl5apofis,78,8,regular,academic,moderate
Weary-Novel-440,1,1,occasional,target_centric,narrow
USRplusFan,539,64,power,general,broad
nebulous_crab,9,7,occasional,general,moderate
Neat-Assignment5940,45,10,regular,general,moderate
Cute_Chemical_7714,1466,56,power,swiss,broad
TitanTraffic,11,10,occasional,general,moderate
Prestigious-Key-8948,11,4,occasional,general,moderate
Apart_Direction5852,7,5,occasional,general,moderate
ipokestuff,414,57,power,general,broad
Desperate-Papaya3017,16,3,regular,target_centric,narrow
ajisuntihoe,116,39,regular,general,broad
Dense-Document5596,7,5,occasional,general,moderate
Afro-Islander,2,1,occasional,target_centric,narrow
Busfestival,1,1,occasional,target_centric,narrow
Whole_Chemical_6470,14,5,regular,general,moderate
NewCoddder,6,4,occasional,swiss,moderate
marcogaudenzi,27,10,regular,general,moderate
pasturaboy,216,45,regular,general,broad
tioskott,26,6,regular,swiss,moderate
LateParsley2574,5,3,occasional,general,narrow
Shidoni,101,13,regular,swiss,broad
Spielername124,682,66,power,general,broad
FuturecashEth,769,58,power,general,broad
BarNext625,149,26,regular,swiss,broad
mlgngrlbs,28,10,regular,general,moderate
spprshit,1,1,occasional,target_centric,narrow
rakk109,33,11,regular,academic,broad
Swiffertoy,2,2,occasional,target_centric,narrow
TheSK_001,77,14,regular,general,broad
Difficult_Mulberry20,9,4,occasional,swiss,moderate
mintwurm,18,5,regular,general,moderate
elettod,2,1,occasional,target_centric,narrow
Virtual-Emergency737,637,66,power,swiss,broad
Ambitious_Rise5078,2,1,occasional,target_centric,narrow
Due-Kangaroo863,7,3,occasional,general,narrow
Superultra_,192,22,regular,general,broad
divind1115,37,7,regular,target_centric,moderate
sas1111344,26,14,regular,general,broad
Objective-Ad-2643,687,60,power,general,broad
Real_Principle_8446,3,2,occasional,target_centric,narrow
recursive_tree,118,22,regular,general,broad
Glum-Commercial1920,74,16,regular,swiss,broad
Important_Bass2711,3,3,occasional,swiss,narrow
corey-lammie-ibm,3,1,occasional,target_centric,narrow
Sea-Flower5108,59,14,regular,general,broad
iamnogoodatthis,3715,184,power,general,broad
lovro_nigel,190,7,regular,general,moderate
shinjirokatei,1,1,occasional,target_centric,narrow
Salt_Mushroom_4608,18,6,regular,target_centric,moderate
SnooSquirrels3902,4,3,occasional,general,narrow
Tough-Celebration-80,77,16,regular,general,broad
JarbringerOfJeff,2,1,occasional,target_centric,narrow
kart0ffel12,379,65,power,swiss,broad
JuktNichtBesonders,14,5,regular,target_centric,moderate
hopefulbrownies,11,3,occasional,target_centric,narrow
Organic_Hovercraft77,150,19,regular,general,broad
Minute-Preference383,481,30,power,general,broad
Student_Hacks,10,8,occasional,general,moderate
sousex_007,91,16,regular,general,broad
moritzmadafaka,3,3,occasional,swiss,narrow
BackgroundLow3556,1,1,occasional,target_centric,narrow
Halterchronicle,250,46,regular,general,broad
deepshark14,12,7,occasional,swiss,moderate
octo_mann,27,17,regular,swiss,broad
Extension-Reading106,15,6,regular,general,moderate
Kawakzaky,14,4,regular,swiss,moderate
Dependent-Bike1547,9,4,occasional,general,moderate
makaros622,892,50,power,swiss,broad
verys-aleph,6,1,occasional,target_centric,narrow
throwawayrotterdam2,320,94,regular,general,broad
SakuraTheCatLady,19,8,regular,general,moderate
MagicianPale9562,318,35,regular,general,broad
TheRealRyuuko,47,2,regular,general,narrow
deekachuu,7,4,occasional,swiss,moderate
BeautifulTennis3524,150,26,regular,general,broad
rhl,14,11,regular,general,broad
BorderGood8431,148,42,regular,general,broad
ToboPotato,25,11,regular,general,broad
LeagueNo2990,1,1,occasional,target_centric,narrow
MarcoBernet,25,8,regular,general,moderate
Deep-Monitor-6794,1,1,occasional,target_centric,narrow
Miserable-Signal8753,1,1,occasional,target_centric,narrow
bobijntje,898,119,power,general,broad
f3fff2f2f2f,11,6,occasional,general,moderate
Beginning-Initial-56,30,8,regular,general,moderate
pointnopoints,2,2,occasional,target_centric,narrow
mfroyo9086,15,4,regular,swiss,moderate
Mourdine,74,25,regular,general,broad
BananaP3nguin,1,1,occasional,target_centric,narrow
lucidgazorpazorp,37,15,regular,swiss,broad
Marinegr,42,21,regular,general,broad
GYN-k4H-Q3z-75B,2203,237,power,general,broad
MrTroll420,44,21,regular,general,broad
Fearless-Chip6937,338,116,power,general,broad
DonKajit,358,11,power,general,broad
Bitter-Estimate4667,22,8,regular,swiss,moderate
Fit-Potential-4614,2,1,occasional,target_centric,narrow
Fragrant-Ad9773,14,2,regular,general,narrow
xschunka,13,8,occasional,general,moderate
gyzmot,4,2,occasional,target_centric,narrow
SevereMushroom5592,14,12,regular,academic,broad
Ordinary-Annual1429,149,37,regular,general,broad
undefined0326,32,2,regular,target_centric,narrow
HongkongKings,721,48,power,swiss,broad
Green_Philosophy_301,125,9,regular,general,moderate
voldemort9289,46,8,regular,swiss,moderate
SlipObjective5846,5,5,occasional,academic,moderate
AtwoZ139,26,11,regular,general,broad
Substantial_Gur9431,1,1,occasional,target_centric,narrow
flipper-1703,696,23,power,general,broad
cami_banani,11,5,occasional,target_centric,moderate
Euphoric-Momo-7,29,9,regular,general,moderate
SignificantBluejay11,22,2,regular,target_centric,narrow
chridii,141,26,regular,general,broad
Affectionate-Bit4533,1,1,occasional,target_centric,narrow
Unlucky-Camp-7668,70,19,regular,swiss,broad
WorldinessSuch998,27,7,regular,general,moderate
Square_Target8391,346,56,power,general,broad
getshreckdindeass,12,3,occasional,general,narrow
Fit-Frosting-7144,1186,53,power,swiss,broad
mike445545,23,16,regular,general,broad
Outside_Strategy_563,7,4,occasional,academic,moderate
Ok-Event-8709,9,6,occasional,general,moderate
Alarmed-Ad6452,196,35,regular,general,broad
PM_ME_YOUR_ANUS_PIC,325,130,regular,general,broad
Ideceptive928,3,2,occasional,target_centric,narrow
loitremac,11,7,occasional,general,moderate
ThrowRAunimess99,1,1,occasional,target_centric,narrow
clairedlalune,2,2,occasional,target_centric,narrow
Ok-Quote-396,1,1,occasional,target_centric,narrow
Mishanya_lt,21,4,regular,general,moderate
FirefighterLast6984,28,22,regular,general,broad
Manship21,2,1,occasional,target_centric,narrow
Key_Study_1491,32,7,regular,general,moderate
PietroPentolo,5,1,occasional,target_centric,narrow
mick_sunglasses,2,1,occasional,target_centric,narrow
vac-ation,280,59,regular,general,broad
Fabulous-Pen-6249,2,2,occasional,target_centric,narrow
Book_Dragon_24,2561,50,power,swiss,broad
Midshipfilly913,20,7,regular,swiss,moderate
DistributionTrue7024,1,1,occasional,target_centric,narrow
octahedralcomplex,11,5,occasional,general,moderate
Kartium,22,7,regular,swiss,moderate
Adept-Slice,362,48,power,general,broad
itisamariel,42,17,regular,general,broad
trafik_canavari,52,12,regular,general,broad
SnooGuavas6832,1,1,occasional,target_centric,narrow
rocket-alpha,464,130,power,general,broad
Impossible_Coyote980,44,24,regular,general,broad
Muri_bei_Bern,89,18,regular,swiss,broad
nicolaswiths,2,2,occasional,target_centric,narrow
AmputatorBot,50457,10987,power,general,broad
Unnaturalempathy,7,5,occasional,general,moderate
HamsterMaster355,294,51,regular,general,broad
Friendly_Weakness_82,3,3,occasional,swiss,narrow
Common_Letterhead423,90,35,regular,general,broad
red0101blue,32,6,regular,target_centric,moderate
MissCat667,28,5,regular,target_centric,moderate
DistinctFisherman235,4,1,occasional,target_centric,narrow
Shaneberlin,3,3,occasional,general,narrow
Blimeyitsflying,38,21,regular,general,broad
Bjarkisigur7,1,1,occasional,target_centric,narrow
Ok_Editor8942,306,65,regular,general,broad
Ursm0ll,17,12,regular,general,broad
Suspicious_Kick_6200,2,1,occasional,target_centric,narrow
OneEnvironmental9222,1569,187,power,general,broad
Exciting_Fondant_531,4,3,occasional,general,narrow
Worried_Level_7964,85,28,regular,general,broad
Starguard-sama,2,1,occasional,target_centric,narrow
Delivery_all_day,5,2,occasional,swiss,narrow
Individual_Report_70,3,1,occasional,target_centric,narrow
Affectionate-Body487,254,49,regular,general,broad
Present_Difficulty35,3,3,occasional,general,narrow
hustener,35,19,regular,general,broad
Blinkinage,17,10,regular,general,moderate
Fragrant69,1,1,occasional,target_centric,narrow
Physical-Sector7854,8,7,occasional,general,moderate
observereth,58,2,regular,target_centric,narrow
wkwkmwk,4,3,occasional,general,narrow
Any-Guess1766,2,2,occasional,target_centric,narrow
Peterjardin,3,3,occasional,swiss,narrow
Turbulent_Data_940,2,1,occasional,target_centric,narrow
kaixenly,4,2,occasional,target_centric,narrow
Moist_Bit_7958,119,5,regular,general,moderate
Ok-Shoe4800,3,3,occasional,swiss,narrow
Mephisto6,90,54,regular,general,broad
LePtitSuisse22,6,6,occasional,general,moderate
Grand-Swim-6210,7,5,occasional,general,moderate
HarbringerOfDeath007,25,12,regular,academic,broad
BarnabasMcTruddy,44,24,regular,general,broad
Hackjack619,2,2,occasional,target_centric,narrow
Imaginary-Hornet-547,1,1,occasional,target_centric,narrow
Adequate_Caesar,42,20,regular,general,broad
iZafiro,91,30,regular,academic,broad
NextInvestigator6585,14,2,regular,target_centric,narrow
DryRazzmatazz4048,1,1,occasional,target_centric,narrow
dushmanim,1540,189,power,general,broad
wxc3,322,59,regular,general,broad
Just_Brilliant8893,19,7,regular,general,moderate
blueminerva,34,6,regular,general,moderate
Personal-Part2465,18,3,regular,target_centric,narrow
trustedexecutor,88,14,regular,general,broad
Koordinate_,8,7,occasional,general,moderate
LudovicoLax,51,15,regular,general,broad
enivreni,2,1,occasional,target_centric,narrow
Kitchen-Conflict-922,1,1,occasional,target_centric,narrow
dr_jan_itor,233,20,regular,general,broad
Pitiful_Tell_8967,15,4,regular,general,moderate
Kickback476,660,91,power,general,broad
Humble-Recipe-8801,1,1,occasional,target_centric,narrow
alantima25,47,11,regular,general,broad
the_coder2003,1,1,occasional,target_centric,narrow
MainDance8530,2,2,occasional,target_centric,narrow
Ok_Schedule_4396,18,7,regular,general,moderate
zhuzhu81998,1,1,occasional,target_centric,narrow
DejectedWindex,4,4,occasional,general,moderate
PlentyLogical1595,4,1,occasional,target_centric,narrow
Cikitamuz01,4,2,occasional,target_centric,narrow
bvllss,4,2,occasional,target_centric,narrow
Lovetrickychannels10,13,5,occasional,general,moderate
No-Visual-8947,1,1,occasional,target_centric,narrow
tech4throwaway1,537,155,power,general,broad
salibas,12,5,occasional,general,moderate
SilverThunderbolt,39,6,regular,general,moderate
Ready_Suggestion_265,9,6,occasional,general,moderate
OneCommittee8203,1,1,occasional,target_centric,narrow
Guilty-Fennel670,7,1,occasional,target_centric,narrow
Artistic-Ad6384,42,5,regular,general,moderate
ComposerDizzy1246,11,7,occasional,academic,moderate
Chiny_M47,17,9,regular,general,moderate
Cautious-Eagle2577,267,57,regular,general,broad
Ok-Paleontologist878,3,3,occasional,general,narrow
Away_Investigator784,8,4,occasional,target_centric,moderate
Willing_Ad_9955,3,2,occasional,target_centric,narrow
Straight_Talk_2766,1,1,occasional,target_centric,narrow
Winter-Vermicelli-72,5,1,occasional,target_centric,narrow
ReliefTypical4407,78,23,regular,swiss,broad
Individual_Yak_1176,3,3,occasional,academic,narrow
AdventurousDrummer97,38,23,regular,general,broad
IIIIIIove,32,25,regular,general,broad
Cyberspace_Sorcerer,908,103,power,general,broad
puffVortex,206,17,regular,general,broad
TimeTeleporter,10,7,occasional,swiss,moderate
Glittering-Prize-20,2,1,occasional,target_centric,narrow
beautifulchickens333,2,1,occasional,target_centric,narrow
SLAVUNVISC,206,52,regular,general,broad
lazygoose22,3,2,occasional,general,narrow
niiiils,37,18,regular,general,broad
puzzledadadd,2,1,occasional,target_centric,narrow
MySuperCooki,18,7,regular,target_centric,moderate
Capable_Spare_7464,8,3,occasional,target_centric,narrow
Rough-Guidance6118,1,1,occasional,target_centric,narrow
South-Project-3246,1,1,occasional,target_centric,narrow
First-Page-9296,7,2,occasional,target_centric,narrow
Alarming_Intern8713,51,5,regular,target_centric,moderate
West_Economy19,2,2,occasional,target_centric,narrow
incredibly_mad,5,1,occasional,target_centric,narrow
Ripjaw9745,33,15,regular,general,broad
chiragshetty1509,352,26,power,general,broad
Fit_Outcome5051,5,3,occasional,swiss,narrow
Euphoric-Raise2978,24,4,regular,target_centric,moderate
matiss29,140,21,regular,general,broad
Rock_on717,12,2,occasional,target_centric,narrow
Yggdrasil703,36,7,regular,general,moderate
Zealousideal-Gap-407,4,3,occasional,target_centric,narrow
Ill_Examination_2648,1015,66,power,general,broad
GigioBigio777,32,15,regular,general,broad
Fit_Experience_8483,1,1,occasional,target_centric,narrow
Infamous-Reaction647,3,2,occasional,swiss,narrow
Advanced-Emphasis223,3,2,occasional,target_centric,narrow
Maleficent-Card-4559,1,1,occasional,target_centric,narrow
Headz0r,7,6,occasional,general,moderate
hyperfinesplitting,24,14,regular,general,broad
charuru456,3,2,occasional,target_centric,narrow
West_Animal_4455,104,38,regular,general,broad
LitoBrooks,448,127,power,general,broad
Far-Strawberry6656,1,1,occasional,target_centric,narrow
Peschinator,39,14,regular,general,broad
Left_Illustrator_743,6,5,occasional,swiss,moderate
lilisushi,19,3,regular,general,narrow
Sure_Selection_9944,38,12,regular,general,broad
Willing-Camp-4135,2,1,occasional,target_centric,narrow
Gold-Ocelot-5049,2,1,occasional,target_centric,narrow
Sudden-Paramedic-137,4,2,occasional,target_centric,narrow
preswirl,1,1,occasional,target_centric,narrow
Holiday_Ad_686,6,1,occasional,target_centric,narrow
Firm-Secretary-6702,3,2,occasional,target_centric,narrow
Dull_Block5054,26,14,regular,general,broad
VXNquire,15,7,regular,general,moderate
buffbuffalosauce,1,1,occasional,target_centric,narrow
lucaskoll,1,1,occasional,target_centric,narrow
Goat_grove,39,8,regular,general,moderate
No_Fun_9976,2,1,occasional,target_centric,narrow
RabbitGuilty4239,4,2,occasional,general,narrow
tomasoignons,1,1,occasional,target_centric,narrow
MadridISC,22,12,regular,general,broad
Fearless_Gap6154,2,1,occasional,target_centric,narrow
Klutzy_Supermarket87,27,8,regular,swiss,moderate
GalacticNova360,57,23,regular,general,broad
utrimique-trebus,1,1,occasional,target_centric,narrow
Spiky-Penguin2023,156,25,regular,general,broad
nilsw99,8,4,occasional,target_centric,moderate
Wild-Try-362,6,1,occasional,target_centric,narrow
Aira_Gaira,26,10,regular,general,moderate
JvM_Photography,341,34,power,general,broad
Comfortable-Fan-3113,2,1,occasional,target_centric,narrow
DecisionOk170,1,1,occasional,target_centric,narrow
Glad-Stand,11,3,occasional,swiss,narrow
pm_tits_i_pm_back,1,1,occasional,target_centric,narrow
Warm_Parking_3994,1,1,occasional,target_centric,narrow
Vegetable-Farmer-599,15,2,regular,general,narrow
haffi112,7,4,occasional,general,moderate
Independent_Algae358,28,12,regular,academic,broad
Sad_Humor_5306,19,7,regular,general,moderate
lordnacho666,3676,204,power,general,broad
PeePeePooPoo-12,347,11,power,general,broad
Charming_Stable4481,49,6,regular,general,moderate
cryptoislife_k,2035,177,power,general,broad
ShotAd7037,35,17,regular,general,broad
Main_Gap3982,1,1,occasional,target_centric,narrow
BossBobsBaby,177,29,regular,general,broad
peynirlibaklava31,11,2,occasional,general,narrow
beaut_soup,5,3,occasional,target_centric,narrow
Ok-Independent-6167,160,15,regular,general,broad
Pelea8,4,1,occasional,target_centric,narrow
Playful_Beat_808,15,4,regular,general,moderate
Fantastic_Okra_5315,7,4,occasional,general,moderate
endlezzfacepalm,17,5,regular,general,moderate
AmazingVermicelli837,5,1,occasional,target_centric,narrow
Odd-Cat1028,3,2,occasional,swiss,narrow
TripMajestic8053,772,75,power,swiss,broad
Old-Daikon7545,2,2,occasional,target_centric,narrow
External-Ostrich-328,13,6,occasional,general,moderate
iMadz13,42,20,regular,general,broad
ConfidentUsual8992,79,32,regular,swiss,broad
CrawlyCrawler999,42,13,regular,general,broad
MaleficentDig2664,2,1,occasional,target_centric,narrow
BreadfruitOk681,1,1,occasional,target_centric,narrow
Titlerguy,63,10,regular,swiss,moderate
Strong-Boat-4942,10,2,occasional,general,narrow
Vampienne,62,9,regular,general,moderate
ProgrammerUseful9342,3,1,occasional,target_centric,narrow
MuffinPurperGuk,28,9,regular,general,moderate
LomboCom,68,16,regular,general,broad
HEIG-VD,28,9,regular,swiss,moderate
Diligent-Pear815,36,11,regular,general,broad
Jazzlike-Bid-5763,1,1,occasional,target_centric,narrow
dormalin,9,2,occasional,general,narrow
roudrich,1,1,occasional,target_centric,narrow
chronoslayerss,802,95,power,general,broad
MongeringMongoose,49,22,regular,general,broad
theSSDON,27,9,regular,general,moderate
Quinlin65,87,32,regular,general,broad
Patient-Potential-22,144,33,regular,general,broad
Automatic_World_2343,4,3,occasional,target_centric,narrow
Beorn504,4,3,occasional,general,narrow
bib_sca,3,3,occasional,general,narrow
Professional_Cod_371,58,27,regular,general,broad
Playful-Swing-8530,9,4,occasional,general,moderate
WildH10L,8,1,occasional,target_centric,narrow
melodyfeng2019,12,6,occasional,academic,moderate
tropical_waterfall,73,35,regular,general,broad
Adylala,29,12,regular,general,broad
5w49m4573r,16,5,regular,general,moderate
Ok-Environment8730,1385,82,power,general,broad
Acceptable_Brain_405,16,8,regular,general,moderate
Emmenemsss,1,1,occasional,target_centric,narrow
Beginning-Crab7470,4,1,occasional,target_centric,narrow
Gray32339,16,6,regular,general,moderate
Swimming_Cherry_8046,7,3,occasional,target_centric,narrow
bdotpeach,136,39,regular,swiss,broad
Humble_Revason,104,28,regular,general,broad
MatejMecka,9,4,occasional,general,moderate
No_Responsibility316,8,6,occasional,general,moderate
EugenExplosive,10,7,occasional,academic,moderate
Squirrel7361,44,14,regular,general,broad
niccolo789,1,1,occasional,target_centric,narrow
edoardoghio,1,1,occasional,target_centric,narrow
dunaskdunyou,33,4,regular,general,moderate
SlowPilot1777,3,1,occasional,target_centric,narrow
amyipdev,214,33,regular,general,broad
bosonsXfermions,1000,133,power,general,broad
so_phy,5,1,occasional,target_centric,narrow
Lee747,1,1,occasional,target_centric,narrow
Trick-Abies9254,11,5,occasional,swiss,moderate
LowKeyTree28,26,12,regular,general,broad
ExpertPainting4300,8,6,occasional,general,moderate
Sakura_the_cat,2,1,occasional,target_centric,narrow
yildirimozew2,6,2,occasional,general,narrow
Round-Transition-150,237,43,regular,general,broad
donotdrugs,392,77,power,general,broad
4Dort,18,10,regular,general,moderate
arhaae,6,4,occasional,general,moderate
DenseLow6551,5,2,occasional,target_centric,narrow
Upstairs_Being290,1951,76,power,general,broad
Grozfroz,432,49,power,general,broad
iYolik,13,4,occasional,swiss,moderate
LivingFarmer3239,113,8,regular,general,moderate
paegrampaging,16,5,regular,general,moderate
MeasurementWrong90,3,1,occasional,target_centric,narrow
Successful_Taro585,2,2,occasional,target_centric,narrow
DigCreative4961,9,6,occasional,general,moderate
MostAcanthisitta7336,2,1,occasional,target_centric,narrow
Fluffy-Box-6218,8,1,occasional,target_centric,narrow
Crazy-Factor-6243,5,3,occasional,general,narrow
NewspaperThick7797,1,1,occasional,target_centric,narrow
Melodic-Marsupial-58,1,1,occasional,target_centric,narrow
ShOwStOpp3r,6,3,occasional,general,narrow
OkCut6412,1,1,occasional,target_centric,narrow
I-need-answers_0,20,11,regular,general,broad
gregpr07,15,10,regular,general,moderate
Due-Cabinet9016,51,10,regular,target_centric,moderate
sir_ipad_newton,128,35,regular,general,broad
Emotional_Ad7055,737,47,power,general,broad
ololtsg,481,99,power,swiss,broad
DragonfruitFinal5550,9,4,occasional,general,moderate
Jaded_Spot2527,23,2,regular,target_centric,narrow
Professional-Grand84,1,1,occasional,target_centric,narrow
Old_Cartographer3502,1,1,occasional,target_centric,narrow
gps_navigator,2,2,occasional,target_centric,narrow
24kvolt,5,4,occasional,general,moderate
Traditional_Ear7077,5,3,occasional,general,narrow
SwissFinances,5,5,occasional,general,moderate
drakanoy,9,5,occasional,general,moderate
Lux0306,19,3,regular,general,narrow
Vivid-Somewhere-736,12,5,occasional,general,moderate
FruitProfessional599,347,39,power,general,broad
DanilloElPillo,14,3,regular,swiss,narrow
Kind-Health9211,8,4,occasional,target_centric,moderate
Sudden_Necessary_517,156,39,regular,general,broad
Individual-Arm-6229,8,5,occasional,general,moderate
Salman-ahmad,2,2,occasional,target_centric,narrow
j0fl,2,1,occasional,target_centric,narrow
stirnerssohn,3,2,occasional,target_centric,narrow
guynasch,1,1,occasional,target_centric,narrow
Chobibubu,9,3,occasional,general,narrow
Fit-Pineapple3569,11,4,occasional,target_centric,moderate
Secure-Resident-7772,202,37,regular,general,broad
BennyFunnyBunny,5,1,occasional,target_centric,narrow
Fluffy_Addendum5441,4,2,occasional,general,narrow
Mindless_Seesaw5688,393,39,power,general,broad
partTime-alcoholic,19,7,regular,general,moderate
Equal-Ad9230,1,1,occasional,target_centric,narrow
internaut401,73,23,regular,general,broad
shirohigeAni,28,7,regular,general,moderate
TheRogoc,93,8,regular,general,moderate
AwaySpread,2,1,occasional,target_centric,narrow
OkManagement6298,1,1,occasional,target_centric,narrow
Dull_Blueberry2315,9,2,occasional,target_centric,narrow
Super-Ant-3662,29,4,regular,general,moderate
youssef_chelaifa,1,1,occasional,target_centric,narrow
fullybearded_,42,11,regular,general,broad
CockroachSuitable469,1,1,occasional,target_centric,narrow
LucaDarioBuetzberger,163,68,regular,general,broad
Impressive-Desk2576,99,20,regular,swiss,broad
CampForward1170,2,1,occasional,target_centric,narrow
TheKomodoDrag0n,1,1,occasional,target_centric,narrow
Other_Theory2845,3,2,occasional,target_centric,narrow
Haunting_Lake2391,3,3,occasional,general,narrow
angremaruu,95,38,regular,general,broad
Prudent-Club1848,3,3,occasional,general,narrow
Sea_Replacement_9736,2,1,occasional,target_centric,narrow
ze_euler,5,3,occasional,swiss,narrow
simonsaysindy,1,1,occasional,target_centric,narrow
Swiss-Name,72,39,regular,general,broad
rober_tone,11,3,occasional,swiss,narrow
ChihyinAvaLin,2,1,occasional,target_centric,narrow
Lonely-Mountain104,479,51,power,swiss,broad
Naleed69,5,4,occasional,general,moderate
Sea_Imagination_8736,8,1,occasional,target_centric,narrow
pastaisyellow,7,3,occasional,general,narrow
username1234abcaq,8,6,occasional,general,moderate
ohmymind_123,513,68,power,general,broad
groot-oct22,2,1,occasional,target_centric,narrow
Successful-Refuse-65,30,3,regular,swiss,narrow
Direct_Web5159,8,2,occasional,general,narrow
ComfortableHell,35,8,regular,general,moderate
glitteryglitteryduck,1,1,occasional,target_centric,narrow
AllFinator,10,8,occasional,general,moderate
Disastrous-Prompt-65,23,8,regular,academic,moderate
Jazzlike_Writing_473,2,2,occasional,target_centric,narrow
samuelcps,1,1,occasional,target_centric,narrow
veitiggi,2,1,occasional,target_centric,narrow
Vono_,20,13,regular,general,broad
Comfortable_Image547,1,1,occasional,target_centric,narrow
ifarahat,23,13,regular,general,broad
Numerous_Holiday_257,41,9,regular,general,moderate
mvall095,4,2,occasional,target_centric,narrow
Historical_Link_142,8,4,occasional,target_centric,moderate
laurenzlrz,6,2,occasional,target_centric,narrow
Proud-Anywhere5916,857,84,power,swiss,broad
freechoice,141,23,regular,general,broad
la_catwalker,481,88,power,general,broad
Loginhe,7,2,occasional,swiss,narrow
DefinitionOk8627,1,1,occasional,target_centric,narrow
Business-Seat-5222,1,1,occasional,target_centric,narrow
hippedyhopp,2,2,occasional,target_centric,narrow
Electrical_Plane_167,1,1,occasional,target_centric,narrow
Even-Lingonberry1308,10,7,occasional,swiss,moderate
No-Morning3192,9,1,occasional,target_centric,narrow
beldatin,5,1,occasional,target_centric,narrow
dubidu1212,2,2,occasional,target_centric,narrow
D-Tie1981,20,8,regular,swiss,moderate
InevitableAd7554,62,18,regular,general,broad
justforfunbruh,99,9,regular,general,moderate
jziauz82,208,14,regular,general,broad
Davjeya_,9,2,occasional,target_centric,narrow
levu12,1028,109,power,general,broad
Yeesh0,2,1,occasional,target_centric,narrow
Additional-Maybe7788,4,4,occasional,academic,moderate
thayla00,6,4,occasional,academic,moderate
cheesecake_lover0,606,54,power,general,broad
LeopardDots,4,1,occasional,target_centric,narrow
flup52,9,8,occasional,general,moderate
ScuttleScrub,51,13,regular,general,broad
SufficientChicken215,4,1,occasional,target_centric,narrow
Subject-Version404,5,4,occasional,general,moderate
Fun-Researcher-1983,9,3,occasional,general,narrow
Thin_Sample_6456,10,1,occasional,target_centric,narrow
Dazzling_Push3769,17,2,regular,target_centric,narrow
Eeeaeeeeie,4,2,occasional,target_centric,narrow
swissplantdaddy,405,85,power,general,broad
Winter_Ambassador967,2,2,occasional,target_centric,narrow
ConfidenceUnited3757,385,43,power,swiss,broad
Ok_Jellyfish_1691,21,7,regular,swiss,moderate
Internal-Attitude449,23,4,regular,general,moderate
Connect-Ad8454,6,6,occasional,general,moderate
West-Tradition-200,7,4,occasional,general,moderate
Informal-Doubt-862,73,14,regular,general,broad
kpdecosta,3,3,occasional,general,narrow
attaccodeigiganti,2,1,occasional,target_centric,narrow
Ready-Masterpiece147,11,6,occasional,general,moderate
Ok_Criticism_1290,4,2,occasional,general,narrow
Key_Try_4097,6,2,occasional,target_centric,narrow
Not-A-Barbie-Girl,12,3,occasional,general,narrow
Royalpegasus2005,7,1,occasional,target_centric,narrow
rand0msw1ssguy,1,1,occasional,target_centric,narrow
MysuTi,4,1,occasional,target_centric,narrow
Scared-Attention-328,2,1,occasional,target_centric,narrow
FewDiver9642,14,4,regular,target_centric,moderate
seaurchin2009,31,4,regular,target_centric,moderate
butterbur-shoot,14,3,regular,swiss,narrow
Intelligent-Cry1284,5,5,occasional,general,moderate
choccaramel,241,25,regular,general,broad
Many_Sheepherder3432,2,1,occasional,target_centric,narrow
Only-Mistake-2796,19,5,regular,swiss,moderate
Legitimate-Bit-5745,25,15,regular,general,broad
Prudent_healing,1328,87,power,general,broad
zomb1,633,32,power,general,broad
JainiPatel,25,5,regular,general,moderate
Diligent_Fly_7625,1,1,occasional,target_centric,narrow
Moteke,9,6,occasional,general,moderate
MariaCourneil,11,4,occasional,general,moderate
meraya123,5,1,occasional,target_centric,narrow
Last-Ad9758,2,1,occasional,target_centric,narrow
Leading-Ad-9772,46,8,regular,general,moderate
Gullible_General60,2,1,occasional,target_centric,narrow
Neuronous01,229,41,regular,academic,broad
Suspicious_March_849,51,6,regular,target_centric,moderate
Swarilord,11,2,occasional,target_centric,narrow
Brilliant_Soft_2878,2,2,occasional,target_centric,narrow
Sea_Oil_427,1,1,occasional,target_centric,narrow
Difficult_Ask_1253,3,2,occasional,target_centric,narrow
xllaaaaa,1,1,occasional,target_centric,narrow
Next-Case-9923,16,6,regular,general,moderate
SurroundUnlucky2011,3,2,occasional,target_centric,narrow
Puzzleheaded_Work191,16,5,regular,swiss,moderate
Particular_Total_662,24,5,regular,general,moderate
Leading_Mango_3555,2,1,occasional,target_centric,narrow
Lucky-Locksmith6115,2,2,occasional,target_centric,narrow
Plastic_Base_8823,7,5,occasional,general,moderate
LilesYoj,2,1,occasional,target_centric,narrow
robob0i,4,2,occasional,target_centric,narrow
GimmeGimme2323,36,15,regular,general,broad
Electrical-Round-724,732,109,power,general,broad
Longjumping_Drink124,10,4,occasional,general,moderate
GaptistePlayer,7640,197,power,general,broad
Alifia_Fowl,8,3,occasional,target_centric,narrow
AdBitter7690,130,15,regular,general,broad
Jezza1337,656,50,power,general,broad
WrongSir6729,20,12,regular,general,broad
FirefighterFar3147,9,8,occasional,general,moderate
CarpenterJust9001,61,9,regular,general,moderate
AdvantageStunning568,58,10,regular,swiss,moderate
TheRealDatapunk,122,29,regular,general,broad
Minimum_Blueberry311,134,18,regular,general,broad
CommunicationLow3434,13,9,occasional,general,moderate
dada_georges360,369,68,power,general,broad
Exotic_Zucchini9311,1045,100,power,general,broad
PenombraET,2,2,occasional,target_centric,narrow
ceoCraque,1,1,occasional,target_centric,narrow
AdInevitable8600,2,1,occasional,target_centric,narrow
Lumpy_Protection_532,10,1,occasional,target_centric,narrow
andthatsonperiodt123,2,1,occasional,target_centric,narrow
Electronic-Mouse-312,4,4,occasional,general,moderate
AloneEmploy150,40,11,regular,general,broad
yachall007,10,6,occasional,academic,moderate
ObjectComfortable988,42,7,regular,general,moderate
OneMacADay,152,23,regular,swiss,broad
Elsonbat,61,14,regular,general,broad
crisccr,5,1,occasional,target_centric,narrow
Citrus_Singer,181,22,regular,general,broad
alani_11,7,7,occasional,general,moderate
Basic-Pay-9535,62,17,regular,general,broad
Small-Breadfruit8814,4,1,occasional,target_centric,narrow
Actual-Gas-9156,3,2,occasional,general,narrow
StarDust14B,2,2,occasional,target_centric,narrow
Comfortable-Low3018,15,4,regular,target_centric,moderate
Soggy-Shape-8283,19,10,regular,general,moderate
Ok-Tailor-3955,1,1,occasional,target_centric,narrow
Ok_Firefighter_2828,72,31,regular,general,broad
Intelligent-Roll2833,11,5,occasional,general,moderate
ThatAlexGuy5,4,2,occasional,target_centric,narrow
biochemistryislife1,17,6,regular,general,moderate
WeakOpening6695,4,2,occasional,target_centric,narrow
Delicious-Tea-4614,65,20,regular,general,broad
Total_Goose6756,468,26,power,swiss,broad
nguyennnnnnnnnnn,1,1,occasional,target_centric,narrow
swissmoneydude,576,65,power,general,broad
cesuna7,1,1,occasional,target_centric,narrow
ObviousScience293,6,3,occasional,general,narrow
Tschoesi,84,22,regular,swiss,broad
Pristine_Recording97,11,9,occasional,general,moderate
Practical-Tip-5146,12,2,occasional,target_centric,narrow
The_mad_Raccon,2091,289,power,general,broad
Responsible-Bat8386,7,1,occasional,target_centric,narrow
Alone-Ad-8524,4,4,occasional,swiss,moderate
MikeDLother,75,14,regular,general,broad
Aware-Beginning-5537,1,1,occasional,target_centric,narrow
GlassCommercial7105,5750,172,power,swiss,broad
Mean_Spinach_8721,274,38,regular,academic,broad
SaltEconomics6739,2,1,occasional,target_centric,narrow
Ecstatic-Traffic-118,182,47,regular,general,broad
eesaa_ag,6,2,occasional,target_centric,narrow
simoneTBIR,124,16,regular,general,broad
M-E_Ration4004,45,19,regular,general,broad
Whole_Cabinet5618,2,1,occasional,target_centric,narrow
Automatic_Balance_39,10,5,occasional,general,moderate
SubstantialDonkey196,2,1,occasional,target_centric,narrow
Ok_Rough2846,2,2,occasional,target_centric,narrow
Smooth_Swimming7359,3,1,occasional,target_centric,narrow
dr_tommy1,31,5,regular,general,moderate
Mobile_Metal_7418,9,5,occasional,academic,moderate
NedoKun,3,3,occasional,swiss,narrow
TheSavageEelke,5,5,occasional,general,moderate
Cano2744,78,8,regular,general,moderate
S_rto,10,3,occasional,target_centric,narrow
marc-kl,16,9,regular,general,moderate
hey515,11,6,occasional,general,moderate
EntertainmentFit5682,17,6,regular,general,moderate
Able-Dot8892,78,15,regular,swiss,broad
Fun_Cupcake1032,2,2,occasional,target_centric,narrow
UpstairsTaxi,62,4,regular,general,moderate
OG-ogguo,123,39,regular,general,broad
ecco256,117,34,regular,general,broad
justyannicc,1420,88,power,swiss,broad
jadesmooth,1,1,occasional,target_centric,narrow
sudoPURGE,14,10,regular,general,moderate
Feeling_Door1063,26,10,regular,general,moderate
2-_71828182845904523,5,2,occasional,target_centric,narrow
FunnyExcellent707,1071,179,power,swiss,broad
Crafty_Monitor_2174,1,1,occasional,target_centric,narrow
Complete-Product5589,6,4,occasional,general,moderate
JosephAusBayern,1,1,occasional,target_centric,narrow
GloveZealousideal458,169,24,regular,general,broad
Rusty5th,425,75,power,general,broad
EmbarrassedSpace4526,2,2,occasional,target_centric,narrow
Capital_Climate8709,16,4,regular,general,moderate
michisgouro9,84,10,regular,general,moderate
ThirdCaptain,19,9,regular,swiss,moderate
Junior_Cancel9536,1,1,occasional,target_centric,narrow
Terrible-Chicken-426,39,9,regular,swiss,moderate
EmploymentTough4172,18,10,regular,general,moderate
Hnriek,22,10,regular,general,moderate
chopsn-1,2,1,occasional,target_centric,narrow
Critical_Bother_9898,1,1,occasional,target_centric,narrow
yannynotlaurel,566,173,power,general,broad
ProfessionalOdd4696,6,2,occasional,general,narrow
Careful-Load9813,388,33,power,general,broad
SnooComics836,4,3,occasional,target_centric,narrow
Extension-Economy-78,83,13,regular,general,broad
Jaegerhell,5,2,occasional,target_centric,narrow
Gherman74,20,3,regular,target_centric,narrow
Feeling-Sea-4103,17,10,regular,general,moderate
Few-Friendship223,3,1,occasional,target_centric,narrow
alexandre_reol,2,1,occasional,target_centric,narrow
Abject_Pie5984,7,5,occasional,swiss,moderate
Opening-Phrase9680,7,3,occasional,swiss,narrow
anfneub,65,6,regular,swiss,moderate
DOLFYtheCAMP3R,6,2,occasional,target_centric,narrow
Nima1554,5,1,occasional,target_centric,narrow
Vansh_Deep1206,20,4,regular,general,moderate
Ambitious_Bite_4075,9,6,occasional,swiss,moderate
ramnvijkmr,1,1,occasional,target_centric,narrow
Ok-Spread-4817,4,3,occasional,general,narrow
Capital-Chair-7921,1,1,occasional,target_centric,narrow
FreeCryptographer467,21,11,regular,swiss,broad
Embarrassed_Home5739,1,1,occasional,target_centric,narrow
Emotional_Bird2660,6,2,occasional,general,narrow
cheerfulbrownies,5,2,occasional,target_centric,narrow
Open-Inflation-796,4,4,occasional,general,moderate
Potential_Pepper6873,7,3,occasional,general,narrow
Xhyshi,23,4,regular,general,moderate
12thingsilove,13,6,occasional,academic,moderate
Silver-Criticism3385,1,1,occasional,target_centric,narrow
IMJorose,141,44,regular,general,broad
nruqr,5,2,occasional,target_centric,narrow
Yeetymcyeetface6969,15,8,regular,general,moderate
Aram915,2,1,occasional,target_centric,narrow
Florraaaaa,4,1,occasional,target_centric,narrow
Mysterious_Mark594,1,1,occasional,target_centric,narrow
LegitimateTruth1778,51,8,regular,general,moderate
PangolinAccurate5623,1,1,occasional,target_centric,narrow
winter_cockroach_99,228,40,regular,general,broad
Admirable-Key-6935,11,3,occasional,general,narrow
Any-Sea264,207,32,regular,general,broad
Superb-Donut1181,8,4,occasional,swiss,moderate
PrawnCocktailLover,2,1,occasional,target_centric,narrow
SizzleFassizzle,66,14,regular,general,broad
BlockOfASeagull,3923,743,power,general,broad
Alternative_Wave793,190,29,regular,general,broad
ItsAllGoodMannnnn,427,47,power,general,broad
100mundertheocean,14,3,regular,general,narrow
Dry_Negotiation_6993,6,3,occasional,target_centric,narrow
CarthagoEagle,160,18,regular,general,broad
Motor-Lime-5344,24,10,regular,general,moderate
AlKa9_,911,119,power,general,broad
richi2554,3,1,occasional,target_centric,narrow
huntsalone01,30,11,regular,general,broad
BusyBees426,18,2,regular,target_centric,narrow
ale3006,2,2,occasional,target_centric,narrow
Hot_Elevator_8986,4,2,occasional,target_centric,narrow
PazzoDiPizza44,14,9,regular,swiss,moderate
immabefine999,9,4,occasional,general,moderate
Sudhanshu_Sb2002,4,2,occasional,target_centric,narrow
No-Department4832,1,1,occasional,target_centric,narrow
shenanigabs,70,37,regular,general,broad
Otto_von_Boismarck,894,113,power,general,broad
Appropriate_Ad7075,18,5,regular,general,moderate
Signal-Brief-284,14,5,regular,general,moderate
Weak_Welder3328,3,2,occasional,target_centric,narrow
Sure_Manner_7248,25,6,regular,academic,moderate
imsorryken,510,116,power,general,broad
AccomplishedClub4189,1,1,occasional,target_centric,narrow
No_Opening7035,4,1,occasional,target_centric,narrow
Impressive_Big_9157,1,1,occasional,target_centric,narrow
Extreme-Strawberry50,1,1,occasional,target_centric,narrow
MourdineTheViking,70,18,regular,general,broad
NotmyyUsername95,33,3,regular,general,narrow
secPunizzl,3,2,occasional,general,narrow
Cool-Damage-3762,1,1,occasional,target_centric,narrow
Chiefrockano1,18,13,regular,general,broad
Myme1899,1,1,occasional,target_centric,narrow
SOreDIT,1,1,occasional,target_centric,narrow
Moon_003,9,4,occasional,swiss,moderate
Humble-Drop129,5,2,occasional,general,narrow
My_Day311,5,3,occasional,general,narrow
M4a1x,4,3,occasional,general,narrow
xxrobobo,1,1,occasional,target_centric,narrow
B_L_G_2005,23,12,regular,general,broad
Legitimate-Boss-6658,98,21,regular,general,broad
BenchRelevant,3,1,occasional,target_centric,narrow
Level_Sherbert_1005,4,2,occasional,general,narrow
Otherwise_Lychee_33,849,142,power,general,broad
FaithlessnessDry4267,4,4,occasional,general,moderate
RacistStar,1,1,occasional,target_centric,narrow
CompetitiveKey7023,4,3,occasional,general,narrow
Loud_Foundation8053,1,1,occasional,target_centric,narrow
vanamerongen,963,144,power,general,broad
cmonosh,100,26,regular,general,broad
AbbreviationsAfraid7,2,1,occasional,target_centric,narrow
Giuseptim,10,2,occasional,general,narrow
Due_Ordinary_7962,3,2,occasional,swiss,narrow
No_Pea_2838,28,8,regular,general,moderate
zeoNoeN,205,77,regular,general,broad
Glittering-Cycle4118,75,16,regular,swiss,broad
Dry_Date_6462,108,43,regular,general,broad
floppypoppyl,22,15,regular,general,broad
Helpful_Emergency_70,127,18,regular,general,broad
Tiny-Cup-9122,597,100,power,general,broad
bb84r,2,1,occasional,target_centric,narrow
ProperMerlin,7,4,occasional,general,moderate
Disastrous-Town8709,5,1,occasional,target_centric,narrow
jingyenn,14,9,regular,general,moderate
aurapp,1,1,occasional,target_centric,narrow
weedinmyblunt,26,13,regular,general,broad
dbociat,2,1,occasional,target_centric,narrow
ExpensiveRead,37,15,regular,academic,broad
xxxgmahy,3,2,occasional,general,narrow
LoquatChoice4094,12,2,occasional,target_centric,narrow
nizzybad,79,16,regular,general,broad
Chance-Program1488,9,3,occasional,target_centric,narrow
LucianFerBell,2,1,occasional,target_centric,narrow
b0yen,1,1,occasional,target_centric,narrow
Jubijub,428,125,power,general,broad
AlperParlak2009,354,37,power,general,broad
Southern_Milk_2913,48,9,regular,general,moderate
RoIf,824,196,power,general,broad
Crazy_Logician,19,6,regular,general,moderate
swiftlivingch,2,1,occasional,target_centric,narrow
Alive_Gift2975,2,1,occasional,target_centric,narrow
Username396,80,24,regular,general,broad
S_L_U_SH,8,4,occasional,target_centric,moderate
Puzzleheaded-Cell523,69,23,regular,swiss,broad
Jazzlike_Rock_1985,4,4,occasional,swiss,moderate
Equivalent_Ship_1379,6,5,occasional,general,moderate
Less_Homework3888,1,1,occasional,target_centric,narrow
zenAndYogui,31,10,regular,general,moderate
shimy1998,4,2,occasional,target_centric,narrow
cristikat14,1,1,occasional,target_centric,narrow
x_XWrEnChX_x,4,2,occasional,target_centric,narrow
Next_Positive_6363,8,4,occasional,target_centric,moderate
Pure_Improvement9808,8,5,occasional,academic,moderate
collegeshiz,3,1,occasional,target_centric,narrow
CameraFinancial2298,231,23,regular,swiss,broad
Swimming_Diet_4535,1,1,occasional,target_centric,narrow
CallMeWhatever22,22,15,regular,general,broad
timtamtum0040,2,2,occasional,target_centric,narrow
malulu88,36,10,regular,general,moderate
Annual-Interview2876,3,1,occasional,target_centric,narrow
comp-programmer,9,1,occasional,target_centric,narrow
Remarkable_Field7304,16,8,regular,general,moderate
Fun-Virus8327,3,1,occasional,target_centric,narrow
Ok-Laugh8530,3,1,occasional,target_centric,narrow
Several-Ad-7486,9,9,occasional,general,moderate
igorsusmelj,14,5,regular,academic,moderate
Tyler-Seguin,72,12,regular,general,broad
liamsed,9,5,occasional,target_centric,moderate
pallepalinski,1,1,occasional,target_centric,narrow
Weekwithaturd,6,1,occasional,target_centric,narrow
Confident-Celery-29,51,16,regular,swiss,broad
Oliver_OE,1,1,occasional,target_centric,narrow
NatsuZG,15,7,regular,general,moderate
Affectionate-Pace377,90,31,regular,general,broad
EntropyChaser999,38,8,regular,general,moderate
Bladekuro,14,8,regular,general,moderate
igor_kasyanchuk,10,6,occasional,general,moderate
SuperScallion1998,217,9,regular,general,moderate
Yalandil,356,49,power,general,broad
Barnacle_Vast,31,8,regular,general,moderate
Logical-Cattle-7923,3,1,occasional,target_centric,narrow
yo_mama_69_24_7,101,34,regular,general,broad
Desperate_Hunter837,21,2,regular,target_centric,narrow
Street_Holiday_5740,351,43,power,general,broad
OnTheGoAlways1111,37,4,regular,swiss,moderate
chansolation,10,4,occasional,general,moderate
ExtraTNT,2779,192,power,general,broad
Silent_Yard_7835,9,2,occasional,target_centric,narrow
Ok-Woodpecker5105,17,8,regular,swiss,moderate
StandardMark,31,4,regular,target_centric,moderate
mamaguire14,60,15,regular,swiss,broad
ivansstyle,15,11,regular,general,broad
Ok-Bottle-5677,1,1,occasional,target_centric,narrow
PotUMust,2607,183,power,general,broad
nickuls,7,3,occasional,target_centric,narrow
backupaccount194,2,1,occasional,target_centric,narrow
Neat-Artichoke7781,33,14,regular,general,broad
Alert_Owl_6519,4,3,occasional,academic,narrow
Aggravating-Turn3656,3,3,occasional,general,narrow
Worldly-Phase-2461,6,3,occasional,general,narrow
InternationalOne2610,411,39,power,general,broad
47Neel47,4,4,occasional,general,moderate
Isidora33,98,7,regular,general,moderate
catchmeifyoucan_12,39,7,regular,target_centric,moderate
Otherwise_Key593,8,2,occasional,target_centric,narrow
Upbeat-Particular861,388,48,power,general,broad
Michaelpolerman,31,16,regular,swiss,broad
Top_Recognition_81,381,35,power,general,broad
Automatic-Garbage-33,101,19,regular,general,broad
gdrosos13,2,1,occasional,target_centric,narrow
mathpoly,14,4,regular,general,moderate
lunaphirm,165,31,regular,general,broad
filipdawg,2,1,occasional,target_centric,narrow
Waste_Rutabaga5444,10,3,occasional,general,narrow
Resident-Broccoli-44,1,1,occasional,target_centric,narrow
agilewriter4254,7,7,occasional,general,moderate
Asleep_Ad7694,43,7,regular,general,moderate
dragoslololol,1,1,occasional,target_centric,narrow
MinuteJealous1630,11,4,occasional,swiss,moderate
FrostingAgile3012,2,1,occasional,target_centric,narrow
0bjective-Guest,82,23,regular,general,broad
jayys02,30,12,regular,general,broad
lsparki,129,24,regular,general,broad
Interesting-Link-879,2,1,occasional,target_centric,narrow
tken3,496,84,power,general,broad
Neko_SOUSOU,3,1,occasional,target_centric,narrow
Saad_4085,69,4,regular,general,moderate
Why_Bother333,13,7,occasional,general,moderate
mnisch,4,1,occasional,target_centric,narrow
Resarox_,36,17,regular,general,broad
funuhun,81,25,regular,general,broad
Weidendorf,3,2,occasional,target_centric,narrow
Prestigious-Rain-307,1,1,occasional,target_centric,narrow
New_Definitions,58,38,regular,general,broad
Vivid_League5368,3,2,occasional,target_centric,narrow
ChristianD09,1,1,occasional,target_centric,narrow
josesdua,4,1,occasional,target_centric,narrow
LowB0b,1288,180,power,general,broad
mariammm82,95,12,regular,general,broad
Strong-Natural-3401,24,12,regular,general,broad
Bitter-Razzmatazz189,3,3,occasional,general,narrow
Schnitzel224,1,1,occasional,target_centric,narrow
mpkkke,1,1,occasional,target_centric,narrow
LegitimateParking366,13,4,occasional,general,moderate
Cute-Habit4396,1,1,occasional,target_centric,narrow
Inside-Box-3805,10,2,occasional,target_centric,narrow
Just_Avocado_1787,6,5,occasional,swiss,moderate
retardedSoothsayer,4,3,occasional,general,narrow
Top_Tumbleweed6854,29,14,regular,general,broad
T0P_NOTCH,2,2,occasional,target_centric,narrow
Chefseiler,1135,160,power,swiss,broad
tigger_six,10,7,occasional,general,moderate
Reasonable-Spray-123,6,2,occasional,target_centric,narrow
Pepper_Indigo,112,20,regular,general,broad
birdcooler_,39,16,regular,general,broad
Agloomycucumber,10,2,occasional,general,narrow
yn-laflame,48,13,regular,general,broad
Artosirak,24,16,regular,general,broad
Acrobatic-Specific98,4,3,occasional,general,narrow
ropro01,1,1,occasional,target_centric,narrow
Swiss_uni_person,5,3,occasional,general,narrow
GreedyShirt7791,1,1,occasional,target_centric,narrow
Low_Significance1768,4,2,occasional,target_centric,narrow
obaananana,1919,309,power,general,broad
Soft_Shake8766,511,72,power,general,broad
Historical_Cicada_17,18,10,regular,general,moderate
MegaYannis,13,4,occasional,general,moderate
AgSh1304,260,29,regular,general,broad
blueraspberryzz,2,2,occasional,target_centric,narrow
Additional-Ad-1035,2,2,occasional,target_centric,narrow
gundilareine,143,20,regular,swiss,broad
Broad_Hour9999,3,1,occasional,target_centric,narrow
Neither_Elephant7825,2,1,occasional,target_centric,narrow
Zealousideal-Lie1587,135,24,regular,general,broad
Sheaty111,7,3,occasional,general,narrow
Julia_Ines,3,1,occasional,target_centric,narrow
Strong_Anything_5420,5,1,occasional,target_centric,narrow
OkBee9278,1,1,occasional,target_centric,narrow
CarpenterNervous7064,1,1,occasional,target_centric,narrow
deeplearning666,18,10,regular,general,moderate
Long_Live_CR7,11,5,occasional,general,moderate
_lenni,32,13,regular,swiss,broad
_r4yan,3,2,occasional,target_centric,narrow
Competitive_Hair_773,34,8,regular,general,moderate
Graciellamk,3,2,occasional,target_centric,narrow
Ravenclaw9347,49,4,regular,general,moderate
logitech545,7,2,occasional,general,narrow
PreparationAnxious27,1,1,occasional,target_centric,narrow
nsfamous,10,5,occasional,swiss,moderate
jxszmx,20,2,regular,general,narrow
BeautifulSea829,2,1,occasional,target_centric,narrow
P3G141,3,2,occasional,target_centric,narrow
cigarettesaftersushi,144,13,regular,general,broad
TechnicalMaize6326,331,47,regular,general,broad
ClarinetteSib,274,11,regular,general,broad
Effective_Caregiver,6,3,occasional,target_centric,narrow
thawnesnips,32,9,regular,general,moderate
random47273748,8,2,occasional,target_centric,narrow
Tobo_Baldo,49,17,regular,general,broad
ben_lashon,2,1,occasional,target_centric,narrow
tiny_kazoo,53,17,regular,general,broad
SexySisyphus,129,25,regular,general,broad
javiergui,4,4,occasional,general,moderate
xCrushedIcex,520,27,power,general,broad
coverlaguerradipiero,1306,130,power,general,broad
Mindless_Bullfrog147,10,6,occasional,general,moderate
H-bonding,30,10,regular,swiss,moderate
anacyberspy,7,3,occasional,swiss,narrow
bigfoe_,16,5,regular,general,moderate
_alba4k,586,87,power,general,broad
B_3141589,3,1,occasional,target_centric,narrow
sjwprc,45,8,regular,general,moderate
Top-Process4790,84,28,regular,general,broad
freericky,688,196,power,general,broad
JOKER_YT99,3,1,occasional,target_centric,narrow
I_am_JoZ,25,10,regular,general,moderate
choco_lion,1,1,occasional,target_centric,narrow
mara_pts,7,2,occasional,swiss,narrow
Automatic-Farm-6130,3,2,occasional,target_centric,narrow
reolFygolomoH,4,2,occasional,target_centric,narrow
HumorGullible6771,42,6,regular,swiss,moderate
rowHammer5,12,8,occasional,general,moderate
NegotiationCalm4615,39,19,regular,general,broad
Fixmyn26issue,110,24,regular,general,broad
Quirky_Safety_8345,1,1,occasional,target_centric,narrow
Joel_Masc,2,2,occasional,target_centric,narrow
OutrageousClue9883,24,7,regular,academic,moderate
timothy-256,17,9,regular,general,moderate
hiltonLocLin,2,1,occasional,target_centric,narrow
ashraf_L,1,1,occasional,target_centric,narrow
MastroTomato,2,2,occasional,target_centric,narrow
Fast-Cut6347,56,30,regular,general,broad
i-var,194,34,regular,general,broad
vin2thecent,102,19,regular,general,broad
hihihahahahah,30,14,regular,general,broad
CarryPuzzleheaded208,1,1,occasional,target_centric,narrow
andre_nicky,30,9,regular,target_centric,moderate
Tommi4141,3,2,occasional,target_centric,narrow
Ok-Crazy3417,1,1,occasional,target_centric,narrow
alisar11102,1,1,occasional,target_centric,narrow
hopefully_lovable,7,3,occasional,general,narrow
Relative_Skirt_1402,103,21,regular,general,broad
Tavi_Ray,13,4,occasional,target_centric,moderate
LivingRound800,1,1,occasional,target_centric,narrow
BlacksmithNo7341,165,55,regular,general,broad
rmethz,1,1,occasional,target_centric,narrow
maximzyran,2,1,occasional,target_centric,narrow
Own-Job8850,20,2,regular,target_centric,narrow
LoweringPass,790,83,power,general,broad
Extension_Fly_104,41,7,regular,swiss,moderate
Flaky_Significance13,17,14,regular,general,broad
CodWagnerian,105,33,regular,general,broad
Cold_Ice9206,10,7,occasional,general,moderate
abhip64,1,1,occasional,target_centric,narrow
Designer-Turnip2076,5,1,occasional,target_centric,narrow
jeje17j,6,4,occasional,target_centric,moderate
NewDayEditing,27,26,regular,general,broad
Half_D3ad,15,2,regular,target_centric,narrow
arsitarchaea,1,1,occasional,target_centric,narrow
ihaveatalkingtree,12,4,occasional,general,moderate
TheWanderingOvas,2,2,occasional,target_centric,narrow
Imaginary_Job_7736,1,1,occasional,target_centric,narrow
ChildhoodNo599,5,2,occasional,target_centric,narrow
reka-cycl,2,2,occasional,target_centric,narrow
Evening-Leader978,1,1,occasional,target_centric,narrow
kosmyl,6,5,occasional,general,moderate
beekeeperwlw,3,1,occasional,target_centric,narrow
Fair_Side6646,2,1,occasional,target_centric,narrow
Good_Cry_8330,2,1,occasional,target_centric,narrow
DoktorGubler,3,2,occasional,general,narrow
Beneficial-Hippo-341,24,15,regular,general,broad
breadxxxxx,17,3,regular,general,narrow
loflamel03,4,2,occasional,target_centric,narrow
IKstreme,1,1,occasional,target_centric,narrow
territrades,1643,248,power,general,broad
lostsoul4ever_,379,60,power,general,broad
pekmezizcesme,1,1,occasional,target_centric,narrow
Personal-Peace8819,145,19,regular,swiss,broad
Huge-Pen1918,23,11,regular,general,broad
Unusual-SuspectBoing,4,2,occasional,target_centric,narrow
Altruistic-Sea6277,23,12,regular,general,broad
International-Tie-67,9,4,occasional,swiss,moderate
Dantepoetaeterno,1,1,occasional,target_centric,narrow
Afraid-Abies-6507,287,50,regular,general,broad
RCADshen,2,2,occasional,target_centric,narrow
Ok-Employment-8876,6,1,occasional,target_centric,narrow
Electronic_Reach_536,1,1,occasional,target_centric,narrow
MrThePinkEagle,45,22,regular,academic,broad
chrisswillss98,23,6,regular,general,moderate
imsoboredhelpme1,4,1,occasional,target_centric,narrow
Bobjohndud,57,23,regular,general,broad
cowboy_erich,1,1,occasional,target_centric,narrow
Ok-Lawfulness-3804,1,1,occasional,target_centric,narrow
PrestigiousTrifle836,1,1,occasional,target_centric,narrow
Teddeh03,16,4,regular,swiss,moderate
AureoEsha,7,6,occasional,general,moderate
a7exus,90,16,regular,swiss,broad
OnlyEarth76,5,2,occasional,swiss,narrow
hugsond,38,12,regular,general,broad
Mithrand-ir,270,100,regular,general,broad
Loner_0112,571,45,power,general,broad
Rash_04,71,47,regular,general,broad
Big_Bobcat_4969,1,1,occasional,target_centric,narrow
Sea-Elephant7953,4,4,occasional,general,moderate
Elegant_Sugar_6023,8,3,occasional,general,narrow
maxab27,47,42,regular,general,broad
_Voxanimus_,102,40,regular,general,broad
Negative_Charity_195,30,12,regular,general,broad
Time_Active2625,47,14,regular,swiss,broad
ElevatorFit5861,1,1,occasional,target_centric,narrow
marshumaro323,1,1,occasional,target_centric,narrow
Ok_Significance_1410,5,2,occasional,general,narrow
Icy-Trust-8563,179,38,regular,academic,broad
Harwin-,76,14,regular,general,broad
ArgueObjective5198,17,13,regular,general,broad
Leo_030529,1,1,occasional,target_centric,narrow
SnooGadgets8465,2,2,occasional,target_centric,narrow
Appropriate-Paper-28,51,6,regular,swiss,moderate
Most_Walk_9499,37,14,regular,academic,broad
JohnGaltW,2,2,occasional,target_centric,narrow
noemie_j_,5,2,occasional,target_centric,narrow
euclidslastprime,8,6,occasional,general,moderate
Future-Cherry-928,1,1,occasional,target_centric,narrow
jaskier89,870,106,power,general,broad
foooder,1045,58,power,general,broad
ExcellentCorner6937,30,2,regular,general,narrow
FlamingoNo3905,122,13,regular,general,broad
cirosch,47,13,regular,general,broad
Far-Diver4462,2,1,occasional,target_centric,narrow
Reasonable-One5141,1,1,occasional,target_centric,narrow
Lejeune_Dirichelet,242,20,regular,general,broad
adotononi,429,76,power,general,broad
Fancy_Policy_92,18,9,regular,general,moderate
Ok-Bookkeeper-2017,2,1,occasional,target_centric,narrow
Front_Drawer_4317,18,10,regular,general,moderate
Upbeat_Bandicoot_297,23,15,regular,general,broad
Worth_Inflation_2104,2232,306,power,general,broad
Top_Cartographer7245,86,21,regular,general,broad
Chance-Theory2433,1,1,occasional,target_centric,narrow
zoki_zo,74,20,regular,general,broad
Freedy_das_Fiiisch,4,3,occasional,general,narrow
studying247allday,5,4,occasional,academic,moderate
mountain11fire,1,1,occasional,target_centric,narrow
Just_A_Random_Dudu,1304,8,power,general,moderate
AllthewaymyG,74,23,regular,general,broad
companiondania,1,1,occasional,target_centric,narrow
Grand_Research_7253,12,3,occasional,target_centric,narrow
danielkorth,2,1,occasional,target_centric,narrow
marschmallowfellow,12,7,occasional,general,moderate
TechnologySubject111,62,8,regular,general,moderate
angel_of_darknesss,14,9,regular,general,moderate
Double_Shacker,7,5,occasional,general,moderate
Resident-Theme8413,10,4,occasional,general,moderate
Noodle--Monster,58,35,regular,general,broad
goRobo14,4,4,occasional,general,moderate
Acrobatic-Bill1366,64,23,regular,academic,broad
Material_East4866,19,7,regular,swiss,moderate
Due-Refuse-9287,2,1,occasional,target_centric,narrow
MaxPower19997,73,14,regular,general,broad
Flimsy-Industry-4973,75,29,regular,general,broad
CEO_of_FISH,36,25,regular,general,broad
OneEyedHokage,40,14,regular,general,broad
raphael_ungaro,1,1,occasional,target_centric,narrow
Neuronous,34,11,regular,general,broad
Top-Huckleberry-9654,12,4,occasional,swiss,moderate
viviviwi,78,26,regular,general,broad
NomDeiX,116,21,regular,general,broad
mywhatisthis,47,14,regular,general,broad
Elegant_Watch_7579,2,1,occasional,target_centric,narrow
SwissBossgirl-8000,2,1,occasional,target_centric,narrow
Historical_Buddy935,5,3,occasional,target_centric,narrow
ParsleyObjective3387,9,7,occasional,general,moderate
OkLengthiness8315,12,7,occasional,swiss,moderate
MauroRaw,1,1,occasional,target_centric,narrow
SignificanceOk279,3,2,occasional,general,narrow
strawberry2507,5,4,occasional,general,moderate
fanny-dtz1121,9,2,occasional,target_centric,narrow
Flimsy_Bluebird_4668,70,26,regular,general,broad
ClemRRay,1860,213,power,general,broad
ashhlinx_28,17,5,regular,general,moderate
FifaPointsMan,184,39,regular,general,broad
Diamondspensbags,103,28,regular,swiss,broad
TrdNugget,62,5,regular,general,moderate
HauntingStrategy7797,4,1,occasional,target_centric,narrow
ScaryAd5333,25,2,regular,general,narrow
Palladium_2k,38,16,regular,general,broad
Thog78,1413,143,power,general,broad
Agile_Homework_1486,1,1,occasional,target_centric,narrow
Intl_in_CH,1,1,occasional,target_centric,narrow
Competitive_Way6772,422,238,power,general,broad
Puzzleheaded-Pen4413,1768,212,power,general,broad
Eris_sama_,12,3,occasional,target_centric,narrow
Immediate_Belt_3802,2,2,occasional,target_centric,narrow
outrageous_unfair,1,1,occasional,target_centric,narrow
Dull_Aardvark1776,8,3,occasional,target_centric,narrow
rocket_d00,4,2,occasional,target_centric,narrow
Accomplished-Face524,24,6,regular,swiss,moderate
Icy-Ease1464,34,10,regular,general,moderate
beij4-fl0r,18,6,regular,general,moderate
SleakStick,370,101,power,general,broad
ClientLive5774,10,6,occasional,general,moderate
HydrogenTank,165,29,regular,general,broad
Fantastic_Ebb_3397,96,30,regular,general,broad
Rici66_,6,3,occasional,target_centric,narrow
Far-Restaurant-5822,19,2,regular,target_centric,narrow
NotHighFiveGuy,12,3,occasional,general,narrow
OkaTeluguAbbayi,1561,120,power,general,broad
Ok_Adagio_1515,68,7,regular,swiss,moderate
Pdiddydondidit,595,124,power,general,broad
lava_0106,58,11,regular,general,broad
negr88,177,76,regular,general,broad
church_physicist,43,10,regular,target_centric,moderate
Quivnite,644,47,power,general,broad
ConfectionNo4117,1,1,occasional,target_centric,narrow
Zealousideal-Car6235,69,17,regular,general,broad
ElkNo1077,26,13,regular,general,broad
Alsoce,32,11,regular,general,broad
Candle_No,6,2,occasional,general,narrow
foldfoldfoldfoldfold,1,1,occasional,target_centric,narrow
ajackcola,72,28,regular,general,broad
Savings-Caregiver332,15,6,regular,general,moderate
Any_Cod_8565,4,2,occasional,target_centric,narrow
Vss11,14,4,regular,general,moderate
theamidamaru,70,12,regular,general,broad
Particular_Bid_806,2,2,occasional,target_centric,narrow
Azmort1293,183,79,regular,general,broad
Signal_Cattle5476,3,2,occasional,general,narrow
Famous_Selection1271,3,1,occasional,target_centric,narrow
gabsmora,32,9,regular,swiss,moderate
khaxaan,7,4,occasional,swiss,moderate
pseudodood,1,1,occasional,target_centric,narrow
Optimal_Credit3756,2,2,occasional,target_centric,narrow
Odd_Calligrapher8826,17,3,regular,general,narrow
chocbananabread,3,1,occasional,target_centric,narrow
Zealousideal_Ad7602,286,80,regular,general,broad
Entjic,5,2,occasional,target_centric,narrow
Emergency_Ship5193,3,1,occasional,target_centric,narrow
EnthusiasmOld3622,4,3,occasional,swiss,narrow
hey_its_meeeeeeeee,3,2,occasional,target_centric,narrow
avocadoman231,17,12,regular,general,broad
Upbeat_Initial_5343,21,3,regular,swiss,narrow
True-Warthog-1892,1601,164,power,general,broad
the_other_Scaevitas,1663,183,power,general,broad
External_Deer_9607,1,1,occasional,target_centric,narrow
Ivandre,12,8,occasional,general,moderate
Soggy_Football_2481,2,1,occasional,target_centric,narrow
Dizzy-Economist-474,24,6,regular,target_centric,moderate
Patient-District626,2,1,occasional,target_centric,narrow
Extreme-Air-7714,17,6,regular,target_centric,moderate
Apprehensive-Hat7602,24,5,regular,general,moderate
Alessandro-DeCrypto,2,2,occasional,target_centric,narrow
Limp-Promise989,28,13,regular,general,broad
AnxietyConscious2777,2,1,occasional,target_centric,narrow
Lazy_Cardiologist704,6,2,occasional,swiss,narrow
sebob0,10,6,occasional,general,moderate
Biggie_Nuf,1246,285,power,general,broad
Fit_Interview_566,102,18,regular,general,broad
father-of-theseus,34,11,regular,swiss,broad
dotofthedot,2,2,occasional,target_centric,narrow
adnan_3071,12,6,occasional,general,moderate
youngvalley215,4,2,occasional,target_centric,narrow
barbu8,28,5,regular,general,moderate
ThrowawayAdvice-293,962,61,power,general,broad
phi_curious,3445,58,power,general,broad
MKNarek,23,9,regular,general,moderate
Rafael_18,16,4,regular,general,moderate
MrManNumber2,8,4,occasional,general,moderate
Express-Map-8965,10,8,occasional,general,moderate
Dramatic-Signal-3123,34,4,regular,general,moderate
lapqnco,4,2,occasional,target_centric,narrow
HaFreLE,1,1,occasional,target_centric,narrow
Poujh1,89,10,regular,swiss,moderate
YakKey6933,30,6,regular,swiss,moderate
numanballi,3,2,occasional,target_centric,narrow
Substantial-Pie289,85,17,regular,general,broad
Livid-Spray-2502,16,7,regular,general,moderate
Alternative-Owl-1754,1,1,occasional,target_centric,narrow
Impressive-Test-2484,15,6,regular,general,moderate
Sad-Marionberry5359,44,4,regular,general,moderate
giuliana_69,1,1,occasional,target_centric,narrow
DAR6969,81,11,regular,general,broad
objcmm,170,33,regular,general,broad
chafporte,319,132,regular,general,broad
wryou,3,3,occasional,general,narrow
TemporaryNo8049,1,1,occasional,target_centric,narrow
Natural-Bridge-905,2,2,occasional,target_centric,narrow
IndependentFig715,1,1,occasional,target_centric,narrow
Superb_Education9051,45,7,regular,general,moderate
Ok_Illustrator3145,2,1,occasional,target_centric,narrow
KaleidoscopeNo9839,3,1,occasional,target_centric,narrow
Popculture_Nerd90,1,1,occasional,target_centric,narrow
Impossible_Roll_2382,51,7,regular,general,moderate
Definixislive,22,8,regular,swiss,moderate
Darkdriller,3,1,occasional,target_centric,narrow
plasyon33,2,2,occasional,target_centric,narrow
maximus_autismus,6,2,occasional,target_centric,narrow
HunterParticular4594,1,1,occasional,target_centric,narrow
Aure20,1289,17,power,general,broad
One_Manufacturer8858,1,1,occasional,target_centric,narrow
xerotor,156,37,regular,general,broad
Noway721,242,71,regular,general,broad
TenthBox,23,9,regular,general,moderate
Assido,4,3,occasional,general,narrow
Ambitious-Year5154,12,4,occasional,general,moderate
No-Razzmatazz7688,135,38,regular,general,broad
Old_Explanation4248,6,1,occasional,target_centric,narrow
asiof3d,19,9,regular,general,moderate
becoming_stoic,76,23,regular,general,broad
LockandLoadyeet,6,4,occasional,target_centric,moderate
Ok_Ask_1604,75,14,regular,general,broad
Independent_Fly_7721,4,2,occasional,target_centric,narrow
amusing-kwang,2,1,occasional,target_centric,narrow
Hallobanana,9,5,occasional,general,moderate
ChadiusTheMighty,415,115,power,general,broad
Faaaabio,1,1,occasional,target_centric,narrow
XenobladeGamer911,2,1,occasional,target_centric,narrow
Efficient_Builder923,2185,422,power,general,broad
MintakaMinthara,175,29,regular,general,broad
boipls,35,13,regular,general,broad
Desperate-Pick-1632,1,1,occasional,target_centric,narrow
tjmeca,2,1,occasional,target_centric,narrow
rebelfriend,8,7,occasional,general,moderate
Neither-Currency1426,5,1,occasional,target_centric,narrow
Krat0r_,3,1,occasional,target_centric,narrow
eneepic,799,13,power,general,broad
ExoticClient8146,9,1,occasional,target_centric,narrow
Repulsive_Award_3416,31,18,regular,general,broad
Former_Tank3155,1,1,occasional,target_centric,narrow
LogThatData,1,1,occasional,target_centric,narrow
Longjumping_Push_555,53,9,regular,general,moderate
Aggravating_Oil383,117,21,regular,general,broad
Umer2000,3,1,occasional,target_centric,narrow
Ayonx,25,15,regular,general,broad
Zealousideal_Might84,5,3,occasional,swiss,narrow
Space_ship_90,2,1,occasional,target_centric,narrow
ElenElinova,5,2,occasional,academic,narrow
Forward-Net9930,2,1,occasional,target_centric,narrow
markov_mongoose13,5,3,occasional,swiss,narrow
AffectionateFuel2540,4,1,occasional,target_centric,narrow
AccurateRock9412,62,6,regular,general,moderate
Obvious-Objective525,19,15,regular,swiss,broad
CressObjective2720,4,3,occasional,general,narrow
Far_Fig_7416,12,4,occasional,general,moderate
breakdancebeb,61,17,regular,general,broad
ade_zoe_2107,10,5,occasional,swiss,moderate
snugglezqq,12,8,occasional,general,moderate
Plant-Millie,13,4,occasional,general,moderate
WatercressOk5275,10,5,occasional,target_centric,moderate
Arwayy,2,1,occasional,target_centric,narrow
Inevitable_Friend_22,6,4,occasional,swiss,moderate
tchtchtchboom,9,5,occasional,general,moderate
Arsi_Man,1,1,occasional,target_centric,narrow
SelfImprover310806,15,5,regular,general,moderate
Ill_Engineering_8779,143,17,regular,general,broad
Ambitious_Lie_7664,14,4,regular,target_centric,moderate
cutiePatwotie,102,40,regular,general,broad
Educational_Word_633,1370,144,power,general,broad
glatzplatz,187,52,regular,swiss,broad
Invinciblebro_2209,14,6,regular,general,moderate
DentistOwn2575,19,9,regular,general,moderate
Kindly_Release_834,3,2,occasional,target_centric,narrow
bananapooper2000,1,1,occasional,target_centric,narrow
JoJoModding,1128,193,power,general,broad
honeytrap93,3,3,occasional,swiss,narrow
Few-Loquat-1816,1,1,occasional,target_centric,narrow
lioekst,27,15,regular,general,broad
Difficult-Tie-9764,100,29,regular,general,broad
Ihatemyboom,6,2,occasional,target_centric,narrow
halperk,10,1,occasional,target_centric,narrow
mbache,6,1,occasional,target_centric,narrow
Opening-Tart-7475,176,15,regular,general,broad
UselessAsAqua,26,7,regular,general,moderate
____Hunter____,1,1,occasional,target_centric,narrow
Next_Novel7092,34,17,regular,general,broad
No_Top4712,7,5,occasional,general,moderate
Ok_Cake_6280,71,11,regular,academic,broad
Wooden-Inflation5433,1,1,occasional,target_centric,narrow
Straight-Regular3841,95,9,regular,general,moderate
Ike11000,15,11,regular,general,broad
CaregiverNice7347,14,7,regular,general,moderate
CopyIndependent4212,9,6,occasional,general,moderate
Macaroon-Bulky,9,3,occasional,general,narrow
gooseneckbarnecle,2,1,occasional,target_centric,narrow
MitjaKobal,476,44,power,general,broad
freedomenjoyr,46,18,regular,general,broad
Relevant-Cry-6722,27,2,regular,swiss,narrow
fruity_cupcake56,106,12,regular,general,broad
stuckinswitzerland,6,4,occasional,swiss,moderate
kalashnikovgobrrrr,742,38,power,general,broad
Electronic-Will-2233,816,104,power,general,broad
Namratha_v_patil,35,14,regular,general,broad
ninjaris,1,1,occasional,target_centric,narrow
Independent_Sea_6381,3,2,occasional,target_centric,narrow
Southern_Professor69,27,16,regular,general,broad
Arman-12345,8,5,occasional,swiss,moderate
andres-nav,3,2,occasional,target_centric,narrow
No_Builder_9312,458,26,power,general,broad
Silver_Exam4489,9,8,occasional,general,moderate
Accomplished-Creme-9,29,10,regular,swiss,moderate
Oxymoron089,4,4,occasional,general,moderate
Special-Cherry-8890,3,1,occasional,target_centric,narrow
No_Shape9838,16,4,regular,general,moderate
Pibagirlie,56,12,regular,general,broad
Relativity-009,1,1,occasional,target_centric,narrow
Krofnica18,55,14,regular,general,broad
yoPS24t,1,1,occasional,target_centric,narrow
SignificantArmy9546,320,35,regular,general,broad
Dull_Bunch5598,6,3,occasional,target_centric,narrow
Outrageous-Balance40,13,5,occasional,swiss,moderate
Arsiesis,168,42,regular,general,broad
Maleficent-Tea-2336,5,2,occasional,target_centric,narrow
pauerranger,4,3,occasional,target_centric,narrow
biotech_junky,3,2,occasional,general,narrow
RoseDaddy513,12,5,occasional,swiss,moderate
OrangeBiskit,21,10,regular,general,moderate
No-Establishment2902,16,10,regular,general,moderate
Rabid_Mexican,343,71,power,general,broad
dalekfodder,54,20,regular,swiss,broad
super_foo,2,2,occasional,target_centric,narrow
LackBig1647,18,6,regular,general,moderate
Powerful_Broccolio,10,4,occasional,target_centric,moderate
krakenGT,5,4,occasional,general,moderate
j-albay,5,2,occasional,target_centric,narrow
Rediculie20000,21,14,regular,general,broad
cosmic_2000,16,5,regular,general,moderate
OtherwiseDoubt1966,2,1,occasional,target_centric,narrow
CedricDoutaz,12,1,occasional,target_centric,narrow
Proper_Revolution279,1,1,occasional,target_centric,narrow
Folkenstal,14,7,regular,general,moderate
Critical_Pie7311,13,4,occasional,swiss,moderate
FaboulsCaramel,4,2,occasional,target_centric,narrow
Nexgan,12,4,occasional,general,moderate
mprouno007,7,2,occasional,target_centric,narrow
VisualActuary6812,1,1,occasional,target_centric,narrow
WildH10,49,13,regular,general,broad
Spikeymon,18,10,regular,general,moderate
SolidEntrance5140,1,1,occasional,target_centric,narrow
Sassewere,31,10,regular,general,moderate
Huge_Ad_8201,32,10,regular,general,moderate
Ok-Equipment2817,48,9,regular,general,moderate
minibeto666,5,3,occasional,general,narrow
randomrizz,3,2,occasional,general,narrow
Fun-Reference7143,33,9,regular,swiss,moderate
polyakovnameste,114,40,regular,general,broad
No_Worldliness_2647,4,3,occasional,target_centric,narrow
xenuniz,20,10,regular,general,moderate
South-Rain1571,1,1,occasional,target_centric,narrow
Hopeful-Quantity5155,1,1,occasional,target_centric,narrow
Remarkable-Fun7562,19,5,regular,swiss,moderate
srf3_for_you,360,97,power,general,broad
emily83629,22,20,regular,general,broad
Live_Yak_1711,9,6,occasional,general,moderate
Commercial-Country-9,2,1,occasional,target_centric,narrow
Glum-Obligation-921,10,2,occasional,target_centric,narrow
symbolic-autoencoder,18,12,regular,general,broad
HodiVibes,1,1,occasional,target_centric,narrow
WeakIndependent4072,7,4,occasional,general,moderate
Anxious_Physics_69,1,1,occasional,target_centric,narrow
not_so_lean,29,9,regular,general,moderate
Colon_78Lu,76,40,regular,general,broad
Muffygamer123,63,19,regular,general,broad
notanimposterr,7,6,occasional,general,moderate
VEGETA_911,56,8,regular,general,moderate
TinyNinja888,18,3,regular,general,narrow
Tight-Wolverine-5171,4,4,occasional,general,moderate
Choice-Drawer3981,95,24,regular,general,broad
TPcz,3,1,occasional,target_centric,narrow
Professional_Pie3081,1,1,occasional,target_centric,narrow
Wiitchblades,30,5,regular,swiss,moderate
Exotic-Housing-4179,13,4,occasional,general,moderate
LuckyParty2994,91,30,regular,general,broad
albasili,84,18,regular,general,broad
Vegetable-Moose916,7,5,occasional,general,moderate
obolli,1306,159,power,general,broad
A_fellow_Taelien,1,1,occasional,target_centric,narrow
HonestConcentrate570,2,1,occasional,target_centric,narrow
kshipps,2,1,occasional,target_centric,narrow
Worried_Emotion3809,1,1,occasional,target_centric,narrow
kokokoman,19,9,regular,general,moderate
Storm_chaser2252,8,4,occasional,general,moderate
North_Dinner_8946,370,62,power,general,broad
Ok_Barnacle_9872,1,1,occasional,target_centric,narrow
Zboubard,4,4,occasional,general,moderate
theonelostTaco,53,11,regular,general,broad
Ill_Willingness_2224,2,1,occasional,target_centric,narrow
SignificanceOk7417,4,4,occasional,general,moderate
Rude_Revenue_6131,12,3,occasional,general,narrow
Ok_Carrot_366,3,2,occasional,target_centric,narrow
doniael91102,8,3,occasional,target_centric,narrow
Serious_Soft_9293,72,8,regular,general,moderate
No_Bet_8525,1,1,occasional,target_centric,narrow
la_linea_scura,52,20,regular,general,broad
BaseballWorldly6151,4,3,occasional,target_centric,narrow
EfficiencyHuge4811,20,5,regular,target_centric,moderate
Prestigious-Yellow38,5,3,occasional,general,narrow
StatusYak8926,1,1,occasional,target_centric,narrow
Disastrous-Desk6322,129,19,regular,general,broad
Direct_Bunch_486,14,3,regular,general,narrow
Pieceofshit78,11,9,occasional,general,moderate
Gluflex,8,5,occasional,general,moderate
Frexmax,2,1,occasional,target_centric,narrow
Ok-Muffin6779,21,3,regular,general,narrow
MobyDaDack,735,46,power,general,broad
Joseph_Statistician-,41,33,regular,general,broad
schwerbherb,16,10,regular,swiss,moderate
Nando5011,1,1,occasional,target_centric,narrow
alyasltd,24,5,regular,target_centric,moderate
frogs4frogs4,1,1,occasional,target_centric,narrow
Mundane_Substance775,1,1,occasional,target_centric,narrow
Suitable_Ad7616,3,3,occasional,general,narrow
Pale-Manufacturer151,9,5,occasional,general,moderate
Crafty-Ad5230,2,2,occasional,target_centric,narrow
Various-Literature37,3,2,occasional,target_centric,narrow
foultayeb,1,1,occasional,target_centric,narrow
hrdcore_bkr,52,10,regular,general,moderate
Individual-Rope-7003,2,1,occasional,target_centric,narrow
Frosty-Breadfruit724,9,3,occasional,target_centric,narrow
ExtremeHairLoss,1135,183,power,general,broad
TheDankestOfDankers,2,2,occasional,target_centric,narrow
HiddenShadow7,60,12,regular,general,broad
Competitive_Yam_977,829,103,power,general,broad
moviesuggest,148,24,regular,general,broad
Negative_Campaign_36,1,1,occasional,target_centric,narrow
Weak_Ad2389,4,3,occasional,general,narrow
Fit_Internal8435,1,1,occasional,target_centric,narrow
zkoura,1,1,occasional,target_centric,narrow
Majestic-Prize-5454,2,1,occasional,target_centric,narrow
Omarthemadlad,1,1,occasional,target_centric,narrow
XTOPHER93,11,4,occasional,general,moderate
No_Listen9747,8,3,occasional,general,narrow
dapagv,5,4,occasional,general,moderate
Resident_Iron6701,1552,95,power,general,broad
Murky_Care2387,25,7,regular,general,moderate
Conscious_Fox_1338,5,2,occasional,target_centric,narrow
AlbionToUtopia,57,26,regular,general,broad
oligirard,1,1,occasional,target_centric,narrow
MasterKaelos,177,36,regular,general,broad
ClassroomIll9038,24,14,regular,general,broad
lurente,1,1,occasional,target_centric,narrow
vin-zzz,254,37,regular,general,broad
zanimljivo123,2123,76,power,general,broad
cd1f3b41f6fd3140f99c,374,33,power,general,broad
Tricky-Magazine2303,40,33,regular,general,broad
Healthy-Strain5279,9,6,occasional,general,moderate
Dazzling_Patient7209,49,16,regular,general,broad
sheesh268855,1,1,occasional,target_centric,narrow
nooknookbruh,10,3,occasional,target_centric,narrow
Healer_J,116,24,regular,general,broad
ReLumtur,1,1,occasional,target_centric,narrow
BigMechanicBoi,234,28,regular,swiss,broad
Lumpy_Software_5414,2,1,occasional,target_centric,narrow
merca_reddit,8,2,occasional,general,narrow
FantasticQuestions,15,3,regular,general,narrow
Super_Conflict_8683,44,15,regular,academic,broad
Plus-Expression-2378,1,1,occasional,target_centric,narrow
Dry-Bag-7514,1,1,occasional,target_centric,narrow
Immyisme,6,3,occasional,general,narrow
TAKE-IT-UP-THE-BUTT,128,39,regular,general,broad
Realistic-Tonight-29,110,14,regular,general,broad
RaresBares,1,1,occasional,target_centric,narrow
Which_Sound_8255,1,1,occasional,target_centric,narrow
Exact-Entrepreneur-1,42,6,regular,general,moderate
Error_401__,10,6,occasional,general,moderate
lordhelmchench,144,43,regular,general,broad
brokenberries,5,4,occasional,general,moderate
True_Juggernaut_3173,1,1,occasional,target_centric,narrow
Head-Influence2194,1,1,occasional,target_centric,narrow
pgsdgrt,214,47,regular,general,broad
Serious_Divide4434,1,1,occasional,target_centric,narrow
covidbryant2407,107,33,regular,general,broad
MasterpieceNo4992,120,46,regular,general,broad
Particular_Share1538,10,3,occasional,swiss,narrow
Adventurous_Pipe5346,3,1,occasional,target_centric,narrow
Quirky_Tax_6021,80,26,regular,general,broad
Expensive_Peanut2966,29,7,regular,general,moderate
soloraven22,193,56,regular,general,broad
Personal-Cow4636,2,1,occasional,target_centric,narrow
SweetPotato118,132,24,regular,general,broad
maxwell333333,3,1,occasional,target_centric,narrow
Ok-Apple-1069,4,1,occasional,target_centric,narrow
Silly_Diver_3307,13,7,occasional,general,moderate
Ok-Cancel-973,1,1,occasional,target_centric,narrow
Puzzleheaded_Bid3812,1,1,occasional,target_centric,narrow
Past_Benefit2868,37,14,regular,general,broad
DttD26,5,1,occasional,target_centric,narrow
No_Unit8849,7,3,occasional,swiss,narrow
SubstantialFan4248,27,8,regular,academic,moderate
Snoo_29890,9,6,occasional,general,moderate
the5november,8,3,occasional,swiss,narrow
imaricebucket,13,4,occasional,general,moderate
Disastrous-Art-2438,2,1,occasional,target_centric,narrow
kevindrakebly,1,1,occasional,target_centric,narrow
InterestedInIDBMsc,1,1,occasional,target_centric,narrow
rekshana789,1,1,occasional,target_centric,narrow
IndependentBeat2551,18,4,regular,target_centric,moderate
Mediocre-Insect3263,1,1,occasional,target_centric,narrow
oolala-oolala,11,5,occasional,target_centric,moderate
Exotic_Fig_4604,296,47,regular,general,broad
Maelstrom-Surfer,21,13,regular,general,broad
IrreverentStudent,5,3,occasional,general,narrow
brabetzdoge,2,2,occasional,target_centric,narrow
Larscey,1,1,occasional,target_centric,narrow
Separate_Mountain_61,3,3,occasional,general,narrow
litrogh,8,4,occasional,swiss,moderate
Coloneljesus,331,75,regular,general,broad
Feeling_Progress1565,1,1,occasional,target_centric,narrow
Diego_0638,251,78,regular,general,broad
a3_g6,1,1,occasional,target_centric,narrow
Bubbly_Abalone_1565,1,1,occasional,target_centric,narrow
Severe_Guess_6163,6,1,occasional,target_centric,narrow
No_Set6719,1,1,occasional,target_centric,narrow
Anca1243,3,2,occasional,general,narrow
Specific-Station-203,9,3,occasional,target_centric,narrow
scellers,27,6,regular,general,moderate
Top_Director_9330,4,2,occasional,target_centric,narrow
sk214qqa,6,4,occasional,target_centric,moderate
GladHistorian9851,8,3,occasional,general,narrow
OddProposal8097,4,2,occasional,target_centric,narrow
Successful-Goal-6387,2,2,occasional,target_centric,narrow
Dhgno57,133,8,regular,general,moderate
Single_Theory_9084,2,1,occasional,target_centric,narrow
OkproOW,214,49,regular,general,broad
blackpancakestorm,3,3,occasional,general,narrow
Sofia_Claymore,25,5,regular,general,moderate
Decent-Clothes-,3,3,occasional,swiss,narrow
i_am_da_1_who_knocks,41,12,regular,general,broad
DebuggingPanda,21,6,regular,general,moderate
Jaspeey,241,39,regular,general,broad
Lumpy_Letterhead_928,3,1,occasional,target_centric,narrow
Eldan985,3028,270,power,general,broad
Tripledelete,365,48,power,general,broad
Dizzy_Property_6452,2,1,occasional,target_centric,narrow
Low-Job4341,61,19,regular,general,broad
Significant_Comfort6,34,10,regular,general,moderate
dbdang-7,5,3,occasional,swiss,narrow
jolomisan-03,4,4,occasional,general,moderate
Unhappy_Ad309,10,5,occasional,general,moderate
Outrageous_Waltz_901,1,1,occasional,target_centric,narrow
Born_Job_3231,4,3,occasional,target_centric,narrow
KewlOBoi,9,6,occasional,general,moderate
Upset_Replacement684,381,43,power,general,broad
A_fry_on_top,9,4,occasional,academic,moderate
Logical_Load_7424,1,1,occasional,target_centric,narrow
bad-humoouer,3,2,occasional,target_centric,narrow
NoResearcher2129,2,1,occasional,target_centric,narrow
SatisfactionDue9115,1,1,occasional,target_centric,narrow
Particular_Ad4119,37,7,regular,general,moderate
Few_Ad8913,420,55,power,general,broad
Beginning-Board4425,4,1,occasional,target_centric,narrow
Knetsli,11,4,occasional,general,moderate
JatWise,103,45,regular,general,broad
Reasonable_Walk_1698,2,2,occasional,target_centric,narrow
occassionalreddit,4,2,occasional,target_centric,narrow
DataDuchesss,8,5,occasional,swiss,moderate
Big_Guns_42069,1,1,occasional,target_centric,narrow
YellowTech,26,12,regular,general,broad
iamstudent_DACH,200,8,regular,general,moderate
Redditedito,21,11,regular,general,broad
2racest333,220,44,regular,general,broad
Hollooo,786,70,power,general,broad
_Vxndetta,541,59,power,general,broad
Due-Butterfly-8276,22,6,regular,general,moderate
holy_slop,23,10,regular,general,moderate
Big_Dimension_4637,83,24,regular,general,broad
Fast-Garden-8162,7,7,occasional,general,moderate
TenBrnak,4,1,occasional,target_centric,narrow
Difficult_Bonus8784,1,1,occasional,target_centric,narrow
Outrageous-Sun3203,53,21,regular,general,broad
clumsy_ira,6,4,occasional,general,moderate
Jazzlike-Maize6132,1,1,occasional,target_centric,narrow
AdditionalWishbone16,72,17,regular,academic,broad
blinkjustblink2021,3,3,occasional,general,narrow
macchine_brum,38,7,regular,swiss,moderate
rzninvo,1,1,occasional,target_centric,narrow
throwaway_072104,2,1,occasional,target_centric,narrow
bisoooo,2,2,occasional,target_centric,narrow
insanityinathrowaway,102,15,regular,general,broad
Kylinny-YJY,2,2,occasional,target_centric,narrow
EuropeIsMight,565,111,power,general,broad
Capital-Cat4898,35,23,regular,general,broad
Deschwa92,53,27,regular,general,broad
Appymon,1883,867,power,general,broad
Odd_Try5499,164,40,regular,general,broad
LinkyMD,6,3,occasional,general,narrow
P1r4nha,533,82,power,swiss,broad
Accomplished-Dog5691,8,4,occasional,swiss,moderate
Lenoil_,1,1,occasional,target_centric,narrow
mugahed10,1,1,occasional,target_centric,narrow
No-Iron8029,24,8,regular,general,moderate
vinnie92,22,11,regular,general,broad
Less-Geologist-5792,2,1,occasional,target_centric,narrow
CabinetNearby6371,1,1,occasional,target_centric,narrow
MauriceMiles,28,6,regular,general,moderate
TheLonelyBirdie,4,4,occasional,general,moderate
Specific-Tip-108,3,1,occasional,target_centric,narrow
Some-Active71,307,50,regular,general,broad
Gravi-Vector,207,29,regular,general,broad
SandwichExpensive542,183,33,regular,general,broad
Upstairs_Sorbet2674,7,4,occasional,target_centric,moderate
pmyourpasswords,1,1,occasional,target_centric,narrow
couch_143_potato,56,10,regular,swiss,moderate
Due_Internet6281,1,1,occasional,target_centric,narrow
Commercial-Stop-872,11,7,occasional,general,moderate
jalal0602,4,4,occasional,general,moderate
No-Bowl778,1,1,occasional,target_centric,narrow
computer_AM,120,27,regular,general,broad
decidu3y3,31,11,regular,general,broad
BeeCuriouus,161,25,regular,swiss,broad
pyskee__,1,1,occasional,target_centric,narrow
NoMaintenance3794,44,25,regular,general,broad
morhangea,238,48,regular,general,broad
zed_ninja,5,2,occasional,target_centric,narrow
Lumpy_Friendship2418,2,2,occasional,target_centric,narrow
Brilliant-Sale3204,1,1,occasional,target_centric,narrow
WhatTheJuk,12,8,occasional,general,moderate
Equivalent-Score-100,7,2,occasional,target_centric,narrow
SignalToServo,1,1,occasional,target_centric,narrow
Born_Presentation821,48,8,regular,general,moderate
ztbwl,111,46,regular,general,broad
Narrow-Wind8527,40,12,regular,swiss,broad
Past-Resource-3094,3,2,occasional,general,narrow
matesuechtig,4,2,occasional,target_centric,narrow
venividivitis,107,32,regular,general,broad
haoleiz,1,1,occasional,target_centric,narrow
Xblth,64,26,regular,general,broad
Authentic_Weebsite,4,2,occasional,general,narrow
ExpensiveQuit5386,16,11,regular,general,broad
Feeling-Analysis-940,38,14,regular,general,broad
Stunning_Ad_1541,112,37,regular,general,broad
Several-Insurance-76,46,11,regular,general,broad
AdEquivalent3805,1,1,occasional,target_centric,narrow
Domundy1,3,3,occasional,swiss,narrow
Any_Swim_5765,1,1,occasional,target_centric,narrow
Ok-Improvement4675,1,1,occasional,target_centric,narrow
Anxious-IceDreamer04,2,2,occasional,target_centric,narrow
Fantastic-View-6626,13,4,occasional,academic,moderate
TenenteColomboTV,4,3,occasional,target_centric,narrow
Total_Development684,3,2,occasional,target_centric,narrow
lost9Penguin,35,17,regular,general,broad
hotushsbfixne,6,5,occasional,general,moderate
MKKGFR,185,39,regular,general,broad
Beginning-Bobcat-274,2,1,occasional,target_centric,narrow
Repulsive-Eye-341,3,1,occasional,target_centric,narrow
VolumeInevitable2194,3,3,occasional,general,narrow
AcousticMaths271828,996,69,power,general,broad
ChocolateAndSweets,5,2,occasional,general,narrow
Individual-Gift4632,8,5,occasional,swiss,moderate
Ok_Bumblebee_2307,944,138,power,general,broad
joudahmar,52,6,regular,general,moderate
FlinkRobotics,1,1,occasional,target_centric,narrow
WebIllustrious2025,1,1,occasional,target_centric,narrow
peoplehater003,744,63,power,general,broad
doublelaza,137,46,regular,general,broad
Lopsided_Research63,49,15,regular,general,broad
HankyLiu,5,3,occasional,target_centric,narrow
Fantastic_Object_762,165,39,regular,general,broad
OkClass6388,82,25,regular,general,broad
Foktord,11,6,occasional,general,moderate
greenandcloudy,8,6,occasional,swiss,moderate
khlbysr,27,5,regular,target_centric,moderate
Outrageous-Law-6509,6,5,occasional,general,moderate
SomethingTolkienish,21,17,regular,general,broad
patousai,8,4,occasional,target_centric,moderate
Inandaroundbern,51,15,regular,swiss,broad
Why_0903,8,2,occasional,general,narrow
Ok-Job-379,24,19,regular,general,broad
Paulashye,76,76,regular,general,broad
Might-Valuable,43,9,regular,general,moderate
serenadelia,1,1,occasional,target_centric,narrow
Imaginary_Mongoose13,1,1,occasional,target_centric,narrow
akehir,362,48,power,swiss,broad
Whole-Ad-7814,11,8,occasional,general,moderate
rGabrix,80,15,regular,general,broad
Icy-Letter-9221,33,9,regular,general,moderate
Substantial-Cap-1008,16,8,regular,general,moderate
Holiday-Direction906,4,1,occasional,target_centric,narrow
RavenclawFrank,2,1,occasional,target_centric,narrow
Fearless-Can-1634,347,41,power,general,broad
DizzyAesteroid4481,1,1,occasional,target_centric,narrow
Silver_Fruit_7363,3,1,occasional,target_centric,narrow
asdfghjkjljkl,8,5,occasional,general,moderate
OkSky2061,5,5,occasional,academic,moderate
External-Whereas-853,4,3,occasional,general,narrow
ChainKnown8003,25,7,regular,general,moderate
CollegeDismal2515,2,1,occasional,target_centric,narrow
l3x4nd3,13,2,occasional,general,narrow
OnderGok,1021,183,power,general,broad
North-Paramedic-5991,55,16,regular,general,broad
Reasonable-Waltz6860,5,1,occasional,target_centric,narrow
Jurvenrx,9,2,occasional,swiss,narrow
Terrible-Animal231,1,1,occasional,target_centric,narrow
miekokafka,8,5,occasional,general,moderate
FormerNumber5584,14,7,regular,general,moderate
Square-Wing1124,1,1,occasional,target_centric,narrow
unknownanonymoush,42,12,regular,general,broad
Soft-Jellyfish-8671,3,1,occasional,target_centric,narrow
mcspend,134,6,regular,general,moderate
Coffee_Cynicism,5,2,occasional,general,narrow
dnekxkdk,6,5,occasional,general,moderate
staratila,4,2,occasional,swiss,narrow
Mirrorballed13,3,1,occasional,target_centric,narrow
Fit-Inevitable-308,102,38,regular,general,broad
Drewwoodoc,1,1,occasional,target_centric,narrow
tr3quart1sta,7,4,occasional,swiss,moderate
MeasurableC,7,3,occasional,general,narrow
dlisjak1,10,5,occasional,general,moderate
kittenmachine69,499,112,power,general,broad
Recent_Bumblebee_525,8,6,occasional,swiss,moderate
10__________10,1,1,occasional,target_centric,narrow
choob_gamer,59,20,regular,general,broad
Extra_Intention_al_y,7,4,occasional,general,moderate
KitchenSpecial6246,133,20,regular,swiss,broad
SwissMountaineer,90,19,regular,academic,broad
kalegary,1,1,occasional,target_centric,narrow
Adventurous_Fix2108,3,2,occasional,target_centric,narrow
biclazita,1,1,occasional,target_centric,narrow
theoser111,85,11,regular,general,broad
Fuzzy_Roll7617,40,12,regular,general,broad
ElectronicPineapple5,252,63,regular,swiss,broad
Other_one593,292,10,regular,general,moderate
Zealousideal_Ease481,2,2,occasional,target_centric,narrow
No-Yak3852,23,12,regular,general,broad
indigo_v0id,16,11,regular,general,broad
Ok-Werewolf-2758,1,1,occasional,target_centric,narrow
Bubi_Bums,20,7,regular,general,moderate
Gloomy_Bumblebee9458,1,1,occasional,target_centric,narrow
Legitimate_Relief740,2,1,occasional,target_centric,narrow
VVeeZard,1,1,occasional,target_centric,narrow
Opening_Apartment377,18,4,regular,swiss,moderate
never_ending_loop,18,4,regular,general,moderate
Stunning_Onion_2428,32,13,regular,swiss,broad
ilolsalot,5,1,occasional,target_centric,narrow
aayushi0803,2,1,occasional,target_centric,narrow
Severe_Researcher855,17,3,regular,target_centric,narrow
Prackerrr,1,1,occasional,target_centric,narrow
RMHDS,4,3,occasional,general,narrow
Either_Chemist_578,52,13,regular,general,broad
mxmxmx90,1,1,occasional,target_centric,narrow
TheConsultantX,123,36,regular,swiss,broad
TransparentPrivacy,27,17,regular,general,broad
OkBeyond7283,55,16,regular,swiss,broad
Just-Start633,117,20,regular,general,broad
Apprehensive-Case907,29,4,regular,general,moderate
Palli420,48,16,regular,general,broad
CareBear1770,927,66,power,general,broad
Pretty_Albatross_156,5,3,occasional,swiss,narrow
Jujuloww,10,5,occasional,general,moderate
Brilliant_Draw3707,14,8,regular,general,moderate
Neither_Instance1702,252,37,regular,general,broad
MetallCriminal,11,9,occasional,general,moderate
Fuzzy_Put_6820,4,3,occasional,general,narrow
No-Accountant-5038,1,1,occasional,target_centric,narrow
Legendary_Dotaer,2,2,occasional,target_centric,narrow
Remote_Lawfulness_54,1,1,occasional,target_centric,narrow
rednblackPM,32,10,regular,general,moderate
sklm1,1,1,occasional,target_centric,narrow
Beginning-Cancel-550,1,1,occasional,target_centric,narrow
Adventurous-Set-2537,7,3,occasional,general,narrow
ComfortablePrior8010,54,4,regular,swiss,moderate
-KaKhan-,6,3,occasional,target_centric,narrow
PauliBose,12,3,occasional,general,narrow
Bambuskrieger33,51,18,regular,general,broad
Murky_Ad2408,1,1,occasional,target_centric,narrow
Sylvia5280707,7,3,occasional,general,narrow
PineappleHairy4325,296,90,regular,general,broad
ptinnl,1648,55,power,swiss,broad
Brojesuss,7,7,occasional,general,moderate
Low-Shame-2631,1,1,occasional,target_centric,narrow
gradskull,499,60,power,general,broad
Outrageous-East8416,18,8,regular,swiss,moderate
smishshjumping,12,12,occasional,general,broad
RegrettableBiscuit,810,129,power,general,broad
jyapareek,24,7,regular,general,moderate
Maleficent-Job-7748,1,1,occasional,target_centric,narrow
PatrickFaessler,1,1,occasional,target_centric,narrow
beansprout88,94,25,regular,swiss,broad
EnvironmentalTip4556,264,55,regular,general,broad
Ambitious-Cat-7586,1,1,occasional,target_centric,narrow
HauntingCup8977,9,5,occasional,general,moderate
0101falcon,891,98,power,general,broad
No-Tiger8459,5,3,occasional,swiss,narrow
Sarkastiker,109,45,regular,general,broad
Both-Arrival-5688,40,4,regular,general,moderate
Icy_Psychology9340,17,10,regular,general,moderate
Infamous_Ordinary_66,5,1,occasional,target_centric,narrow
Abject-Parfait305,4,4,occasional,general,moderate
sad-forest,4,4,occasional,general,moderate
Grand-Lie4361,32,4,regular,general,moderate
Foreign_Fee_5859,126,22,regular,academic,broad
Comfortable-Main9529,80,20,regular,general,broad
Ok-Emu-5358,1,1,occasional,target_centric,narrow
Proud-Ad-1607,1,1,occasional,target_centric,narrow
Training_Bumblebee_5,10,2,occasional,target_centric,narrow
starstruckxxx,6,3,occasional,target_centric,narrow
Alternative-Area6558,12,4,occasional,academic,moderate
Master-Nobody74,14,5,regular,general,moderate
ElectisD,16,7,regular,general,moderate
pickup_the_slakk,17,11,regular,general,broad
Rathu16,99,16,regular,general,broad
Strange-Strike8633,9,2,occasional,swiss,narrow
motzhard,16,9,regular,general,moderate
Effective-Garlic-409,5,4,occasional,general,moderate
anon24222,22,11,regular,general,broad
Houndsoflove08,679,48,power,swiss,broad
im-bouta-head-out,1,1,occasional,target_centric,narrow
callingbrisk,464,57,power,general,broad
DiogoFrota,3,2,occasional,general,narrow
accademicvictim,77,12,regular,general,broad
Cute_Ad_443,1,1,occasional,target_centric,narrow
msquared_18,2,2,occasional,target_centric,narrow
Straight-Conflict663,1,1,occasional,target_centric,narrow
liquidshelf,12,7,occasional,general,moderate
i_am__not_a_robot,1365,75,power,general,broad
Kenny_and_stuff,140,41,regular,general,broad
EntireBarber9368,1,1,occasional,target_centric,narrow
snowblow66,570,54,power,swiss,broad
uksuk2bara,1,1,occasional,target_centric,narrow
Yedaia,7,3,occasional,general,narrow
Final-Profile-2548,2,1,occasional,target_centric,narrow
gdghvdfhjll,1,1,occasional,target_centric,narrow
Bauboo42,1,1,occasional,target_centric,narrow
Antique-Gur-2132,117,18,regular,general,broad
el_gato_123,2,2,occasional,target_centric,narrow
Famous_Echidna307,20,5,regular,academic,moderate
Adorable_Put2900,4,2,occasional,target_centric,narrow
SeaLow6169,1,1,occasional,target_centric,narrow
Lab0rax,4,3,occasional,target_centric,narrow
stoic-boi,9,6,occasional,general,moderate
MiHa__04,66,10,regular,general,moderate
Reasonable_One_903,16,4,regular,general,moderate
Consistent_Chest_653,2031,14,power,general,broad
No-Boss5437,9,2,occasional,target_centric,narrow
Juno_Panda,40,9,regular,general,moderate
eliasaction,2,1,occasional,target_centric,narrow
PlanktonAdmirable590,87,31,regular,general,broad
AlePec98,18,13,regular,general,broad
f13br3,5,4,occasional,general,moderate
MrSh4nnon,9,3,occasional,general,narrow
Agile_Mess_7061,1,1,occasional,target_centric,narrow
American_terminator,47,9,regular,general,moderate
Qualquom,5,3,occasional,target_centric,narrow
anonymousguy__,5,2,occasional,target_centric,narrow
XxX_UseYourName_XxX,20,14,regular,general,broad
Nocam7,12,7,occasional,general,moderate
PaleontologistOwn48,1,1,occasional,target_centric,narrow
CalendarKlutzy7220,4,3,occasional,general,narrow
viper012,1,1,occasional,target_centric,narrow
Expensive_Parfait_66,269,40,regular,general,broad
TheShynola,2134,743,power,general,broad
Pale_Donkey2956,2,2,occasional,target_centric,narrow
Lucazerotre,4,2,occasional,target_centric,narrow
Equivalent-Owl-7526,56,14,regular,general,broad
Schollberg,4,4,occasional,general,moderate
Content_Regret_5405,69,16,regular,general,broad
Sad_Arm_7537,141,42,regular,general,broad
NeatAd8177,53,5,regular,general,moderate
Business_Ant9167,1,1,occasional,target_centric,narrow
Ok_Abrocoma1837,2,1,occasional,target_centric,narrow
SimonePellegatta,1,1,occasional,target_centric,narrow
No-Detective2493,1,1,occasional,target_centric,narrow
Substantial_Wall7913,2,1,occasional,target_centric,narrow
pixlrick,74,19,regular,swiss,broad
Dry-Platform8332,3,3,occasional,swiss,narrow
CarpenterDouble547,12,10,occasional,general,moderate
B4KTERI,356,30,power,general,broad
BaseballAvailable281,6,1,occasional,target_centric,narrow
rabaur,18,7,regular,general,moderate
CheChocolateChap,2,2,occasional,target_centric,narrow
Commercial-Kick9006,4,3,occasional,general,narrow
AdvantageSensitive21,69,25,regular,academic,broad
Obvious_Tea8214,2,1,occasional,target_centric,narrow
No_Celery_7928,2,2,occasional,target_centric,narrow
Jaded-Ad-9448,32,17,regular,general,broad
rose_pink_88,1098,577,power,general,broad
Primary-Elderberry34,285,98,regular,general,broad
Electrical_Daikon505,4,3,occasional,general,narrow
Vichof,4,3,occasional,general,narrow
Mindless-Detail7852,6,1,occasional,target_centric,narrow
Queasy_Rise_8758,1,1,occasional,target_centric,narrow
Famous_Software_69,14,7,regular,general,moderate
wallway96,1,1,occasional,target_centric,narrow
Datmenace,10,5,occasional,general,moderate
ban_speedrunner,33,12,regular,general,broad
Available_Access6060,25,6,regular,general,moderate
Ok_Neighborhood_7178,4,1,occasional,target_centric,narrow
Expensive_District94,5,1,occasional,target_centric,narrow
true_crime_6096,1,1,occasional,target_centric,narrow
curious-sausage,2,1,occasional,target_centric,narrow
Ivan__Sh,50,18,regular,general,broad
ippi_happyheart,70,18,regular,general,broad
livyci,7,6,occasional,general,moderate
LlatreDimension,81,20,regular,general,broad
Horror_Awareness5770,44,12,regular,general,broad
Alicia_Koelpinks,3,3,occasional,general,narrow
Late_Cancel4403,202,28,regular,general,broad
Global-Bite-8615,14,6,regular,academic,moderate
Adventurous-Fly7087,4,2,occasional,target_centric,narrow
nobody_tech,3,2,occasional,general,narrow
Ok-Common-4103,46,14,regular,general,broad
ryanslizzard,398,72,power,general,broad
jm_muji,1,1,occasional,target_centric,narrow
WuxiaWuxia,417,63,power,general,broad
Patient-Source-7551,2,2,occasional,target_centric,narrow
different_welde,816,105,power,swiss,broad
chipuutz,15,11,regular,general,broad
byte_eng,1,1,occasional,target_centric,narrow
Ok-Wind-157,2,1,occasional,target_centric,narrow
clickrush,1292,137,power,general,broad
frozenpastrami,1,1,occasional,target_centric,narrow
cvzax8,53,13,regular,general,broad
Heavy-Passenger1041,33,5,regular,swiss,moderate
FastCaregiver8554,2,1,occasional,target_centric,narrow
bobderbaumeistr,1,1,occasional,target_centric,narrow
Annual_Comparison780,2,2,occasional,target_centric,narrow
schwisi,3,2,occasional,target_centric,narrow
piraven999,2,2,occasional,target_centric,narrow
Plane_Opposite914,11,5,occasional,swiss,moderate
miszkah,109,62,regular,general,broad
Nearby_Box_3342,2,1,occasional,target_centric,narrow
Sixaxix9,2,2,occasional,target_centric,narrow
PillowcaseFairy,17,7,regular,general,moderate
Competitive-Tie849,7,4,occasional,general,moderate
Only_Diamond_9829,1,1,occasional,target_centric,narrow
Lelouch70,182,40,regular,general,broad
albertoide,17,3,regular,general,narrow
Mediocre_Tap_9872,4,1,occasional,target_centric,narrow
AdventurousTank6302,176,25,regular,general,broad
Hot-Comfortable4063,2,2,occasional,target_centric,narrow
Other-Ad-4099,2,2,occasional,target_centric,narrow
consilvione,2,2,occasional,target_centric,narrow
Financial_Sample8692,1,1,occasional,target_centric,narrow
xracess,43,11,regular,general,broad
ollah90,166,20,regular,general,broad
Intelligent-Lie1151,1,1,occasional,target_centric,narrow
praefectus1985,34,11,regular,general,broad
airplane1212,1,1,occasional,target_centric,narrow
VanniLeonardo,9,5,occasional,general,moderate
Comprehensive-Row200,22,6,regular,general,moderate
Aspahatt,193,16,regular,general,broad
TallEstablishment598,2,2,occasional,target_centric,narrow
holyfishness71,591,64,power,general,broad
MeMyselfAndI98,4,1,occasional,target_centric,narrow
Badotti,55,10,regular,general,moderate
assrap3,18,8,regular,general,moderate
These_Ad_2947,43,10,regular,general,moderate
Quick_Amphibian_6707,1,1,occasional,target_centric,narrow
Ok-Anybody-380,821,37,power,swiss,broad
Ok-Stable1640,75,19,regular,general,broad
RoastInHell_official,6,6,occasional,swiss,moderate
LimpAd5090,40,11,regular,general,broad
vocalfry13,118,31,regular,general,broad
Healthy-Dog3992,27,7,regular,general,moderate
Superb5469,1,1,occasional,target_centric,narrow
compsci2860,12,4,occasional,general,moderate
Eadlinscheave,5,2,occasional,swiss,narrow
Jeffry286,40,22,regular,general,broad
Queasy-Ad-9614,3,2,occasional,general,narrow
Special_Succotash_71,40,14,regular,general,broad
empathy_is_earned,261,31,regular,general,broad
Brendwild,10,4,occasional,general,moderate
ilobyon,16,5,regular,general,moderate
raaephs,17,7,regular,swiss,moderate
Former_Tomorrow_9100,2,1,occasional,target_centric,narrow
yonathooowk,3,1,occasional,target_centric,narrow
STUDART2002,1,1,occasional,target_centric,narrow
sterpfi,54,9,regular,general,moderate
fortisdunX,3,1,occasional,target_centric,narrow
evonammon,280,39,regular,general,broad
SensitiveConstant469,1,1,occasional,target_centric,narrow
Left-Equipment-8146,1,1,occasional,target_centric,narrow
XarZar,1,1,occasional,target_centric,narrow
Conscious_Effect_661,6,4,occasional,target_centric,moderate
Equivalent_Bag4334,1,1,occasional,target_centric,narrow
New_Lynx_6908,9,5,occasional,general,moderate
arti_karmen,6,2,occasional,swiss,narrow
ForrestMaster,592,106,power,swiss,broad
ThroAwayeFaye,22,10,regular,general,moderate
Vulcard,9,5,occasional,general,moderate
Unlucky-Ganache-9555,5,1,occasional,target_centric,narrow
wariosdickk,4,2,occasional,general,narrow
pavellippov,2,1,occasional,target_centric,narrow
manzanita06,46,18,regular,swiss,broad
chotbxoncrete9,10,10,occasional,general,moderate
WonderfulHost7630,30,12,regular,swiss,broad
theredditbookworm,5,4,occasional,general,moderate
pizzatummy,919,58,power,general,broad
Weird_Sweet1008,1,1,occasional,target_centric,narrow
Individual-Ice-5953,115,4,regular,target_centric,moderate
kalsan15,6,4,occasional,target_centric,moderate
No-Information-7734,4,1,occasional,target_centric,narrow
fraMTK,16,14,regular,general,broad
FloorMammoth1487,5,2,occasional,general,narrow
Mariusblock,163,27,regular,general,broad
Soft-Penalty-2849,6,3,occasional,swiss,narrow
SuccessfulMall3929,17,9,regular,general,moderate
NeonPasta,1,1,occasional,target_centric,narrow
chol_esterol,8,5,occasional,general,moderate
OkDrama6064,2,1,occasional,target_centric,narrow
pakobe,1,1,occasional,target_centric,narrow
No_Oil_7977,7,3,occasional,target_centric,narrow
Zitronisiert,4,3,occasional,general,narrow
HydrogenatedSwissie,99,10,regular,swiss,moderate
VioletGloves,16,6,regular,general,moderate
skip_the_tutorial_,328,108,regular,general,broad
Mammoth-Double-7632,35,8,regular,general,moderate
Swiss27572-1,4,3,occasional,target_centric,narrow
lemonlord221,1,1,occasional,target_centric,narrow
maiaryanhooo,3,1,occasional,target_centric,narrow
Pale_Green5746,1,1,occasional,target_centric,narrow
barelyinprogress,1,1,occasional,target_centric,narrow
incrediblespidervers,29,5,regular,general,moderate
Alone_Method_2845,2,1,occasional,target_centric,narrow
armed_slug,20,9,regular,general,moderate
SillyDrag0n,23,10,regular,general,moderate
zaq1193,54,19,regular,general,broad
Extension_Pound2861,281,44,regular,general,broad
RelevantCommand2304,2,1,occasional,target_centric,narrow
lupus42069,6,5,occasional,swiss,moderate
yobocra,25,12,regular,general,broad
Quiet_Cauliflower210,1,1,occasional,target_centric,narrow
Mundane_Attorney_278,7,5,occasional,general,moderate
ApprehensiveDuty2723,1,1,occasional,target_centric,narrow
Cychreides-404,122,32,regular,general,broad
giobby3560,12,5,occasional,swiss,moderate
throwaway-penny,87,26,regular,swiss,broad
Chemical-Ad8393,7,3,occasional,general,narrow
Fish_Watcher,47,19,regular,general,broad
Loris7206,40,2,regular,target_centric,narrow
Acrobatic-Shine-9414,610,37,power,general,broad
Designer-Sector-177,77,23,regular,general,broad
AshuTiwaryy,39,21,regular,general,broad
LightZestyclose6224,1,1,occasional,target_centric,narrow
Particular_Text17,557,101,power,general,broad
Succotash1148,80,20,regular,general,broad
Frequent_Library_50,92,22,regular,general,broad
Upper-Freedom-4618,111,35,regular,general,broad
renan1064,11,3,occasional,general,narrow
ayushpd1,30,10,regular,general,moderate
TomCleo,20,9,regular,swiss,moderate
Teutonen_Leo,7,5,occasional,general,moderate
tolarianwiz,5,3,occasional,target_centric,narrow
Natural_Tap5109,1,1,occasional,target_centric,narrow
aliuslavad,1,1,occasional,target_centric,narrow
Cheap_Anywhere_6929,102,23,regular,general,broad
Responsible_Risk_429,12,6,occasional,general,moderate
bregcingefrs,8,8,occasional,general,moderate
earth_boyy,2,1,occasional,target_centric,narrow
True-Response-2386,223,54,regular,general,broad
South_Quantity_1027,70,25,regular,general,broad
Aggravating-Menu7586,49,31,regular,general,broad
RobinOe,126,23,regular,general,broad
GrouchyAd4244,6,2,occasional,general,narrow
Beginning_Crazy7218,1,1,occasional,target_centric,narrow
Melodic-Honeydew-568,179,41,regular,general,broad
Outrageous-Entry-805,9,5,occasional,general,moderate
Roberto-75,453,82,power,general,broad
Metallocene19,5,1,occasional,target_centric,narrow
Accurate_Reindeer522,6,5,occasional,swiss,moderate
AcidAnonymous,15,11,regular,general,broad
BADER_o,1,1,occasional,target_centric,narrow
Small-Design-1140,5,5,occasional,academic,moderate
bunyamindegil,1,1,occasional,target_centric,narrow
Eastern_Traffic2379,318,74,regular,general,broad
Wild-typeApollo,7,4,occasional,general,moderate
Just_Vaste,1,1,occasional,target_centric,narrow
Popular-Mode4607,60,22,regular,general,broad
Fabulous_Strike5351,3,2,occasional,swiss,narrow
bhavsec381,247,72,regular,general,broad
unite01,18,3,regular,general,narrow
Ominous-Gnome,518,17,power,general,broad
pm_of_france,1,1,occasional,target_centric,narrow
James_the_O_Bro,7,2,occasional,target_centric,narrow
arjitraj_,2065,509,power,general,broad
kove18,2,1,occasional,target_centric,narrow
AccomplishedMarch702,29,7,regular,swiss,moderate
ResortThin8757,25,10,regular,general,moderate
Huge-Instance1456,1,1,occasional,target_centric,narrow
kot_artworks,1,1,occasional,target_centric,narrow
curious-student-123,1,1,occasional,target_centric,narrow
Brief-Sorbet5789,3,2,occasional,general,narrow
Vichhi,10,3,occasional,general,narrow
kaktusik02,4,4,occasional,general,moderate
Intelligent_Radish63,7,2,occasional,general,narrow
benjstyle,50,9,regular,swiss,moderate
NoStatus8,305,42,regular,swiss,broad
ProgressWeak3954,2,2,occasional,target_centric,narrow
ColdInfinite5153,1,1,occasional,target_centric,narrow
Apprehensive_Till329,8,6,occasional,general,moderate
1234filip,61,33,regular,general,broad
fir_the_fox,5,1,occasional,target_centric,narrow
Straight-Web-2480,124,53,regular,general,broad
These_Talker,35,16,regular,general,broad
Lazipus,16,7,regular,general,moderate
leppaludinn,415,65,power,general,broad
anrajjj,37,6,regular,general,moderate
Agitated_Freedom3168,33,12,regular,general,broad
Odd-Definition5814,3,1,occasional,target_centric,narrow
Odd_Principle_4914,2,2,occasional,target_centric,narrow
knotbotfosho,220,45,regular,academic,broad
Due-Back-8974,12,8,occasional,general,moderate
Zifnab_palmesano,296,131,regular,general,broad
Easy_Recognition_848,2,1,occasional,target_centric,narrow
Retr0_90s,8,3,occasional,general,narrow
hyperrcarry,67,13,regular,general,broad
BambusleitungTV,15,6,regular,general,moderate
AntPrestigious7616,39,11,regular,general,broad
AfterAside7504,1,1,occasional,target_centric,narrow
Ok_Environment5176,4,3,occasional,general,narrow
Sea_Public_6691,391,86,power,general,broad
sbtristan98,1,1,occasional,target_centric,narrow
rocketlawncheryt,5,1,occasional,target_centric,narrow
frugal_coinage,8,2,occasional,target_centric,narrow
looseyloosey,11,5,occasional,general,moderate
someone_else_0000,29,8,regular,general,moderate
LaPasseraScopaiola,781,131,power,general,broad
mancheSind,555,87,power,general,broad
Fit_Choice_8333,1,1,occasional,target_centric,narrow
Easy-Description-411,1,1,occasional,target_centric,narrow
vik-kes,32,7,regular,general,moderate
NormanWasHere,14,11,regular,general,broad
BirdSignificant8269,106,39,regular,swiss,broad
Sharp_Courage_1496,162,39,regular,general,broad
Smart-Technician4647,1,1,occasional,target_centric,narrow
mimbos_,17,4,regular,swiss,moderate
Unicron1982,529,84,power,general,broad
greyerzz,1,1,occasional,target_centric,narrow
EnvironmentalMoney28,12,5,occasional,target_centric,moderate
Sr_Lewis,10,7,occasional,general,moderate
Specialist-Repeat583,1,1,occasional,target_centric,narrow
yarrada,1,1,occasional,target_centric,narrow
BuilderTop1003,1,1,occasional,target_centric,narrow
DryEngineer9760,20,11,regular,swiss,broad
Haunting-Stretch8069,74,42,regular,general,broad
Unlikely-Click9392,27,8,regular,general,moderate
mtawarira,252,28,regular,general,broad
Tricky_Alps6439,2,2,occasional,target_centric,narrow
dvg0,5,1,occasional,target_centric,narrow
Excellent_Sir_9598,14,4,regular,target_centric,moderate
stefan-123456789,18,5,regular,swiss,moderate
lilcookiesupreme,3,1,occasional,target_centric,narrow
Leo_Sifu,7,4,occasional,general,moderate
pripyatprincess,106,22,regular,general,broad
liz1023,17,12,regular,general,broad
OkSquash15,1,1,occasional,target_centric,narrow
Expert-Plum-4290,1,1,occasional,target_centric,narrow
Captain_Hebert,1,1,occasional,target_centric,narrow
Prudent_Army8481,1,1,occasional,target_centric,narrow
tidee01,4,1,occasional,target_centric,narrow
Insemer,24,5,regular,general,moderate
satman5555,4,4,occasional,general,moderate
taninu,6,3,occasional,general,narrow
epsilon_nyus,222,45,regular,general,broad
TomatoInteresting454,1,1,occasional,target_centric,narrow
AntiqueMarionberry91,22,10,regular,general,moderate
REPORT_AP_RENGAR,22,11,regular,swiss,broad
RadishCompetitive474,14,6,regular,general,moderate
Old_Payment8743,676,72,power,general,broad
NieCola,2,1,occasional,target_centric,narrow
al-doori,28,8,regular,general,moderate
pcrail-2,12,5,occasional,swiss,moderate
Spartacus_300,9,2,occasional,target_centric,narrow
RefrigeratorLimp323,3,3,occasional,general,narrow
Optimal_Addition_402,106,33,regular,general,broad
Aromatic_Acadia_8104,840,172,power,general,broad
Capable-Anything-303,39,14,regular,general,broad
AP4549,2,1,occasional,target_centric,narrow
Much_Barnacle4274,6,3,occasional,general,narrow
lyooko,12,3,occasional,general,narrow
EggReasonable,8,3,occasional,general,narrow
bunny_slayer_cat,46,13,regular,general,broad
SHYtuan,1,1,occasional,target_centric,narrow
quelealoop,10,4,occasional,general,moderate
Apprehensive-Ebb2994,2,1,occasional,target_centric,narrow
SufficientFocus00,11,7,occasional,general,moderate
PsychologicalAnt4231,123,33,regular,general,broad
MG_2401_star,165,26,regular,general,broad
Clean-Use1518,20,6,regular,general,moderate
ConstructionShot5958,5,4,occasional,general,moderate
Melodic_Falcon_3165,83,22,regular,general,broad
Ok-Mission-3998,47,29,regular,general,broad
Capital-Isopod-5502,22,4,regular,swiss,moderate
New_Body5916,1,1,occasional,target_centric,narrow
Heavenly_Red,17,11,regular,general,broad
sadyseul,57,15,regular,general,broad
Specialist_Elk1861,1,1,occasional,target_centric,narrow
Itsk0,29,3,regular,target_centric,narrow
PatienceIll766,3,3,occasional,general,narrow
Daviba101995,39,11,regular,general,broad
Medical_Bison_1404,2,1,occasional,target_centric,narrow
milchi03,212,56,regular,general,broad
conejomalo_23,4,1,occasional,target_centric,narrow
IngenuityBorn2378,12,8,occasional,swiss,moderate
theflynpotato,1,1,occasional,target_centric,narrow
Even-Tap-8401,4,1,occasional,target_centric,narrow
Lucky_Breakfast6511,4,2,occasional,target_centric,narrow
Few-Fig-3078,21,8,regular,general,moderate
Reasonable_Mud_7278,14,7,regular,general,moderate
Solid-Concentrate-36,23,2,regular,general,narrow
turms_,156,74,regular,general,broad
digitalrols,59,18,regular,general,broad
time_is_money_2025,4,4,occasional,swiss,moderate
Broad-Fig-495,34,14,regular,general,broad
Possible_Natural_318,5,2,occasional,target_centric,narrow
Annual_Web_2621,47,26,regular,general,broad
longevityGoirmet,83,23,regular,general,broad
Davidoffguest,1,1,occasional,target_centric,narrow
LuminousAviator,1380,116,power,general,broad
Ok_Calligrapher_3182,3,2,occasional,target_centric,narrow
Free_Budget3417,2,2,occasional,target_centric,narrow
Lazy_Accountant1868,12,2,occasional,target_centric,narrow
logia_ldn,216,61,regular,general,broad
RikoteMasterrrr,8,3,occasional,general,narrow
Vegetable-Entry3485,3,3,occasional,general,narrow
Sakshamanu,2,1,occasional,target_centric,narrow
Duke_Zordrak,162,53,regular,general,broad
applyingunisss,2,2,occasional,target_centric,narrow
Additional_Chart_621,12,8,occasional,general,moderate
Bulky_Government9271,2,2,occasional,target_centric,narrow
Large-Cranium,1,1,occasional,target_centric,narrow
Bodobomb,31,17,regular,general,broad
Lazy_Maintenance6252,99,5,regular,general,moderate
Late_Temperature5205,138,20,regular,general,broad
Sirioooo,7,4,occasional,general,moderate
NEDBOYGAMER,1,1,occasional,target_centric,narrow
Round-Student-3138,17,8,regular,swiss,moderate
ElectricalGrid,25,13,regular,general,broad
Humble_Fan_1285,120,25,regular,general,broad
Accurate-Mail-4098,871,122,power,general,broad
CuriousPumpking,4,3,occasional,target_centric,narrow
Hungry-Transition541,2,2,occasional,target_centric,narrow
CakeMotors,13,2,occasional,target_centric,narrow
PatienceOk3332,2,1,occasional,target_centric,narrow
tawansh,1,1,occasional,target_centric,narrow
s_ayrz,21,17,regular,general,broad
EnthusiasmMaster9154,1,1,occasional,target_centric,narrow
Crary_12138,1,1,occasional,target_centric,narrow
AffectionateCan4935,3,1,occasional,target_centric,narrow
Slight_Writer_6706,1,1,occasional,target_centric,narrow
New-Analysis-577,4,2,occasional,general,narrow
windows_xp_home,2,2,occasional,target_centric,narrow
Square_Associate_771,502,72,power,general,broad
broski_on_the_move,57,19,regular,general,broad
Double-Sun6490,127,30,regular,general,broad
varunsnghnews,36,19,regular,general,broad
HritikRC,3,1,occasional,target_centric,narrow
TheTurkishWarlord,122,28,regular,general,broad
kofolafan,1,1,occasional,target_centric,narrow
helloureddit,87,26,regular,general,broad
Due_Association437,34,18,regular,general,broad
MortalFurret,7,4,occasional,general,moderate
halsire,18,3,regular,general,narrow
Living-Statement-769,1,1,occasional,target_centric,narrow
Electrical-Hand157,9,4,occasional,target_centric,moderate
Status-League1528,22,8,regular,general,moderate
Complete_Jury6419,84,24,regular,academic,broad
Fragrant-Tour-4239,9,5,occasional,general,moderate
erland_09,1,1,occasional,target_centric,narrow
WeabooDolfy125,21,10,regular,general,moderate
NdiemaKeith,5,4,occasional,general,moderate
MakeoverBelly,627,55,power,general,broad
KingOfDemonslayers96,18,6,regular,swiss,moderate
Atmikha,53,15,regular,general,broad
Every-Ad9114,1,1,occasional,target_centric,narrow
IG77_,14,4,regular,general,moderate
IqLessBoi,5,4,occasional,general,moderate
RunFromPhD88,8,3,occasional,general,narrow
BeginningQuestion153,6,4,occasional,general,moderate
Round_Weather_2480,1,1,occasional,target_centric,narrow
wok_lord,1,1,occasional,target_centric,narrow
ramimdma,25,15,regular,general,broad
tomcatru,2,2,occasional,target_centric,narrow
New-Lingonberry9322,161,22,regular,general,broad
groucho74,395,56,power,general,broad
Putrid-Speaker4866,14,11,regular,general,broad
Rubicantay,197,61,regular,general,broad
Quirky_Law8816,7,1,occasional,target_centric,narrow
Salt_Veterinarian311,77,14,regular,general,broad
Despaxir,85,21,regular,academic,broad
Astryzz,2,2,occasional,target_centric,narrow
Efficient_Mobile9506,75,11,regular,academic,broad
blanddarwich44,7,5,occasional,general,moderate
StolenPudding,56,12,regular,general,broad
snolwi,43,6,regular,general,moderate
Content_Young5647,1,1,occasional,target_centric,narrow
Bolt89,3,3,occasional,swiss,narrow
TadpoleBackground894,1,1,occasional,target_centric,narrow
Old-Drag-209,1,1,occasional,target_centric,narrow
Ok_Independent3501,8,1,occasional,target_centric,narrow
robomyster,5,3,occasional,general,narrow
ergonomicalgenie,80,29,regular,general,broad
Greedy-Age-744,1,1,occasional,target_centric,narrow
Mis_Lannister,31,12,regular,general,broad
ForsakenEmergency912,20,9,regular,general,moderate
AssignmentPurple6480,2,2,occasional,target_centric,narrow
Elta_305,26,9,regular,general,moderate
Comfortable-Coast479,15,8,regular,general,moderate
trixydoor,74,42,regular,general,broad
inclinechair,26,6,regular,general,moderate
Affectionate-Ear8233,419,38,power,general,broad
Realistic_Cobbler512,38,3,regular,general,narrow
Swimming_Elevator329,4,1,occasional,target_centric,narrow
Dapper_Dog4790,76,9,regular,general,moderate
AdTechnical7167,22,10,regular,swiss,moderate
Unhappy-Comfort-8039,440,32,power,general,broad
yncg1000,2,1,occasional,target_centric,narrow
Critical-Wish-558,12,5,occasional,general,moderate
Adventurous-Bug894,2,2,occasional,target_centric,narrow
jhfdtydgj,31,12,regular,general,broad
Low_Lettuce_4893,246,62,regular,general,broad
AffectionateDoubt405,23,5,regular,academic,moderate
Simnani_Newaz,119,9,regular,general,moderate
Amazing_Human90,22,12,regular,academic,broad
VeterinarianLow8574,71,12,regular,swiss,broad
ahahahahah-0611,10,2,occasional,target_centric,narrow
Mysterious-Local-398,9,6,occasional,general,moderate
Lunex_uw,10,6,occasional,target_centric,moderate
Cool-University9208,1,1,occasional,target_centric,narrow
Feeling_Anteater_142,552,91,power,general,broad
AppearanceAlert1986,7,3,occasional,general,narrow
FxccBn,33,6,regular,swiss,moderate
Hot_Reference_6556,530,29,power,general,broad
ITheClixs,101,19,regular,general,broad
IntelligentTell5904,8,2,occasional,target_centric,narrow
United-Slide6404,4,3,occasional,target_centric,narrow
Timely_Pepper6856,42,31,regular,general,broad
Professional-Kiwi812,44,17,regular,swiss,broad
Amazing_Magician_328,2,1,occasional,target_centric,narrow
Correct_Impress4588,2,1,occasional,target_centric,narrow
InternationalWill912,6,4,occasional,general,moderate
DeepDuh,123,44,regular,swiss,broad
JokeThink6481,2,1,occasional,target_centric,narrow
FourCinnamon0,434,99,power,general,broad
Tamia91,162,26,regular,general,broad
sciencenerd2003,29,7,regular,general,moderate
dadf19,11,3,occasional,target_centric,narrow
LastPineapple9561,1,1,occasional,target_centric,narrow
Final-Performance-35,5,4,occasional,general,moderate
Ok_Ambition2046,1,1,occasional,target_centric,narrow
No-Dig-9560,159,7,regular,general,moderate
anonymous_eth_member,1,1,occasional,target_centric,narrow
Ok_Drag3175,2,1,occasional,target_centric,narrow
Fun_Worldliness_5237,1,1,occasional,target_centric,narrow
darkmatter-4u,60,39,regular,general,broad
mercigr,18,5,regular,target_centric,moderate
These_Income1509,19,5,regular,general,moderate
ImportanceOk6418,263,33,regular,swiss,broad
Swimming-Zucchini434,187,59,regular,general,broad
ConfusedQuantum,1,1,occasional,target_centric,narrow
selammeister,115,43,regular,general,broad
Elegant_Fan8148,12,6,occasional,general,moderate
roblox1999,14,11,regular,general,broad
appletinibutnotini,2,2,occasional,target_centric,narrow
Expensive_Narwhal700,166,55,regular,general,broad
EasySolid1948,14,9,regular,general,moderate
No-Impact-6708,15,9,regular,general,moderate
hungasian8,1109,99,power,general,broad
Mpampis_Sougias02,3,1,occasional,target_centric,narrow
Ok_Medium_9846,2,2,occasional,target_centric,narrow
jingsen_yang,4,3,occasional,target_centric,narrow
Ok_Poet8673,12,7,occasional,general,moderate
RabinowitzFloer,2,1,occasional,target_centric,narrow
Appropriate_Rise9928,64,23,regular,general,broad
Quant_paglu,318,72,regular,general,broad
EitherAd1685,1,1,occasional,target_centric,narrow
Lilliane0,84,25,regular,swiss,broad
liebes_,89,23,regular,swiss,broad
the_abhizer,94,16,regular,general,broad
MaterialBody534,10,4,occasional,general,moderate
Secure-Drag,3,2,occasional,general,narrow
issamech_2000_21,37,10,regular,general,moderate
piroshkipi,19,8,regular,general,moderate
oliverneumann1,3,1,occasional,target_centric,narrow
Tuepflischiiser,6995,350,power,swiss,broad
Dismal_Discussion514,24,9,regular,general,moderate
Basic-Brick6827,908,92,power,general,broad
grignardx,26,10,regular,general,moderate
BonjourLilith,1,1,occasional,target_centric,narrow
Alternative_Dot_4734,1,1,occasional,target_centric,narrow
Livid_Hospital9770,8,7,occasional,academic,moderate
SadBanana9706,1,1,occasional,target_centric,narrow
Easy_Recording468,11,5,occasional,general,moderate
ifilookbackiamlost_,31,16,regular,general,broad
Johnny12w,2,1,occasional,target_centric,narrow
Silent-Battle308,482,106,power,general,broad
Brilliant_Car_5050,1,1,occasional,target_centric,narrow
Unfair-Environment13,47,6,regular,general,moderate
Independent_Zebra487,138,24,regular,general,broad
CubeArrow,7,3,occasional,general,narrow
plutotheplantgirl,3,2,occasional,general,narrow
khanhwlo59,1,1,occasional,target_centric,narrow
Rough_Assignment_370,2,1,occasional,target_centric,narrow
muser666,86,49,regular,general,broad
Miserable-Earth-1659,7,3,occasional,target_centric,narrow
Trick_Acanthaceae650,28,9,regular,general,moderate
Busy-Block-1603,128,32,regular,general,broad
Educational-Act-4074,3,2,occasional,target_centric,narrow
Xaditekn,2,2,occasional,target_centric,narrow
yagellaaether,202,48,regular,general,broad
Particular_Eye_809,36,15,regular,general,broad
AdvancedIssue620,10,1,occasional,target_centric,narrow
hsalash,19,5,regular,general,moderate
mooncow2006,1,1,occasional,target_centric,narrow
givan2005,39,4,regular,general,moderate
Thin_Appointment6687,10,2,occasional,general,narrow
DaikiTsuneta,10,3,occasional,target_centric,narrow
senagliyon,31,17,regular,general,broad
koheimer,1,1,occasional,target_centric,narrow
Secret_cab1net,1,1,occasional,target_centric,narrow
Psychological_Buy122,14,5,regular,general,moderate
BEagle1984-,135,25,regular,general,broad
Hour_Studio5984,5,1,occasional,target_centric,narrow
More_Ad_310,47,37,regular,general,broad
One-Group-6644,5,4,occasional,general,moderate
nutandshell1,54,15,regular,general,broad
Serious_Mechanic5060,2,2,occasional,target_centric,narrow
Automatic-Horse4586,3,2,occasional,target_centric,narrow
ReputationIll9585,2,2,occasional,target_centric,narrow
AtesSouhait,892,119,power,general,broad
Relative-Dot-3960,4,1,occasional,target_centric,narrow
Timlikestomatos,2,2,occasional,target_centric,narrow
ajeb175,24,8,regular,swiss,moderate
coilerr,14,3,regular,general,narrow
subrimichi,769,122,power,general,broad
what-else-than-that,164,54,regular,general,broad
KuuhakuBlank00,28,13,regular,general,broad
hansvonhinten,65,27,regular,general,broad
Aggravating-Bee-884,1,1,occasional,target_centric,narrow
igotabxyz_1210,31,13,regular,general,broad
ahnixoc,466,100,power,general,broad
girl14678,3,2,occasional,target_centric,narrow
AmbitiousDoor6669,9,4,occasional,general,moderate
ProfessionalOnion300,25,12,regular,general,broad
Lower-Discipline-615,3,2,occasional,target_centric,narrow
MomPickMeUpImDrunk,23,4,regular,general,moderate
DecodingLifeblue,1,1,occasional,target_centric,narrow
Unhappy-Chapter7027,125,28,regular,swiss,broad
inesagne,1,1,occasional,target_centric,narrow
Nosferatu45,1,1,occasional,target_centric,narrow
Suitable-Fee8659,247,38,regular,general,broad
NeighborhoodLoud4884,303,71,regular,swiss,broad
schnarch33,23,9,regular,general,moderate
Honda_Civet,1,1,occasional,target_centric,narrow
Zer0xy_7,8,6,occasional,general,moderate
Pretend-Reaction-862,17,9,regular,general,moderate
Aliualbe,43,10,regular,general,moderate
Vanilla2191,9,6,occasional,general,moderate
markov_proc,50,7,regular,general,moderate
Imperial_Spy007,12,6,occasional,general,moderate
Livid-Construction14,57,27,regular,general,broad
lusk2222,3,2,occasional,general,narrow
mekieprimos,1,1,occasional,target_centric,narrow
Material_Swimmer3738,1,1,occasional,target_centric,narrow
Moist-Handle4626,2,2,occasional,target_centric,narrow
Dialektrikum,3,1,occasional,target_centric,narrow
Moderator_2002,1,1,occasional,target_centric,narrow
SEQUSA_t,5,3,occasional,general,narrow
Double_Comedian_2414,2,1,occasional,target_centric,narrow
Greedy_Composer3189,1,1,occasional,target_centric,narrow
Conscious_Ad_2847,2,2,occasional,target_centric,narrow
PenaltySalt7374,101,29,regular,general,broad
hhhjju77zhhh,39,7,regular,general,moderate
dziraja69,2,2,occasional,target_centric,narrow
vham85,187,51,regular,general,broad
CoolBoi6Pack,286,33,regular,general,broad
Shy_Paper_2561,2,1,occasional,target_centric,narrow
n15bkfootlettuce,13,7,occasional,general,moderate
WayFinal8698,10,8,occasional,general,moderate
Fun-Shoe-8764,19,6,regular,general,moderate
Elena_Kingg,26,10,regular,general,moderate
thekeyulee,1,1,occasional,target_centric,narrow
Different_Dog5827,38,16,regular,general,broad
Vegetable-West8733,2,1,occasional,target_centric,narrow
Successful_Aspect632,23,9,regular,general,moderate
Mech_Engineer_TU,1,1,occasional,target_centric,narrow
shades-ofblue,3,3,occasional,general,narrow
Ok_Win7680,39,17,regular,general,broad
Outside-Assistant282,1,1,occasional,target_centric,narrow
talonime,3,1,occasional,target_centric,narrow
SalFerra02,6,3,occasional,general,narrow
financedk,2,1,occasional,target_centric,narrow
boi_dat_comes_here,1,1,occasional,target_centric,narrow
TnYamaneko,991,80,power,general,broad
p3rli,23,6,regular,swiss,moderate
raypatrick-1134,7,5,occasional,general,moderate
funforums,28,16,regular,general,broad
reallyquietbird,21,7,regular,swiss,moderate
Party-Worldliness-72,78,9,regular,general,moderate
SimplyLo,22,12,regular,general,broad
No-Acanthaceae4554,1,1,occasional,target_centric,narrow
AdFriendly4492,3,1,occasional,target_centric,narrow
jewel_joseph,4,4,occasional,general,moderate
karakiri04,1,1,occasional,target_centric,narrow
Sedumana,192,21,regular,swiss,broad
Diligent-Serve-9096,1,1,occasional,target_centric,narrow
Emsi_Hongg,1,1,occasional,target_centric,narrow
nimativd,24,10,regular,general,moderate
Street_Letterhead343,4,4,occasional,general,moderate
Turbulent_Exam_3786,13,5,occasional,swiss,moderate
Quiet_Armadillo3781,3,3,occasional,general,narrow
decaffei1,1087,225,power,general,broad
Independent_Fox_2521,1,1,occasional,target_centric,narrow
Echsenmenschchen,10,6,occasional,swiss,moderate
More_Zone_9794,12,6,occasional,swiss,moderate
Matt_Murphy_,960,232,power,general,broad
NotAMathPro,369,72,power,general,broad
BriefOutrageous3436,101,16,regular,general,broad
ichbineinbaum33,34,4,regular,general,moderate
Cvrnogueira,2,1,occasional,target_centric,narrow
mrtn-22,16,7,regular,general,moderate
TheSpitRoaster,254,84,regular,swiss,broad
NiceSmurph,3570,202,power,general,broad
TecknikalGecko,14,6,regular,general,moderate
Final-Grand1578,25,8,regular,general,moderate
Razalan,9,4,occasional,general,moderate
Rich-Spinach-693,60,6,regular,general,moderate
Signal-Initiative301,2,1,occasional,target_centric,narrow
CutDangerous127,8,4,occasional,general,moderate
binkley8,14,8,regular,general,moderate
PumpkinCurryLover,1,1,occasional,target_centric,narrow
OrganoMetal_lic_head,79,32,regular,general,broad
CulturalRegister9509,171,32,regular,general,broad
normannemir,1,1,occasional,target_centric,narrow
Exzelzior,112,22,regular,general,broad
rawbrocolli1,19,7,regular,general,moderate
ChemicalOriginal6767,4,1,occasional,target_centric,narrow
Numerous-Brother8267,2,2,occasional,target_centric,narrow
AkhilAndroid,95,37,regular,general,broad
Simple_Chemical_5918,1407,75,power,general,broad
Even-Assistant9539,14,7,regular,target_centric,moderate
Brospeh-Stalin,3180,248,power,general,broad
ZeTherminator,71,30,regular,general,broad
Upstairs-Screen7573,30,8,regular,general,moderate
Minimum_Computer_230,2,1,occasional,target_centric,narrow
_dr_duckie,1,1,occasional,target_centric,narrow
The_TRASHCAN_366,544,25,power,general,broad
Beneficial-Falcon-23,5,4,occasional,general,moderate
myvowndestiny,554,103,power,general,broad
HumanUnknown404,197,19,regular,general,broad
dylan98__,4,4,occasional,general,moderate
Different_Future_327,2,1,occasional,target_centric,narrow
No_Sherbert1242,38,15,regular,general,broad
nikosbak,6,4,occasional,target_centric,moderate
Wos_laft_25,1,1,occasional,target_centric,narrow
ffr3nzy,391,31,power,general,broad
Lower_Competition_61,18,8,regular,general,moderate
TonyPrimi,1,1,occasional,target_centric,narrow
3psil00n,115,28,regular,general,broad
Specialist_Spring783,20,7,regular,general,moderate
the_prolouger,616,93,power,general,broad
manmanubeck,4,2,occasional,general,narrow
Old-Mousse-6312,8,5,occasional,general,moderate
Kry147,2,1,occasional,target_centric,narrow
Prestigious_Rub5,78,21,regular,swiss,broad
steuhh,3,3,occasional,swiss,narrow
Particular_Chart8156,1,1,occasional,target_centric,narrow
Recent_Fox4369,1,1,occasional,target_centric,narrow
ChessNotStress,37,8,regular,general,moderate
asieradzk,23,6,regular,general,moderate
jzdzilowska,2,2,occasional,target_centric,narrow
Simplilearn,53,26,regular,general,broad
woxyftw,27,14,regular,general,broad
ProfessorJazzlike577,15,4,regular,target_centric,moderate
Phantasmal_Storytime,46,5,regular,target_centric,moderate
Hinaru_173,6,4,occasional,target_centric,moderate
Beobacher,569,136,power,general,broad
OneDevelopment7675,3,3,occasional,general,narrow
simoonys,6,5,occasional,general,moderate
Weekly_Welcome_7234,3,3,occasional,general,narrow
sanyiluicarbon67478,2,2,occasional,target_centric,narrow
OwnAnalyst8079,11,4,occasional,general,moderate
dance_through_life,5,3,occasional,target_centric,narrow
the_eggplant2,791,67,power,general,broad
Mrsoglio,5,3,occasional,general,narrow
Maverick-45,4,1,occasional,target_centric,narrow
zekafiskiriuom,2,1,occasional,target_centric,narrow
sharonputhu,6,2,occasional,swiss,narrow
NefariousnessLow1800,12,9,occasional,academic,moderate
AdmirableWall2403,4,1,occasional,target_centric,narrow
_astraldragon_,1,1,occasional,target_centric,narrow
Sea-Zucchiny,99,38,regular,general,broad
george_gamow,1872,62,power,general,broad
These-Asparagus9602,1,1,occasional,target_centric,narrow
Decent-Actuary-7116,15,4,regular,general,moderate
Electrical-Salt-4252,1,1,occasional,target_centric,narrow
Desperate_Loquat_316,3,2,occasional,target_centric,narrow
LetoOG,27,10,regular,general,moderate
kannichausgang,274,70,regular,general,broad
Khush0000,4,3,occasional,general,narrow
thiscatismycat,15,12,regular,general,broad
Akhil_QCOMM,135,59,regular,general,broad
GwendelLachsberg,507,100,power,general,broad
Enzonuener,2,1,occasional,target_centric,narrow
baburao945,64,13,regular,general,broad
AllariC2,29,19,regular,general,broad
pleaseineedanadvice,884,106,power,general,broad
Mysterious_Menu_5969,1,1,occasional,target_centric,narrow
t1m0n_e,4,2,occasional,target_centric,narrow
jepawi,34,9,regular,general,moderate
Western_Landscape_26,87,14,regular,general,broad
Ok_Bear_8691,19,7,regular,general,moderate
DoNotTouchJustLook,98,13,regular,swiss,broad
Nikochey9,5,4,occasional,general,moderate
Hrvatska107,4,2,occasional,general,narrow
Dr_Schiggy,1,1,occasional,target_centric,narrow
ParsnipKind,8,5,occasional,swiss,moderate
ConfusionSad4365,3,2,occasional,target_centric,narrow
Turbulent-Act9877,586,59,power,swiss,broad
Radiant-Ad-688,316,16,regular,general,broad
CryptographerThat777,10,5,occasional,general,moderate
Anouchavan,1193,166,power,general,broad
Professional-Tell227,3,3,occasional,swiss,narrow
Ok_Alps_9171,3,1,occasional,target_centric,narrow
starypinkk99,5,2,occasional,target_centric,narrow
Nice-Extension3775,1,1,occasional,target_centric,narrow
airballbazemore,2,2,occasional,target_centric,narrow
koral_exe,1,1,occasional,target_centric,narrow
Historical_Sun4564,3,2,occasional,general,narrow
Haboux,5,4,occasional,academic,moderate
Parkinson-Watchmaker,4,3,occasional,general,narrow
Kash00t-mee,22,9,regular,general,moderate
Maano321,192,25,regular,general,broad
ikea_method,120,32,regular,general,broad
unluckystudent2025,1,1,occasional,target_centric,narrow
Signal_Ad_1384,1,1,occasional,target_centric,narrow
DrEppendwarf,339,67,power,general,broad
Amira_3tef,38,11,regular,general,broad
sidamott,141,21,regular,general,broad
ate_7_apples,29,3,regular,swiss,narrow
Immediate_Chest_3234,39,11,regular,general,broad
Yasuke_Gaijin,15,6,regular,swiss,moderate
AdeptnessTurbulent81,4,1,occasional,target_centric,narrow
Gargeya55,56,6,regular,general,moderate
Wollwesen,5,2,occasional,general,narrow
adantas08,2,2,occasional,target_centric,narrow
aslcihnwe,134,18,regular,general,broad
move2usajobs-com,5458,491,power,general,broad
panjabimahmoud,1,1,occasional,target_centric,narrow
Most-Cartographer617,3,1,occasional,target_centric,narrow
medstudengland,61,17,regular,swiss,broad
OkApartment9978,1,1,occasional,target_centric,narrow
VeryLongTailedTit,194,24,regular,swiss,broad
velo-doc,17,4,regular,general,moderate
No-Anything5849,5,3,occasional,general,narrow
onINvis,80,14,regular,general,broad
Rejoy80675,28,9,regular,general,moderate
kusho3407,2,2,occasional,target_centric,narrow
Key-Bar5848,1,1,occasional,target_centric,narrow
International-Error8,1,1,occasional,target_centric,narrow
Significant_Neck8780,8,3,occasional,target_centric,narrow
andyshoota3,2,1,occasional,target_centric,narrow
Independent-Cup-4154,1,1,occasional,target_centric,narrow
musicaddict1843,12,5,occasional,general,moderate
Both-Clerk1908,2,1,occasional,target_centric,narrow
VeterinarianOk6235,2,2,occasional,target_centric,narrow
AchtungStufe,2,2,occasional,target_centric,narrow
COOP_MIGROS,8,3,occasional,swiss,narrow
Ok_Grocery_4744,1,1,occasional,target_centric,narrow
Ok_Umpire_8108,271,28,regular,general,broad
Hefty_Confection9438,6,4,occasional,general,moderate
IBM-Research-AICF,1,1,occasional,target_centric,narrow
ML3820,6,3,occasional,general,narrow
Tall_Definition_7242,1,1,occasional,target_centric,narrow
Odd-Pace-143,4,3,occasional,general,narrow
MaximumCommission776,26,10,regular,general,moderate
janis_joplin5,67,31,regular,general,broad
Bubbly-Hour1239,91,6,regular,swiss,moderate
Emotional_Tap4357,5,4,occasional,general,moderate
Hungry_King_9643,25,7,regular,general,moderate
Potential_River_8315,1,1,occasional,target_centric,narrow
AliveInColor,12,2,occasional,target_centric,narrow
Turbulent-Arm5016,1,1,occasional,target_centric,narrow
JujuTeoh,1,1,occasional,target_centric,narrow
_soft_word,9,3,occasional,general,narrow
Dear_Singer_6908,3,1,occasional,target_centric,narrow
Ok-Cauliflower-7737,8,2,occasional,general,narrow
deafening_coach,35,10,regular,general,moderate
Milchstrasse94,1,1,occasional,target_centric,narrow
Single_Summer_8976,2,1,occasional,target_centric,narrow
SmallLetterhead1,1,1,occasional,target_centric,narrow
YRS2703,1,1,occasional,target_centric,narrow
TangeloBrilliant3348,1,1,occasional,target_centric,narrow
kevinm1231,2,1,occasional,target_centric,narrow
cello678,4,3,occasional,general,narrow
hello_you111,2,2,occasional,target_centric,narrow
ThracianGladiator,34,17,regular,swiss,broad
arneopro,1,1,occasional,target_centric,narrow
to1M,371,43,power,general,broad
No-Dragonfruit-6695,1,1,occasional,target_centric,narrow
doughnutambassador,40,9,regular,general,moderate
That-Elk-8761,5,1,occasional,target_centric,narrow
Correct-Gur685,2,1,occasional,target_centric,narrow
FiksuB,4,3,occasional,target_centric,narrow
Historical_Koala316,111,19,regular,general,broad
Legal-Apartment4149,2,2,occasional,target_centric,narrow
cricket2141,18,8,regular,general,moderate
MirrorAdventurous387,178,16,regular,general,broad
MacaroonNo4655,8,2,occasional,target_centric,narrow
Hot_Grape221,6,5,occasional,swiss,moderate
Aggravating-Group615,2,2,occasional,target_centric,narrow
ImportantPapaya7339,1,1,occasional,target_centric,narrow
IndependenceLumpy322,6,2,occasional,general,narrow
aquaristar,9,3,occasional,general,narrow
ChampionBig7244,15,3,regular,general,narrow
Soft-Air5097,2,2,occasional,target_centric,narrow
ithastobe_cringe,4,3,occasional,target_centric,narrow
EstablishmentNo1184,8,2,occasional,swiss,narrow
bynef_2812,32,2,regular,target_centric,narrow
pattax1,45,5,regular,general,moderate
Standard_Stop9095,100,31,regular,general,broad
wickedregina,2,2,occasional,target_centric,narrow
Top-Ranger-8695,1,1,occasional,target_centric,narrow
InternMundane6302,98,16,regular,general,broad
Front-Green7199,3,1,occasional,target_centric,narrow
cheeeseeverywhere,135,30,regular,swiss,broad
FluffyPenguinsx,53,10,regular,general,moderate
enjoyer_of_life,10,8,occasional,general,moderate
eydaimwn,1,1,occasional,target_centric,narrow
CrusaderChen,12,7,occasional,general,moderate
Turbulent_Cake_1445,3,1,occasional,target_centric,narrow
242nico,1,1,occasional,target_centric,narrow
Luigi_Boy_96,597,67,power,general,broad
-The-One-Above-All,23,13,regular,general,broad
Baliumgramp,9,8,occasional,general,moderate
_MMMXI_,7,5,occasional,swiss,moderate
Resh3443,1,1,occasional,target_centric,narrow
Pyne1024,1,1,occasional,target_centric,narrow
Independent_Nail3106,8,3,occasional,general,narrow
Thick-Management4864,5,2,occasional,target_centric,narrow
Electronic_Yak_1053,14,4,regular,general,moderate
Initial-Print-3662,71,18,regular,general,broad
_KeeperOfTheFire_,15,6,regular,general,moderate
QuantumBanana-1,67,18,regular,general,broad
CaterpillarKey7678,23,10,regular,general,moderate
oakbergerr,12,5,occasional,general,moderate
finstar55,1,1,occasional,target_centric,narrow
Jazzlike-Emphasis-20,183,54,regular,general,broad
aishjhone,6,4,occasional,general,moderate
No-Insurance5030,119,19,regular,general,broad
therock4president_24,4,3,occasional,general,narrow
Independent-Mix3819,4,3,occasional,swiss,narrow
Valicco,1,1,occasional,target_centric,narrow
PG_124,1,1,occasional,target_centric,narrow
bellevue9527,5,2,occasional,swiss,narrow
Numerous-Stretch5940,3,1,occasional,target_centric,narrow
A3th0R,15,7,regular,general,moderate
Huge-Tadpole5543,5,2,occasional,target_centric,narrow
beYgIr626,211,35,regular,general,broad
fabiothered,451,153,power,general,broad
pondy12,524,120,power,general,broad
Pueggel,13,8,occasional,general,moderate
Odd-Appointment-5227,230,40,regular,general,broad
levydawg,19,5,regular,academic,moderate
Much_Somewhere7831,723,271,power,general,broad
famochav,7,4,occasional,target_centric,moderate
ondaremota,1,1,occasional,target_centric,narrow
iFloris_NL,1,1,occasional,target_centric,narrow
bigguygaming,188,41,regular,general,broad
winni9,2,1,occasional,target_centric,narrow
Affectionate-Box-5,30,9,regular,general,moderate
Best_Log_7316,3,1,occasional,target_centric,narrow
nian2326076,10326,1806,power,general,broad
El-coba91,18,12,regular,general,broad
Funny_Librarian_1711,19,7,regular,general,moderate
r-Sig,2,2,occasional,target_centric,narrow
reyakmw,19,11,regular,general,broad
Arngorr,1,1,occasional,target_centric,narrow
leirimnad,1,1,occasional,target_centric,narrow
Standard_Stock_1472,9,3,occasional,general,narrow
Designer-Debate-7203,2,2,occasional,target_centric,narrow
moody1622,1,1,occasional,target_centric,narrow
ElemBelemBuf,22,8,regular,general,moderate
SmoothAtmosphere8229,254,74,regular,general,broad
False-Gap-6684,1,1,occasional,target_centric,narrow
lorellos06,1,1,occasional,target_centric,narrow
takigawaShuangshui,8,3,occasional,target_centric,narrow
Opening_Football6541,18,8,regular,general,moderate
math_question_,2,1,occasional,target_centric,narrow
musti-aztrk,31,12,regular,general,broad
karaagacsk,2,1,occasional,target_centric,narrow
PresentZucchini4848,14,3,regular,general,narrow
SimilarPin5530,81,10,regular,general,moderate
Optimal_Patience_0,8,3,occasional,general,narrow
PlayfulLoad7821,6,2,occasional,target_centric,narrow
Dangerous-Fennel5751,69,28,regular,general,broad
No-Product8186,4,2,occasional,general,narrow
Signal_Corgi3802,53,7,regular,general,moderate
Beautiful-Dig-6682,31,12,regular,general,broad
skocats1,2,2,occasional,target_centric,narrow
Gordon_frumann,465,91,power,general,broad
Historical-Archer335,185,40,regular,general,broad
Bounq3,14,10,regular,swiss,moderate
Fresh-Rate-2278,7,2,occasional,general,narrow
QueasyPanic2355,9,4,occasional,target_centric,moderate
mammutalmut,106,15,regular,swiss,broad
TestTxt,94,31,regular,general,broad
Sensitive-Crab-1077,1,1,occasional,target_centric,narrow
Just_Rip6648,1,1,occasional,target_centric,narrow
Hopeful-Cranberry873,1,1,occasional,target_centric,narrow
Significant_Pass_185,1,1,occasional,target_centric,narrow
DoubleStretch1685,1,1,occasional,target_centric,narrow
wienkers,1,1,occasional,target_centric,narrow
Express-Device-2667,1,1,occasional,target_centric,narrow
Powerful-Charge-4695,1,1,occasional,target_centric,narrow
the_heck_gimme,17,6,regular,swiss,moderate
Sinrai,11,2,occasional,target_centric,narrow
New-Resident-7387,2,2,occasional,target_centric,narrow
givemeigcseleaks,248,15,regular,general,broad
Low-End9232,37,15,regular,general,broad
External_Ad3717,1,1,occasional,target_centric,narrow
katzemitbanana,27,16,regular,academic,broad
franonreddit003,56,12,regular,general,broad
abi_0801,85,9,regular,general,moderate
Medical_Trash_8456,2,1,occasional,target_centric,narrow
Head-Broccoli-1199,1,1,occasional,target_centric,narrow
ElRetardoFarto,6,1,occasional,target_centric,narrow
DragonfruitFlashy487,1,1,occasional,target_centric,narrow
Old_Preference3646,1,1,occasional,target_centric,narrow
Apprehensive-Cook502,4,1,occasional,target_centric,narrow
ObligationDue326,35,4,regular,general,moderate
ItachiUshida,6,2,occasional,general,narrow
micklema,23,4,regular,general,moderate
Linnnn_9,21,3,regular,general,narrow
wanderingsoul2628,51,11,regular,general,broad
Frequent-Whole-6326,7,4,occasional,swiss,moderate
Plenty_Tonight779,1,1,occasional,target_centric,narrow
tight_shoe_778,106,21,regular,swiss,broad
Successful_Bee_959,104,40,regular,general,broad
HourAnything2063,25,8,regular,swiss,moderate
Little-Flying-Fox,30,4,regular,general,moderate
MonkAndRobot,2,2,occasional,target_centric,narrow
OkBee2805,3,1,occasional,target_centric,narrow
WallAdditional2536,1,1,occasional,target_centric,narrow
redfoxprudence,33,12,regular,general,broad
RaspberryUnfair7527,1,1,occasional,target_centric,narrow
Repulsive_Disk6650,21,4,regular,swiss,moderate
Desperate_Article_97,124,7,regular,general,moderate
GlumBreakfast1185,7,3,occasional,general,narrow
Complete_Ad_8500,6,1,occasional,target_centric,narrow
nutemath,13,8,occasional,general,moderate
lara_xdx,43,20,regular,general,broad
PolyBlick,1,1,occasional,target_centric,narrow
MehlIL__,9,3,occasional,swiss,narrow
ExternalBoysenberry,431,45,power,general,broad
nigusus,155,36,regular,general,broad
Ok_Front_2203,3,2,occasional,target_centric,narrow
Calm_Mood_4900,98,29,regular,general,broad
Intelligent-Neat9758,75,5,regular,general,moderate
Zennetsu,9,4,occasional,general,moderate
E_Bat,197,41,regular,general,broad
DynaMight3011,3,2,occasional,general,narrow
reddpills8,1,1,occasional,target_centric,narrow
Max_Smdx,17,4,regular,target_centric,moderate
Bulls_Will_Win,74,20,regular,general,broad
karmasikici,202,49,regular,general,broad
raketcocuk,1,1,occasional,target_centric,narrow
Kindly-Ad-440,3,2,occasional,general,narrow
bonnie2525,207,44,regular,general,broad
Imaginary-Act-4425,37,13,regular,general,broad
Legitimate_Stand_409,1,1,occasional,target_centric,narrow
DerKev8002,47,22,regular,general,broad
HairyPackage2466,1,1,occasional,target_centric,narrow
Rich-Dare-777,1,1,occasional,target_centric,narrow
Think_Philosophy_343,9,3,occasional,target_centric,narrow
Ok_Jaguar6154,18,9,regular,general,moderate
drinovsky49,1,1,occasional,target_centric,narrow
AffectionateFarm2467,46,22,regular,swiss,broad
New-Agency-5338,10,9,occasional,general,moderate
AppropriateAdvice719,7,4,occasional,general,moderate
n1baks,10,5,occasional,general,moderate
Ordinary-Concept-985,93,14,regular,general,broad
Emergency-Memory-227,1,1,occasional,target_centric,narrow
JadedCantaloupe4666,1,1,occasional,target_centric,narrow
Guilty-Editor-9029,51,12,regular,general,broad
SpeciousPerspicacity,254,41,regular,general,broad
gxnxh3,1,1,occasional,target_centric,narrow
MaterialAnteater1274,24,8,regular,general,moderate
Beneficial-Teach-994,9,2,occasional,target_centric,narrow
levmilarl,23,6,regular,general,moderate
No_Pack_3531,5,1,occasional,target_centric,narrow
Real-Setting-8638,3,1,occasional,target_centric,narrow
LongNoticePeriod,1233,49,power,general,broad
Lonely-Positive795,4,3,occasional,general,narrow
mountain_trek,76,11,regular,general,broad
reddererr,4,4,occasional,general,moderate
momofkoners,11,3,occasional,general,narrow
krychevsk16,6,2,occasional,general,narrow
Brave-Bison-2757,3,2,occasional,general,narrow
ByDaris,1,1,occasional,target_centric,narrow
Queasy-Wheel-9785,49,6,regular,general,moderate
sidelinethecherries,49,46,regular,general,broad
Chill_Melon_2592,20,3,regular,general,narrow
hfksmnsbdb,9,6,occasional,general,moderate
FrostyAttitude6411,19,1,regular,target_centric,narrow
Due_Vast7377,2,1,occasional,target_centric,narrow
onelastdev_alex,12,1,occasional,target_centric,narrow
fedetognalii,2,1,occasional,target_centric,narrow
Le_Florians,8,3,occasional,swiss,narrow
taskmaster0809,4,2,occasional,general,narrow
CodMuch9309,138,53,regular,general,broad
setgel,2,2,occasional,target_centric,narrow
ChillJediKnight,18,6,regular,general,moderate
Background-Apple-555,331,27,regular,swiss,broad
Mean-Media8142,73,19,regular,general,broad
Safe-Specialist-200,22,10,regular,general,moderate
Distinct-Stomach7522,16,3,regular,target_centric,narrow
Spike2442,1,1,occasional,target_centric,narrow
Odd_Piccolo6026,7,3,occasional,target_centric,narrow
Legal-Blood4252,1,1,occasional,target_centric,narrow
Beautiful-Big1408,12,5,occasional,general,moderate
ResidentNo3349,7,2,occasional,general,narrow
Queasy-Pool-2842,1,1,occasional,target_centric,narrow
Top-Oil-5607,11,4,occasional,general,moderate
i_h8_rdt,1,1,occasional,target_centric,narrow
reaznval,319,91,regular,general,broad
Niptuniom,8,3,occasional,target_centric,narrow
ObjectiveAd4968,14,4,regular,general,moderate
Creepy_Interview7595,3,1,occasional,target_centric,narrow
CharityDue2017,350,56,power,general,broad
tarun360,7,3,occasional,target_centric,narrow
Quorbach,143,62,regular,general,broad
IndependentOrchid659,7,5,occasional,general,moderate
a_deific_blow,1,1,occasional,target_centric,narrow
fhxixmridns,319,38,regular,general,broad
Remaked,1,1,occasional,target_centric,narrow
Pure_Evidence638,201,17,regular,swiss,broad
wosgos,3,1,occasional,target_centric,narrow
MaterialGround-4016,2,1,occasional,target_centric,narrow
Reasonable-Promise74,2,2,occasional,target_centric,narrow
Big_Neck_5597,9,5,occasional,general,moderate
Glass-Quit7316,26,3,regular,target_centric,narrow
Training_City_3888,1,1,occasional,target_centric,narrow
mazu_64,262,55,regular,general,broad
ValuablePea2898,1,1,occasional,target_centric,narrow
TheRealM4A7,4,3,occasional,target_centric,narrow
Human-Chapter4190,1,1,occasional,target_centric,narrow
Dry_Yogurtcloset2733,4,2,occasional,target_centric,narrow
Terrible-Physics7916,92,37,regular,general,broad
faddeev_popov,1,1,occasional,target_centric,narrow
MarcoWed,2,2,occasional,target_centric,narrow
Shoddy_Method_6877,1,1,occasional,target_centric,narrow
MelodicMidnight8685,2,1,occasional,target_centric,narrow
SpiceGenie,11,2,occasional,target_centric,narrow
bastizag,2,2,occasional,target_centric,narrow
ByteSizedGay,437,49,power,general,broad
Hour-Egg-6991,1,1,occasional,target_centric,narrow
Far_Hornet8070,1,1,occasional,target_centric,narrow
Acrobatic_Ear_2397,68,6,regular,swiss,moderate
Int-egral,2,1,occasional,target_centric,narrow
Sure-Economy-6551,11,3,occasional,general,narrow
ferdinandthebull77,224,58,regular,general,broad
Active-Top-2325,22,13,regular,general,broad
sivabhagyase,16,10,regular,general,moderate
rayhaansolo,6,3,occasional,target_centric,narrow
Sorry-Two2010,2,1,occasional,target_centric,narrow
Personal-Dot-8355,2,2,occasional,target_centric,narrow
JuzyCaquox,10,8,occasional,general,moderate
Proper_Professor1264,5,2,occasional,swiss,narrow
Gorgonius19,4,2,occasional,target_centric,narrow
Maleficent_Law8410,25,10,regular,general,moderate
Key-Refrigerator4827,143,37,regular,general,broad
BracedHornet186,3,2,occasional,target_centric,narrow
Assorird,2,1,occasional,target_centric,narrow
SamSossa,5,3,occasional,swiss,narrow
Ok_Moment4029,6,3,occasional,target_centric,narrow
Potetowhech,10,2,occasional,target_centric,narrow
Key-Mazaru,14,8,regular,general,moderate
sadhuvat,2,2,occasional,target_centric,narrow
WinCrush,20,5,regular,general,moderate
Gold_Maximum_5479,1,1,occasional,target_centric,narrow
YamPrior1947,2,1,occasional,target_centric,narrow
throwRA_just_asking,3,3,occasional,general,narrow
PlatyPla,15,10,regular,general,moderate
ughhhtimeyeah,27,24,regular,general,broad
Fair-Sun-8180,11,1,occasional,target_centric,narrow
Patient-Stand-8040,206,49,regular,general,broad
stage-of-the-ground,1,1,occasional,target_centric,narrow
Zealousideal-Mind795,1,1,occasional,target_centric,narrow
Prestigious_Hope9190,1067,139,power,general,broad
SweatyWitness1753,21,19,regular,general,broad
Educational-Lime-781,3,3,occasional,general,narrow
Agreeable_Help_6705,12,1,occasional,target_centric,narrow
WeekZealousideal6012,1793,134,power,general,broad
Individual_Couple791,1,1,occasional,target_centric,narrow
Impressive_Dot2827,21,7,regular,swiss,moderate
walrusdog32,106,29,regular,general,broad
PerformerOk1461,5,5,occasional,general,moderate
Confident_Sound_8076,27,10,regular,general,moderate
Zw3ifel,5,1,occasional,target_centric,narrow
One_Opposite_8942,24,5,regular,academic,moderate
Expert-Implement8930,1,1,occasional,target_centric,narrow
gamikaze_shirts,38,16,regular,swiss,broad
Massive_Channel1451,11,3,occasional,swiss,narrow
Gullible_Road_3294,9,4,occasional,general,moderate
Far_Lawfulness_3093,118,6,regular,general,moderate
Pristine-Student903,1,1,occasional,target_centric,narrow
kutie_001,4,2,occasional,general,narrow
Fine_Owl_3127,478,68,power,general,broad
Hopeful_Course5984,1,1,occasional,target_centric,narrow
Substantial_Pipe7,2,2,occasional,target_centric,narrow
Specialist_Aide4419,1,1,occasional,target_centric,narrow
Successful-Return453,3,1,occasional,target_centric,narrow
Nervous-Student6553,2,2,occasional,target_centric,narrow
AnxiousLengthiness88,9,1,occasional,target_centric,narrow
FlatEgg4027,7,2,occasional,swiss,narrow
Intelligent-Thing490,3,3,occasional,swiss,narrow
Mezyi,290,50,regular,general,broad
Nervous_Childhood_59,2,2,occasional,target_centric,narrow
throaway_11122023,47,20,regular,general,broad
Arsenal19082002,2,1,occasional,target_centric,narrow
Luckyluke765,2,1,occasional,target_centric,narrow
Last_Appointment5629,21,8,regular,general,moderate
ineedsummer,14,5,regular,general,moderate
Swissstargirl,2,1,occasional,target_centric,narrow
ThrowawayETHFlat,1,1,occasional,target_centric,narrow
bohrkepler,5,1,occasional,target_centric,narrow
Tequila-Witch-Lime,1,1,occasional,target_centric,narrow
Wide-Occasion6301,2,1,occasional,target_centric,narrow
albo437,56,13,regular,general,broad
Fearless-Bumblebee93,9,5,occasional,general,moderate
kittwo,31,11,regular,general,broad
Old-Audience4096,7,4,occasional,swiss,moderate
horizon230,7,4,occasional,general,moderate
Least_Ad8697,43,6,regular,swiss,moderate
Certain_Guarantee_13,8,4,occasional,target_centric,moderate
astrophile_0000,236,35,regular,general,broad
Melodic-Young-5169,14,4,regular,general,moderate
Own-Crow7791,10,1,occasional,target_centric,narrow
HMPrgm,7,4,occasional,general,moderate
Different-Budget-964,94,36,regular,general,broad
Upper-Ad4192,66,20,regular,general,broad
TrulyIncredibilis,87,19,regular,general,broad
hohotun28,22,8,regular,swiss,moderate
MnvJsN,45,18,regular,general,broad
Competitive-Cash-909,36,13,regular,general,broad
SocietyAcceptable910,6,3,occasional,general,narrow
cremebrulee_ch,346,30,power,swiss,broad
OutlandishnessHot0,2,1,occasional,target_centric,narrow
no_worries_stay_cool,23,14,regular,general,broad
Heavy_Landscape5874,8,3,occasional,general,narrow
pepestaja,47,14,regular,general,broad
Former_Biologist,23,11,regular,swiss,broad
JaredM-C,96,42,regular,general,broad
CommentSubstantial57,5,4,occasional,general,moderate
Open_Archer4312,9,2,occasional,general,narrow
Confident-Ear6291,4,3,occasional,swiss,narrow
Smart_Tell_5320,285,40,regular,general,broad
Jazzlike_Spray330,36,11,regular,general,broad
GoldenPunkBlue,346,78,power,general,broad
Civil_Spare3988,1,1,occasional,target_centric,narrow
PositiveMedicine4932,6,2,occasional,general,narrow
Remarkable_Pool_1268,55,14,regular,general,broad
Visible-Design4180,56,3,regular,target_centric,narrow
Smarmellatissimoide,31,11,regular,general,broad
Formal_Diamond_5282,15,4,regular,general,moderate
Ananke_Aletheia,1,1,occasional,target_centric,narrow
cosmiclatte28,13,2,occasional,target_centric,narrow
Signal_Radish_5895,1,1,occasional,target_centric,narrow
eltoni800a,33,10,regular,general,moderate
DeviceLopsided6722,1,1,occasional,target_centric,narrow
Luc1fer7777,61,19,regular,general,broad
gxrochii,5,3,occasional,general,narrow
annoying-aphid,13,2,occasional,swiss,narrow
drad0om,1,1,occasional,target_centric,narrow
Evening-West-9114,5,5,occasional,academic,moderate
asanzra,13,6,occasional,general,moderate
Sakurazukamori1,324,93,regular,general,broad
Ok_Cat9873,37,14,regular,general,broad
Soggy-Repair-5926,1,1,occasional,target_centric,narrow
Active-Charity3239,2,1,occasional,target_centric,narrow
justme__________,5,1,occasional,target_centric,narrow
Imacommonman,3,2,occasional,swiss,narrow
Crafty_Signal_6936,10,5,occasional,general,moderate
Apart-Combination229,9,4,occasional,general,moderate
Smoophye,63,14,regular,general,broad
Profjoa,1,1,occasional,target_centric,narrow
SuspiciousSkydiver,32,9,regular,general,moderate
Agile_Sundae6993,1,1,occasional,target_centric,narrow
UnreadyIce,126,19,regular,general,broad
stoiciste,3,1,occasional,target_centric,narrow
Silent_Pilot_3905,7,3,occasional,general,narrow
thriceuponadime,6,5,occasional,general,moderate
Salty_Educator_9797,3,2,occasional,target_centric,narrow
bias_e_dubbi,25,4,regular,swiss,moderate
Holiday_Ambition_256,4,4,occasional,academic,moderate
Illustrious-Cake-927,1,1,occasional,target_centric,narrow
YoghurtTerrible1005,6,3,occasional,target_centric,narrow
Fancy-Camp4535,2,2,occasional,target_centric,narrow
Realistic_Fix_7649,12,2,occasional,general,narrow
Holy__Hephaestus,15,4,regular,general,moderate
Head-Temperature9884,2,1,occasional,target_centric,narrow
roxymusic123,2,1,occasional,target_centric,narrow
Alarmed-Professor154,26,5,regular,general,moderate
Potential_One4227,8,5,occasional,general,moderate
AssassiKnight,40,11,regular,general,broad
Main-Ad-9123,2,2,occasional,target_centric,narrow
International_Tap699,25,6,regular,general,moderate
dc862,2,2,occasional,target_centric,narrow
Expert-Fun4159,10,2,occasional,target_centric,narrow
giulizap,3,3,occasional,swiss,narrow
Top-Marionberry5641,1,1,occasional,target_centric,narrow
Odd_Restaurant_2913,2,2,occasional,target_centric,narrow
Impressive_Box_9544,12,4,occasional,general,moderate
freemilfs,40,26,regular,general,broad
reactraid,5,2,occasional,general,narrow
dwindling_,7,3,occasional,general,narrow
Lord_of_the_catsII,13,10,occasional,general,moderate
Western-Credit-7737,1,1,occasional,target_centric,narrow
alairnok,1,1,occasional,target_centric,narrow
agasi_,53,25,regular,general,broad
Nervous-Night6792,3,1,occasional,target_centric,narrow
Ilosc,151,46,regular,general,broad
SailLolla,3,3,occasional,swiss,narrow
CommissionHaunting51,6,3,occasional,swiss,narrow
Outrageous-Video257,6,4,occasional,general,moderate
Skoop8,2,2,occasional,target_centric,narrow
AnnaM4,3,2,occasional,target_centric,narrow
Pierro_le_17,51,16,regular,general,broad
Green-Carpet-5246,3,1,occasional,target_centric,narrow
Grand-Hovercraft5657,6,1,occasional,target_centric,narrow
Few-Library3691,1,1,occasional,target_centric,narrow
Creative-Name-7504,22,13,regular,general,broad
Easy-Maybe5503,1,1,occasional,target_centric,narrow
Commercial_Bad_4310,5,3,occasional,target_centric,narrow
Beautiful-Minimum-58,88,27,regular,swiss,broad
williamlee_tpe,3,2,occasional,general,narrow
Business-Position-38,3,2,occasional,target_centric,narrow
GiacAlex,3,2,occasional,target_centric,narrow
Hungry-Assignment-42,2,1,occasional,target_centric,narrow
CerberusTick,6,4,occasional,general,moderate
According_Number_881,8,3,occasional,target_centric,narrow
Low-Relationship6865,83,19,regular,general,broad
Last_Proposal8553,1,1,occasional,target_centric,narrow
SeaworthinessKnown21,1,1,occasional,target_centric,narrow
Buffalo_Brains,17,8,regular,general,moderate
swag4h,1,1,occasional,target_centric,narrow
Prestigious_Let7624,1,1,occasional,target_centric,narrow
Sea_Opening7660,2,1,occasional,target_centric,narrow
EchoItchy8572,2,1,occasional,target_centric,narrow
vmer1102,20,11,regular,general,broad
i_peed_in_the_bottle,4,3,occasional,general,narrow
Historical-Heart-659,3,3,occasional,general,narrow
Warm_Bird620,2,1,occasional,target_centric,narrow
Frosty-Intention-987,18,6,regular,general,moderate
Emotional-Ad-552,58,28,regular,general,broad
DeadZombie14372,112,17,regular,general,broad
astro_nought,6,1,occasional,target_centric,narrow
Proud_Register4238,7,3,occasional,general,narrow
okiedokiye,3,2,occasional,target_centric,narrow
Technical_Bison_5741,2,2,occasional,target_centric,narrow
Prize_Rent8195,12,8,occasional,general,moderate
Ericastella,105,37,regular,general,broad
Hopeful-Court-9173,42,13,regular,swiss,broad
Brilliant-Volume6449,1,1,occasional,target_centric,narrow
Classic_Ground_1440,8,2,occasional,target_centric,narrow
PieTime7970,2,1,occasional,target_centric,narrow
Foreign-Bison-7826,17,7,regular,general,moderate
Human_Bee9406,1,1,occasional,target_centric,narrow
Parking_Language_714,36,9,regular,general,moderate
LastRemainingName,54,16,regular,general,broad
FabulousWorking698,17,1,regular,target_centric,narrow
Impossible_Injury878,2,2,occasional,target_centric,narrow
Subject_Caregiver290,5,5,occasional,swiss,moderate
Dismal_Gur9934,77,14,regular,general,broad
NarrowB1,2,1,occasional,target_centric,narrow
GoingMind3813,7,1,occasional,target_centric,narrow
SufficientFuture3110,5,2,occasional,swiss,narrow
dryesx,50,22,regular,general,broad
No-Huckleberry5274,8,7,occasional,general,moderate
bartukon,16,3,regular,target_centric,narrow
BoletusE,1,1,occasional,target_centric,narrow
ButterflyMajestic193,13,3,occasional,swiss,narrow
Independent_Bag_9577,1,1,occasional,target_centric,narrow
darkdragontrx,5,2,occasional,swiss,narrow
External_Number_6843,1,1,occasional,target_centric,narrow
HotPicture5821,87,19,regular,general,broad
CommercialMain274,2,1,occasional,target_centric,narrow
Dapper_Physics182,3,3,occasional,general,narrow
Successful_Farm_9370,159,35,regular,general,broad
GuptaPrateeek,77,25,regular,general,broad
Positive_Plane_2024,129,27,regular,swiss,broad
Own-Object-2394,5,3,occasional,general,narrow
Fantastic-Award-8263,5,2,occasional,general,narrow
PainterSuper4797,41,11,regular,general,broad
Present_Constant_761,1,1,occasional,target_centric,narrow
FoxMaterial3517,46,23,regular,general,broad
shally5,6,3,occasional,target_centric,narrow
Optimal-Lecture-7468,1,1,occasional,target_centric,narrow
swiss_chocolate_wand,8,7,occasional,general,moderate
marceline_thev,3,1,occasional,target_centric,narrow
pauliuszas,38,13,regular,general,broad
UnoriginalClimber,4,3,occasional,target_centric,narrow
230904,10,4,occasional,general,moderate
denisiurek,9,4,occasional,target_centric,moderate
Spare_Fishing_2375,1,1,occasional,target_centric,narrow
UnfairBreakfast9858,9,4,occasional,swiss,moderate
Pretend-Violinist-22,2,2,occasional,target_centric,narrow
SnooPaintings1335,151,12,regular,swiss,broad
Confi_2004,2,1,occasional,target_centric,narrow
Elegant-Session-9771,7,6,occasional,general,moderate
Dependent_Boss_9500,7,3,occasional,general,narrow
Green_Soft9618,4,1,occasional,target_centric,narrow
Equivalent-Wait6643,1,1,occasional,target_centric,narrow
AccomplishedTaro2286,54,16,regular,general,broad
PrettyMode966,1,1,occasional,target_centric,narrow
Careless-Fig6682,2,2,occasional,target_centric,narrow
lilhobbsn,4,4,occasional,general,moderate
RuinsOfGondolin,12,2,occasional,general,narrow
MrGibbs51,29,21,regular,general,broad
Mr_M_0,2,1,occasional,target_centric,narrow
Pie-Puzzled,12,7,occasional,general,moderate
runawaypotter,9,3,occasional,general,narrow
Significant_Taro_690,365,53,power,general,broad
FitFaithlessness7877,236,39,regular,general,broad
shhio2090,187,25,regular,general,broad
Normal_Scarcity_6411,1,1,occasional,target_centric,narrow
Straight-Visit-3139,19,6,regular,general,moderate
No_Temperature8234,340,93,power,general,broad
Lilmadysan,2,2,occasional,target_centric,narrow
ComfortableSupport33,8,3,occasional,general,narrow
Professional-Trip797,3,2,occasional,target_centric,narrow
Reset60,2,1,occasional,target_centric,narrow
JuniorSpecific8415,8,4,occasional,general,moderate
Electrical_Seesaw_64,4,2,occasional,target_centric,narrow
Head_Grade701,8,2,occasional,target_centric,narrow
ArgumentZestyclose62,253,60,regular,general,broad
Salt-Treacle9131,6,2,occasional,target_centric,narrow
BeautifulEntrance176,8,5,occasional,general,moderate
55CancriAe,1,1,occasional,target_centric,narrow
FineCelery6796,13,8,occasional,swiss,moderate
DankKid2410,117,24,regular,general,broad
tschilpi,31,18,regular,swiss,broad
Just_Living_1830,8,5,occasional,target_centric,moderate
Jealous_Shopping_769,2,1,occasional,target_centric,narrow
candycane7,789,124,power,swiss,broad
Bendeguz06,15,7,regular,general,moderate
QuinqueIs-GIyph-I728,721,70,power,general,broad
ReplacementDue7802,2,1,occasional,target_centric,narrow
Orange_Oriole,10,2,occasional,general,narrow
filicst,8,2,occasional,swiss,narrow
Litty_Clitty_420,9,3,occasional,general,narrow
Traditional_Care1130,29,13,regular,swiss,broad
FalconEfficient76,11,3,occasional,academic,narrow
Past_Proposal6586,1,1,occasional,target_centric,narrow
Broad_Spring_2390,2,2,occasional,target_centric,narrow
CompetitiveBerry7524,2,1,occasional,target_centric,narrow
InternalCurrency7993,173,32,regular,general,broad
SmartCookie_32,9,1,occasional,target_centric,narrow
SpecialistMirror1502,2,1,occasional,target_centric,narrow
SignalSea2214,4,2,occasional,general,narrow
Marl0c,5,1,occasional,target_centric,narrow
Qu4ntum2,7,1,occasional,target_centric,narrow
DanishBagel123,238,39,regular,general,broad
EliteStryker02,109,7,regular,general,moderate
No-Quarter-6630,1,1,occasional,target_centric,narrow
ft-melodies,14,6,regular,academic,moderate
Level_Poem9368,2,2,occasional,target_centric,narrow
NotYetPerfect,940,140,power,general,broad
No-Significance-7068,9,4,occasional,general,moderate
whaaathoo,7,5,occasional,general,moderate
WarAppropriate596,15,6,regular,general,moderate
Commercial-Clothes45,7,1,occasional,target_centric,narrow
Which_Veterinarian82,12,8,occasional,general,moderate
yanalla,2,2,occasional,target_centric,narrow
Expert-Purchase3584,26,8,regular,swiss,moderate
GuiltyBrilliant4425,2,2,occasional,target_centric,narrow
leo_AB1,2,1,occasional,target_centric,narrow
Virtual-End1827,779,123,power,general,broad
Chelik1320,1,1,occasional,target_centric,narrow
Icy-Salamander-6290,9,2,occasional,target_centric,narrow
Puzzleheaded_Role173,31,8,regular,general,moderate
No_Panda_6744,2,1,occasional,target_centric,narrow
Pingu_314,2,1,occasional,target_centric,narrow
No-Push-8166,11,3,occasional,target_centric,narrow
Pretty_Ambassador746,17,8,regular,general,moderate
Any-Actuator-1717,5,3,occasional,general,narrow
Top-Age-4949,33,6,regular,general,moderate
Inevitable_Box1773,3,1,occasional,target_centric,narrow
Aufstehn_CH,10,9,occasional,general,moderate
Far-Total2951,20,11,regular,general,broad
Ok-Firefighter7237,48,15,regular,swiss,broad
Antique-Type-9788,3,1,occasional,target_centric,narrow
TimeGrapefruit4999,4,1,occasional,target_centric,narrow
Packman-2022,5,3,occasional,swiss,narrow
SpecialTurnip9198,22,10,regular,general,moderate
Embarrassed-List9672,20,13,regular,general,broad
Low-Possibility-5850,6,2,occasional,target_centric,narrow
Hot-Friendship6485,58,31,regular,general,broad
Confident_Contest708,3,1,occasional,target_centric,narrow
No-Apricot2442,39,10,regular,general,moderate
TranslatorPure3114,3,2,occasional,general,narrow
Infamous_Surround_82,4,2,occasional,general,narrow
dkav1999,16,12,regular,general,broad
BlackShadowv,72,20,regular,general,broad
Fabulous-Thought5242,72,33,regular,general,broad
CalmIllustrator6076,23,3,regular,target_centric,narrow
sparkles200321,68,15,regular,general,broad
EnvironmentalPut1838,24,17,regular,general,broad
Many_Reputation9699,8,1,occasional,target_centric,narrow
Miserable_Gur_5314,209,42,regular,swiss,broad
human_or_whateva,457,94,power,general,broad
ronniexxxx,2,1,occasional,target_centric,narrow
Adventurous_Bear7433,77,9,regular,general,moderate
Accomplished_Emu6523,2,2,occasional,target_centric,narrow
Successful-Place-352,1,1,occasional,target_centric,narrow
Weak_Success_6769,1,1,occasional,target_centric,narrow
Spirited_Durian7519,1,1,occasional,target_centric,narrow
ACAir56,4,4,occasional,general,moderate
GrumpyKittyyy,3,1,occasional,target_centric,narrow
Forsaken8194,1,1,occasional,target_centric,narrow
Ok-Trip-5255,5,1,occasional,target_centric,narrow
Top_Praline_8591,2,1,occasional,target_centric,narrow
Equivalent-Essay9641,6,3,occasional,general,narrow
Madeleine_Eye,1,1,occasional,target_centric,narrow
Present-Hall-9989,24,3,regular,general,narrow
Round_Campaign_4394,10,8,occasional,general,moderate
Rich_Foundation_1811,3,1,occasional,target_centric,narrow
rhumple4skin,69,19,regular,general,broad
AttemptBeneficial836,102,5,regular,general,moderate
2Bitter4Cola,9,2,occasional,target_centric,narrow
SaraIbr,62,15,regular,swiss,broad
Heavy_Information624,12,5,occasional,general,moderate
Medium_Vegetable_737,6,6,occasional,general,moderate
Particular-Bag-3952,9,3,occasional,general,narrow
Capital-Addition-257,338,4,power,general,moderate
missdels,2,1,occasional,target_centric,narrow
Shalduz,369,36,power,general,broad
madridguy15,87,19,regular,general,broad
ignobled,9,3,occasional,swiss,narrow
Extension_Fold_4200,416,62,power,general,broad
Confident-Spring3713,4,1,occasional,target_centric,narrow
Brief-Library9993,151,19,regular,general,broad
Salty-Mixture5427,9,6,occasional,general,moderate
AikoZen,2,1,occasional,target_centric,narrow
TrickyRaise9306,76,25,regular,general,broad
Saturnox,3,3,occasional,general,narrow
xxiec,1,1,occasional,target_centric,narrow
viewerinc,4,2,occasional,target_centric,narrow
Imaginary-Cattle-977,2,2,occasional,target_centric,narrow
No-Weekend5035,3,2,occasional,target_centric,narrow
nala_1454,30,12,regular,general,broad
Ok-Share3245,1,1,occasional,target_centric,narrow
Witty-Scratch7699,3,1,occasional,target_centric,narrow
Budget-Pin6339,53,6,regular,general,moderate
erpo46,6,2,occasional,swiss,narrow
bskp,4,2,occasional,swiss,narrow
Cenzo98,11,11,occasional,general,broad
OkRecommendation9795,14,3,regular,target_centric,narrow
Responsible_Peach2,237,5,regular,general,moderate
Fresh-Classic-5312,23,10,regular,general,moderate
Global_Weight897,18,9,regular,general,moderate
curious_red_00,45,4,regular,general,moderate
Lazorwastaken,4,1,occasional,target_centric,narrow
IceGami,12,4,occasional,target_centric,moderate
Zoldyck_J,92,16,regular,general,broad
TenseOcean82,2,2,occasional,target_centric,narrow
humdedumde,17,4,regular,academic,moderate
SignificanceWild9658,8,3,occasional,target_centric,narrow
Sufficient-Abroad942,14,11,regular,general,broad
Top-Platform8890,6,3,occasional,target_centric,narrow
yankikiran,17,5,regular,general,moderate
SingleSugar4730,1,1,occasional,target_centric,narrow
jromerdi7,3,2,occasional,general,narrow
No-Breakfast-517,6,2,occasional,target_centric,narrow
Adorable-Creme-9308,4,1,occasional,target_centric,narrow
Technical-Word-34,1,1,occasional,target_centric,narrow
glfmn,3,2,occasional,target_centric,narrow
LanguageKnown4577,2,1,occasional,target_centric,narrow
Ok_Peanut_2065,2,1,occasional,target_centric,narrow
Santschy,1,1,occasional,target_centric,narrow
gaidajj,9,3,occasional,general,narrow
LaPireDBenedictions,12,6,occasional,general,moderate
Pond_sniffer,10,4,occasional,general,moderate
Jayaditya_02,18,9,regular,general,moderate
Objective_Race4859,3,2,occasional,swiss,narrow
No_Cardiologist7609,26,7,regular,academic,moderate
Sufficient_Event2585,3,2,occasional,general,narrow
noscofe,14,2,regular,general,narrow
Scared_Ad8943,1,1,occasional,target_centric,narrow
Proof-Yam-5877,478,60,power,swiss,broad
ResponsibleBunch521,12,7,occasional,general,moderate
Dependent-Feed-1903,104,42,regular,general,broad
Spiritual-Coast6351,1,1,occasional,target_centric,narrow
Beautiful-Pin-9193,14,3,regular,swiss,narrow
cat-day-rain6,6,3,occasional,target_centric,narrow
Ok-Ask-8256,7,4,occasional,general,moderate
chemrobstry,9,8,occasional,general,moderate
Friendly_Cold1349,383,32,power,general,broad
nagy_orsoly,8,1,occasional,target_centric,narrow
Mysterious-Field-746,2,1,occasional,target_centric,narrow
Cool_Samoyed,210,41,regular,general,broad
Appropriate-Pitch-45,17,3,regular,swiss,narrow
Loose-Purchase-451,1,1,occasional,target_centric,narrow
Ok_Perspective880,9,3,occasional,swiss,narrow
Kitchen_Dot_7398,12,2,occasional,target_centric,narrow
Particular-Engine213,4,2,occasional,target_centric,narrow
Old-Relation-7614,118,15,regular,general,broad
AmanChourasia,26,14,regular,general,broad
suinaara,1,1,occasional,target_centric,narrow
Miserable-Brush6354,159,24,regular,general,broad
Acrobatic-Educator81,6,5,occasional,swiss,moderate
Foldons,5,3,occasional,general,narrow
Embarrassed-Win-8483,12,4,occasional,general,moderate
Girlsareonreddit,49,15,regular,general,broad
SatisfactionFlaky219,6,2,occasional,swiss,narrow
FriendshipOk4516,11,4,occasional,target_centric,moderate
Realistic_Video_5005,3,2,occasional,general,narrow
Serendipity-5719,15,4,regular,general,moderate
fidifudi,4,4,occasional,general,moderate
Past_Abroad_6692,1,1,occasional,target_centric,narrow
New-Recognition9461,2,1,occasional,target_centric,narrow
Real_early_5791,58,28,regular,general,broad
Mess-Present,3,2,occasional,general,narrow
Status-Tell-7728,18,4,regular,general,moderate
GT3D,11,4,occasional,general,moderate
No-Map-3720,9,2,occasional,general,narrow
Nearby_Forever_3881,5,3,occasional,swiss,narrow
Other-Estimate-4159,2,1,occasional,target_centric,narrow
Individual_Weird6344,13,7,occasional,general,moderate
Unhappy-Belt9628,1,1,occasional,target_centric,narrow
Jazzlike-Fondant1446,2,1,occasional,target_centric,narrow
ycc-156,17,4,regular,general,moderate
ij78cp,108,35,regular,swiss,broad
zecepuhiyowes4e8a6d,17,9,regular,general,moderate
Difficult_Quote_4504,2,1,occasional,target_centric,narrow
ConfidentRub6088,4,2,occasional,swiss,narrow
roundbiggrape,1,1,occasional,target_centric,narrow
HumongousFungihihi,189,46,regular,general,broad
_Alby_,2,2,occasional,target_centric,narrow
crocconnoisseur,1,1,occasional,target_centric,narrow
InvestmentNew1655,222,60,regular,general,broad
Illustrious_Test4739,33,22,regular,general,broad
Dear-End8908,114,14,regular,swiss,broad
No-Application-5610,9,5,occasional,general,moderate
Danzi_boi,3,2,occasional,swiss,narrow
MrNiceGuyEBEB,452,168,power,general,broad
Frequent_Office_6952,2,1,occasional,target_centric,narrow
No_Advice760,2,1,occasional,target_centric,narrow
Gam-erAnimation,18,10,regular,general,moderate
Substantial_Pie5803,30,8,regular,general,moderate
Special_Tourist_486,437,75,power,swiss,broad
Regular_Middle_2258,5,3,occasional,general,narrow
Key_Neighborhood9771,1,1,occasional,target_centric,narrow
ResourceExtreme278,6,4,occasional,general,moderate
emabuell,4,1,occasional,target_centric,narrow
nikolastojic,26,2,regular,general,narrow
Strong_Talk_8316,1,1,occasional,target_centric,narrow
zaichenkov,1,1,occasional,target_centric,narrow
Other_Town5859,163,21,regular,swiss,broad
CompetitionFrosty504,4,1,occasional,target_centric,narrow
wopwopchickenchicken,4,2,occasional,swiss,narrow
advocadomarble,15,7,regular,target_centric,moderate
BigOtherLurker,1,1,occasional,target_centric,narrow
Consistent_Bite8864,5,2,occasional,general,narrow
tonyflyby,47,17,regular,swiss,broad
davidalvarezg,2,2,occasional,target_centric,narrow
Over_Performer7090,7,3,occasional,general,narrow
Feisty-Lack6676,92,36,regular,general,broad
flairysky,23,7,regular,academic,moderate
dwightpoldark,5,3,occasional,target_centric,narrow
HopefulEstate9421,1,1,occasional,target_centric,narrow
alexandremeldem,11,7,occasional,general,moderate
Active-Town3339,3,1,occasional,target_centric,narrow
Far-Ad4490,31,4,regular,general,moderate
Unlucky_Kale_3454,31,9,regular,general,moderate
d3k0racja,1,1,occasional,target_centric,narrow
alexrada,1606,194,power,general,broad
No-Biscotti779,6,2,occasional,target_centric,narrow
daikajin,15,4,regular,swiss,moderate
DefiantPossession878,21,9,regular,swiss,moderate
geosfirstlife,1,1,occasional,target_centric,narrow
Different-Archer1874,1,1,occasional,target_centric,narrow
Mountain_Stage_281,6,5,occasional,swiss,moderate
glikofy,2,2,occasional,target_centric,narrow
Flat_Sandwich_8852,9,2,occasional,target_centric,narrow
Sweet-Frosting4839,369,120,power,general,broad
azat007,4,1,occasional,target_centric,narrow
throwaway361910,13,5,occasional,general,moderate
alwaysascoldasice,4,4,occasional,general,moderate
Ok-Effort-4894,14,13,regular,swiss,broad
Ok_Specialist_8957,1,1,occasional,target_centric,narrow
Professional-Cat3224,1,1,occasional,target_centric,narrow
LSOMaker,96,28,regular,general,broad
Bacil03,64,18,regular,general,broad
invincibleMB03,3,2,occasional,general,narrow
Ok-Place864,9,6,occasional,general,moderate
Cruz-Sky-Walker,8,5,occasional,swiss,moderate
Tight-Entertainer-36,2,2,occasional,target_centric,narrow
Similar-Sky9979,1,1,occasional,target_centric,narrow
MindlessFeeling17,1,1,occasional,target_centric,narrow
Firm_Lynx,9,5,occasional,swiss,moderate
Simple-Day-5429,46,12,regular,general,broad
yellowpolarbearman,46,27,regular,general,broad
pixeltrusts,416,98,power,swiss,broad
Character-Month-1312,8,6,occasional,general,moderate
loafmeister_,8,5,occasional,swiss,moderate
gigamma01,31,12,regular,general,broad
wh7676,4,1,occasional,target_centric,narrow
polemass173,3,3,occasional,general,narrow
BalTip,2,1,occasional,target_centric,narrow
Left_Candle2269,3,1,occasional,target_centric,narrow
New_Pay_4750,6,2,occasional,target_centric,narrow
Civil_Price2442,2,2,occasional,target_centric,narrow
ND3lle,13,3,occasional,general,narrow
salva922,340,61,power,swiss,broad
Weekly_Piglet7379,1,1,occasional,target_centric,narrow
Constant-Calendar-65,8,2,occasional,target_centric,narrow
SuisoApp,7,3,occasional,general,narrow
mango-affair,331,66,regular,general,broad
ustandnochance,85,23,regular,general,broad
Relative_Bit9476,9,6,occasional,general,moderate
aggromonkey34,6,3,occasional,general,narrow
fangoX,1,1,occasional,target_centric,narrow
Connect_Dentist_9323,17,4,regular,general,moderate
Randagio_Montano,66,21,regular,general,broad
Jumpy-Roll7386,21,16,regular,general,broad
Character_Beach6241,2,1,occasional,target_centric,narrow
Longjumping-Flight82,15,8,regular,general,moderate
Lumpy_Astronomer_211,1,1,occasional,target_centric,narrow
Background_Pin_8292,4,1,occasional,target_centric,narrow
Accomplished-Dust257,4,4,occasional,general,moderate
Click_Narrow,2,2,occasional,target_centric,narrow
Vanadium353,5,1,occasional,target_centric,narrow
Unlikely-Recipe5580,101,10,regular,general,moderate
andWan,147,55,regular,general,broad
Rare_Lingonberry5517,3,3,occasional,general,narrow
ATallSteve,20,14,regular,general,broad
_thehobbit_,1,1,occasional,target_centric,narrow
LostSession3959,2,1,occasional,target_centric,narrow
Cool_Earth_2556,44,11,regular,target_centric,broad
No_Philosopher8610,4,3,occasional,swiss,narrow
REDX0022,1,1,occasional,target_centric,narrow
Good-Landscape-6888,3,3,occasional,general,narrow
slxmo,3,3,occasional,swiss,narrow
Ok-Chest3790,8,4,occasional,general,moderate
realpocketchange,2,1,occasional,target_centric,narrow
MarzipanNo9781,21,7,regular,general,moderate
bigorca88,20,6,regular,swiss,moderate
ReviewedOhio312,4,4,occasional,swiss,moderate
Expert_Spread_3785,3,2,occasional,general,narrow
Own-Bite-9304,293,21,regular,general,broad
InformalEnd8337,30,7,regular,general,moderate
tonetdcb,6,4,occasional,swiss,moderate
Witty_chad,8,2,occasional,target_centric,narrow
W_Badwater,1,1,occasional,target_centric,narrow
zurrdynasty,9,4,occasional,swiss,moderate
Background_Care561,23,8,regular,general,moderate
Fit_Adhesiveness6772,2,2,occasional,target_centric,narrow
EngineerOk1916,1,1,occasional,target_centric,narrow
Ok_Link_9241,1,1,occasional,target_centric,narrow
Brilliant-Mission459,9,8,occasional,swiss,moderate
Mericylove,6,1,occasional,target_centric,narrow
FarCricket7169,1,1,occasional,target_centric,narrow
A7eh,15,7,regular,general,moderate
NoIndependent8817,6,3,occasional,general,narrow
Resident_Worker_8859,7,4,occasional,general,moderate
faidbang06,5,4,occasional,general,moderate
Ok-Pear-8529,14,7,regular,general,moderate
General_Guisan,643,139,power,general,broad
Feisty_Spend_1992,124,41,regular,general,broad
Forward-Point-8656,2,2,occasional,target_centric,narrow
Full-Camel7489,5,3,occasional,general,narrow
Holiday-Figure7424,22,3,regular,general,narrow
Leather-Nebula1394,11,9,occasional,general,moderate
Sweaty-Particular-56,7,3,occasional,swiss,narrow
Odd_Explanation3259,12,4,occasional,swiss,moderate
shiny_lee,1,1,occasional,target_centric,narrow
EUNEisAmeme,371,62,power,general,broad
Top-Routine-9568,11,4,occasional,target_centric,moderate
Accomplished-Cap9309,186,12,regular,general,broad
Impressive_Adagio497,4,1,occasional,target_centric,narrow
Outside_Pilot_7542,3,1,occasional,target_centric,narrow
Low-Yam7414,1,1,occasional,target_centric,narrow
ReputationCorrect798,1,1,occasional,target_centric,narrow
DasKapitalReaper,31,14,regular,general,broad
External-Cheek7188,1,1,occasional,target_centric,narrow
Able-Mistake8483,13,3,occasional,general,narrow
Formal_Prior_3359,2,2,occasional,target_centric,narrow
j0e_mam4,5,2,occasional,general,narrow
Xiloxs,4,3,occasional,general,narrow
ARUMI_Sun_Moon,569,31,power,general,broad
Beautiful_Space9127,2,1,occasional,target_centric,narrow
arthur_le_boss_75,81,15,regular,general,broad
Far-Mechanic9478,16,5,regular,general,moderate
Spiritual-Plenty-20,5,2,occasional,general,narrow
QuoteRare739,11,4,occasional,general,moderate
Environmental-Cry850,17,4,regular,general,moderate
23gnaixuy,28,24,regular,general,broad
Visible_Tomato_5616,19,4,regular,general,moderate
Patryk_x,1,1,occasional,target_centric,narrow
Equivalent-Teach8134,12,3,occasional,general,narrow
JunketRemote654,11,1,occasional,target_centric,narrow
NicoJuniori,4,4,occasional,general,moderate
Ok-Airport2314,2,2,occasional,target_centric,narrow
Rextheguy95,10,4,occasional,general,moderate
BellDry7705,14,2,regular,target_centric,narrow
Ecstatic_Cycle6029,2,2,occasional,target_centric,narrow
JuJuJuMa,77,15,regular,general,broad
Flat-Ratio335,10,6,occasional,general,moderate
Rio_1210,12,7,occasional,general,moderate
coolcapture,16,8,regular,general,moderate
Scared-Wafer9702,2,1,occasional,target_centric,narrow
BottledKeys,3,3,occasional,general,narrow
Fast_Art_1481,2,1,occasional,target_centric,narrow
R6Dawnbase,8,3,occasional,target_centric,narrow
sudoGodmode,1,1,occasional,target_centric,narrow
CS_UGRAD24,23,12,regular,general,broad
ScalesGhost,506,70,power,general,broad
Fabulous-Ostrich-422,1,1,occasional,target_centric,narrow
ZaySaysHi,26,5,regular,general,moderate
SlingsAndArrows7871,635,95,power,general,broad
Mountain_Eggplant720,7,4,occasional,general,moderate
dunAskmewhoIam,2,2,occasional,target_centric,narrow
Friendly_Flamingo409,44,5,regular,general,moderate
First_Suit8274,3,1,occasional,target_centric,narrow
Acrobatic-Banana6167,5,2,occasional,general,narrow
Substantial-Dot6963,1,1,occasional,target_centric,narrow
John_cages022,891,206,power,general,broad
animesh101,6,3,occasional,target_centric,narrow
GruDaMinion,2,2,occasional,target_centric,narrow
Stengelvonq,126,23,regular,academic,broad
waveboreale,18,9,regular,swiss,moderate
helios44js,10,6,occasional,general,moderate
deasil1234,1,1,occasional,target_centric,narrow
Historical_Memory_21,1,1,occasional,target_centric,narrow
Mobile-Release6862,104,43,regular,general,broad
Gouzi00,1497,291,power,general,broad
spidersupe,109,14,regular,general,broad
Night_Chips,4,4,occasional,general,moderate
crazy-duck-2,124,21,regular,swiss,broad
lycor_s,1,1,occasional,target_centric,narrow
Accurate_Hedgehog172,2,1,occasional,target_centric,narrow
yanishagen,15,13,regular,swiss,broad
bengalirepublican,85,22,regular,general,broad
GodandLove,12,6,occasional,general,moderate
principleofinaction,165,35,regular,general,broad
GeekPerFreak,23,5,regular,general,moderate
sleepyslothzzz1,8,2,occasional,target_centric,narrow
alessandro_mate,1,1,occasional,target_centric,narrow
Cultural_Garage9956,10,5,occasional,general,moderate
Few_Needleworker_651,12,5,occasional,general,moderate
Fun-Guava-4912,1,1,occasional,target_centric,narrow
augusts8,289,247,regular,general,broad
EfficientPeace8994,87,22,regular,general,broad
Hopefully_smart,2,2,occasional,target_centric,narrow
Sanfeng766,33,10,regular,general,moderate
100WCharge,7,3,occasional,general,narrow
Pure-Magician-3703,121,36,regular,general,broad
graduating_penguin,4,2,occasional,target_centric,narrow
MediumDraw1379,4,1,occasional,target_centric,narrow
Different_Sale_4172,65,21,regular,general,broad
Anonymous_BOSS,16,3,regular,general,narrow
beingfresh,6,3,occasional,general,narrow
Due_Manufacturer8899,6,4,occasional,swiss,moderate
Euphoric-Trouble-145,3,1,occasional,target_centric,narrow
nikesoccer123,2,2,occasional,target_centric,narrow
Alex180689,153,67,regular,general,broad
marazkarasina,3,1,occasional,target_centric,narrow
Wild_Historian8244,11,3,occasional,target_centric,narrow
WarZealousideal5088,11,7,occasional,swiss,moderate
anonymouskaz4,10,2,occasional,target_centric,narrow
BananaPie1254TN,1,1,occasional,target_centric,narrow
Mountain-Appeal4929,4,2,occasional,target_centric,narrow
HedgehogNaive8817,2,2,occasional,target_centric,narrow
Happy_Term5133,39,6,regular,general,moderate
Fun-Point9122,6,2,occasional,target_centric,narrow
AccomplishedEbb8619,211,29,regular,general,broad
ana_bortion,99,45,regular,general,broad
DsarrayedPandemonium,120,32,regular,general,broad
Apprehensive_Tie_421,3,1,occasional,target_centric,narrow
enadanadakutheinge,10,7,occasional,general,moderate
Legitimate_Profile,38,16,regular,general,broad
peach_poundcake,1,1,occasional,target_centric,narrow
robotrobotth,1,1,occasional,target_centric,narrow
Square_Whole4925,32,16,regular,swiss,broad
Sweaty_Kiwi_6475,1,1,occasional,target_centric,narrow
sretss1212,3,1,occasional,target_centric,narrow
trbf0,6,3,occasional,general,narrow
RatioWonderful3772,6,1,occasional,target_centric,narrow
Hely0s,3,2,occasional,swiss,narrow
Super-Character8260,1,1,occasional,target_centric,narrow
mahhny,1,1,occasional,target_centric,narrow
notbmia,1,1,occasional,target_centric,narrow
Ok_Efficiency8335,9,2,occasional,target_centric,narrow
No_Yogurtcloset_805,37,3,regular,general,narrow
startherecoach,47,16,regular,general,broad
AppearanceThen3755,33,4,regular,target_centric,moderate
heapifythis,29,6,regular,general,moderate
MangoHairy8890,3,1,occasional,target_centric,narrow
Background_Bass_2587,61,28,regular,general,broad
Interesting-Net5976,2,1,occasional,target_centric,narrow
proGramer31415,3,1,occasional,target_centric,narrow
LopsidedOtter7410,4,1,occasional,target_centric,narrow
papriqa,15,6,regular,general,moderate
Original-Earth5812,3,3,occasional,general,narrow
leena1234726,23,6,regular,general,moderate
Numerous_Use_9286,1,1,occasional,target_centric,narrow
Carob-Calm,3,1,occasional,target_centric,narrow
DatGuyOvaThea,67,27,regular,general,broad
Ok_Hair7788,13,3,occasional,general,narrow
Charles1994CubanBoy,43,15,regular,general,broad
neuropsych_bg,3,2,occasional,swiss,narrow
piro_khursani,10,5,occasional,general,moderate
mrAccept,1,1,occasional,target_centric,narrow
221bhouse,18,13,regular,general,broad
Slight-Ad-1928,2,1,occasional,target_centric,narrow
BuyerDangerous6784,2,1,occasional,target_centric,narrow
Recent-Funny3709,223,23,regular,general,broad
UrbanOrchid,8,4,occasional,swiss,moderate
Imaginary_Adagio2040,9,6,occasional,general,moderate
latterprofessor6,7,2,occasional,target_centric,narrow
Commercial-Stage9721,1,1,occasional,target_centric,narrow
Practical-Recipe9531,6,2,occasional,swiss,narrow
adhithya_l,1,1,occasional,target_centric,narrow
Patient_Result_9951,2,2,occasional,target_centric,narrow
retiredConfucius34,2,1,occasional,target_centric,narrow
Chrotinelle,1,1,occasional,target_centric,narrow
Mundane-Remote3470,1,1,occasional,target_centric,narrow
Global-Assumption845,3,1,occasional,target_centric,narrow
Master-Hornet-6178,2,2,occasional,target_centric,narrow
Like_Science,1,1,occasional,target_centric,narrow
Fuzzy-Paper6537,22,3,regular,general,narrow
realzauberer,1,1,occasional,target_centric,narrow
eatingnarutosnoodles,504,71,power,general,broad
Cultural_Praline_271,52,17,regular,general,broad
Dry_Equipment2525,1,1,occasional,target_centric,narrow
hadjer-imc-ibm,2,2,occasional,target_centric,narrow
simple_man_2026,45,14,regular,general,broad
Odd-Post-5239,2,1,occasional,target_centric,narrow
Otherwise_Wave9374,24729,8920,power,general,broad
Civil-Shopping-903,367,73,power,general,broad
graceq2000,6,3,occasional,target_centric,narrow
Pleasant-Carbon,2970,421,power,general,broad
RBL213,4,4,occasional,general,moderate
National-Apple-6953,2,2,occasional,target_centric,narrow
Eastern_Pangolin5127,248,22,regular,general,broad
cash_n17,1234,28,power,general,broad
rrqxn,2,1,occasional,target_centric,narrow
Pure_Tangelo5146,1,1,occasional,target_centric,narrow
Fun-Independence-117,13,5,occasional,general,moderate
AggravatingSwitch882,41,4,regular,swiss,moderate
Bobsch123,12,1,occasional,target_centric,narrow
Ambitious-Cry9288,36,10,regular,swiss,moderate
Certain_Traffic_4868,1,1,occasional,target_centric,narrow
Zestyclose_Twist_363,15,10,regular,general,moderate
AggravatingArmy111,2,2,occasional,target_centric,narrow
Dull-Bat-3984,4,2,occasional,target_centric,narrow
Klutzy-Lime-4450,1,1,occasional,target_centric,narrow
Q-Hack_2026,38,28,regular,general,broad
Low_Satisfaction7333,13,1,occasional,target_centric,narrow
ResidentConnection60,2,2,occasional,target_centric,narrow
lloydtechno,7,5,occasional,general,moderate
Novel_Trainer2514,4,1,occasional,target_centric,narrow
Ok_Answer5027,19,6,regular,general,moderate
EccentricClassic3125,4,2,occasional,general,narrow
NoCollection1158,1,1,occasional,target_centric,narrow
vibezong,24,5,regular,general,moderate
Healthy_Snow2418,2,1,occasional,target_centric,narrow
Green_Daikon3257,4,1,occasional,target_centric,narrow
Miserable_Forever_80,8,2,occasional,swiss,narrow
Ekay314,15,2,regular,target_centric,narrow
No_Direction8650,45,7,regular,general,moderate
FryThemAll,2,2,occasional,target_centric,narrow
xman7212,1,1,occasional,target_centric,narrow
normativecoder,259,57,regular,general,broad
Complex_Tea_1244,95,23,regular,general,broad
Middle-Reflection-44,1,1,occasional,target_centric,narrow
smokje,18,9,regular,swiss,moderate
a_alatus,3,3,occasional,general,narrow
Soggy-Ad-7711,10,2,occasional,target_centric,narrow
spaghetti-code-fan,2,1,occasional,target_centric,narrow
vel_xy,21,7,regular,general,moderate
RayRay2048,3,3,occasional,general,narrow
Temporary-Anxiety539,31,10,regular,general,moderate
betonieraasfat,9,6,occasional,general,moderate
Only_Complaint_215,9,8,occasional,general,moderate
VGHugo,36,4,regular,swiss,moderate
unrelatedquestioner,4,4,occasional,general,moderate
AncientShoe1731,4,3,occasional,target_centric,narrow
Technical-Artist-491,10,6,occasional,general,moderate
Willing-Signal-9936,1705,78,power,general,broad
Sea-Statistician9552,11,2,occasional,general,narrow
Aromatic-Apricot-298,6,5,occasional,general,moderate
According_Ordinary48,3,3,occasional,general,narrow
Equivalent_Ad_5339,1,1,occasional,target_centric,narrow
Real-Fairy96,7,5,occasional,general,moderate
InstructionCertain21,10,3,occasional,target_centric,narrow
Hot_Dragonfly_3278,18,3,regular,target_centric,narrow
Sunil_Mr,4,2,occasional,target_centric,narrow
Flat-Care4486,3,3,occasional,general,narrow
TheHockyeEdemsa,1,1,occasional,target_centric,narrow
Mr_Meringue,202,35,regular,general,broad
Hot_Health_1502,15,1,regular,target_centric,narrow
Standard-Way-4538,11,3,occasional,general,narrow
voldinoo,1,1,occasional,target_centric,narrow
beankylla,469,90,power,general,broad
Reachingabittoohigh,3,3,occasional,general,narrow
West-Low-1451,1,1,occasional,target_centric,narrow
AutisticFurniture,13,11,occasional,general,broad
kimi444girl,38,16,regular,general,broad
PaperPlane1403,5,4,occasional,general,moderate
Legitimate-Ear-1002,1,1,occasional,target_centric,narrow
Ok-Reputation-9777,60,7,regular,general,moderate
Kingfat173,10,4,occasional,general,moderate
legend0102,120,20,regular,general,broad
Creative_Math_2909,7,5,occasional,general,moderate
Distinct_Egg4365,744,132,power,general,broad
xinruihay,32,13,regular,swiss,broad
Sensitive-Talk9616,249,67,regular,general,broad
Alert-Run6636,1,1,occasional,target_centric,narrow
T-R-Bros,11,8,occasional,general,moderate
Ok-Nail9956,4,3,occasional,general,narrow
Swimming_Bullfrog_23,11,5,occasional,general,moderate
Trick-Memory9952,1,1,occasional,target_centric,narrow
Next-Building9784,1,1,occasional,target_centric,narrow
Much-Usual453,4,3,occasional,general,narrow
TakenSadFace,1298,120,power,general,broad
offbeat_orangutan,11,3,occasional,general,narrow
Effective_Mango_7993,1,1,occasional,target_centric,narrow
Better-Stay-8383,120,22,regular,general,broad
ImpressionBoring7077,1,1,occasional,target_centric,narrow
tortoisegirl25,3,3,occasional,general,narrow
stencillicnets,8,4,occasional,general,moderate
Ebreton2,99,52,regular,general,broad
YellowSpoofer,78,21,regular,general,broad
NRABEH,2,2,occasional,target_centric,narrow
_BsIngA_,29,19,regular,swiss,broad
Puzzled_Paramedic225,1,1,occasional,target_centric,narrow
Immediate_Lab_770,12,6,occasional,general,moderate
m4triarch,8,3,occasional,swiss,narrow
DeathStalker_11,35,21,regular,general,broad
GioiaLeilaLio,191,67,regular,general,broad
slippery_pingus,8,2,occasional,target_centric,narrow
G4B7,9,3,occasional,general,narrow
Molteni-,10,6,occasional,academic,moderate
Extra_Job4057,4,1,occasional,target_centric,narrow
Tough-Discussion-179,20,8,regular,general,moderate
italianjob16,88,35,regular,swiss,broad
PierSergioCaltabiano,50,28,regular,general,broad
Decent_Evening_1840,3,2,occasional,target_centric,narrow
OSM_Smiley,7,5,occasional,general,moderate
ThePaleAleOntologist,2,2,occasional,target_centric,narrow
Candid_Objective_648,72,31,regular,general,broad
NpbH14,1,1,occasional,target_centric,narrow
These-Recording-8543,19,9,regular,general,moderate
TheDimilo,107,51,regular,general,broad
Individual_Use9968,1,1,occasional,target_centric,narrow
