username,community_id,community_label,n_subreddits
Significant_Ad_3918,1480,"csMajors, PhD, ApplyingToCollege, AskAcademia, gradadmissions",5
AdEastern6906,0,small_community,2
compassWorn,1480,"csMajors, PhD, ApplyingToCollege, AskAcademia, gradadmissions",88
stef_himself,1,small_community,3
PhiDeltaChi,2,small_community,8
Unhappy-Froyo8828,3,small_community,4
larsie001,164,"interestingasfuck, Damnthatsinteresting, pics, mildlyinfuriating, facepalm",15
Emotional-Share4461,1525,"de, Studium, Finanzen, Ratschlag, germany",30
Ue-De-yeh,1559,"Universitaly, ItaliaPersonalFinance, CasualIT, Italia, ItaliaCareerAdvice",13
Upstairs-Chest6736,-1,unassigned,2
authentichooman,1480,"csMajors, PhD, ApplyingToCollege, AskAcademia, gradadmissions",24
Valfaros,4,small_community,6
Donthaveaphd,1480,"csMajors, PhD, ApplyingToCollege, AskAcademia, gradadmissions",8
Designer-Access-4471,-1,unassigned,1
thesaltyanchovyyy,5,small_community,4
BazingaSan,-1,unassigned,2
Infamous-Pizzaman,1480,"csMajors, PhD, ApplyingToCollege, AskAcademia, gradadmissions",10
TheSquire8221,1601,"NoStupidQuestions, AskReddit, askswitzerland, AITAH, Switzerland",16
Jolly-Victory441,164,"interestingasfuck, Damnthatsinteresting, pics, mildlyinfuriating, facepalm",127
Schmackofatzke,1525,"de, Studium, Finanzen, Ratschlag, germany",47
dath_bane,1525,"de, Studium, Finanzen, Ratschlag, germany",70
Ok_Application4371,6,small_community,3
laooomo,7,small_community,4
sonofszyslak,8,small_community,10
Fulltime_Capitalist,9,small_community,3
KilometresDavis12,10,small_community,5
girly-lady,1601,"NoStupidQuestions, AskReddit, askswitzerland, AITAH, Switzerland",74
Legitimate_Clue8948,1480,"csMajors, PhD, ApplyingToCollege, AskAcademia, gradadmissions",11
b0sstweed,-1,unassigned,3
Waltekin,164,"interestingasfuck, Damnthatsinteresting, pics, mildlyinfuriating, facepalm",17
Basic-Arachnid9233,1601,"NoStupidQuestions, AskReddit, askswitzerland, AITAH, Switzerland",23
FunkySnail19,164,"interestingasfuck, Damnthatsinteresting, pics, mildlyinfuriating, facepalm",190
watchm8,11,small_community,4
Helvetia_1,1525,"de, Studium, Finanzen, Ratschlag, germany",11
andris907,12,small_community,4
StuffyDuckLover,1601,"NoStupidQuestions, AskReddit, askswitzerland, AITAH, Switzerland",41
PenGeek030609,1480,"csMajors, PhD, ApplyingToCollege, AskAcademia, gradadmissions",12
AlbatrossIcy5704,1525,"de, Studium, Finanzen, Ratschlag, germany",19
Evoo4820,1480,"csMajors, PhD, ApplyingToCollege, AskAcademia, gradadmissions",12
Rich_homeless_01,-1,unassigned,1
Subject_Elk_4762,1480,"csMajors, PhD, ApplyingToCollege, AskAcademia, gradadmissions",14
Busy-Belt-992,-1,unassigned,1
Jininhok,13,small_community,5
Aywing,1480,"csMajors, PhD, ApplyingToCollege, AskAcademia, gradadmissions",69
East-Preference164,14,small_community,2
beingmisogynist,-1,unassigned,2
Girlygabenpepe,15,small_community,15
Sad_Bookkeeper8630,-1,unassigned,7
Babushka9,164,"interestingasfuck, Damnthatsinteresting, pics, mildlyinfuriating, facepalm",65
Der_Lachsliebhaber,1480,"csMajors, PhD, ApplyingToCollege, AskAcademia, gradadmissions",39
WrongSeaworthiness60,16,small_community,5
Gokudomatic,1601,"NoStupidQuestions, AskReddit, askswitzerland, AITAH, Switzerland",39
Chinglaner,164,"interestingasfuck, Damnthatsinteresting, pics, mildlyinfuriating, facepalm",145
LiJingQi,17,small_community,4
GrumpyKungFu,1525,"de, Studium, Finanzen, Ratschlag, germany",39
Substantial-Leg-9000,164,"interestingasfuck, Damnthatsinteresting, pics, mildlyinfuriating, facepalm",24
45422201,1601,"NoStupidQuestions, AskReddit, askswitzerland, AITAH, Switzerland",11
Coco_JuTo,164,"interestingasfuck, Damnthatsinteresting, pics, mildlyinfuriating, facepalm",39
Vegetable-Brother-31,18,small_community,7
Antidigitalist,164,"interestingasfuck, Damnthatsinteresting, pics, mildlyinfuriating, facepalm",83
Grouchy-Friend4235,1480,"csMajors, PhD, ApplyingToCollege, AskAcademia, gradadmissions",105
beyond1980,1480,"csMajors, PhD, ApplyingToCollege, AskAcademia, gradadmissions",5
Brilliant_Charge_608,19,small_community,5
-Nothing-Suspicious-,-1,unassigned,2
caslea94,1525,"de, Studium, Finanzen, Ratschlag, germany",15
Sans_Moritz,1601,"NoStupidQuestions, AskReddit, askswitzerland, AITAH, Switzerland",166
peculiar-meowie,1480,"csMajors, PhD, ApplyingToCollege, AskAcademia, gradadmissions",17
EwoksAreAwesome,1525,"de, Studium, Finanzen, Ratschlag, germany",21
PastInternational249,20,small_community,3
Hour_Direction9988,-1,unassigned,1
Accomplished_Bad_487,164,"interestingasfuck, Damnthatsinteresting, pics, mildlyinfuriating, facepalm",42
mathmob,-1,unassigned,1
Bierculles,164,"interestingasfuck, Damnthatsinteresting, pics, mildlyinfuriating, facepalm",148
Rebecca123457,1601,"NoStupidQuestions, AskReddit, askswitzerland, AITAH, Switzerland",44
Dry_Tumbleweed7177,-1,unassigned,1
alepetitti,1480,"csMajors, PhD, ApplyingToCollege, AskAcademia, gradadmissions",5
paulh0107,21,small_community,6
human3483933883,-1,unassigned,1
Dance_Choice,22,small_community,3
EntropicalIsland,1525,"de, Studium, Finanzen, Ratschlag, germany",13
Mogreal,1601,"NoStupidQuestions, AskReddit, askswitzerland, AITAH, Switzerland",7
Khyta,164,"interestingasfuck, Damnthatsinteresting, pics, mildlyinfuriating, facepalm",269
Heavy_Show2580,-1,unassigned,1
Same_Wonder_2703,23,small_community,8
ko_nuts,1480,"csMajors, PhD, ApplyingToCollege, AskAcademia, gradadmissions",58
Such_Return278,-1,unassigned,1
ghazi_syed,-1,unassigned,1
king_grifffin,24,small_community,4
Fuzzy_Highlight5366,-1,unassigned,2
Humble_Love2736,164,"interestingasfuck, Damnthatsinteresting, pics, mildlyinfuriating, facepalm",17
Ok_Beach6624,-1,unassigned,1
rocknets,25,small_community,4
biglarrypoo,1601,"NoStupidQuestions, AskReddit, askswitzerland, AITAH, Switzerland",23
Immediate-Outside572,26,small_community,4
elxu54,-1,unassigned,1
Direct-Jackfruit-958,1601,"NoStupidQuestions, AskReddit, askswitzerland, AITAH, Switzerland",29
Metapont1618,1525,"de, Studium, Finanzen, Ratschlag, germany",16
NutellaHoden,1525,"de, Studium, Finanzen, Ratschlag, germany",9
HelicopterNo9453,1525,"de, Studium, Finanzen, Ratschlag, germany",167
Financial_News_6400,-1,unassigned,2
Drio420,27,small_community,2
supersevi,-1,unassigned,1
nameless_presence,-1,unassigned,2
Many_Slice_9646,28,small_community,2
Realistic-Garage-369,29,small_community,5
Acrobatic_Shelter_96,30,small_community,7
attalgreg,1601,"NoStupidQuestions, AskReddit, askswitzerland, AITAH, Switzerland",20
QueenGwendolynSnow,-1,unassigned,3
languagestudent1546,1480,"csMajors, PhD, ApplyingToCollege, AskAcademia, gradadmissions",56
xXGIMpL0rdXx,164,"interestingasfuck, Damnthatsinteresting, pics, mildlyinfuriating, facepalm",7
Dede1751,1559,"Universitaly, ItaliaPersonalFinance, CasualIT, Italia, ItaliaCareerAdvice",15
ethustler,31,small_community,6
Srgaala,32,small_community,4
nurufen,-1,unassigned,1
mokugres,1601,"NoStupidQuestions, AskReddit, askswitzerland, AITAH, Switzerland",14
DirectionOther224,1480,"csMajors, PhD, ApplyingToCollege, AskAcademia, gradadmissions",6
xAshenDemonx,33,small_community,6
rodrigo-benenson,1601,"NoStupidQuestions, AskReddit, askswitzerland, AITAH, Switzerland",215
OkAlternative6515,34,small_community,2
mayonnaise989,1480,"csMajors, PhD, ApplyingToCollege, AskAcademia, gradadmissions",7
athvasilopoulos,-1,unassigned,1
Colourful-Fish,35,small_community,2
Upbeat_Hat1089,1559,"Universitaly, ItaliaPersonalFinance, CasualIT, Italia, ItaliaCareerAdvice",23
beeartic,1525,"de, Studium, Finanzen, Ratschlag, germany",41
Ok-Abbreviations-938,36,small_community,6
FinanceAltTrow,1559,"Universitaly, ItaliaPersonalFinance, CasualIT, Italia, ItaliaCareerAdvice",36
ToBe1357,1525,"de, Studium, Finanzen, Ratschlag, germany",47
Feeling_Passenger815,164,"interestingasfuck, Damnthatsinteresting, pics, mildlyinfuriating, facepalm",14
Tuscany_kangale564,1480,"csMajors, PhD, ApplyingToCollege, AskAcademia, gradadmissions",38
nikxtaco,37,small_community,6
fat-garfield,164,"interestingasfuck, Damnthatsinteresting, pics, mildlyinfuriating, facepalm",23
therealRCKola,1480,"csMajors, PhD, ApplyingToCollege, AskAcademia, gradadmissions",6
Belarnon,38,small_community,7
onil34,164,"interestingasfuck, Damnthatsinteresting, pics, mildlyinfuriating, facepalm",81
etan1,164,"interestingasfuck, Damnthatsinteresting, pics, mildlyinfuriating, facepalm",16
TrickyEstate6128,39,small_community,6
No_Difference_1515,-1,unassigned,1
Volameter,1601,"NoStupidQuestions, AskReddit, askswitzerland, AITAH, Switzerland",16
Creative-Road-5293,164,"interestingasfuck, Damnthatsinteresting, pics, mildlyinfuriating, facepalm",256
EyedBread,-1,unassigned,6
bl3achl4sagna,1601,"NoStupidQuestions, AskReddit, askswitzerland, AITAH, Switzerland",21
tagpro_samuele,164,"interestingasfuck, Damnthatsinteresting, pics, mildlyinfuriating, facepalm",14
BluebirdNo4405,40,small_community,3
EmeraldDream123,164,"interestingasfuck, Damnthatsinteresting, pics, mildlyinfuriating, facepalm",40
gunslingerson,1525,"de, Studium, Finanzen, Ratschlag, germany",29
Ok_Ask_6378,-1,unassigned,1
Equivalent-Ad5185,1480,"csMajors, PhD, ApplyingToCollege, AskAcademia, gradadmissions",14
hyperbrainer,1480,"csMajors, PhD, ApplyingToCollege, AskAcademia, gradadmissions",85
studentqu,41,small_community,2
Public-Parfait5769,42,small_community,4
CircleTool,1480,"csMajors, PhD, ApplyingToCollege, AskAcademia, gradadmissions",10
wilrob2,1480,"csMajors, PhD, ApplyingToCollege, AskAcademia, gradadmissions",8
Tall_Yogurtcloset797,43,small_community,3
y_abdelaziz,164,"interestingasfuck, Damnthatsinteresting, pics, mildlyinfuriating, facepalm",12
SomeGuyOnInternet7,164,"interestingasfuck, Damnthatsinteresting, pics, mildlyinfuriating, facepalm",29
Elephant_pumpkin,1480,"csMajors, PhD, ApplyingToCollege, AskAcademia, gradadmissions",16
DoomedweArenow,44,small_community,2
Chemical_Rebby17,45,small_community,2
Tall_Ladder8399,-1,unassigned,1
nochilllll,46,small_community,11
Due_Astronomer_604,47,small_community,3
mrex778,1480,"csMajors, PhD, ApplyingToCollege, AskAcademia, gradadmissions",14
PalePianist7025,1525,"de, Studium, Finanzen, Ratschlag, germany",6
Inevitable_Head3920,-1,unassigned,2
HilariousMonkeys,48,small_community,3
Particular_Lion_1873,49,small_community,6
zeoreeves13,164,"interestingasfuck, Damnthatsinteresting, pics, mildlyinfuriating, facepalm",45
Spesolis421,-1,unassigned,1
Moonwalking_Diogenes,50,small_community,3
Front_Problem_9847,-1,unassigned,1
AtmosphereAny,51,small_community,7
Frozen_Yoghurt1204,52,small_community,2
Careless_Career_8467,53,small_community,8
LockTheMoon,1559,"Universitaly, ItaliaPersonalFinance, CasualIT, Italia, ItaliaCareerAdvice",18
aashnalize,-1,unassigned,1
Ok-Yellow5605,1480,"csMajors, PhD, ApplyingToCollege, AskAcademia, gradadmissions",5
Wonder_human9225,1480,"csMajors, PhD, ApplyingToCollege, AskAcademia, gradadmissions",25
_oscarstott,164,"interestingasfuck, Damnthatsinteresting, pics, mildlyinfuriating, facepalm",14
SnooLobsters6170,54,small_community,6
InThePanchine03,55,small_community,3
nebnoskcaj,-1,unassigned,3
Internal-Flamingo-56,-1,unassigned,1
whatdoiknooow,1525,"de, Studium, Finanzen, Ratschlag, germany",57
Different-Chef-7359,-1,unassigned,2
Outrageous_Spinach85,1480,"csMajors, PhD, ApplyingToCollege, AskAcademia, gradadmissions",33
Emergency-Job4136,1601,"NoStupidQuestions, AskReddit, askswitzerland, AITAH, Switzerland",90
4maxlhmn4,164,"interestingasfuck, Damnthatsinteresting, pics, mildlyinfuriating, facepalm",44
ThrowayGigachad,1480,"csMajors, PhD, ApplyingToCollege, AskAcademia, gradadmissions",146
Andromeda279,1601,"NoStupidQuestions, AskReddit, askswitzerland, AITAH, Switzerland",12
Ok-Stock4586,-1,unassigned,1
neuronerd624,56,small_community,2
look1ngforheroes,57,small_community,3
Intrepid_Challenge52,58,small_community,3
Hopeful_Ad9591,164,"interestingasfuck, Damnthatsinteresting, pics, mildlyinfuriating, facepalm",8
s195t,59,small_community,3
PlaneSpirited2507,60,small_community,8
HeyImSwiss,164,"interestingasfuck, Damnthatsinteresting, pics, mildlyinfuriating, facepalm",104
LyraddarylGG,164,"interestingasfuck, Damnthatsinteresting, pics, mildlyinfuriating, facepalm",31
KingKongGorillaKing,1480,"csMajors, PhD, ApplyingToCollege, AskAcademia, gradadmissions",14
Me_K_Hell,1601,"NoStupidQuestions, AskReddit, askswitzerland, AITAH, Switzerland",69
Fernando_III,1480,"csMajors, PhD, ApplyingToCollege, AskAcademia, gradadmissions",77
Stomach_Academic,61,small_community,4
Genjo00,62,small_community,3
yummy_broccoli,1480,"csMajors, PhD, ApplyingToCollege, AskAcademia, gradadmissions",16
Antique-Ticket-382,63,small_community,3
thoangzr,64,small_community,7
Athror,65,small_community,4
oppa_i_30,1525,"de, Studium, Finanzen, Ratschlag, germany",9
SusannaDeV,66,small_community,2
davidTheEngineer,1480,"csMajors, PhD, ApplyingToCollege, AskAcademia, gradadmissions",9
cocaine_and_h00kers,1480,"csMajors, PhD, ApplyingToCollege, AskAcademia, gradadmissions",13
Laertes1601,67,small_community,6
Secure_Cupcake_986,-1,unassigned,1
obviously_anal,1480,"csMajors, PhD, ApplyingToCollege, AskAcademia, gradadmissions",5
SubstantialGap7335,1480,"csMajors, PhD, ApplyingToCollege, AskAcademia, gradadmissions",63
divergence_of_curl,1480,"csMajors, PhD, ApplyingToCollege, AskAcademia, gradadmissions",24
SpaceDebri,164,"interestingasfuck, Damnthatsinteresting, pics, mildlyinfuriating, facepalm",13
Constant_Parsley_493,1525,"de, Studium, Finanzen, Ratschlag, germany",39
Nick0805,164,"interestingasfuck, Damnthatsinteresting, pics, mildlyinfuriating, facepalm",31
BigMaraIppo,68,small_community,4
Entire_Bill1804,1559,"Universitaly, ItaliaPersonalFinance, CasualIT, Italia, ItaliaCareerAdvice",25
ExpertPlayful9604,-1,unassigned,1
Tomathor13,69,small_community,11
Tierriminator,70,small_community,3
nudeice,71,small_community,2
pberton,-1,unassigned,1
IndicationOk5884,72,small_community,4
SchoggiToeff,164,"interestingasfuck, Damnthatsinteresting, pics, mildlyinfuriating, facepalm",133
IssaTrader,1480,"csMajors, PhD, ApplyingToCollege, AskAcademia, gradadmissions",24
WorldML,164,"interestingasfuck, Damnthatsinteresting, pics, mildlyinfuriating, facepalm",40
MusicModeShop,-1,unassigned,1
kenzoy0426,73,small_community,2
BetaKa,1480,"csMajors, PhD, ApplyingToCollege, AskAcademia, gradadmissions",10
Godnivia,-1,unassigned,1
f1u82ypd,1525,"de, Studium, Finanzen, Ratschlag, germany",71
AZfoodie,-1,unassigned,1
Flimsy_Woodpecker_28,-1,unassigned,1
Singularitaet_,164,"interestingasfuck, Damnthatsinteresting, pics, mildlyinfuriating, facepalm",36
Ok-Investigator8061,-1,unassigned,1
WeWaagh,1525,"de, Studium, Finanzen, Ratschlag, germany",16
Marmar_9241,-1,unassigned,1
ProRussianPlayer,74,small_community,2
miinouuu,164,"interestingasfuck, Damnthatsinteresting, pics, mildlyinfuriating, facepalm",40
Orillians,1480,"csMajors, PhD, ApplyingToCollege, AskAcademia, gradadmissions",23
lost_leopard_,1480,"csMajors, PhD, ApplyingToCollege, AskAcademia, gradadmissions",7
ale86ch,1601,"NoStupidQuestions, AskReddit, askswitzerland, AITAH, Switzerland",21
dag00dag33,-1,unassigned,1
vakulaboredofquora,75,small_community,5
aaarbeikop,76,small_community,10
melumiemi,-1,unassigned,2
Good_Winter7396,1480,"csMajors, PhD, ApplyingToCollege, AskAcademia, gradadmissions",25
Hamelama,-1,unassigned,2
Smart-mouth-VLO,-1,unassigned,1
omnipresentzeus,1480,"csMajors, PhD, ApplyingToCollege, AskAcademia, gradadmissions",102
MiekoOnReddit,77,small_community,6
Empty-Suggestion-597,1480,"csMajors, PhD, ApplyingToCollege, AskAcademia, gradadmissions",13
TheGratitudeBot,1480,"csMajors, PhD, ApplyingToCollege, AskAcademia, gradadmissions",6703
Iamexhausted2,78,small_community,5
OldRip7185,164,"interestingasfuck, Damnthatsinteresting, pics, mildlyinfuriating, facepalm",30
Temporary_Privacy,164,"interestingasfuck, Damnthatsinteresting, pics, mildlyinfuriating, facepalm",75
Severe_Rock3301,-1,unassigned,1
ChouChou6300,1601,"NoStupidQuestions, AskReddit, askswitzerland, AITAH, Switzerland",31
General-Account-,1601,"NoStupidQuestions, AskReddit, askswitzerland, AITAH, Switzerland",10
spctclr,164,"interestingasfuck, Damnthatsinteresting, pics, mildlyinfuriating, facepalm",8
domijeri,79,small_community,4
DVUZT,1525,"de, Studium, Finanzen, Ratschlag, germany",30
Odd_Feeling_8021,80,small_community,3
WeaknessDistinct4618,1601,"NoStupidQuestions, AskReddit, askswitzerland, AITAH, Switzerland",35
Easy-Echidna-7497,1480,"csMajors, PhD, ApplyingToCollege, AskAcademia, gradadmissions",80
ChaonesJ,1139,small_community,19
Key_Ratio_2828,164,"interestingasfuck, Damnthatsinteresting, pics, mildlyinfuriating, facepalm",14
zaka9923,-1,unassigned,1
boomersimpattack,164,"interestingasfuck, Damnthatsinteresting, pics, mildlyinfuriating, facepalm",88
Colorpalette696,81,small_community,4
7facetime7,164,"interestingasfuck, Damnthatsinteresting, pics, mildlyinfuriating, facepalm",19
FailerOnBoard,1525,"de, Studium, Finanzen, Ratschlag, germany",20
william_andrew_simon,-1,unassigned,3
Fit-Conclusion-7579,1525,"de, Studium, Finanzen, Ratschlag, germany",18
Wonderful-Edge-2883,82,small_community,4
Limp_Pomelo_9773,83,small_community,2
Actual_Nobody_7590,164,"interestingasfuck, Damnthatsinteresting, pics, mildlyinfuriating, facepalm",15
Master-Ear-1558,84,small_community,3
Ncolas_Grimm,-1,unassigned,1
NappingVolcano,85,small_community,2
plainerman,-1,unassigned,1
penguinsontv,1480,"csMajors, PhD, ApplyingToCollege, AskAcademia, gradadmissions",31
kriccs,86,small_community,2
Adorable_Knee959,87,small_community,3
aaTONI,164,"interestingasfuck, Damnthatsinteresting, pics, mildlyinfuriating, facepalm",53
jonarivado,88,small_community,3
Double_Sun2924,89,small_community,3
percentage97,1601,"NoStupidQuestions, AskReddit, askswitzerland, AITAH, Switzerland",11
sabagian,-1,unassigned,1
Jodyr-117,90,small_community,2
ffxx8811,1601,"NoStupidQuestions, AskReddit, askswitzerland, AITAH, Switzerland",9
gitty7456,164,"interestingasfuck, Damnthatsinteresting, pics, mildlyinfuriating, facepalm",307
Accomplished_Team300,-1,unassigned,2
Powerful_Pace_2597,91,small_community,3
Acrobatic_Salad_9691,-1,unassigned,1
andich,92,small_community,4
Right_Fisherman_9320,-1,unassigned,1
WEAluka,164,"interestingasfuck, Damnthatsinteresting, pics, mildlyinfuriating, facepalm",64
DesperateCake826,1601,"NoStupidQuestions, AskReddit, askswitzerland, AITAH, Switzerland",35
One-Function7275,-1,unassigned,1
DadaBnki,-1,unassigned,1
Organic_Tradition820,1480,"csMajors, PhD, ApplyingToCollege, AskAcademia, gradadmissions",15
IICatDestroyerII,164,"interestingasfuck, Damnthatsinteresting, pics, mildlyinfuriating, facepalm",73
Severe-Elk-3993,93,small_community,7
LocalNightDrummer,1601,"NoStupidQuestions, AskReddit, askswitzerland, AITAH, Switzerland",66
Syvisaur,164,"interestingasfuck, Damnthatsinteresting, pics, mildlyinfuriating, facepalm",21
amogus_guy1904,1480,"csMajors, PhD, ApplyingToCollege, AskAcademia, gradadmissions",7
Gumphant,1525,"de, Studium, Finanzen, Ratschlag, germany",46
masterkenobi31,1480,"csMajors, PhD, ApplyingToCollege, AskAcademia, gradadmissions",4
bil-y,164,"interestingasfuck, Damnthatsinteresting, pics, mildlyinfuriating, facepalm",19
ParisianFlower,-1,unassigned,3
WhiskeyDolphine,-1,unassigned,1
elixirofsoup,94,small_community,6
Livid-Winter-5652,-1,unassigned,1
katatonikk,164,"interestingasfuck, Damnthatsinteresting, pics, mildlyinfuriating, facepalm",18
ETHsurvivor,1601,"NoStupidQuestions, AskReddit, askswitzerland, AITAH, Switzerland",14
Function-Diligent,164,"interestingasfuck, Damnthatsinteresting, pics, mildlyinfuriating, facepalm",29
nodemon404,1480,"csMajors, PhD, ApplyingToCollege, AskAcademia, gradadmissions",5
Eulercurie,1480,"csMajors, PhD, ApplyingToCollege, AskAcademia, gradadmissions",4
WrathOfTheKressh,164,"interestingasfuck, Damnthatsinteresting, pics, mildlyinfuriating, facepalm",12
nononeffervescent_ml,95,small_community,10
Royal-Candidate7234,1480,"csMajors, PhD, ApplyingToCollege, AskAcademia, gradadmissions",11
ParkingBite6357,1480,"csMajors, PhD, ApplyingToCollege, AskAcademia, gradadmissions",10
FreshCandidate8108,164,"interestingasfuck, Damnthatsinteresting, pics, mildlyinfuriating, facepalm",15
Feisty_Anywhere4422,164,"interestingasfuck, Damnthatsinteresting, pics, mildlyinfuriating, facepalm",23
Global-String655,-1,unassigned,1
Double-Outside-4763,-1,unassigned,3
Tritiumoxid,1525,"de, Studium, Finanzen, Ratschlag, germany",5
Ingonator2023,164,"interestingasfuck, Damnthatsinteresting, pics, mildlyinfuriating, facepalm",51
no_underage_trading,1480,"csMajors, PhD, ApplyingToCollege, AskAcademia, gradadmissions",49
SuggestionSimple1850,164,"interestingasfuck, Damnthatsinteresting, pics, mildlyinfuriating, facepalm",48
heyheni,1601,"NoStupidQuestions, AskReddit, askswitzerland, AITAH, Switzerland",107
Happy-Key-909,-1,unassigned,1
Pitiful-Sector7975,96,small_community,9
Freezemoon,164,"interestingasfuck, Damnthatsinteresting, pics, mildlyinfuriating, facepalm",169
Larynx_Austrene,164,"interestingasfuck, Damnthatsinteresting, pics, mildlyinfuriating, facepalm",11
Proof_Violinist_9373,-1,unassigned,2
apotropaica,-1,unassigned,1
StefanFizyk,1480,"csMajors, PhD, ApplyingToCollege, AskAcademia, gradadmissions",25
MyBeatifulFantasy,1601,"NoStupidQuestions, AskReddit, askswitzerland, AITAH, Switzerland",34
fmartiescofet,-1,unassigned,1
barberousse1122,164,"interestingasfuck, Damnthatsinteresting, pics, mildlyinfuriating, facepalm",142
imcompletelyhonest,97,small_community,3
Ok-Award-839,98,small_community,5
Poldi_7,1525,"de, Studium, Finanzen, Ratschlag, germany",17
Beltner,99,small_community,2
ChevalBlanc1947,1480,"csMajors, PhD, ApplyingToCollege, AskAcademia, gradadmissions",145
XH4869,100,small_community,4
HomeGrownSilicone,101,small_community,6
Striking-Desk-7345,102,small_community,5
alphahighendpro,103,small_community,3
head-ta,-1,unassigned,1
Proper-Delivery-7120,1480,"csMajors, PhD, ApplyingToCollege, AskAcademia, gradadmissions",11
lasker99,-1,unassigned,1
Clean-Egg1905,104,small_community,5
SignatureAdvanced916,105,small_community,3
SamonBoulevard,1525,"de, Studium, Finanzen, Ratschlag, germany",11
escasiyo,106,small_community,7
Afraid_Wave_2489,1601,"NoStupidQuestions, AskReddit, askswitzerland, AITAH, Switzerland",26
__Reddidiot__,1601,"NoStupidQuestions, AskReddit, askswitzerland, AITAH, Switzerland",50
webbs3,164,"interestingasfuck, Damnthatsinteresting, pics, mildlyinfuriating, facepalm",517
JustFisherman2957,-1,unassigned,1
Certain-Operation347,164,"interestingasfuck, Damnthatsinteresting, pics, mildlyinfuriating, facepalm",16
InjuryElegant5024,-1,unassigned,1
No-Pudding-8622,-1,unassigned,1
ToxicCooper,164,"interestingasfuck, Damnthatsinteresting, pics, mildlyinfuriating, facepalm",83
MajorTheSecond,107,small_community,2
Raupenpanzer,108,small_community,7
R4spberryStr4wberry,1525,"de, Studium, Finanzen, Ratschlag, germany",29
Sig_MaGiiK,-1,unassigned,1
s_copypasta_bot,1480,"csMajors, PhD, ApplyingToCollege, AskAcademia, gradadmissions",4395
Prestigious-Pause-17,109,small_community,4
Gorzoid,164,"interestingasfuck, Damnthatsinteresting, pics, mildlyinfuriating, facepalm",32
team_analysis5,164,"interestingasfuck, Damnthatsinteresting, pics, mildlyinfuriating, facepalm",6
MacBareth,164,"interestingasfuck, Damnthatsinteresting, pics, mildlyinfuriating, facepalm",177
No-Novel-1192,110,small_community,12
PressureCold,111,small_community,5
kkkllllllllll,-1,unassigned,1
Jaded_Hair_2906,112,small_community,6
Mexifyderstoehnt,164,"interestingasfuck, Damnthatsinteresting, pics, mildlyinfuriating, facepalm",15
lefory538,113,small_community,3
Financial-Read5053,1480,"csMajors, PhD, ApplyingToCollege, AskAcademia, gradadmissions",15
Born-Conflict6051,-1,unassigned,1
rafael0301,-1,unassigned,1
psanchi2,164,"interestingasfuck, Damnthatsinteresting, pics, mildlyinfuriating, facepalm",76
Pael-eSports,164,"interestingasfuck, Damnthatsinteresting, pics, mildlyinfuriating, facepalm",32
Entire_Classroom_920,-1,unassigned,1
wizened-planner,-1,unassigned,1
dimitriglaukon,164,"interestingasfuck, Damnthatsinteresting, pics, mildlyinfuriating, facepalm",81
CHONO2-CH2ONO2-2,114,small_community,3
MyIQis1000000000bil,-1,unassigned,2
GaoHAQ,164,"interestingasfuck, Damnthatsinteresting, pics, mildlyinfuriating, facepalm",30
Local_Explorer_595,1480,"csMajors, PhD, ApplyingToCollege, AskAcademia, gradadmissions",9
Electronic_Special48,1601,"NoStupidQuestions, AskReddit, askswitzerland, AITAH, Switzerland",17
Wrong-Adagio-511,1480,"csMajors, PhD, ApplyingToCollege, AskAcademia, gradadmissions",37
Sad-Bit-2234,115,small_community,7
wheregold,164,"interestingasfuck, Damnthatsinteresting, pics, mildlyinfuriating, facepalm",27
Fa_well,116,small_community,2
whitehole_phy,1480,"csMajors, PhD, ApplyingToCollege, AskAcademia, gradadmissions",21
Fickbar_M,-1,unassigned,5
CaptchasSuckAss,1601,"NoStupidQuestions, AskReddit, askswitzerland, AITAH, Switzerland",12
2006boiii,117,small_community,2
Responsible-War-1179,164,"interestingasfuck, Damnthatsinteresting, pics, mildlyinfuriating, facepalm",141
Senior_Juice5380,164,"interestingasfuck, Damnthatsinteresting, pics, mildlyinfuriating, facepalm",26
hunterdayawife,1480,"csMajors, PhD, ApplyingToCollege, AskAcademia, gradadmissions",18
allornkcor,164,"interestingasfuck, Damnthatsinteresting, pics, mildlyinfuriating, facepalm",16
Simozzzo,1480,"csMajors, PhD, ApplyingToCollege, AskAcademia, gradadmissions",9
lemonhead94,1480,"csMajors, PhD, ApplyingToCollege, AskAcademia, gradadmissions",4
ogldr,-1,unassigned,1
super_kami_1337,1480,"csMajors, PhD, ApplyingToCollege, AskAcademia, gradadmissions",20
zombieslayer124,164,"interestingasfuck, Damnthatsinteresting, pics, mildlyinfuriating, facepalm",151
asdfg_lkjh,1480,"csMajors, PhD, ApplyingToCollege, AskAcademia, gradadmissions",14
gruengle,164,"interestingasfuck, Damnthatsinteresting, pics, mildlyinfuriating, facepalm",42
MaximilianJanisch,-1,unassigned,1
_BarelyAcceptable_,-1,unassigned,1
ConsistentSpare7760,118,small_community,5
Sorry_Warthog_4910,1601,"NoStupidQuestions, AskReddit, askswitzerland, AITAH, Switzerland",10
lownerbeach,1480,"csMajors, PhD, ApplyingToCollege, AskAcademia, gradadmissions",7
Lumpy_Worth6930,-1,unassigned,1
Classic_Indication10,1480,"csMajors, PhD, ApplyingToCollege, AskAcademia, gradadmissions",8
OwlAffectionate158,-1,unassigned,1
Slayer10101,119,small_community,2
Miserable_Ad2265,120,small_community,2
ConversationKey8665,1480,"csMajors, PhD, ApplyingToCollege, AskAcademia, gradadmissions",5
Japap_,1601,"NoStupidQuestions, AskReddit, askswitzerland, AITAH, Switzerland",36
reddit_jasper,121,small_community,2
luthiena12,-1,unassigned,1
Barrack_H_Obama_II,122,small_community,4
Front-Pollution-6673,164,"interestingasfuck, Damnthatsinteresting, pics, mildlyinfuriating, facepalm",14
Swiss-Smarties,1480,"csMajors, PhD, ApplyingToCollege, AskAcademia, gradadmissions",16
svechinskaya,-1,unassigned,1
Chiron_The_Archer,1601,"NoStupidQuestions, AskReddit, askswitzerland, AITAH, Switzerland",27
EaseOdd5533,123,small_community,7
Worried_Guarantee_98,1480,"csMajors, PhD, ApplyingToCollege, AskAcademia, gradadmissions",16
Reasonable-Fuel-8084,-1,unassigned,1
anthunter7,164,"interestingasfuck, Damnthatsinteresting, pics, mildlyinfuriating, facepalm",32
HrGSch,1601,"NoStupidQuestions, AskReddit, askswitzerland, AITAH, Switzerland",11
mbo25,1601,"NoStupidQuestions, AskReddit, askswitzerland, AITAH, Switzerland",33
aviviel,164,"interestingasfuck, Damnthatsinteresting, pics, mildlyinfuriating, facepalm",64
Ok_Association_9625,164,"interestingasfuck, Damnthatsinteresting, pics, mildlyinfuriating, facepalm",150
Longjumping-Win6037,1601,"NoStupidQuestions, AskReddit, askswitzerland, AITAH, Switzerland",25
tinatsh,124,small_community,4
Troste69,1559,"Universitaly, ItaliaPersonalFinance, CasualIT, Italia, ItaliaCareerAdvice",110
Wise_whisper_,125,small_community,4
AdvisorTechnical7732,126,small_community,4
Suitable_Anxiety208,1601,"NoStupidQuestions, AskReddit, askswitzerland, AITAH, Switzerland",51
Altruistic_Map_4081,1559,"Universitaly, ItaliaPersonalFinance, CasualIT, Italia, ItaliaCareerAdvice",11
WorthPersonalitys,1480,"csMajors, PhD, ApplyingToCollege, AskAcademia, gradadmissions",1216
JohnDonne2913,127,small_community,2
Old_Eggplant4934,128,small_community,4
Worldly_Mango4543,129,small_community,3
pixusnixus,164,"interestingasfuck, Damnthatsinteresting, pics, mildlyinfuriating, facepalm",27
Such_Negotiation4683,130,small_community,8
Long-Piano1275,1601,"NoStupidQuestions, AskReddit, askswitzerland, AITAH, Switzerland",12
jjjj_83,164,"interestingasfuck, Damnthatsinteresting, pics, mildlyinfuriating, facepalm",55
AmbientOccluder38,1480,"csMajors, PhD, ApplyingToCollege, AskAcademia, gradadmissions",9
Sunflowerblue123,-1,unassigned,1
MortgageAdventurous8,164,"interestingasfuck, Damnthatsinteresting, pics, mildlyinfuriating, facepalm",74
Silentfoxy,131,small_community,6
R4pper1noStu,132,small_community,7
Dear_Bicycle_5741,133,small_community,8
CompoteMysterious822,1601,"NoStupidQuestions, AskReddit, askswitzerland, AITAH, Switzerland",11
m_shark,164,"interestingasfuck, Damnthatsinteresting, pics, mildlyinfuriating, facepalm",23
sparklingwoter,-1,unassigned,2
Internal_Leke,1601,"NoStupidQuestions, AskReddit, askswitzerland, AITAH, Switzerland",64
spike-spiegel92,1601,"NoStupidQuestions, AskReddit, askswitzerland, AITAH, Switzerland",68
Background-Fish-8465,134,small_community,3
Odd-Tomatillo4119,164,"interestingasfuck, Damnthatsinteresting, pics, mildlyinfuriating, facepalm",32
hoang252,164,"interestingasfuck, Damnthatsinteresting, pics, mildlyinfuriating, facepalm",1162
tommi-eth,-1,unassigned,1
Dramatic_Analysis417,-1,unassigned,1
Ant-One,164,"interestingasfuck, Damnthatsinteresting, pics, mildlyinfuriating, facepalm",12
_TitanoPigro_,-1,unassigned,1
maronnadituttecose,1559,"Universitaly, ItaliaPersonalFinance, CasualIT, Italia, ItaliaCareerAdvice",15
BeginningSelection57,135,small_community,2
Cyber2rock,136,small_community,2
Flualiengrind,137,small_community,10
DiligentAd655,-1,unassigned,1
Calm_Dust_1007,1601,"NoStupidQuestions, AskReddit, askswitzerland, AITAH, Switzerland",16
pad0lex,-1,unassigned,1
BOBBO_WASTER,1480,"csMajors, PhD, ApplyingToCollege, AskAcademia, gradadmissions",9
RubenLaorden,138,small_community,2
Apoorva__a,1480,"csMajors, PhD, ApplyingToCollege, AskAcademia, gradadmissions",9
DDragonn70c,1480,"csMajors, PhD, ApplyingToCollege, AskAcademia, gradadmissions",9
Working_Proposal7261,139,small_community,2
SilverBladeCG,1525,"de, Studium, Finanzen, Ratschlag, germany",132
nechl,-1,unassigned,1
virtualdweller,1480,"csMajors, PhD, ApplyingToCollege, AskAcademia, gradadmissions",15
ravingrabbid_baba,-1,unassigned,1
Appropriate-Still712,140,small_community,4
faranzki,1601,"NoStupidQuestions, AskReddit, askswitzerland, AITAH, Switzerland",8
lemeneis,-1,unassigned,1
SlideHammer86,1480,"csMajors, PhD, ApplyingToCollege, AskAcademia, gradadmissions",10
Creepy_Floor_1380,1559,"Universitaly, ItaliaPersonalFinance, CasualIT, Italia, ItaliaCareerAdvice",13
DarkKnight_GMT1,141,small_community,6
Turbulent-Point-3341,-1,unassigned,1
guiserg,1480,"csMajors, PhD, ApplyingToCollege, AskAcademia, gradadmissions",76
Qu3st10nmark,142,small_community,4
academiaswiss,143,small_community,3
1maginaryApple,164,"interestingasfuck, Damnthatsinteresting, pics, mildlyinfuriating, facepalm",107
Unhappy_Doubt_355,144,small_community,9
Dajinxed,145,small_community,2
tsrumble,-1,unassigned,1
Ok_Peanut_5685,1480,"csMajors, PhD, ApplyingToCollege, AskAcademia, gradadmissions",49
gsaltintas,146,small_community,2
PaintCharacter8338,-1,unassigned,1
bdaikis,-1,unassigned,1
Responsible-Menu-428,147,small_community,3
SnooTomatoes8722,1525,"de, Studium, Finanzen, Ratschlag, germany",14
LatterEstimate3027,164,"interestingasfuck, Damnthatsinteresting, pics, mildlyinfuriating, facepalm",29
phicreative1997,1480,"csMajors, PhD, ApplyingToCollege, AskAcademia, gradadmissions",373
Severe_Cookie1567,1480,"csMajors, PhD, ApplyingToCollege, AskAcademia, gradadmissions",12
b3MxZG8R3C9GRTHV,1525,"de, Studium, Finanzen, Ratschlag, germany",24
WhichConcentrate9451,1601,"NoStupidQuestions, AskReddit, askswitzerland, AITAH, Switzerland",7
thechickenmaster6000,148,small_community,3
studentprojecthouse,-1,unassigned,1
Lachainone,164,"interestingasfuck, Damnthatsinteresting, pics, mildlyinfuriating, facepalm",29
kasapkapo,1480,"csMajors, PhD, ApplyingToCollege, AskAcademia, gradadmissions",10
Ok-Worldliness6287,1480,"csMajors, PhD, ApplyingToCollege, AskAcademia, gradadmissions",7
No-Bat6834,1601,"NoStupidQuestions, AskReddit, askswitzerland, AITAH, Switzerland",34
BinaryBulwark,1480,"csMajors, PhD, ApplyingToCollege, AskAcademia, gradadmissions",6
Zuuuuuuuuuuuuuuuuul,149,small_community,4
PureAsk9038,-1,unassigned,2
Nightfurry1997,1480,"csMajors, PhD, ApplyingToCollege, AskAcademia, gradadmissions",29
DyingFish3000,-1,unassigned,1
No_Inflation4169,1480,"csMajors, PhD, ApplyingToCollege, AskAcademia, gradadmissions",48
Leather-Cap-8063,-1,unassigned,1
FunRevolutionary8654,1480,"csMajors, PhD, ApplyingToCollege, AskAcademia, gradadmissions",8
GetOutBasel,1601,"NoStupidQuestions, AskReddit, askswitzerland, AITAH, Switzerland",10
Possibly_your_mom,150,small_community,7
HighfiveBeast,1480,"csMajors, PhD, ApplyingToCollege, AskAcademia, gradadmissions",5
2D_Tiddies,-1,unassigned,3
iAmCatton,151,small_community,5
RodCherokee,164,"interestingasfuck, Damnthatsinteresting, pics, mildlyinfuriating, facepalm",99
jpjbagdi,152,small_community,8
pentesticals,164,"interestingasfuck, Damnthatsinteresting, pics, mildlyinfuriating, facepalm",162
checklistfanatic,-1,unassigned,1
_Swideru,1480,"csMajors, PhD, ApplyingToCollege, AskAcademia, gradadmissions",30
jfang00007,1480,"csMajors, PhD, ApplyingToCollege, AskAcademia, gradadmissions",19
fbanis,1480,"csMajors, PhD, ApplyingToCollege, AskAcademia, gradadmissions",6
Panda-Calm,153,small_community,6
dinhth,1601,"NoStupidQuestions, AskReddit, askswitzerland, AITAH, Switzerland",20
mohannadhaitham,154,small_community,8
Smephite,155,small_community,10
B1gThro,156,small_community,2
Level-Abroad8807,-1,unassigned,1
TheInebriati,164,"interestingasfuck, Damnthatsinteresting, pics, mildlyinfuriating, facepalm",61
compozitez,157,small_community,6
Ok_Bother_1426,-1,unassigned,1
LP2222,1480,"csMajors, PhD, ApplyingToCollege, AskAcademia, gradadmissions",42
PieHistorical30,158,small_community,21
Current_Rub_4992,1480,"csMajors, PhD, ApplyingToCollege, AskAcademia, gradadmissions",4
Nicolas__97,159,small_community,9
mouceen,-1,unassigned,7
PossibleEntrance7886,160,small_community,2
Fun-Consequence-5844,-1,unassigned,1
guetibuetu,-1,unassigned,1
OkImprovement8743,1480,"csMajors, PhD, ApplyingToCollege, AskAcademia, gradadmissions",16
Inside_Assignment524,-1,unassigned,1
eomertherider,164,"interestingasfuck, Damnthatsinteresting, pics, mildlyinfuriating, facepalm",97
Emotional_Hotel6843,161,small_community,8
other_users,1480,"csMajors, PhD, ApplyingToCollege, AskAcademia, gradadmissions",16
Whole-Library-59,-1,unassigned,1
SofferPsicol,1559,"Universitaly, ItaliaPersonalFinance, CasualIT, Italia, ItaliaCareerAdvice",156
Xandalf23,162,small_community,14
No-Distance3115,163,small_community,2
Armagetton,1559,"Universitaly, ItaliaPersonalFinance, CasualIT, Italia, ItaliaCareerAdvice",12
Time-Comfortable489,164,"interestingasfuck, Damnthatsinteresting, pics, mildlyinfuriating, facepalm",36
Flashy_Help_7356,1480,"csMajors, PhD, ApplyingToCollege, AskAcademia, gradadmissions",8
Beghorangi,1480,"csMajors, PhD, ApplyingToCollege, AskAcademia, gradadmissions",10
Philippe_Z,164,"interestingasfuck, Damnthatsinteresting, pics, mildlyinfuriating, facepalm",23
selenethestar1,1601,"NoStupidQuestions, AskReddit, askswitzerland, AITAH, Switzerland",10
Experimental_Work,1480,"csMajors, PhD, ApplyingToCollege, AskAcademia, gradadmissions",16
1203-NT,-1,unassigned,2
These_Honeydew_2570,-1,unassigned,2
River_Raven_Rowee,1601,"NoStupidQuestions, AskReddit, askswitzerland, AITAH, Switzerland",27
DeliriousCakeGobbler,1480,"csMajors, PhD, ApplyingToCollege, AskAcademia, gradadmissions",23
strawberryscoups,-1,unassigned,1
Heizor,1480,"csMajors, PhD, ApplyingToCollege, AskAcademia, gradadmissions",9
Itchy_Technician_216,164,"interestingasfuck, Damnthatsinteresting, pics, mildlyinfuriating, facepalm",91
yhaxxxxxx,164,"interestingasfuck, Damnthatsinteresting, pics, mildlyinfuriating, facepalm",23
KrisseMai,164,"interestingasfuck, Damnthatsinteresting, pics, mildlyinfuriating, facepalm",135
iwontremembr,165,small_community,3
ArmIntrepid8204,-1,unassigned,1
Best_Celebration9790,166,small_community,4
KingQuail89,167,small_community,7
Ayasaminata,-1,unassigned,2
winkymann,-1,unassigned,1
JakobMeier,168,small_community,6
Exotic_Internet5969,-1,unassigned,1
Business_Stress_3306,164,"interestingasfuck, Damnthatsinteresting, pics, mildlyinfuriating, facepalm",7
Osuiw,-1,unassigned,1
verilaks,164,"interestingasfuck, Damnthatsinteresting, pics, mildlyinfuriating, facepalm",21
gowth130,-1,unassigned,1
amajusk,1601,"NoStupidQuestions, AskReddit, askswitzerland, AITAH, Switzerland",17
aorozco1996,169,small_community,6
rukacheded,170,small_community,8
HanniBunny007,171,small_community,2
Pana_Guiskas,1480,"csMajors, PhD, ApplyingToCollege, AskAcademia, gradadmissions",14
roseyardgraves,1480,"csMajors, PhD, ApplyingToCollege, AskAcademia, gradadmissions",27
Tricky_Poetry847,1480,"csMajors, PhD, ApplyingToCollege, AskAcademia, gradadmissions",63
-_mo_-,164,"interestingasfuck, Damnthatsinteresting, pics, mildlyinfuriating, facepalm",40
jfjdndixjd,-1,unassigned,1
CDawn1337,1480,"csMajors, PhD, ApplyingToCollege, AskAcademia, gradadmissions",7
AliveEntertainment45,172,small_community,2
LiberFriso,1525,"de, Studium, Finanzen, Ratschlag, germany",62
EncelBread,1525,"de, Studium, Finanzen, Ratschlag, germany",28
Working-Ad5682,-1,unassigned,1
Wonderful_Setting195,1601,"NoStupidQuestions, AskReddit, askswitzerland, AITAH, Switzerland",11
vltmusic,1480,"csMajors, PhD, ApplyingToCollege, AskAcademia, gradadmissions",5
Spiritual_Tailor7698,1480,"csMajors, PhD, ApplyingToCollege, AskAcademia, gradadmissions",93
kaliumsorbath,1480,"csMajors, PhD, ApplyingToCollege, AskAcademia, gradadmissions",14
BlackCH,1601,"NoStupidQuestions, AskReddit, askswitzerland, AITAH, Switzerland",7
ToxicTop2,1480,"csMajors, PhD, ApplyingToCollege, AskAcademia, gradadmissions",66
justTinkering,1480,"csMajors, PhD, ApplyingToCollege, AskAcademia, gradadmissions",9
Gigo0078,1525,"de, Studium, Finanzen, Ratschlag, germany",8
broesmmeli-99,1525,"de, Studium, Finanzen, Ratschlag, germany",63
Delicious_Ad7123,173,small_community,13
CryptographerTop6264,1525,"de, Studium, Finanzen, Ratschlag, germany",20
ulfOptimism,1525,"de, Studium, Finanzen, Ratschlag, germany",71
rueblimaster,1480,"csMajors, PhD, ApplyingToCollege, AskAcademia, gradadmissions",9
suholdmeback,174,small_community,4
Afraid-Tea-2358,-1,unassigned,1
cwormer,164,"interestingasfuck, Damnthatsinteresting, pics, mildlyinfuriating, facepalm",33
Opening-Net-4735,175,small_community,4
Bloxx12,-1,unassigned,1
JauntyKnight,1480,"csMajors, PhD, ApplyingToCollege, AskAcademia, gradadmissions",16
BuenzliBuex,1601,"NoStupidQuestions, AskReddit, askswitzerland, AITAH, Switzerland",62
eee_bume,1480,"csMajors, PhD, ApplyingToCollege, AskAcademia, gradadmissions",7
rBlu3b0x,176,small_community,6
shaolinmasterkiller2,1559,"Universitaly, ItaliaPersonalFinance, CasualIT, Italia, ItaliaCareerAdvice",8
DeadManSitting,164,"interestingasfuck, Damnthatsinteresting, pics, mildlyinfuriating, facepalm",22
q_moonstone,1601,"NoStupidQuestions, AskReddit, askswitzerland, AITAH, Switzerland",10
yesplease63636jwj,-1,unassigned,1
Lazy-Rate6734,1601,"NoStupidQuestions, AskReddit, askswitzerland, AITAH, Switzerland",72
aparchure,164,"interestingasfuck, Damnthatsinteresting, pics, mildlyinfuriating, facepalm",5
bozaro_za_rokku,-1,unassigned,1
Antique-Jacket8864,1480,"csMajors, PhD, ApplyingToCollege, AskAcademia, gradadmissions",7
Samilainthemirror,1601,"NoStupidQuestions, AskReddit, askswitzerland, AITAH, Switzerland",25
FinancialPossible240,-1,unassigned,1
Delicious_Mention234,177,small_community,6
FairFig5622,1480,"csMajors, PhD, ApplyingToCollege, AskAcademia, gradadmissions",71
Radical_X75,1480,"csMajors, PhD, ApplyingToCollege, AskAcademia, gradadmissions",24
That_Agent1983,1601,"NoStupidQuestions, AskReddit, askswitzerland, AITAH, Switzerland",46
notMeiwakuna,178,small_community,5
d3nizy,1480,"csMajors, PhD, ApplyingToCollege, AskAcademia, gradadmissions",27
Jahkral,1601,"NoStupidQuestions, AskReddit, askswitzerland, AITAH, Switzerland",78
halilemreisik,179,small_community,5
x3non_04,164,"interestingasfuck, Damnthatsinteresting, pics, mildlyinfuriating, facepalm",136
QueensTarget,-1,unassigned,1
Playful-Winner5122,1559,"Universitaly, ItaliaPersonalFinance, CasualIT, Italia, ItaliaCareerAdvice",11
mandoleeeen,1601,"NoStupidQuestions, AskReddit, askswitzerland, AITAH, Switzerland",10
Schuano,164,"interestingasfuck, Damnthatsinteresting, pics, mildlyinfuriating, facepalm",91
Luc2992,164,"interestingasfuck, Damnthatsinteresting, pics, mildlyinfuriating, facepalm",24
Glad-Neighborhood500,180,small_community,2
meeneemeten,1601,"NoStupidQuestions, AskReddit, askswitzerland, AITAH, Switzerland",36
langkexiaoyi,181,small_community,2
cariprazine1,-1,unassigned,1
swazilaender,1601,"NoStupidQuestions, AskReddit, askswitzerland, AITAH, Switzerland",58
Cautious_Storage_348,-1,unassigned,1
Double_Employer_1301,-1,unassigned,1
Secure-Technician274,-1,unassigned,1
bafe,164,"interestingasfuck, Damnthatsinteresting, pics, mildlyinfuriating, facepalm",55
MeisterMumpitz,1525,"de, Studium, Finanzen, Ratschlag, germany",16
Artistic-Ad-3794,164,"interestingasfuck, Damnthatsinteresting, pics, mildlyinfuriating, facepalm",9
Helvetia2021,1601,"NoStupidQuestions, AskReddit, askswitzerland, AITAH, Switzerland",43
ektoplazmahhh,182,small_community,7
ygtrhos,1525,"de, Studium, Finanzen, Ratschlag, germany",20
ykozyr,183,small_community,3
SmoothEnjoyer,184,small_community,2
Ddmaltr,-1,unassigned,1
redit411,164,"interestingasfuck, Damnthatsinteresting, pics, mildlyinfuriating, facepalm",12
wowmyearhurts,185,small_community,3
West-Instruction-577,186,small_community,4
cfdismypassion,164,"interestingasfuck, Damnthatsinteresting, pics, mildlyinfuriating, facepalm",16
majestickr2,1601,"NoStupidQuestions, AskReddit, askswitzerland, AITAH, Switzerland",69
julian0722,-1,unassigned,1
schwabbbel,1480,"csMajors, PhD, ApplyingToCollege, AskAcademia, gradadmissions",7
resignresign2,-1,unassigned,1
n123k15,187,small_community,5
Serious-North-1,-1,unassigned,1
ThrowRA_Paul98,188,small_community,6
Sweet_Reach8318,189,small_community,4
DeezeKnotz,164,"interestingasfuck, Damnthatsinteresting, pics, mildlyinfuriating, facepalm",59
cat_ass_trophy_91,164,"interestingasfuck, Damnthatsinteresting, pics, mildlyinfuriating, facepalm",20
Bastion55420,1601,"NoStupidQuestions, AskReddit, askswitzerland, AITAH, Switzerland",24
__deadpoet__,1480,"csMajors, PhD, ApplyingToCollege, AskAcademia, gradadmissions",21
DooM_SpooN,164,"interestingasfuck, Damnthatsinteresting, pics, mildlyinfuriating, facepalm",59
memetellectual,190,small_community,5
Capybarapolo,191,small_community,2
East-Celebration-826,-1,unassigned,2
Epic_Diss,-1,unassigned,2
Trzyq0712,192,small_community,3
No_Specific_8742,-1,unassigned,1
DisasterExisting8141,193,small_community,3
Wonderful_Dirt5069,194,small_community,6
W47erM01e,1480,"csMajors, PhD, ApplyingToCollege, AskAcademia, gradadmissions",9
mardmax,-1,unassigned,1
Decent_Brain_542,1525,"de, Studium, Finanzen, Ratschlag, germany",19
Upset-Crazy-4913,-1,unassigned,1
Daktus05,164,"interestingasfuck, Damnthatsinteresting, pics, mildlyinfuriating, facepalm",30
iDankYourMemes,195,small_community,2
Imaginary_Gift_8533,1480,"csMajors, PhD, ApplyingToCollege, AskAcademia, gradadmissions",19
FriendshipPitiful927,196,small_community,4
Fine-Resident-8157,1601,"NoStupidQuestions, AskReddit, askswitzerland, AITAH, Switzerland",22
Aypnia,1601,"NoStupidQuestions, AskReddit, askswitzerland, AITAH, Switzerland",24
kuaile258890,197,small_community,3
Simonjhfgh,1480,"csMajors, PhD, ApplyingToCollege, AskAcademia, gradadmissions",14
aedlearndl,1480,"csMajors, PhD, ApplyingToCollege, AskAcademia, gradadmissions",11
lazy-rushi,-1,unassigned,1
Bio_silly,198,small_community,4
avonburger,1480,"csMajors, PhD, ApplyingToCollege, AskAcademia, gradadmissions",10
Sudden_Membership491,-1,unassigned,2
Ok_Journalist_2052,1480,"csMajors, PhD, ApplyingToCollege, AskAcademia, gradadmissions",21
Feuermurmel,164,"interestingasfuck, Damnthatsinteresting, pics, mildlyinfuriating, facepalm",20
Zainto,199,small_community,2
f00ld,200,small_community,3
Kogulp,1480,"csMajors, PhD, ApplyingToCollege, AskAcademia, gradadmissions",32
Difficult_Bridge_864,164,"interestingasfuck, Damnthatsinteresting, pics, mildlyinfuriating, facepalm",32
adventurousgirl3,1601,"NoStupidQuestions, AskReddit, askswitzerland, AITAH, Switzerland",15
RateRevolutionary177,-1,unassigned,1
lashiskappa,1525,"de, Studium, Finanzen, Ratschlag, germany",24
Trendios,164,"interestingasfuck, Damnthatsinteresting, pics, mildlyinfuriating, facepalm",43
joyjoy1515,-1,unassigned,1
macdestroe234,201,small_community,2
SoulOfSword_,1601,"NoStupidQuestions, AskReddit, askswitzerland, AITAH, Switzerland",30
Raetlr,164,"interestingasfuck, Damnthatsinteresting, pics, mildlyinfuriating, facepalm",15
randomelgen,202,small_community,8
AppropriatePatience8,164,"interestingasfuck, Damnthatsinteresting, pics, mildlyinfuriating, facepalm",22
Rettiratata,1480,"csMajors, PhD, ApplyingToCollege, AskAcademia, gradadmissions",10
happy_ieng,203,small_community,3
shadowknight63782,-1,unassigned,4
SCHWIFTY_BURSCH,204,small_community,10
terdinatore,205,small_community,10
F3367,206,small_community,5
mkangw,207,small_community,3
Icy_Study_538,-1,unassigned,1
saint_zeze,164,"interestingasfuck, Damnthatsinteresting, pics, mildlyinfuriating, facepalm",46
Flashy-Weird8715,1480,"csMajors, PhD, ApplyingToCollege, AskAcademia, gradadmissions",8
barthii,164,"interestingasfuck, Damnthatsinteresting, pics, mildlyinfuriating, facepalm",18
Secure-Initial2376,208,small_community,10
Many-Beyond6619,209,small_community,3
vantheman0,1480,"csMajors, PhD, ApplyingToCollege, AskAcademia, gradadmissions",8
KrysTallineDream,1525,"de, Studium, Finanzen, Ratschlag, germany",7
Defiant-Dare1223,164,"interestingasfuck, Damnthatsinteresting, pics, mildlyinfuriating, facepalm",271
Illustrious_Pound994,210,small_community,3
No-Start8890,164,"interestingasfuck, Damnthatsinteresting, pics, mildlyinfuriating, facepalm",79
puppetalk,164,"interestingasfuck, Damnthatsinteresting, pics, mildlyinfuriating, facepalm",69
Ansh_3101,211,small_community,3
AstroRoverToday,1601,"NoStupidQuestions, AskReddit, askswitzerland, AITAH, Switzerland",69
ICPT-M-Studie,164,"interestingasfuck, Damnthatsinteresting, pics, mildlyinfuriating, facepalm",15
No_Rice_9717,1601,"NoStupidQuestions, AskReddit, askswitzerland, AITAH, Switzerland",44
sneakpeekbot,1480,"csMajors, PhD, ApplyingToCollege, AskAcademia, gradadmissions",26275
Easy_Ad_5917,212,small_community,4
Mankra23,164,"interestingasfuck, Damnthatsinteresting, pics, mildlyinfuriating, facepalm",9
akhenator,164,"interestingasfuck, Damnthatsinteresting, pics, mildlyinfuriating, facepalm",30
Witty_Reality_7065,213,small_community,4
r_moma,164,"interestingasfuck, Damnthatsinteresting, pics, mildlyinfuriating, facepalm",21
OwnStorm2983,1480,"csMajors, PhD, ApplyingToCollege, AskAcademia, gradadmissions",6
pro_bro007,-1,unassigned,1
berriesandcigars,1480,"csMajors, PhD, ApplyingToCollege, AskAcademia, gradadmissions",10
TheDutchCardist,214,small_community,5
Frequent-Text-4967,-1,unassigned,2
ClemensCle,215,small_community,3
presentation-chaude,1601,"NoStupidQuestions, AskReddit, askswitzerland, AITAH, Switzerland",140
Chris_P_Nuts_,-1,unassigned,1
Mysterious-Candle-31,-1,unassigned,1
Key_Flower1793,164,"interestingasfuck, Damnthatsinteresting, pics, mildlyinfuriating, facepalm",35
Ur_M0m_420_,-1,unassigned,2
lars99971,1480,"csMajors, PhD, ApplyingToCollege, AskAcademia, gradadmissions",15
ChopSueyYumm,164,"interestingasfuck, Damnthatsinteresting, pics, mildlyinfuriating, facepalm",88
Che_Buoni_I_Biscotti,216,small_community,3
AlighieriDonkey,-1,unassigned,1
nishhi,217,small_community,11
PythonEDTA,-1,unassigned,1
UnderstandingNo8613,-1,unassigned,3
Ok_Way4741,-1,unassigned,1
Significant_Way2882,218,small_community,3
Karim_acing_it,1525,"de, Studium, Finanzen, Ratschlag, germany",42
MrStroopwafel,219,small_community,6
TJuKj7WofKLzBZjt7w9t,164,"interestingasfuck, Damnthatsinteresting, pics, mildlyinfuriating, facepalm",13
patrickgiust,220,small_community,7
Medium-Specific3801,1480,"csMajors, PhD, ApplyingToCollege, AskAcademia, gradadmissions",12
griffithisinnocent,-1,unassigned,2
copyrightlover,221,small_community,3
Tiny-Web9536,222,small_community,2
Key-Rice-3047,-1,unassigned,4
OutrageousAd1101,223,small_community,5
Affectionate-Dot5725,1480,"csMajors, PhD, ApplyingToCollege, AskAcademia, gradadmissions",34
AcanthaceaeQuick9663,1480,"csMajors, PhD, ApplyingToCollege, AskAcademia, gradadmissions",4
capital-man,1480,"csMajors, PhD, ApplyingToCollege, AskAcademia, gradadmissions",12
Bottoml1ne,1601,"NoStupidQuestions, AskReddit, askswitzerland, AITAH, Switzerland",10
Loud_Eggplant772,-1,unassigned,1
Snake_Dog,-1,unassigned,1
ExamPrep_Switzerland,224,small_community,3
matisbv,1480,"csMajors, PhD, ApplyingToCollege, AskAcademia, gradadmissions",14
ready0gunner,-1,unassigned,23
playerpipp,-1,unassigned,1
Glass_Passenger7552,-1,unassigned,1
steinblitz,1480,"csMajors, PhD, ApplyingToCollege, AskAcademia, gradadmissions",14
Playful_Bass7295,-1,unassigned,1
YeesusFistus,1525,"de, Studium, Finanzen, Ratschlag, germany",8
trotoka,225,small_community,3
Popular-Traffic967,226,small_community,6
SuccotashCold7114,1601,"NoStupidQuestions, AskReddit, askswitzerland, AITAH, Switzerland",34
Emperror_of_Mankind,1480,"csMajors, PhD, ApplyingToCollege, AskAcademia, gradadmissions",16
ImpossibleCarrot3781,-1,unassigned,2
whothatboah,1480,"csMajors, PhD, ApplyingToCollege, AskAcademia, gradadmissions",11
Vallaaris,-1,unassigned,2
Active-Delay-1337,1601,"NoStupidQuestions, AskReddit, askswitzerland, AITAH, Switzerland",37
ExcaliburWontBudge,164,"interestingasfuck, Damnthatsinteresting, pics, mildlyinfuriating, facepalm",30
yellowtulip04,-1,unassigned,1
Other-Elevator3593,1480,"csMajors, PhD, ApplyingToCollege, AskAcademia, gradadmissions",15
niemertweis,164,"interestingasfuck, Damnthatsinteresting, pics, mildlyinfuriating, facepalm",136
Tarobubbly,-1,unassigned,2
ranranrandrand1,1601,"NoStupidQuestions, AskReddit, askswitzerland, AITAH, Switzerland",28
MentionSerious5311,-1,unassigned,1
LordAmras,164,"interestingasfuck, Damnthatsinteresting, pics, mildlyinfuriating, facepalm",83
Impossible-Comb-1375,1480,"csMajors, PhD, ApplyingToCollege, AskAcademia, gradadmissions",13
red_tabasco,1480,"csMajors, PhD, ApplyingToCollege, AskAcademia, gradadmissions",27
Nebula0375,227,small_community,11
Ok-Technician-9704,1601,"NoStupidQuestions, AskReddit, askswitzerland, AITAH, Switzerland",28
anonymous-311,1480,"csMajors, PhD, ApplyingToCollege, AskAcademia, gradadmissions",29
iamsimbaba,1480,"csMajors, PhD, ApplyingToCollege, AskAcademia, gradadmissions",16
Swisscom8940,1601,"NoStupidQuestions, AskReddit, askswitzerland, AITAH, Switzerland",14
big_skapinsky,164,"interestingasfuck, Damnthatsinteresting, pics, mildlyinfuriating, facepalm",24
Curious_Crafter1,228,small_community,7
dav_the_vader,229,small_community,2
CorgiSecret,230,small_community,3
CombinationFeisty699,-1,unassigned,1
White_TCR,231,small_community,15
hotterthanyou69,164,"interestingasfuck, Damnthatsinteresting, pics, mildlyinfuriating, facepalm",46
Scattered99,-1,unassigned,1
BleakShawarma,232,small_community,5
Ornery-Fisherman2175,233,small_community,3
Flat_Fix9873,1525,"de, Studium, Finanzen, Ratschlag, germany",22
gustapa,164,"interestingasfuck, Damnthatsinteresting, pics, mildlyinfuriating, facepalm",53
latticeperson,234,small_community,3
sekex,1480,"csMajors, PhD, ApplyingToCollege, AskAcademia, gradadmissions",27
No-Entry8156,-1,unassigned,1
njalo,-1,unassigned,2
VirusTechnical69,-1,unassigned,5
Remarkable-Town-2733,-1,unassigned,1
zhdc,1601,"NoStupidQuestions, AskReddit, askswitzerland, AITAH, Switzerland",38
JimGHI,1480,"csMajors, PhD, ApplyingToCollege, AskAcademia, gradadmissions",5
No-Tiger-7812,-1,unassigned,2
chiubicheib,1480,"csMajors, PhD, ApplyingToCollege, AskAcademia, gradadmissions",32
db600db,1525,"de, Studium, Finanzen, Ratschlag, germany",10
softielle,1480,"csMajors, PhD, ApplyingToCollege, AskAcademia, gradadmissions",22
jal1926,235,small_community,4
crowchan114514,164,"interestingasfuck, Damnthatsinteresting, pics, mildlyinfuriating, facepalm",75
math_nerd_77,236,small_community,4
squigguilty,1480,"csMajors, PhD, ApplyingToCollege, AskAcademia, gradadmissions",6
averysaltyburrito,237,small_community,2
Obvious-Degree1970,238,small_community,8
Tight_Net7260,-1,unassigned,1
kriscnik,1601,"NoStupidQuestions, AskReddit, askswitzerland, AITAH, Switzerland",56
frigley1,164,"interestingasfuck, Damnthatsinteresting, pics, mildlyinfuriating, facepalm",100
Competitive-Dot-3333,1601,"NoStupidQuestions, AskReddit, askswitzerland, AITAH, Switzerland",39
Stonks71211,1480,"csMajors, PhD, ApplyingToCollege, AskAcademia, gradadmissions",87
GeronimoMoles,164,"interestingasfuck, Damnthatsinteresting, pics, mildlyinfuriating, facepalm",78
No-Tip3654,1601,"NoStupidQuestions, AskReddit, askswitzerland, AITAH, Switzerland",215
Medical_Baseball901,239,small_community,4
ContentOpportunity41,240,small_community,2
gian_69,164,"interestingasfuck, Damnthatsinteresting, pics, mildlyinfuriating, facepalm",47
Mirdclawer,164,"interestingasfuck, Damnthatsinteresting, pics, mildlyinfuriating, facepalm",78
myblueear,164,"interestingasfuck, Damnthatsinteresting, pics, mildlyinfuriating, facepalm",184
Zealousideal_Soft298,241,small_community,3
mathiswiss,164,"interestingasfuck, Damnthatsinteresting, pics, mildlyinfuriating, facepalm",69
hhoverflow,242,small_community,17
RosefromB-612,243,small_community,7
gjarne,244,small_community,5
RealPerplexeus,164,"interestingasfuck, Damnthatsinteresting, pics, mildlyinfuriating, facepalm",60
furious_sheeps,1480,"csMajors, PhD, ApplyingToCollege, AskAcademia, gradadmissions",8
Additional_Leek_9893,-1,unassigned,5
Fabulous_Ad_5709,164,"interestingasfuck, Damnthatsinteresting, pics, mildlyinfuriating, facepalm",191
yarpen_z,1480,"csMajors, PhD, ApplyingToCollege, AskAcademia, gradadmissions",67
Cashoo-Doodew,-1,unassigned,1
Motor_Worldliness489,245,small_community,5
logishoder,1525,"de, Studium, Finanzen, Ratschlag, germany",53
Old-Cycle-3721,1559,"Universitaly, ItaliaPersonalFinance, CasualIT, Italia, ItaliaCareerAdvice",9
tackslabor,164,"interestingasfuck, Damnthatsinteresting, pics, mildlyinfuriating, facepalm",27
andreas16700,164,"interestingasfuck, Damnthatsinteresting, pics, mildlyinfuriating, facepalm",53
da_f0511,1480,"csMajors, PhD, ApplyingToCollege, AskAcademia, gradadmissions",22
NecessaryFan8396,246,small_community,2
modr1c,-1,unassigned,1
Fynnyx,-1,unassigned,1
FlimsyCockroach3,247,small_community,2
the-return-of-amir,1480,"csMajors, PhD, ApplyingToCollege, AskAcademia, gradadmissions",36
Plastic_Share2619,-1,unassigned,1
shamishami3,164,"interestingasfuck, Damnthatsinteresting, pics, mildlyinfuriating, facepalm",17
OvomatVonBuenzline,164,"interestingasfuck, Damnthatsinteresting, pics, mildlyinfuriating, facepalm",63
Accomplished_Set1872,1601,"NoStupidQuestions, AskReddit, askswitzerland, AITAH, Switzerland",7
chatscheder,-1,unassigned,1
PeterGriffinOwO,248,small_community,4
Pokeristo555,1601,"NoStupidQuestions, AskReddit, askswitzerland, AITAH, Switzerland",26
MagnoliaboiZoy,-1,unassigned,6
Snoo40710,249,small_community,5
koki51,1480,"csMajors, PhD, ApplyingToCollege, AskAcademia, gradadmissions",10
szuruburuszuru,1480,"csMajors, PhD, ApplyingToCollege, AskAcademia, gradadmissions",39
Darkmight,1480,"csMajors, PhD, ApplyingToCollege, AskAcademia, gradadmissions",50
Familiar_Cupcake_750,250,small_community,50
NomadicContrarian,1601,"NoStupidQuestions, AskReddit, askswitzerland, AITAH, Switzerland",34
Some-Satisfaction-80,-1,unassigned,1
Simoendli,-1,unassigned,1
LongjumpingTheme5252,-1,unassigned,7
Available_War4603,164,"interestingasfuck, Damnthatsinteresting, pics, mildlyinfuriating, facepalm",65
Vontaxis,164,"interestingasfuck, Damnthatsinteresting, pics, mildlyinfuriating, facepalm",47
Prestigious_Idea4723,251,small_community,2
Dependent_Writing_30,1480,"csMajors, PhD, ApplyingToCollege, AskAcademia, gradadmissions",26
supermag2,164,"interestingasfuck, Damnthatsinteresting, pics, mildlyinfuriating, facepalm",18
FriedBrainCells2401,1480,"csMajors, PhD, ApplyingToCollege, AskAcademia, gradadmissions",15
Important_Mine_3310,-1,unassigned,1
WorldlyDetective4257,252,small_community,2
selfentropy,253,small_community,3
Chizuru32,164,"interestingasfuck, Damnthatsinteresting, pics, mildlyinfuriating, facepalm",76
Leo1703,1480,"csMajors, PhD, ApplyingToCollege, AskAcademia, gradadmissions",8
Aurilandus,1480,"csMajors, PhD, ApplyingToCollege, AskAcademia, gradadmissions",23
theonewhoask11,1480,"csMajors, PhD, ApplyingToCollege, AskAcademia, gradadmissions",15
acespaceingout,1601,"NoStupidQuestions, AskReddit, askswitzerland, AITAH, Switzerland",16
Scary-Implement-4407,254,small_community,8
Confident_Catch_8641,1480,"csMajors, PhD, ApplyingToCollege, AskAcademia, gradadmissions",4
jeanmichelcrapaud,1480,"csMajors, PhD, ApplyingToCollege, AskAcademia, gradadmissions",21
IceChocolateHead,1601,"NoStupidQuestions, AskReddit, askswitzerland, AITAH, Switzerland",25
Pristine_Anteater_36,-1,unassigned,1
PlatypusExisting5730,255,small_community,9
TZKP,256,small_community,2
DaaneJeff,164,"interestingasfuck, Damnthatsinteresting, pics, mildlyinfuriating, facepalm",154
roy_meraki,1480,"csMajors, PhD, ApplyingToCollege, AskAcademia, gradadmissions",14
Misgir,164,"interestingasfuck, Damnthatsinteresting, pics, mildlyinfuriating, facepalm",55
B0tRank,1480,"csMajors, PhD, ApplyingToCollege, AskAcademia, gradadmissions",3093
bottle_of_pastas,1480,"csMajors, PhD, ApplyingToCollege, AskAcademia, gradadmissions",8
Reasonable_Writer255,-1,unassigned,10
fabiiimert,-1,unassigned,2
SultanMJH,-1,unassigned,1
Interesting-Basis747,-1,unassigned,2
BouncyPomPom,257,small_community,6
ImperiaUnum,1480,"csMajors, PhD, ApplyingToCollege, AskAcademia, gradadmissions",12
Wise-Command2807,164,"interestingasfuck, Damnthatsinteresting, pics, mildlyinfuriating, facepalm",7
DarkZoneNinja,258,small_community,4
Training-Upstairs518,164,"interestingasfuck, Damnthatsinteresting, pics, mildlyinfuriating, facepalm",28
hot-plato,259,small_community,3
elmarceeel,-1,unassigned,1
DifferentFroyo1872,260,small_community,2
JimSteak,164,"interestingasfuck, Damnthatsinteresting, pics, mildlyinfuriating, facepalm",124
Livaliv,1480,"csMajors, PhD, ApplyingToCollege, AskAcademia, gradadmissions",9
Deet98,1480,"csMajors, PhD, ApplyingToCollege, AskAcademia, gradadmissions",21
Frosty-Wish-3558,261,small_community,5
Ririri88,262,small_community,2
hallojuhu,263,small_community,6
TackomeiI,264,small_community,9
Emergency-Act8436,265,small_community,3
TechnoWho,266,small_community,9
IocusMoechae,1559,"Universitaly, ItaliaPersonalFinance, CasualIT, Italia, ItaliaCareerAdvice",22
yfsarah,1480,"csMajors, PhD, ApplyingToCollege, AskAcademia, gradadmissions",26
Suspicious-Positive8,267,small_community,6
hhhdzy,-1,unassigned,1
killmeatap,-1,unassigned,1
Liquidity_magician,268,small_community,8
KPAHK,269,small_community,4
overthrowingdinosaur,1601,"NoStupidQuestions, AskReddit, askswitzerland, AITAH, Switzerland",110
Mnkhtuul,1480,"csMajors, PhD, ApplyingToCollege, AskAcademia, gradadmissions",14
StuffOpening9962,270,small_community,5
Bolognese_is_best,164,"interestingasfuck, Damnthatsinteresting, pics, mildlyinfuriating, facepalm",61
wassup369,271,small_community,8
Legitimate_Date5883,272,small_community,2
Artistic_Storm4102,273,small_community,6
Hippo_n_Elephant,274,small_community,11
Inside-Till3391,1601,"NoStupidQuestions, AskReddit, askswitzerland, AITAH, Switzerland",70
Infinite-Chemist-747,-1,unassigned,1
BigDogHenry,275,small_community,6
Ok_Act_8987,-1,unassigned,1
Ukula_69,164,"interestingasfuck, Damnthatsinteresting, pics, mildlyinfuriating, facepalm",7
Nauticat37,276,small_community,2
SmitherCH,1601,"NoStupidQuestions, AskReddit, askswitzerland, AITAH, Switzerland",41
skip-narrative,1480,"csMajors, PhD, ApplyingToCollege, AskAcademia, gradadmissions",5
mac4ron,277,small_community,8
KingDojojoD,278,small_community,10
Iksion10,279,small_community,5
ilovecrystals889,-1,unassigned,1
Sudden_Shopping_735,1601,"NoStupidQuestions, AskReddit, askswitzerland, AITAH, Switzerland",26
SirDamian,1480,"csMajors, PhD, ApplyingToCollege, AskAcademia, gradadmissions",10
silviacambiago,280,small_community,2
kovariantenkaktus,281,small_community,3
fanconic,1480,"csMajors, PhD, ApplyingToCollege, AskAcademia, gradadmissions",9
Bakeey,164,"interestingasfuck, Damnthatsinteresting, pics, mildlyinfuriating, facepalm",60
Chrisstar56,164,"interestingasfuck, Damnthatsinteresting, pics, mildlyinfuriating, facepalm",46
TrumpfBuur,-1,unassigned,1
Ok-Investigator-2402,282,small_community,3
TiPrincess,1480,"csMajors, PhD, ApplyingToCollege, AskAcademia, gradadmissions",39
arbobendik,164,"interestingasfuck, Damnthatsinteresting, pics, mildlyinfuriating, facepalm",54
asurasiva,-1,unassigned,1
Son_of_a-PreacherMan,1601,"NoStupidQuestions, AskReddit, askswitzerland, AITAH, Switzerland",74
dddanielllll,1559,"Universitaly, ItaliaPersonalFinance, CasualIT, Italia, ItaliaCareerAdvice",11
Mortifer_I,164,"interestingasfuck, Damnthatsinteresting, pics, mildlyinfuriating, facepalm",78
Lost-Jello679,283,small_community,2
rah_whos_that,-1,unassigned,2
epfl_person,284,small_community,5
ndnator,1601,"NoStupidQuestions, AskReddit, askswitzerland, AITAH, Switzerland",34
Horsepower_7,1480,"csMajors, PhD, ApplyingToCollege, AskAcademia, gradadmissions",21
tagleaf,285,small_community,7
StephWhatever100,1525,"de, Studium, Finanzen, Ratschlag, germany",15
Lvm152coc,1480,"csMajors, PhD, ApplyingToCollege, AskAcademia, gradadmissions",30
Brattley,164,"interestingasfuck, Damnthatsinteresting, pics, mildlyinfuriating, facepalm",45
ItsMagic777,164,"interestingasfuck, Damnthatsinteresting, pics, mildlyinfuriating, facepalm",114
Blobfisch11,1601,"NoStupidQuestions, AskReddit, askswitzerland, AITAH, Switzerland",34
valonistabot,286,small_community,5
Defending_Eagle,287,small_community,9
Original-Tell-5222,-1,unassigned,1
BiscottiGreat6698,1601,"NoStupidQuestions, AskReddit, askswitzerland, AITAH, Switzerland",14
areomigeo,288,small_community,3
FancyDimension2599,1601,"NoStupidQuestions, AskReddit, askswitzerland, AITAH, Switzerland",65
AdobiWanKenobi,1480,"csMajors, PhD, ApplyingToCollege, AskAcademia, gradadmissions",96
Thresh_will_q_you,289,small_community,4
Tautili,164,"interestingasfuck, Damnthatsinteresting, pics, mildlyinfuriating, facepalm",26
wraith-mayhem,1525,"de, Studium, Finanzen, Ratschlag, germany",29
CompoteSalty3830,1480,"csMajors, PhD, ApplyingToCollege, AskAcademia, gradadmissions",8
Versailles_ro,290,small_community,4
Professional_Law8023,-1,unassigned,1
TheTomatoes2,164,"interestingasfuck, Damnthatsinteresting, pics, mildlyinfuriating, facepalm",267
MightyKifran,-1,unassigned,4
irisosaurus,1480,"csMajors, PhD, ApplyingToCollege, AskAcademia, gradadmissions",10
fabmatazz,291,small_community,7
Benedoc,1525,"de, Studium, Finanzen, Ratschlag, germany",66
jeffxxxxx,164,"interestingasfuck, Damnthatsinteresting, pics, mildlyinfuriating, facepalm",6
Riegler77,164,"interestingasfuck, Damnthatsinteresting, pics, mildlyinfuriating, facepalm",37
Egg-Livid,-1,unassigned,5
Ok-Purpose-1822,1601,"NoStupidQuestions, AskReddit, askswitzerland, AITAH, Switzerland",92
Aniket_Mhaskar477,292,small_community,4
Zz_TiMeZz,1601,"NoStupidQuestions, AskReddit, askswitzerland, AITAH, Switzerland",23
raviolibuxe,293,small_community,9
iampujan,-1,unassigned,1
Purple_Passenger_244,294,small_community,4
doyoueven1996,1525,"de, Studium, Finanzen, Ratschlag, germany",13
Minute-Court-8785,1480,"csMajors, PhD, ApplyingToCollege, AskAcademia, gradadmissions",6
crispin97,1480,"csMajors, PhD, ApplyingToCollege, AskAcademia, gradadmissions",35
Asdfjalsdkjflkjsdlkj,-1,unassigned,2
573984729874,164,"interestingasfuck, Damnthatsinteresting, pics, mildlyinfuriating, facepalm",46
Foreign_Ad9997,-1,unassigned,6
Confident_Glove_7189,295,small_community,3
r0kzzzz,296,small_community,2
Capital-Park-2700,297,small_community,2
Jaded_Entertainer505,-1,unassigned,1
SignificantShape1593,-1,unassigned,1
Hungry-Finding2360,298,small_community,6
No-Philosopher-5773,1525,"de, Studium, Finanzen, Ratschlag, germany",7
0rdin,1601,"NoStupidQuestions, AskReddit, askswitzerland, AITAH, Switzerland",31
Druunas,299,small_community,5
Revolutionary_Clue59,300,small_community,7
ThomasJAsimov,301,small_community,5
RealisticBookWoman,302,small_community,6
lookoutforthetrain_0,164,"interestingasfuck, Damnthatsinteresting, pics, mildlyinfuriating, facepalm",58
kolmiw,164,"interestingasfuck, Damnthatsinteresting, pics, mildlyinfuriating, facepalm",134
a_smilingpsycho,164,"interestingasfuck, Damnthatsinteresting, pics, mildlyinfuriating, facepalm",15
bbbf01,-1,unassigned,1
National_Badger8336,303,small_community,3
bumble_bianc,-1,unassigned,1
strawberryyymilkkk,1525,"de, Studium, Finanzen, Ratschlag, germany",5
Didiermaoer,1525,"de, Studium, Finanzen, Ratschlag, germany",10
bonkersforevers,-1,unassigned,2
murdercheese,1480,"csMajors, PhD, ApplyingToCollege, AskAcademia, gradadmissions",21
littlemarmmot,1480,"csMajors, PhD, ApplyingToCollege, AskAcademia, gradadmissions",22
tischbombe23,1480,"csMajors, PhD, ApplyingToCollege, AskAcademia, gradadmissions",14
TriboarHiking,1601,"NoStupidQuestions, AskReddit, askswitzerland, AITAH, Switzerland",59
mrnacknime,164,"interestingasfuck, Damnthatsinteresting, pics, mildlyinfuriating, facepalm",101
Much_Sprinkles_7096,304,small_community,9
rezayazdanfar,1480,"csMajors, PhD, ApplyingToCollege, AskAcademia, gradadmissions",68
Fun_Objective_7779,164,"interestingasfuck, Damnthatsinteresting, pics, mildlyinfuriating, facepalm",84
Prestigious_Ad_5355,-1,unassigned,1
Kindly-Exercise-5134,164,"interestingasfuck, Damnthatsinteresting, pics, mildlyinfuriating, facepalm",28
mlx11,1480,"csMajors, PhD, ApplyingToCollege, AskAcademia, gradadmissions",11
atrusdaskoenig,305,small_community,2
VirtualPanic6798,306,small_community,3
arturoEE,1480,"csMajors, PhD, ApplyingToCollege, AskAcademia, gradadmissions",76
kinkyaboutjewelry,164,"interestingasfuck, Damnthatsinteresting, pics, mildlyinfuriating, facepalm",306
Vergnossworzler,164,"interestingasfuck, Damnthatsinteresting, pics, mildlyinfuriating, facepalm",71
Emergency_Teacher_55,-1,unassigned,1
Embarrassed_Gate5495,1480,"csMajors, PhD, ApplyingToCollege, AskAcademia, gradadmissions",19
PeaQueasy9195,307,small_community,4
Much-Caterpillar1903,1601,"NoStupidQuestions, AskReddit, askswitzerland, AITAH, Switzerland",15
anxious_human_431231,308,small_community,6
Gabroxs,309,small_community,2
Designer-Ad441,-1,unassigned,1
Fierce_Coffee,1480,"csMajors, PhD, ApplyingToCollege, AskAcademia, gradadmissions",11
2eZ4J,1480,"csMajors, PhD, ApplyingToCollege, AskAcademia, gradadmissions",15
Important-Trick1875,-1,unassigned,1
QYbear,310,small_community,5
SamaireB,1601,"NoStupidQuestions, AskReddit, askswitzerland, AITAH, Switzerland",145
Soggy-Pin-1936,1480,"csMajors, PhD, ApplyingToCollege, AskAcademia, gradadmissions",21
Training-Jaguar-901,-1,unassigned,1
0attention-span,164,"interestingasfuck, Damnthatsinteresting, pics, mildlyinfuriating, facepalm",24
favfavfav,-1,unassigned,2
Spiritual-Freedom-20,311,small_community,5
polissilop,1525,"de, Studium, Finanzen, Ratschlag, germany",13
No_Listen7185,312,small_community,2
Slim_Jue,1480,"csMajors, PhD, ApplyingToCollege, AskAcademia, gradadmissions",4
Jakey1999,164,"interestingasfuck, Damnthatsinteresting, pics, mildlyinfuriating, facepalm",34
Longjumping-Club-321,-1,unassigned,1
Drunken_Sheep_69,1601,"NoStupidQuestions, AskReddit, askswitzerland, AITAH, Switzerland",175
Fun_Ad_3206,-1,unassigned,1
Equivalent_Low_8350,1601,"NoStupidQuestions, AskReddit, askswitzerland, AITAH, Switzerland",67
Excellent_Avocado485,1601,"NoStupidQuestions, AskReddit, askswitzerland, AITAH, Switzerland",9
nickbob00,1601,"NoStupidQuestions, AskReddit, askswitzerland, AITAH, Switzerland",276
OneRefrigerator8599,313,small_community,3
Happy_Ad_4345,314,small_community,2
Giggs1986,1480,"csMajors, PhD, ApplyingToCollege, AskAcademia, gradadmissions",10
Brave-Variation-1397,315,small_community,9
No_Pollution_1312,1480,"csMajors, PhD, ApplyingToCollege, AskAcademia, gradadmissions",21
manchmaldrauf,1601,"NoStupidQuestions, AskReddit, askswitzerland, AITAH, Switzerland",44
Curious_Meat_9317,1601,"NoStupidQuestions, AskReddit, askswitzerland, AITAH, Switzerland",43
devshah19,1480,"csMajors, PhD, ApplyingToCollege, AskAcademia, gradadmissions",37
hette4,316,small_community,5
Then_Magician1002,1480,"csMajors, PhD, ApplyingToCollege, AskAcademia, gradadmissions",6
bsaverio,1559,"Universitaly, ItaliaPersonalFinance, CasualIT, Italia, ItaliaCareerAdvice",5
individualismus,317,small_community,5
Papierkor654,1480,"csMajors, PhD, ApplyingToCollege, AskAcademia, gradadmissions",63
Western_Gear5643,318,small_community,5
Safe_Preference772,-1,unassigned,1
iceby,1525,"de, Studium, Finanzen, Ratschlag, germany",117
Pandafaryan,-1,unassigned,1
SockNecessary9116,319,small_community,3
Amapocho,21,small_community,14
Unique_username_7171,320,small_community,7
The_Gobi_1,164,"interestingasfuck, Damnthatsinteresting, pics, mildlyinfuriating, facepalm",82
ETHEPFLchallenge,-1,unassigned,1
RedditRule3,164,"interestingasfuck, Damnthatsinteresting, pics, mildlyinfuriating, facepalm",13
h-musicfr,1480,"csMajors, PhD, ApplyingToCollege, AskAcademia, gradadmissions",1572
Qverman,321,small_community,2
Pleasant_Bug_6121,322,small_community,4
B_BARTHMAN,164,"interestingasfuck, Damnthatsinteresting, pics, mildlyinfuriating, facepalm",13
gobacktomonke31,1480,"csMajors, PhD, ApplyingToCollege, AskAcademia, gradadmissions",48
Valentin_el_Patron,-1,unassigned,2
SwimmingPen1458,-1,unassigned,1
chapcoin,1480,"csMajors, PhD, ApplyingToCollege, AskAcademia, gradadmissions",20
CharlyNuggy,323,small_community,10
Primary_Wolverine_52,-1,unassigned,1
Odd_Television_6382,1480,"csMajors, PhD, ApplyingToCollege, AskAcademia, gradadmissions",21
GuiltyConsideration5,1480,"csMajors, PhD, ApplyingToCollege, AskAcademia, gradadmissions",12
Professional_Fig1828,1480,"csMajors, PhD, ApplyingToCollege, AskAcademia, gradadmissions",7
Fickle_Knee_106,1480,"csMajors, PhD, ApplyingToCollege, AskAcademia, gradadmissions",41
Galaktische_Gurke,1480,"csMajors, PhD, ApplyingToCollege, AskAcademia, gradadmissions",7
Suspicious_Season_26,324,small_community,2
Admirable-Group-1129,325,small_community,4
_fairychicken58,-1,unassigned,1
Vincenz0ne,326,small_community,3
tau_pi,-1,unassigned,3
an-ordinary-manchild,164,"interestingasfuck, Damnthatsinteresting, pics, mildlyinfuriating, facepalm",59
strawmangva,164,"interestingasfuck, Damnthatsinteresting, pics, mildlyinfuriating, facepalm",51
Flo03DT,1525,"de, Studium, Finanzen, Ratschlag, germany",17
raymondh31lt,164,"interestingasfuck, Damnthatsinteresting, pics, mildlyinfuriating, facepalm",61
Elegant_Ad6405,327,small_community,4
BluebirdUnfair9030,-1,unassigned,1
VermicelliStill7625,328,small_community,8
NO5575,-1,unassigned,1
ysenngard,329,small_community,4
Its_just_a_nerd,1480,"csMajors, PhD, ApplyingToCollege, AskAcademia, gradadmissions",17
SuitableEye4785,330,small_community,8
Athoak,331,small_community,5
SnooRadishes3418,332,small_community,7
Stunning-Scar-9907,333,small_community,6
riceball4real,1480,"csMajors, PhD, ApplyingToCollege, AskAcademia, gradadmissions",25
Pynabb,164,"interestingasfuck, Damnthatsinteresting, pics, mildlyinfuriating, facepalm",116
Puzzleheaded-Dish816,-1,unassigned,1
ramchi99,-1,unassigned,1
bigfr0g,334,small_community,17
Enj0yth3silence,-1,unassigned,1
beachwavesshrimp,1480,"csMajors, PhD, ApplyingToCollege, AskAcademia, gradadmissions",9
benutzername127,164,"interestingasfuck, Damnthatsinteresting, pics, mildlyinfuriating, facepalm",80
DotNetEvangeliser,1480,"csMajors, PhD, ApplyingToCollege, AskAcademia, gradadmissions",20
hoechsten2,1601,"NoStupidQuestions, AskReddit, askswitzerland, AITAH, Switzerland",30
Psychological-Owl-76,335,small_community,4
rabbitfoot89,1480,"csMajors, PhD, ApplyingToCollege, AskAcademia, gradadmissions",26
SnowflakeGangster,336,small_community,4
CoopPlayerLP,1601,"NoStupidQuestions, AskReddit, askswitzerland, AITAH, Switzerland",6
lamperi-,1480,"csMajors, PhD, ApplyingToCollege, AskAcademia, gradadmissions",25
cantfindapseudo26,-1,unassigned,1
Ok_Error_4110,1525,"de, Studium, Finanzen, Ratschlag, germany",79
Accept_A_Username,337,small_community,2
evadingagainandagain,1601,"NoStupidQuestions, AskReddit, askswitzerland, AITAH, Switzerland",23
Annual-Advisor-7916,1480,"csMajors, PhD, ApplyingToCollege, AskAcademia, gradadmissions",50
bleulivide,338,small_community,6
GaimNoKazeK69,-1,unassigned,3
user_052525,339,small_community,6
reisk4nzler,1480,"csMajors, PhD, ApplyingToCollege, AskAcademia, gradadmissions",4
septimius42,340,small_community,5
Left_Ferret1542,1601,"NoStupidQuestions, AskReddit, askswitzerland, AITAH, Switzerland",26
Odd_Raspberry_2402,1480,"csMajors, PhD, ApplyingToCollege, AskAcademia, gradadmissions",57
throaway_ch,341,small_community,10
heehehehehehh,-1,unassigned,2
zarkonnen,164,"interestingasfuck, Damnthatsinteresting, pics, mildlyinfuriating, facepalm",19
Brilliant-Word2927,1601,"NoStupidQuestions, AskReddit, askswitzerland, AITAH, Switzerland",31
Ginerbreadman,164,"interestingasfuck, Damnthatsinteresting, pics, mildlyinfuriating, facepalm",63
Significant_Gap_4788,1601,"NoStupidQuestions, AskReddit, askswitzerland, AITAH, Switzerland",15
luckyvice323,342,small_community,4
fishbirdsfoxesmoles,1480,"csMajors, PhD, ApplyingToCollege, AskAcademia, gradadmissions",23
Virtual_Yoghurt_5300,343,small_community,4
DreamingLab,-1,unassigned,1
Arzaxx,-1,unassigned,1
rastrellogiallo,-1,unassigned,1
monsemania,-1,unassigned,3
thetta-reddast,1480,"csMajors, PhD, ApplyingToCollege, AskAcademia, gradadmissions",15
unknown_qw,1601,"NoStupidQuestions, AskReddit, askswitzerland, AITAH, Switzerland",19
H123G123,1480,"csMajors, PhD, ApplyingToCollege, AskAcademia, gradadmissions",11
Altruistic-Edge-2393,344,small_community,6
DifficultMouse8428,164,"interestingasfuck, Damnthatsinteresting, pics, mildlyinfuriating, facepalm",41
No_Feedback_1728,-1,unassigned,1
Xpert_Ash,-1,unassigned,2
zweiter_mensch,345,small_community,6
No-Meat1818,-1,unassigned,2
i_see_the_ocean,1480,"csMajors, PhD, ApplyingToCollege, AskAcademia, gradadmissions",15
pferden,1601,"NoStupidQuestions, AskReddit, askswitzerland, AITAH, Switzerland",611
sillyleopard84,346,small_community,3
Professional_Ear7173,164,"interestingasfuck, Damnthatsinteresting, pics, mildlyinfuriating, facepalm",45
Fair-Cod7669,1601,"NoStupidQuestions, AskReddit, askswitzerland, AITAH, Switzerland",71
Pretty_Employ_8657,1480,"csMajors, PhD, ApplyingToCollege, AskAcademia, gradadmissions",12
stichtom,1559,"Universitaly, ItaliaPersonalFinance, CasualIT, Italia, ItaliaCareerAdvice",25
haraldfranck,1480,"csMajors, PhD, ApplyingToCollege, AskAcademia, gradadmissions",21
Character-Wedding-56,347,small_community,4
OverallPractice7381,1601,"NoStupidQuestions, AskReddit, askswitzerland, AITAH, Switzerland",44
Obviously_Special,164,"interestingasfuck, Damnthatsinteresting, pics, mildlyinfuriating, facepalm",69
eclipseflyer,-1,unassigned,1
SnooWoofers237,348,small_community,6
Electrical_Cicada_,-1,unassigned,2
badUFO,164,"interestingasfuck, Damnthatsinteresting, pics, mildlyinfuriating, facepalm",15
Jonathan--,164,"interestingasfuck, Damnthatsinteresting, pics, mildlyinfuriating, facepalm",18
davincix,-1,unassigned,1
TheDerplessHerp,164,"interestingasfuck, Damnthatsinteresting, pics, mildlyinfuriating, facepalm",7
Agruesle,1480,"csMajors, PhD, ApplyingToCollege, AskAcademia, gradadmissions",12
_white_noise,1480,"csMajors, PhD, ApplyingToCollege, AskAcademia, gradadmissions",19
blueswancsgo,164,"interestingasfuck, Damnthatsinteresting, pics, mildlyinfuriating, facepalm",11
BANANAT0R,1525,"de, Studium, Finanzen, Ratschlag, germany",21
Macroneconomist,1525,"de, Studium, Finanzen, Ratschlag, germany",29
hornystoner161,1480,"csMajors, PhD, ApplyingToCollege, AskAcademia, gradadmissions",22
passificrimjob,1601,"NoStupidQuestions, AskReddit, askswitzerland, AITAH, Switzerland",12
tobevivid,349,small_community,6
hadronmachinist,164,"interestingasfuck, Damnthatsinteresting, pics, mildlyinfuriating, facepalm",91
milfiway,1480,"csMajors, PhD, ApplyingToCollege, AskAcademia, gradadmissions",29
maroonjoggers,1480,"csMajors, PhD, ApplyingToCollege, AskAcademia, gradadmissions",8
Warm_Advantage_2337,-1,unassigned,1
tpawn42,-1,unassigned,1
ChewieShot,350,small_community,4
Cattleya123,351,small_community,5
Ristlii,-1,unassigned,6
Significant_War_2802,352,small_community,3
light_is_time,353,small_community,7
Emergency-Shower-205,354,small_community,2
Jazzlike_Draw2915,-1,unassigned,1
maximilianbernoulli,1601,"NoStupidQuestions, AskReddit, askswitzerland, AITAH, Switzerland",6
Appropriate_You564,1480,"csMajors, PhD, ApplyingToCollege, AskAcademia, gradadmissions",15
CompleteCountry6,1480,"csMajors, PhD, ApplyingToCollege, AskAcademia, gradadmissions",6
Eastern-Rip2821,1480,"csMajors, PhD, ApplyingToCollege, AskAcademia, gradadmissions",17
qra_01516,1525,"de, Studium, Finanzen, Ratschlag, germany",13
dawnstrata1996,1480,"csMajors, PhD, ApplyingToCollege, AskAcademia, gradadmissions",11
Ok-Conference6068,1601,"NoStupidQuestions, AskReddit, askswitzerland, AITAH, Switzerland",125
jujumusk,1601,"NoStupidQuestions, AskReddit, askswitzerland, AITAH, Switzerland",13
studentofbio,355,small_community,2
Acrobatic-Kiwi2045,1601,"NoStupidQuestions, AskReddit, askswitzerland, AITAH, Switzerland",9
Eucheria,356,small_community,5
Serious_Reporter950,1601,"NoStupidQuestions, AskReddit, askswitzerland, AITAH, Switzerland",13
Adorable-Rich720,-1,unassigned,1
MyPunsAreKoalaTea,164,"interestingasfuck, Damnthatsinteresting, pics, mildlyinfuriating, facepalm",446
schrodingers_wave,-1,unassigned,1
Ok_Biscotti2172,-1,unassigned,1
Prof_Blutfleck,1480,"csMajors, PhD, ApplyingToCollege, AskAcademia, gradadmissions",12
turingawardwinner,357,small_community,3
ebes_77,1480,"csMajors, PhD, ApplyingToCollege, AskAcademia, gradadmissions",22
MaleficentAd3783,1601,"NoStupidQuestions, AskReddit, askswitzerland, AITAH, Switzerland",34
Salty_Idea1437,358,small_community,4
Any_Permission2555,1480,"csMajors, PhD, ApplyingToCollege, AskAcademia, gradadmissions",26
zoroasterixer,1559,"Universitaly, ItaliaPersonalFinance, CasualIT, Italia, ItaliaCareerAdvice",12
ArmMuted5190,-1,unassigned,1
remolueoend,-1,unassigned,1
peony2506,1480,"csMajors, PhD, ApplyingToCollege, AskAcademia, gradadmissions",11
reactionchamber,1480,"csMajors, PhD, ApplyingToCollege, AskAcademia, gradadmissions",12
VegetableBike3537,-1,unassigned,1
schrieffer321,1559,"Universitaly, ItaliaPersonalFinance, CasualIT, Italia, ItaliaCareerAdvice",31
BNI_sp,1601,"NoStupidQuestions, AskReddit, askswitzerland, AITAH, Switzerland",157
Ok_Construction2330,359,small_community,9
Barinski04,360,small_community,3
DoritoKingpin69,1480,"csMajors, PhD, ApplyingToCollege, AskAcademia, gradadmissions",9
Rfky301,-1,unassigned,1
nuevofilipo,-1,unassigned,1
essigguerkli,361,small_community,4
VastStandard6769,1601,"NoStupidQuestions, AskReddit, askswitzerland, AITAH, Switzerland",29
Savings-Ad-5585,1480,"csMajors, PhD, ApplyingToCollege, AskAcademia, gradadmissions",6
arifsiam,-1,unassigned,1
Limp_Dependent_3887,-1,unassigned,1
biologicalwastehere,1525,"de, Studium, Finanzen, Ratschlag, germany",12
Alex51423,1480,"csMajors, PhD, ApplyingToCollege, AskAcademia, gradadmissions",33
richard--b,1480,"csMajors, PhD, ApplyingToCollege, AskAcademia, gradadmissions",73
AffectionateStore225,1480,"csMajors, PhD, ApplyingToCollege, AskAcademia, gradadmissions",6
Responsible-Hawk5908,-1,unassigned,1
Commercial-Claim3290,362,small_community,5
4g4o,363,small_community,4
Anon_cat3563,1480,"csMajors, PhD, ApplyingToCollege, AskAcademia, gradadmissions",13
Vegetable_Meal_1781,364,small_community,4
Consistent_Form_2460,-1,unassigned,1
jayinnn,-1,unassigned,1
hytrax,365,small_community,5
Odd_Student_7313,1525,"de, Studium, Finanzen, Ratschlag, germany",9
Sorry_Mushroom5493,1601,"NoStupidQuestions, AskReddit, askswitzerland, AITAH, Switzerland",43
mrafinch,1601,"NoStupidQuestions, AskReddit, askswitzerland, AITAH, Switzerland",159
AdWitty1713,1525,"de, Studium, Finanzen, Ratschlag, germany",177
toooni,164,"interestingasfuck, Damnthatsinteresting, pics, mildlyinfuriating, facepalm",19
No-Entrepreneur-7164,-1,unassigned,1
AI_lover_always,-1,unassigned,1
umm_wtf_hey,164,"interestingasfuck, Damnthatsinteresting, pics, mildlyinfuriating, facepalm",8
CaptainLoggy,164,"interestingasfuck, Damnthatsinteresting, pics, mildlyinfuriating, facepalm",90
E715A,1525,"de, Studium, Finanzen, Ratschlag, germany",35
Lukkwad1917,-1,unassigned,1
Same-Scholar-8182,366,small_community,6
standermatt,1480,"csMajors, PhD, ApplyingToCollege, AskAcademia, gradadmissions",76
mexican_next_door,1601,"NoStupidQuestions, AskReddit, askswitzerland, AITAH, Switzerland",15
fingerprint187,1480,"csMajors, PhD, ApplyingToCollege, AskAcademia, gradadmissions",17
Powerful-Squash4367,-1,unassigned,1
patatadavinci,367,small_community,14
UniqGamora,-1,unassigned,1
Nick88stam,1480,"csMajors, PhD, ApplyingToCollege, AskAcademia, gradadmissions",7
Wonderful-Train-465,368,small_community,7
Maximum-Community-89,-1,unassigned,1
angelomirkovic,-1,unassigned,3
emirhcgl,-1,unassigned,1
nohatevibez,1480,"csMajors, PhD, ApplyingToCollege, AskAcademia, gradadmissions",9
Whole_Leadership_100,-1,unassigned,1
bbvs247,-1,unassigned,1
Dulduls,1480,"csMajors, PhD, ApplyingToCollege, AskAcademia, gradadmissions",22
Small_Telephone_6587,369,small_community,2
PracticeMammoth387,1601,"NoStupidQuestions, AskReddit, askswitzerland, AITAH, Switzerland",40
egiorgis,1559,"Universitaly, ItaliaPersonalFinance, CasualIT, Italia, ItaliaCareerAdvice",17
Wonderful-Comment558,-1,unassigned,1
blvckb1rd,1480,"csMajors, PhD, ApplyingToCollege, AskAcademia, gradadmissions",24
LeaveEffective1581,370,small_community,2
Sebajf,-1,unassigned,1
FlounderNecessary729,1601,"NoStupidQuestions, AskReddit, askswitzerland, AITAH, Switzerland",55
peaceradiant,164,"interestingasfuck, Damnthatsinteresting, pics, mildlyinfuriating, facepalm",41
_Hurdy_Gurdy_,164,"interestingasfuck, Damnthatsinteresting, pics, mildlyinfuriating, facepalm",94
Great-Pollution688,371,small_community,7
DcShelby9,-1,unassigned,1
ok-alma,-1,unassigned,1
Emergency_Mail6848,1480,"csMajors, PhD, ApplyingToCollege, AskAcademia, gradadmissions",32
Thoaishea,372,small_community,2
elmeronero,1525,"de, Studium, Finanzen, Ratschlag, germany",12
GaboogAas,373,small_community,9
Educational-Bad-5029,-1,unassigned,1
AlrikBunseheimer,164,"interestingasfuck, Damnthatsinteresting, pics, mildlyinfuriating, facepalm",241
Appropriate_Spend268,374,small_community,5
velirozh,375,small_community,8
xXVareszXx,164,"interestingasfuck, Damnthatsinteresting, pics, mildlyinfuriating, facepalm",34
it-isss-what-it-isss,1601,"NoStupidQuestions, AskReddit, askswitzerland, AITAH, Switzerland",14
ajnosz120,1601,"NoStupidQuestions, AskReddit, askswitzerland, AITAH, Switzerland",25
FlounderOutrageous42,1525,"de, Studium, Finanzen, Ratschlag, germany",7
No-Supermarket-4378,376,small_community,6
Adarain,164,"interestingasfuck, Damnthatsinteresting, pics, mildlyinfuriating, facepalm",75
Remarkable-Music7684,377,small_community,2
Stock-Charity-9610,-1,unassigned,1
aieidotch,164,"interestingasfuck, Damnthatsinteresting, pics, mildlyinfuriating, facepalm",110
LengthSuch,378,small_community,4
Electrical-Ear5319,379,small_community,4
myguruedgecom,1480,"csMajors, PhD, ApplyingToCollege, AskAcademia, gradadmissions",26
Th-Eben,1525,"de, Studium, Finanzen, Ratschlag, germany",27
poiuqwer78,380,small_community,7
Relative-Ad-3217,381,small_community,4
Careful_Head_5076,382,small_community,2
talpazz,1601,"NoStupidQuestions, AskReddit, askswitzerland, AITAH, Switzerland",25
nxx-ch,164,"interestingasfuck, Damnthatsinteresting, pics, mildlyinfuriating, facepalm",63
Such-Emotion3247,1601,"NoStupidQuestions, AskReddit, askswitzerland, AITAH, Switzerland",50
_null__,1480,"csMajors, PhD, ApplyingToCollege, AskAcademia, gradadmissions",18
Reasonable_Yak_526,383,small_community,8
xDerDachDeckerx,1525,"de, Studium, Finanzen, Ratschlag, germany",64
Final-Fisherman-7648,1601,"NoStupidQuestions, AskReddit, askswitzerland, AITAH, Switzerland",5
Chemical-Baseball-24,384,small_community,3
BusSuch2471,385,small_community,5
THE_CODING_ERA3791,1480,"csMajors, PhD, ApplyingToCollege, AskAcademia, gradadmissions",17
KRuss7,1525,"de, Studium, Finanzen, Ratschlag, germany",19
0raid,386,small_community,5
Popular-Art6864,1601,"NoStupidQuestions, AskReddit, askswitzerland, AITAH, Switzerland",13
Dadaman3000,1525,"de, Studium, Finanzen, Ratschlag, germany",95
OperationSalt3860,387,small_community,7
matt78whoop,1480,"csMajors, PhD, ApplyingToCollege, AskAcademia, gradadmissions",5
Much-Championship169,-1,unassigned,1
PureContext1186,388,small_community,4
Bitter_Clue2400,389,small_community,3
erizon,1480,"csMajors, PhD, ApplyingToCollege, AskAcademia, gradadmissions",34
Timely-Yam7702,-1,unassigned,1
MrMcFreddy,390,small_community,2
letha_smurf_361,-1,unassigned,2
EmergencyArtistic634,1480,"csMajors, PhD, ApplyingToCollege, AskAcademia, gradadmissions",8
BoSutherland,1480,"csMajors, PhD, ApplyingToCollege, AskAcademia, gradadmissions",29
Level-Discussion1853,-1,unassigned,2
Automatic_Pear3386,1601,"NoStupidQuestions, AskReddit, askswitzerland, AITAH, Switzerland",13
needyfr,391,small_community,7
MarioPnt,1480,"csMajors, PhD, ApplyingToCollege, AskAcademia, gradadmissions",20
Lestode,1480,"csMajors, PhD, ApplyingToCollege, AskAcademia, gradadmissions",10
Away_Ad_7316,1480,"csMajors, PhD, ApplyingToCollege, AskAcademia, gradadmissions",16
Kug3lfisch,164,"interestingasfuck, Damnthatsinteresting, pics, mildlyinfuriating, facepalm",9
WizardyJohnny,1480,"csMajors, PhD, ApplyingToCollege, AskAcademia, gradadmissions",21
nova_nocturna,1480,"csMajors, PhD, ApplyingToCollege, AskAcademia, gradadmissions",7
AVeryGoofyGoober,164,"interestingasfuck, Damnthatsinteresting, pics, mildlyinfuriating, facepalm",10
Glass_Phoenix_0052,-1,unassigned,1
quazlyy,164,"interestingasfuck, Damnthatsinteresting, pics, mildlyinfuriating, facepalm",69
oldppd,392,small_community,2
Character_Fail826,393,small_community,2
OrneryRefrigerator53,1601,"NoStupidQuestions, AskReddit, askswitzerland, AITAH, Switzerland",14
ToshiakiTakenori,1480,"csMajors, PhD, ApplyingToCollege, AskAcademia, gradadmissions",7
trufaluffy,394,small_community,3
Firm-Programmer-5627,-1,unassigned,1
TopSoft9645,395,small_community,6
ProfessionalLoad238,1601,"NoStupidQuestions, AskReddit, askswitzerland, AITAH, Switzerland",58
CarefulInterview8101,-1,unassigned,6
arjuna66671,164,"interestingasfuck, Damnthatsinteresting, pics, mildlyinfuriating, facepalm",84
Peace_and_Joy,1601,"NoStupidQuestions, AskReddit, askswitzerland, AITAH, Switzerland",81
Witty-Direction6756,-1,unassigned,2
fuckthiscentury175,164,"interestingasfuck, Damnthatsinteresting, pics, mildlyinfuriating, facepalm",42
Mandelmus100,164,"interestingasfuck, Damnthatsinteresting, pics, mildlyinfuriating, facepalm",118
Scypher_Tzu,1480,"csMajors, PhD, ApplyingToCollege, AskAcademia, gradadmissions",61
Hot_File9525,-1,unassigned,5
WindowAromatic6228,1480,"csMajors, PhD, ApplyingToCollege, AskAcademia, gradadmissions",6
MeetStill3914,-1,unassigned,1
Detachment1779,-1,unassigned,1
ginarrbrik,1480,"csMajors, PhD, ApplyingToCollege, AskAcademia, gradadmissions",8
Yunikk_sc2,396,small_community,3
AdAccomplished989,164,"interestingasfuck, Damnthatsinteresting, pics, mildlyinfuriating, facepalm",16
Matty_Liquor,397,small_community,8
LeonUPazz,164,"interestingasfuck, Damnthatsinteresting, pics, mildlyinfuriating, facepalm",125
bennellis1,-1,unassigned,1
Kindly-Caregiver7197,1525,"de, Studium, Finanzen, Ratschlag, germany",26
Japan-Tokyo-1,1601,"NoStupidQuestions, AskReddit, askswitzerland, AITAH, Switzerland",41
clay_me,1525,"de, Studium, Finanzen, Ratschlag, germany",24
EffectivelyToasted,1601,"NoStupidQuestions, AskReddit, askswitzerland, AITAH, Switzerland",11
PopularRooster1131,-1,unassigned,2
Annual-Psychology668,-1,unassigned,2
kittenkorb,398,small_community,3
Kindly-Dog1125,399,small_community,10
CauliflowerNormal989,400,small_community,23
Kyrie2901,-1,unassigned,4
toshass,401,small_community,6
Printadmin,1601,"NoStupidQuestions, AskReddit, askswitzerland, AITAH, Switzerland",10
Dazzling_Pie6938,402,small_community,2
Sebasite,1480,"csMajors, PhD, ApplyingToCollege, AskAcademia, gradadmissions",60
Ribsl,403,small_community,6
user13376942069,1480,"csMajors, PhD, ApplyingToCollege, AskAcademia, gradadmissions",51
Desperate-Mistake611,1601,"NoStupidQuestions, AskReddit, askswitzerland, AITAH, Switzerland",51
No-Grapefruit1341,1525,"de, Studium, Finanzen, Ratschlag, germany",8
pointbreak_7,1601,"NoStupidQuestions, AskReddit, askswitzerland, AITAH, Switzerland",23
Foreign_Fun_1196,404,small_community,3
Equal_Problem_2749,-1,unassigned,3
BiggussssDickussssss,-1,unassigned,2
Get0rganiz3d,-1,unassigned,1
Mundane-Carry-6632,405,small_community,3
Fit_Entrepreneur_669,1525,"de, Studium, Finanzen, Ratschlag, germany",33
w4lt3rwalter,406,small_community,3
Short_Assignment5601,1601,"NoStupidQuestions, AskReddit, askswitzerland, AITAH, Switzerland",39
Lettuce_Logical,-1,unassigned,4
Iphilbour,407,small_community,10
Emotional_Jello_2119,408,small_community,8
Knorpsl,409,small_community,11
TheGilrich,164,"interestingasfuck, Damnthatsinteresting, pics, mildlyinfuriating, facepalm",23
tarquasso,410,small_community,4
corny96,1525,"de, Studium, Finanzen, Ratschlag, germany",34
Efficient-Day-9662,411,small_community,2
Reasonable_Duty6013,412,small_community,2
v0idness,164,"interestingasfuck, Damnthatsinteresting, pics, mildlyinfuriating, facepalm",38
Vegetable_Collar_565,-1,unassigned,2
Inner_Swim_2941,-1,unassigned,1
BioTechSweeper,1601,"NoStupidQuestions, AskReddit, askswitzerland, AITAH, Switzerland",8
Brilliant-Job-3784,413,small_community,4
Bongo_2020,1480,"csMajors, PhD, ApplyingToCollege, AskAcademia, gradadmissions",15
philkellr,164,"interestingasfuck, Damnthatsinteresting, pics, mildlyinfuriating, facepalm",38
_shadow_moon_,1601,"NoStupidQuestions, AskReddit, askswitzerland, AITAH, Switzerland",54
terminal_object,164,"interestingasfuck, Damnthatsinteresting, pics, mildlyinfuriating, facepalm",136
Bitter-Invite7175,1601,"NoStupidQuestions, AskReddit, askswitzerland, AITAH, Switzerland",17
Otherwise-Fan8822,-1,unassigned,2
tinytiny_val,1601,"NoStupidQuestions, AskReddit, askswitzerland, AITAH, Switzerland",25
SirJohnSmith,1559,"Universitaly, ItaliaPersonalFinance, CasualIT, Italia, ItaliaCareerAdvice",10
backgammon_no,1601,"NoStupidQuestions, AskReddit, askswitzerland, AITAH, Switzerland",95
jappsugthesorcerer,1480,"csMajors, PhD, ApplyingToCollege, AskAcademia, gradadmissions",31
ET_ON_EARTH,1480,"csMajors, PhD, ApplyingToCollege, AskAcademia, gradadmissions",11
IcePlus489,1525,"de, Studium, Finanzen, Ratschlag, germany",73
DummeStudentin,1525,"de, Studium, Finanzen, Ratschlag, germany",100
SmOothOperatOR123456,-1,unassigned,4
ResistAlternative935,1601,"NoStupidQuestions, AskReddit, askswitzerland, AITAH, Switzerland",23
Sploter289,1480,"csMajors, PhD, ApplyingToCollege, AskAcademia, gradadmissions",16
haCKerCK,1480,"csMajors, PhD, ApplyingToCollege, AskAcademia, gradadmissions",10
New-Boysenberry-5125,414,small_community,5
Prestigious_Road7872,1525,"de, Studium, Finanzen, Ratschlag, germany",36
ComprehensiveWeb6066,1480,"csMajors, PhD, ApplyingToCollege, AskAcademia, gradadmissions",10
Mersire,-1,unassigned,1
Few_Rope611,1480,"csMajors, PhD, ApplyingToCollege, AskAcademia, gradadmissions",9
PyroZy,415,small_community,3
Voda06,-1,unassigned,1
progressivemonkey,164,"interestingasfuck, Damnthatsinteresting, pics, mildlyinfuriating, facepalm",25
RoastedRhino,164,"interestingasfuck, Damnthatsinteresting, pics, mildlyinfuriating, facepalm",373
NatsukiSubaru-,-1,unassigned,1
veliwi,-1,unassigned,1
hopeful_learner123,1480,"csMajors, PhD, ApplyingToCollege, AskAcademia, gradadmissions",12
PineappleOk3727,1480,"csMajors, PhD, ApplyingToCollege, AskAcademia, gradadmissions",13
supercali_,1601,"NoStupidQuestions, AskReddit, askswitzerland, AITAH, Switzerland",11
UncharteredComic,416,small_community,2
Jollydancer,1601,"NoStupidQuestions, AskReddit, askswitzerland, AITAH, Switzerland",127
ivy_winterborn,1601,"NoStupidQuestions, AskReddit, askswitzerland, AITAH, Switzerland",55
Kepsnyy,1480,"csMajors, PhD, ApplyingToCollege, AskAcademia, gradadmissions",6
asozzi,1480,"csMajors, PhD, ApplyingToCollege, AskAcademia, gradadmissions",15
Fun-Confection1862,417,small_community,5
ugwemubweosas,-1,unassigned,1
PaintingAnnual,-1,unassigned,1
Stunning_Calendar595,418,small_community,2
Valuable-Still-3187,1480,"csMajors, PhD, ApplyingToCollege, AskAcademia, gradadmissions",118
osteonc,419,small_community,6
SwaggingtonMcYolo,-1,unassigned,1
randomperson212351,420,small_community,8
Eve_Z_,1480,"csMajors, PhD, ApplyingToCollege, AskAcademia, gradadmissions",5
of_patrol_bot,1480,"csMajors, PhD, ApplyingToCollege, AskAcademia, gradadmissions",3878
Specific-Length-9783,1480,"csMajors, PhD, ApplyingToCollege, AskAcademia, gradadmissions",15
xeme11,-1,unassigned,1
SHChan1986,1480,"csMajors, PhD, ApplyingToCollege, AskAcademia, gradadmissions",32
PromptImpossible,421,small_community,4
nephelauxetic,-1,unassigned,1
Comfortable_Bear8998,-1,unassigned,1
wormyOdyssey,422,small_community,3
pxtrxia,423,small_community,7
Excellent_Coconut_81,1601,"NoStupidQuestions, AskReddit, askswitzerland, AITAH, Switzerland",66
SamFC,424,small_community,3
Last_language_bender,1480,"csMajors, PhD, ApplyingToCollege, AskAcademia, gradadmissions",5
Curiousbot_777,-1,unassigned,1
DrOeuf,164,"interestingasfuck, Damnthatsinteresting, pics, mildlyinfuriating, facepalm",25
T0MOWN,1601,"NoStupidQuestions, AskReddit, askswitzerland, AITAH, Switzerland",11
crimson1206,1480,"csMajors, PhD, ApplyingToCollege, AskAcademia, gradadmissions",31
BozidarIvan,164,"interestingasfuck, Damnthatsinteresting, pics, mildlyinfuriating, facepalm",45
Endivi,1601,"NoStupidQuestions, AskReddit, askswitzerland, AITAH, Switzerland",18
myname_8,425,small_community,2
luckystarof2020,1480,"csMajors, PhD, ApplyingToCollege, AskAcademia, gradadmissions",30
geethaa_,-1,unassigned,1
browncatnip,426,small_community,3
globetrotterdiamond,1601,"NoStupidQuestions, AskReddit, askswitzerland, AITAH, Switzerland",9
Ok_Connection_3294,-1,unassigned,1
JaqueTheDaque,-1,unassigned,1
Fabian_B_CH,1601,"NoStupidQuestions, AskReddit, askswitzerland, AITAH, Switzerland",47
Sarvu18,-1,unassigned,2
conradkun,427,small_community,12
aebelge1,428,small_community,3
randomsubaccount,164,"interestingasfuck, Damnthatsinteresting, pics, mildlyinfuriating, facepalm",15
LingonberryGlum226,-1,unassigned,1
umammy,-1,unassigned,1
Konayo,164,"interestingasfuck, Damnthatsinteresting, pics, mildlyinfuriating, facepalm",145
Conoodler,1480,"csMajors, PhD, ApplyingToCollege, AskAcademia, gradadmissions",15
Pattt2602,1601,"NoStupidQuestions, AskReddit, askswitzerland, AITAH, Switzerland",8
shekyboms,1480,"csMajors, PhD, ApplyingToCollege, AskAcademia, gradadmissions",19
esketut,-1,unassigned,2
No-Assumption-6889,1601,"NoStupidQuestions, AskReddit, askswitzerland, AITAH, Switzerland",15
Pastelgarten,-1,unassigned,4
Sufficient-Chef5785,1525,"de, Studium, Finanzen, Ratschlag, germany",8
RomanRiesen,1480,"csMajors, PhD, ApplyingToCollege, AskAcademia, gradadmissions",32
Colour_me_shocked_99,-1,unassigned,2
flenkenhues,429,small_community,14
OverGoat7,164,"interestingasfuck, Damnthatsinteresting, pics, mildlyinfuriating, facepalm",28
120904,430,small_community,2
ConfusedEarthDweller,1480,"csMajors, PhD, ApplyingToCollege, AskAcademia, gradadmissions",14
IdealistCat,1480,"csMajors, PhD, ApplyingToCollege, AskAcademia, gradadmissions",10
Overall_Comb9019,-1,unassigned,1
WiselyIndeed,431,small_community,2
l33dplayer,432,small_community,4
Fabi8086,164,"interestingasfuck, Damnthatsinteresting, pics, mildlyinfuriating, facepalm",30
Cool-Newspaper-1,164,"interestingasfuck, Damnthatsinteresting, pics, mildlyinfuriating, facepalm",290
Fun_Preparation_1372,433,small_community,2
ParfaitFinancial9765,1480,"csMajors, PhD, ApplyingToCollege, AskAcademia, gradadmissions",8
Thehockeyplayer,-1,unassigned,1
enlightened-sloth,164,"interestingasfuck, Damnthatsinteresting, pics, mildlyinfuriating, facepalm",8
ThickShift40,-1,unassigned,3
Ok_Revolution3592,1601,"NoStupidQuestions, AskReddit, askswitzerland, AITAH, Switzerland",16
MelonLord25-3,1480,"csMajors, PhD, ApplyingToCollege, AskAcademia, gradadmissions",84
Particular_Act_9563,-1,unassigned,1
nogoodskeleton,1601,"NoStupidQuestions, AskReddit, askswitzerland, AITAH, Switzerland",12
markus_583,434,small_community,2
DiscountOk830,1480,"csMajors, PhD, ApplyingToCollege, AskAcademia, gradadmissions",16
East_Yesterday_2313,-1,unassigned,2
HappySquid25,1480,"csMajors, PhD, ApplyingToCollege, AskAcademia, gradadmissions",13
lealyr,-1,unassigned,2
bigboy3126,1480,"csMajors, PhD, ApplyingToCollege, AskAcademia, gradadmissions",104
noctualarua,-1,unassigned,1
Intelligent-Art4587,435,small_community,4
Training-Bake-4004,164,"interestingasfuck, Damnthatsinteresting, pics, mildlyinfuriating, facepalm",60
luky_66,436,small_community,6
ApprehensiveBack4896,437,small_community,3
Temporary_Ad2328,1480,"csMajors, PhD, ApplyingToCollege, AskAcademia, gradadmissions",12
lapp3m,1601,"NoStupidQuestions, AskReddit, askswitzerland, AITAH, Switzerland",34
Beneficial_Repeat773,1480,"csMajors, PhD, ApplyingToCollege, AskAcademia, gradadmissions",16
Spare-Twist-9574,438,small_community,2
Zoeeyyy1234,-1,unassigned,1
DaubDavs,1525,"de, Studium, Finanzen, Ratschlag, germany",7
wallexd7,1480,"csMajors, PhD, ApplyingToCollege, AskAcademia, gradadmissions",9
Designer-Tea2092,1601,"NoStupidQuestions, AskReddit, askswitzerland, AITAH, Switzerland",11
Some-Relationship774,439,small_community,5
redditisgarbage1103,440,small_community,6
jred11219,-1,unassigned,1
AcidFreak1424,164,"interestingasfuck, Damnthatsinteresting, pics, mildlyinfuriating, facepalm",92
Ok-Clothes-8833,441,small_community,2
peyonze,1480,"csMajors, PhD, ApplyingToCollege, AskAcademia, gradadmissions",20
ExistingPass8801,-1,unassigned,2
Chemboi69,1525,"de, Studium, Finanzen, Ratschlag, germany",145
Fantastic-Pie6179,-1,unassigned,1
sleep-deprived16,1601,"NoStupidQuestions, AskReddit, askswitzerland, AITAH, Switzerland",34
mytinyteenieproblem,1480,"csMajors, PhD, ApplyingToCollege, AskAcademia, gradadmissions",9
Chadington1234,1480,"csMajors, PhD, ApplyingToCollege, AskAcademia, gradadmissions",38
qkrrmsdn,-1,unassigned,1
Tenn_essee,1601,"NoStupidQuestions, AskReddit, askswitzerland, AITAH, Switzerland",10
ComfortableAd6213,442,small_community,3
un-glaublich,164,"interestingasfuck, Damnthatsinteresting, pics, mildlyinfuriating, facepalm",83
Cheap-Cheek8801,164,"interestingasfuck, Damnthatsinteresting, pics, mildlyinfuriating, facepalm",7
weiss_doch_o_ni,1601,"NoStupidQuestions, AskReddit, askswitzerland, AITAH, Switzerland",44
Lulu3454,1525,"de, Studium, Finanzen, Ratschlag, germany",39
Spielopoly,164,"interestingasfuck, Damnthatsinteresting, pics, mildlyinfuriating, facepalm",53
Outrageous-Writer935,443,small_community,7
Kaptvr,444,small_community,3
jsbi,1601,"NoStupidQuestions, AskReddit, askswitzerland, AITAH, Switzerland",16
InternationalWay3577,164,"interestingasfuck, Damnthatsinteresting, pics, mildlyinfuriating, facepalm",87
Walk_EmDown,-1,unassigned,1
Alexa-Klee,445,small_community,7
Kyuki88,1601,"NoStupidQuestions, AskReddit, askswitzerland, AITAH, Switzerland",47
cecedede1,-1,unassigned,1
_mostdefinitelynot,446,small_community,2
RespondSea4861,447,small_community,6
TittyStClaire,164,"interestingasfuck, Damnthatsinteresting, pics, mildlyinfuriating, facepalm",100
rosealyd,1601,"NoStupidQuestions, AskReddit, askswitzerland, AITAH, Switzerland",26
Aalibab,1601,"NoStupidQuestions, AskReddit, askswitzerland, AITAH, Switzerland",7
zinsights19,448,small_community,8
Early_Emu_5798,-1,unassigned,1
Geschak,164,"interestingasfuck, Damnthatsinteresting, pics, mildlyinfuriating, facepalm",831
ClassicMurderer,449,small_community,5
AccomplishedBad1415,450,small_community,3
Cheap_Claim7165,164,"interestingasfuck, Damnthatsinteresting, pics, mildlyinfuriating, facepalm",19
Fun-News2258,1525,"de, Studium, Finanzen, Ratschlag, germany",19
joeboeho,164,"interestingasfuck, Damnthatsinteresting, pics, mildlyinfuriating, facepalm",24
Lukasthuering,1480,"csMajors, PhD, ApplyingToCollege, AskAcademia, gradadmissions",12
h3cker999,451,small_community,6
TransportationFast50,1480,"csMajors, PhD, ApplyingToCollege, AskAcademia, gradadmissions",8
DeaZebra,452,small_community,17
IntentionFun4289,453,small_community,3
Nile_Quote2642,-1,unassigned,2
Schwarzwaldstube,1480,"csMajors, PhD, ApplyingToCollege, AskAcademia, gradadmissions",178
OneAboveAll3,454,small_community,2
AdDouble2025,1480,"csMajors, PhD, ApplyingToCollege, AskAcademia, gradadmissions",7
damianUHX,1525,"de, Studium, Finanzen, Ratschlag, germany",64
PoqQaz,164,"interestingasfuck, Damnthatsinteresting, pics, mildlyinfuriating, facepalm",86
-Phobophobia_,-1,unassigned,1
TrashAdvanced84,-1,unassigned,1
Emotional-Skirt7855,455,small_community,9
Sea-Bother-4079,164,"interestingasfuck, Damnthatsinteresting, pics, mildlyinfuriating, facepalm",171
Key-Basket4693,456,small_community,6
MoistMaintenance2,-1,unassigned,1
Scared-Room-8534,-1,unassigned,1
drsnoggles,164,"interestingasfuck, Damnthatsinteresting, pics, mildlyinfuriating, facepalm",128
gtancev,457,small_community,6
Illustrious-Dance976,-1,unassigned,1
2004FBS,1601,"NoStupidQuestions, AskReddit, askswitzerland, AITAH, Switzerland",12
urshootingstar,1480,"csMajors, PhD, ApplyingToCollege, AskAcademia, gradadmissions",14
Ok_Satisfaction448,458,small_community,5
TribeWars,1480,"csMajors, PhD, ApplyingToCollege, AskAcademia, gradadmissions",21
TemirTuran,1480,"csMajors, PhD, ApplyingToCollege, AskAcademia, gradadmissions",25
dumogin,1480,"csMajors, PhD, ApplyingToCollege, AskAcademia, gradadmissions",20
hyperionXO,459,small_community,2
bringbackDM2,1525,"de, Studium, Finanzen, Ratschlag, germany",73
Leducationth,1525,"de, Studium, Finanzen, Ratschlag, germany",28
therealshunkaido,1480,"csMajors, PhD, ApplyingToCollege, AskAcademia, gradadmissions",17
zzztz,1601,"NoStupidQuestions, AskReddit, askswitzerland, AITAH, Switzerland",49
Sea_Web9898,460,small_community,4
virgin_fap_master,-1,unassigned,1
i_am_bloating,1480,"csMajors, PhD, ApplyingToCollege, AskAcademia, gradadmissions",63
Lucifer__Uchiha,-1,unassigned,3
Muoitran,461,small_community,4
Wacern,1525,"de, Studium, Finanzen, Ratschlag, germany",9
yungreseller,462,small_community,10
SnooChipmunks2112,-1,unassigned,1
EarDue438,463,small_community,2
bomboloco,464,small_community,7
Comfortable_Turn3162,-1,unassigned,1
East_Leg1474,-1,unassigned,1
WeirdBalloonLights,164,"interestingasfuck, Damnthatsinteresting, pics, mildlyinfuriating, facepalm",22
ArtemisCrusher,465,small_community,4
Appropriate_Gap_1399,466,small_community,9
TheRealEmmek6,1601,"NoStupidQuestions, AskReddit, askswitzerland, AITAH, Switzerland",31
FullWing2690,1480,"csMajors, PhD, ApplyingToCollege, AskAcademia, gradadmissions",13
top_ofthe_morning,164,"interestingasfuck, Damnthatsinteresting, pics, mildlyinfuriating, facepalm",107
Tight_Remote_1571,467,small_community,5
Scentsuelle,1601,"NoStupidQuestions, AskReddit, askswitzerland, AITAH, Switzerland",46
Christiandus,164,"interestingasfuck, Damnthatsinteresting, pics, mildlyinfuriating, facepalm",19
EyeofEnder,164,"interestingasfuck, Damnthatsinteresting, pics, mildlyinfuriating, facepalm",187
Boosted_Arrow,1525,"de, Studium, Finanzen, Ratschlag, germany",43
tiny_smile_bot,1480,"csMajors, PhD, ApplyingToCollege, AskAcademia, gradadmissions",4671
Zenith_Predator,1601,"NoStupidQuestions, AskReddit, askswitzerland, AITAH, Switzerland",25
No_Combination_6429,164,"interestingasfuck, Damnthatsinteresting, pics, mildlyinfuriating, facepalm",138
Janedoe34007,1601,"NoStupidQuestions, AskReddit, askswitzerland, AITAH, Switzerland",18
Weak_Tea_5505,468,small_community,4
nurdagniriel,469,small_community,3
Proud_Process3548,1525,"de, Studium, Finanzen, Ratschlag, germany",9
ObjectiveMall,1525,"de, Studium, Finanzen, Ratschlag, germany",143
Senbean,470,small_community,6
svensKatten,1480,"csMajors, PhD, ApplyingToCollege, AskAcademia, gradadmissions",49
Expat_zurich,1601,"NoStupidQuestions, AskReddit, askswitzerland, AITAH, Switzerland",13
Nervous-Ear-477,164,"interestingasfuck, Damnthatsinteresting, pics, mildlyinfuriating, facepalm",41
natankastel,471,small_community,3
Timber_77,472,small_community,8
BallsBuster7,164,"interestingasfuck, Damnthatsinteresting, pics, mildlyinfuriating, facepalm",77
artha_penn_,1480,"csMajors, PhD, ApplyingToCollege, AskAcademia, gradadmissions",24
DaDf10,164,"interestingasfuck, Damnthatsinteresting, pics, mildlyinfuriating, facepalm",6
Awkward_Eggplant1234,1480,"csMajors, PhD, ApplyingToCollege, AskAcademia, gradadmissions",16
livelifetodream,1480,"csMajors, PhD, ApplyingToCollege, AskAcademia, gradadmissions",9
_mortal_chaos_,1480,"csMajors, PhD, ApplyingToCollege, AskAcademia, gradadmissions",41
ShadowZpeak,164,"interestingasfuck, Damnthatsinteresting, pics, mildlyinfuriating, facepalm",76
useless_neutrino,1480,"csMajors, PhD, ApplyingToCollege, AskAcademia, gradadmissions",25
Willing-Tomorrow-380,-1,unassigned,2
WatchmeDoc,473,small_community,2
SafeAcademic1544,1480,"csMajors, PhD, ApplyingToCollege, AskAcademia, gradadmissions",16
LordWonker,1525,"de, Studium, Finanzen, Ratschlag, germany",20
Recent_Wrangler_1064,474,small_community,6
nervoustwig,475,small_community,4
MangoExciting9169,164,"interestingasfuck, Damnthatsinteresting, pics, mildlyinfuriating, facepalm",16
TurnAdministrative60,476,small_community,4
FanaticalExplorer,-1,unassigned,6
deruben,164,"interestingasfuck, Damnthatsinteresting, pics, mildlyinfuriating, facepalm",161
dinfk-bot,-1,unassigned,1
micha4w,-1,unassigned,1
oopswhatsmyusername,-1,unassigned,4
WolfInner7540,477,small_community,15
Downtown_Ear7915,1480,"csMajors, PhD, ApplyingToCollege, AskAcademia, gradadmissions",17
Low-Opposite-7453,478,small_community,4
VulpesVulpes001,164,"interestingasfuck, Damnthatsinteresting, pics, mildlyinfuriating, facepalm",4
cryptocrypto0815,164,"interestingasfuck, Damnthatsinteresting, pics, mildlyinfuriating, facepalm",40
135uv,479,small_community,7
R_H_02,-1,unassigned,1
MaracCabubu,480,small_community,6
Visual-Set-2736,481,small_community,4
oat_milk_daddy,482,small_community,5
nibr1609,483,small_community,2
Welcie,484,small_community,5
exp_max8ion,1601,"NoStupidQuestions, AskReddit, askswitzerland, AITAH, Switzerland",16
ActioContraria,164,"interestingasfuck, Damnthatsinteresting, pics, mildlyinfuriating, facepalm",46
Glum-Gold4014,-1,unassigned,1
Effective-Argument-7,485,small_community,6
aswin997,486,small_community,4
jusjsndjdhdjd,1525,"de, Studium, Finanzen, Ratschlag, germany",49
Chess_Mathematician,-1,unassigned,2
Rollingblade77,164,"interestingasfuck, Damnthatsinteresting, pics, mildlyinfuriating, facepalm",24
GoblinsGym,1525,"de, Studium, Finanzen, Ratschlag, germany",190
Tajuja5,487,small_community,5
65289791,488,small_community,2
Significant-Goose120,489,small_community,2
Ill_Brilliant_2650,1480,"csMajors, PhD, ApplyingToCollege, AskAcademia, gradadmissions",8
LeBrun73,164,"interestingasfuck, Damnthatsinteresting, pics, mildlyinfuriating, facepalm",28
SecureStandard3274,1480,"csMajors, PhD, ApplyingToCollege, AskAcademia, gradadmissions",37
Initial_Fig2677,1601,"NoStupidQuestions, AskReddit, askswitzerland, AITAH, Switzerland",21
Bitter_Care1887,1480,"csMajors, PhD, ApplyingToCollege, AskAcademia, gradadmissions",41
1KappaIsLife,1559,"Universitaly, ItaliaPersonalFinance, CasualIT, Italia, ItaliaCareerAdvice",11
_Blurgh_,164,"interestingasfuck, Damnthatsinteresting, pics, mildlyinfuriating, facepalm",29
trufa27,1480,"csMajors, PhD, ApplyingToCollege, AskAcademia, gradadmissions",14
Chocoweetabix,490,small_community,4
Maritime_Khan,164,"interestingasfuck, Damnthatsinteresting, pics, mildlyinfuriating, facepalm",53
ANature,491,small_community,6
Traditional_Pear_425,-1,unassigned,1
Correct_Map1057,1559,"Universitaly, ItaliaPersonalFinance, CasualIT, Italia, ItaliaCareerAdvice",16
biggelone,492,small_community,4
neatoburrito4,-1,unassigned,1
Hidemitsu26,1601,"NoStupidQuestions, AskReddit, askswitzerland, AITAH, Switzerland",28
geger42,1480,"csMajors, PhD, ApplyingToCollege, AskAcademia, gradadmissions",9
Kaushik2002,1480,"csMajors, PhD, ApplyingToCollege, AskAcademia, gradadmissions",7
Mcwedlav,164,"interestingasfuck, Damnthatsinteresting, pics, mildlyinfuriating, facepalm",35
TGD187,164,"interestingasfuck, Damnthatsinteresting, pics, mildlyinfuriating, facepalm",36
swiss_lt,164,"interestingasfuck, Damnthatsinteresting, pics, mildlyinfuriating, facepalm",31
jojo_504,1525,"de, Studium, Finanzen, Ratschlag, germany",8
Imgayforpectorals,1480,"csMajors, PhD, ApplyingToCollege, AskAcademia, gradadmissions",135
Amazing-Peach8239,1525,"de, Studium, Finanzen, Ratschlag, germany",28
sweat-child-of-mine,-1,unassigned,1
Listen_Itchy,164,"interestingasfuck, Damnthatsinteresting, pics, mildlyinfuriating, facepalm",19
This-Proof-5195,-1,unassigned,1
_random__redditor,493,small_community,5
marxikus,-1,unassigned,5
Glittering-Flow6875,1480,"csMajors, PhD, ApplyingToCollege, AskAcademia, gradadmissions",10
BullfrogLeft5403,164,"interestingasfuck, Damnthatsinteresting, pics, mildlyinfuriating, facepalm",19
paul-est,1525,"de, Studium, Finanzen, Ratschlag, germany",16
rapax,1601,"NoStupidQuestions, AskReddit, askswitzerland, AITAH, Switzerland",109
Scott_z_Zueri,1601,"NoStupidQuestions, AskReddit, askswitzerland, AITAH, Switzerland",20
Ok-Post4320,494,small_community,7
raadim,1480,"csMajors, PhD, ApplyingToCollege, AskAcademia, gradadmissions",23
basicberkeleybitch,-1,unassigned,1
yesNoIdunnno,495,small_community,8
Rough-Big-2371,496,small_community,5
gfrhFFDF,497,small_community,6
Tia_Scholar11,1480,"csMajors, PhD, ApplyingToCollege, AskAcademia, gradadmissions",30
Callisto778,1601,"NoStupidQuestions, AskReddit, askswitzerland, AITAH, Switzerland",70
MisterThomas29,1601,"NoStupidQuestions, AskReddit, askswitzerland, AITAH, Switzerland",26
A_Lymphater,164,"interestingasfuck, Damnthatsinteresting, pics, mildlyinfuriating, facepalm",17
maxmellow_9,1601,"NoStupidQuestions, AskReddit, askswitzerland, AITAH, Switzerland",74
GlitteringPhysics02,498,small_community,2
BloodIsRedDidYouKnow,499,small_community,5
BitterSweetLemonCake,164,"interestingasfuck, Damnthatsinteresting, pics, mildlyinfuriating, facepalm",13
Convolutioner,-1,unassigned,1
PoolBright5356,-1,unassigned,1
Todesnachti,1480,"csMajors, PhD, ApplyingToCollege, AskAcademia, gradadmissions",9
Numerous-Pressure-94,500,small_community,2
ElonMax303,164,"interestingasfuck, Damnthatsinteresting, pics, mildlyinfuriating, facepalm",37
AaronKDinesh,501,small_community,5
rainer_d,1525,"de, Studium, Finanzen, Ratschlag, germany",97
kaengururu,-1,unassigned,1
Life_Local168,502,small_community,3
Master_Sergeant,1480,"csMajors, PhD, ApplyingToCollege, AskAcademia, gradadmissions",54
infinitedillpickles,503,small_community,2
jan-jan-14,-1,unassigned,3
jerry_22292,504,small_community,4
Full-Piano6969,-1,unassigned,1
Firm_Ad_330,164,"interestingasfuck, Damnthatsinteresting, pics, mildlyinfuriating, facepalm",13
KennyClobers,164,"interestingasfuck, Damnthatsinteresting, pics, mildlyinfuriating, facepalm",127
Hot-Profile-1273,1601,"NoStupidQuestions, AskReddit, askswitzerland, AITAH, Switzerland",24
xelanxxs,164,"interestingasfuck, Damnthatsinteresting, pics, mildlyinfuriating, facepalm",31
Pristine-Author1384,505,small_community,5
PlayfulPerformance12,1480,"csMajors, PhD, ApplyingToCollege, AskAcademia, gradadmissions",15
The3dsTeoooo,-1,unassigned,2
marcy818181,506,small_community,6
SourDough99,164,"interestingasfuck, Damnthatsinteresting, pics, mildlyinfuriating, facepalm",25
Phippe,164,"interestingasfuck, Damnthatsinteresting, pics, mildlyinfuriating, facepalm",28
ecologist23,1525,"de, Studium, Finanzen, Ratschlag, germany",8
OutOfCharm,1480,"csMajors, PhD, ApplyingToCollege, AskAcademia, gradadmissions",9
johnny-T1,164,"interestingasfuck, Damnthatsinteresting, pics, mildlyinfuriating, facepalm",146
Minelayer42,-1,unassigned,1
asphtk,-1,unassigned,1
Sapperlotta,1601,"NoStupidQuestions, AskReddit, askswitzerland, AITAH, Switzerland",28
ComplexWelcome2761,164,"interestingasfuck, Damnthatsinteresting, pics, mildlyinfuriating, facepalm",38
BlueMinion205,-1,unassigned,1
GayBitchJuice,164,"interestingasfuck, Damnthatsinteresting, pics, mildlyinfuriating, facepalm",15
Thiagoalbu,1480,"csMajors, PhD, ApplyingToCollege, AskAcademia, gradadmissions",57
alberet06,1601,"NoStupidQuestions, AskReddit, askswitzerland, AITAH, Switzerland",5
Ok-Dependent8357,507,small_community,2
Repulsive_Break9856,508,small_community,3
Maximum_Smell9853,-1,unassigned,1
CannibalDan,1480,"csMajors, PhD, ApplyingToCollege, AskAcademia, gradadmissions",5
teig123,509,small_community,9
tomasbm5,-1,unassigned,1
No-Pineapple-5318,1480,"csMajors, PhD, ApplyingToCollege, AskAcademia, gradadmissions",50
RatioDesigner5528,-1,unassigned,2
SHIROYASHA120311,-1,unassigned,6
OverallFood8550,1480,"csMajors, PhD, ApplyingToCollege, AskAcademia, gradadmissions",10
PeterBeast37,-1,unassigned,3
mangozeroice,164,"interestingasfuck, Damnthatsinteresting, pics, mildlyinfuriating, facepalm",24
WeightPurple4515,1480,"csMajors, PhD, ApplyingToCollege, AskAcademia, gradadmissions",32
Embarrassed_Offer_46,-1,unassigned,2
Snoo_90501,-1,unassigned,1
Designer-Freedom-922,-1,unassigned,1
ForeignLoquat2346,1559,"Universitaly, ItaliaPersonalFinance, CasualIT, Italia, ItaliaCareerAdvice",21
Al141974,510,small_community,6
Conscious_Party9019,511,small_community,6
sarcastosaurus,1559,"Universitaly, ItaliaPersonalFinance, CasualIT, Italia, ItaliaCareerAdvice",104
Long_Error8895,-1,unassigned,2
hyperswiss,1601,"NoStupidQuestions, AskReddit, askswitzerland, AITAH, Switzerland",27
asianpeoplesinging,512,small_community,14
The_Ph03n1x_F1r3,164,"interestingasfuck, Damnthatsinteresting, pics, mildlyinfuriating, facepalm",54
Consistent_Pen7016,513,small_community,8
UnluckyInvestment893,1480,"csMajors, PhD, ApplyingToCollege, AskAcademia, gradadmissions",36
Advanced_Dance1853,514,small_community,2
TheJoyfulEccentric,515,small_community,6
thelambdamale,516,small_community,4
Dolores_Bush,517,small_community,64
ShadowVerses,518,small_community,5
Numerous_Current892,1480,"csMajors, PhD, ApplyingToCollege, AskAcademia, gradadmissions",6
PersonX132,1480,"csMajors, PhD, ApplyingToCollege, AskAcademia, gradadmissions",51
AirportAgreeable467,-1,unassigned,1
Apart-Efficiency-248,519,small_community,8
Fit-Philosophy-2261,520,small_community,5
Philfreeze,164,"interestingasfuck, Damnthatsinteresting, pics, mildlyinfuriating, facepalm",60
parcerodelwettstein,164,"interestingasfuck, Damnthatsinteresting, pics, mildlyinfuriating, facepalm",15
cyrilp21,1601,"NoStupidQuestions, AskReddit, askswitzerland, AITAH, Switzerland",27
gojir0,1480,"csMajors, PhD, ApplyingToCollege, AskAcademia, gradadmissions",4
CountGinko,521,small_community,8
Fine_Carry_5348,-1,unassigned,1
crashwinston,522,small_community,4
robotoron,-1,unassigned,3
back_again13,164,"interestingasfuck, Damnthatsinteresting, pics, mildlyinfuriating, facepalm",225
Shoddy_Map5575,1480,"csMajors, PhD, ApplyingToCollege, AskAcademia, gradadmissions",5
hellbanan,1525,"de, Studium, Finanzen, Ratschlag, germany",44
Sexy_M_F,1525,"de, Studium, Finanzen, Ratschlag, germany",21
Murky-Case-8958,-1,unassigned,1
Laschibaschi,1480,"csMajors, PhD, ApplyingToCollege, AskAcademia, gradadmissions",13
SuspiciousTea4224,1601,"NoStupidQuestions, AskReddit, askswitzerland, AITAH, Switzerland",101
Critical-Ostrich-884,523,small_community,2
AppleBanter,524,small_community,15
SeaworthinessNo6435,525,small_community,2
Low_Pudding_8204,526,small_community,2
Tenebraxis,164,"interestingasfuck, Damnthatsinteresting, pics, mildlyinfuriating, facepalm",60
nakedchef24,-1,unassigned,1
FlounderStill,1480,"csMajors, PhD, ApplyingToCollege, AskAcademia, gradadmissions",5
No-Two-4337,1480,"csMajors, PhD, ApplyingToCollege, AskAcademia, gradadmissions",13
MortgageSimilar5576,-1,unassigned,1
EffectiveCupcake5971,-1,unassigned,1
Fair_Rhubarb3249,164,"interestingasfuck, Damnthatsinteresting, pics, mildlyinfuriating, facepalm",5
truthwwmm,164,"interestingasfuck, Damnthatsinteresting, pics, mildlyinfuriating, facepalm",15
Liwi-,1601,"NoStupidQuestions, AskReddit, askswitzerland, AITAH, Switzerland",29
EastRom67,-1,unassigned,1
Icy-Adhesiveness-833,1480,"csMajors, PhD, ApplyingToCollege, AskAcademia, gradadmissions",75
toefungusgonebad,-1,unassigned,2
Rekhyt24,527,small_community,4
jacobinsilico,528,small_community,3
Exumax,164,"interestingasfuck, Damnthatsinteresting, pics, mildlyinfuriating, facepalm",7
Appropriate_Waltz431,529,small_community,8
BrocolliCCR5,530,small_community,4
FickleAssistant7095,531,small_community,6
Mocha-Mona,1480,"csMajors, PhD, ApplyingToCollege, AskAcademia, gradadmissions",12
Thick-Revenue-5342,-1,unassigned,1
anoymous_dreamer,532,small_community,13
licheyyyy,533,small_community,2
LemonSniffs,-1,unassigned,2
Blagger7Z0,-1,unassigned,1
rhorho22,534,small_community,6
Possible-Trip-6645,1601,"NoStupidQuestions, AskReddit, askswitzerland, AITAH, Switzerland",46
hans_wie_heiri,1525,"de, Studium, Finanzen, Ratschlag, germany",32
bitchmuchannon_,535,small_community,12
LumosDRSG,1480,"csMajors, PhD, ApplyingToCollege, AskAcademia, gradadmissions",11
No-Efficiency6694,-1,unassigned,5
Cupcake-Full,536,small_community,3
Valuevow,1480,"csMajors, PhD, ApplyingToCollege, AskAcademia, gradadmissions",109
Celopeelo_nut,1601,"NoStupidQuestions, AskReddit, askswitzerland, AITAH, Switzerland",27
avgnamasendaenjoyer,537,small_community,7
Joekosler,538,small_community,3
MailWide5861,1480,"csMajors, PhD, ApplyingToCollege, AskAcademia, gradadmissions",35
quitProgGetLife,539,small_community,2
Kangaruan,1525,"de, Studium, Finanzen, Ratschlag, germany",7
Mister_Zerfister,-1,unassigned,2
misplacedlion,1480,"csMajors, PhD, ApplyingToCollege, AskAcademia, gradadmissions",19
Yogurt_Motor,540,small_community,2
something384,-1,unassigned,2
Apprehensive_Ice_412,1525,"de, Studium, Finanzen, Ratschlag, germany",93
MrBank42,-1,unassigned,1
Character-Ant-2919,-1,unassigned,2
doudoualexou,541,small_community,3
Sad-Macaroon-7577,542,small_community,3
Longjumping_Sky_6440,164,"interestingasfuck, Damnthatsinteresting, pics, mildlyinfuriating, facepalm",125
mrrossiontravel,543,small_community,3
Tentacled_Whisperer,1601,"NoStupidQuestions, AskReddit, askswitzerland, AITAH, Switzerland",58
ImportanceSquare1321,544,small_community,4
Ch3sm0829,-1,unassigned,2
microtherion,164,"interestingasfuck, Damnthatsinteresting, pics, mildlyinfuriating, facepalm",284
r_card_,1480,"csMajors, PhD, ApplyingToCollege, AskAcademia, gradadmissions",6
skeptic234234,1480,"csMajors, PhD, ApplyingToCollege, AskAcademia, gradadmissions",25
Humbletr33s,1525,"de, Studium, Finanzen, Ratschlag, germany",12
SnooTomatoes5729,1480,"csMajors, PhD, ApplyingToCollege, AskAcademia, gradadmissions",49
VeterinarianOk6275,545,small_community,7
microwavedsalad69,546,small_community,3
VanillaTrue452,-1,unassigned,4
Bas_karo_yaar93,-1,unassigned,2
dimsum69420,547,small_community,10
Adventurous_Ruin_919,548,small_community,6
anikook,-1,unassigned,2
pwxykd,-1,unassigned,1
Glittering-Deer-2679,549,small_community,5
Fun_Cranberry3479,1480,"csMajors, PhD, ApplyingToCollege, AskAcademia, gradadmissions",10
InternalPromotion982,-1,unassigned,1
Virtual_Decision_898,1525,"de, Studium, Finanzen, Ratschlag, germany",13
Ke_vi_n,1480,"csMajors, PhD, ApplyingToCollege, AskAcademia, gradadmissions",11
WhyNotCollegeBoard,1480,"csMajors, PhD, ApplyingToCollege, AskAcademia, gradadmissions",2161
Pargona,550,small_community,13
Efficient-Song-7978,551,small_community,7
TheRealSaerileth,164,"interestingasfuck, Damnthatsinteresting, pics, mildlyinfuriating, facepalm",84
ecchi4ever,552,small_community,2
opinionated_exciton,553,small_community,3
Tobyey,164,"interestingasfuck, Damnthatsinteresting, pics, mildlyinfuriating, facepalm",91
dinimuetterrr,554,small_community,3
Laraaaa2002,555,small_community,5
TheVivek,1480,"csMajors, PhD, ApplyingToCollege, AskAcademia, gradadmissions",5
Alarmed_Gain_1121,-1,unassigned,1
Moefeee,556,small_community,6
Ok_Establishment4432,557,small_community,4
ohalipchak,-1,unassigned,1
Separate_Walrus119,1601,"NoStupidQuestions, AskReddit, askswitzerland, AITAH, Switzerland",40
Active-Vacation4270,-1,unassigned,2
peter1714,-1,unassigned,2
Fly_GP,558,small_community,6
Purple_p0tat059,559,small_community,4
VoyagerViaPasserby,-1,unassigned,2
AnNiE01518,560,small_community,3
ethz-ModTeam,-1,unassigned,1
cwinparr,1601,"NoStupidQuestions, AskReddit, askswitzerland, AITAH, Switzerland",19
Eisenfuss19,164,"interestingasfuck, Damnthatsinteresting, pics, mildlyinfuriating, facepalm",52
its-focking-me,561,small_community,4
priscala,164,"interestingasfuck, Damnthatsinteresting, pics, mildlyinfuriating, facepalm",102
Eli_229,1525,"de, Studium, Finanzen, Ratschlag, germany",35
Louis020520,562,small_community,3
monkey_work,1525,"de, Studium, Finanzen, Ratschlag, germany",58
CineLP,164,"interestingasfuck, Damnthatsinteresting, pics, mildlyinfuriating, facepalm",10
sharenogulub4e,563,small_community,4
Maddox_1503,564,small_community,4
True_Cupcake2634,1525,"de, Studium, Finanzen, Ratschlag, germany",12
philwen,1525,"de, Studium, Finanzen, Ratschlag, germany",17
Street-Difficulty-42,1525,"de, Studium, Finanzen, Ratschlag, germany",19
ParticularEmu4420,1525,"de, Studium, Finanzen, Ratschlag, germany",24
Mobile-Bid-9848,1480,"csMajors, PhD, ApplyingToCollege, AskAcademia, gradadmissions",50
lukee910,164,"interestingasfuck, Damnthatsinteresting, pics, mildlyinfuriating, facepalm",66
jjooniii,-1,unassigned,10
PoxControl,164,"interestingasfuck, Damnthatsinteresting, pics, mildlyinfuriating, facepalm",47
prince_Vegeta___,565,small_community,2
No_Interest_1285,1601,"NoStupidQuestions, AskReddit, askswitzerland, AITAH, Switzerland",31
_blueye_,164,"interestingasfuck, Damnthatsinteresting, pics, mildlyinfuriating, facepalm",48
ilvetikos,566,small_community,3
Sparomat,1525,"de, Studium, Finanzen, Ratschlag, germany",36
CementoArmato,1480,"csMajors, PhD, ApplyingToCollege, AskAcademia, gradadmissions",156
kekwwwww999665,1601,"NoStupidQuestions, AskReddit, askswitzerland, AITAH, Switzerland",10
recently_banned,1601,"NoStupidQuestions, AskReddit, askswitzerland, AITAH, Switzerland",129
Impressive-Box6976,-1,unassigned,1
Freljord2,164,"interestingasfuck, Damnthatsinteresting, pics, mildlyinfuriating, facepalm",12
Interesting_Run_7442,-1,unassigned,1
horse_s_mouth,-1,unassigned,4
ExaBast,164,"interestingasfuck, Damnthatsinteresting, pics, mildlyinfuriating, facepalm",224
LightDrago,1480,"csMajors, PhD, ApplyingToCollege, AskAcademia, gradadmissions",39
0b00000110,164,"interestingasfuck, Damnthatsinteresting, pics, mildlyinfuriating, facepalm",39
iam_thedoctor,164,"interestingasfuck, Damnthatsinteresting, pics, mildlyinfuriating, facepalm",57
sortikova,1601,"NoStupidQuestions, AskReddit, askswitzerland, AITAH, Switzerland",41
githubrepo,567,small_community,9
SuisseTea,164,"interestingasfuck, Damnthatsinteresting, pics, mildlyinfuriating, facepalm",35
TheJacksy,568,small_community,3
yaxir,164,"interestingasfuck, Damnthatsinteresting, pics, mildlyinfuriating, facepalm",492
Neat-Firefighter-934,-1,unassigned,1
gantii,164,"interestingasfuck, Damnthatsinteresting, pics, mildlyinfuriating, facepalm",13
Imax1003,1480,"csMajors, PhD, ApplyingToCollege, AskAcademia, gradadmissions",13
dust-and-disquiet,569,small_community,8
Floedebollebolle,-1,unassigned,1
FederalBrick,1480,"csMajors, PhD, ApplyingToCollege, AskAcademia, gradadmissions",14
hainb,1480,"csMajors, PhD, ApplyingToCollege, AskAcademia, gradadmissions",8
malake44,1480,"csMajors, PhD, ApplyingToCollege, AskAcademia, gradadmissions",23
chaneloptional,-1,unassigned,1
minusmode,164,"interestingasfuck, Damnthatsinteresting, pics, mildlyinfuriating, facepalm",13
Any-Gear-8855,-1,unassigned,1
TheQuantixXx,164,"interestingasfuck, Damnthatsinteresting, pics, mildlyinfuriating, facepalm",135
XxXJEFF_XDXxX,-1,unassigned,2
Elegant-Path-9235,-1,unassigned,1
New_Individual_8679,1480,"csMajors, PhD, ApplyingToCollege, AskAcademia, gradadmissions",21
elsbergs,570,small_community,10
Nauckle225,571,small_community,4
PizzaPartyBro,1480,"csMajors, PhD, ApplyingToCollege, AskAcademia, gradadmissions",6
Sydon-X3,-1,unassigned,8
outdoor_addict94,-1,unassigned,1
uenuifah,1601,"NoStupidQuestions, AskReddit, askswitzerland, AITAH, Switzerland",34
Triple_L_Master,-1,unassigned,11
Royal-Librarian-7825,1480,"csMajors, PhD, ApplyingToCollege, AskAcademia, gradadmissions",7
avogadro-,-1,unassigned,1
andre_zanna_01,-1,unassigned,1
TheAntisocialMuffin6,-1,unassigned,2
Swissaliciouse,1480,"csMajors, PhD, ApplyingToCollege, AskAcademia, gradadmissions",25
pesce36,572,small_community,6
KeyLab3958,573,small_community,6
mathguy59,1480,"csMajors, PhD, ApplyingToCollege, AskAcademia, gradadmissions",16
Fritzbombur,164,"interestingasfuck, Damnthatsinteresting, pics, mildlyinfuriating, facepalm",14
dead_by_aprl,1480,"csMajors, PhD, ApplyingToCollege, AskAcademia, gradadmissions",8
anonymous3953294,1480,"csMajors, PhD, ApplyingToCollege, AskAcademia, gradadmissions",12
Cistude,1601,"NoStupidQuestions, AskReddit, askswitzerland, AITAH, Switzerland",15
SadlyASpring,574,small_community,2
Consistent-Welcome43,1601,"NoStupidQuestions, AskReddit, askswitzerland, AITAH, Switzerland",21
neo2551,1601,"NoStupidQuestions, AskReddit, askswitzerland, AITAH, Switzerland",233
CrimeMastergogo_-,-1,unassigned,1
No-Still-7020,575,small_community,3
C_Brick_yt,164,"interestingasfuck, Damnthatsinteresting, pics, mildlyinfuriating, facepalm",26
Puubuu,164,"interestingasfuck, Damnthatsinteresting, pics, mildlyinfuriating, facepalm",86
BarbellJuggler,576,small_community,4
tinkerthinker1337,1601,"NoStupidQuestions, AskReddit, askswitzerland, AITAH, Switzerland",17
RedRuhm101,164,"interestingasfuck, Damnthatsinteresting, pics, mildlyinfuriating, facepalm",24
Ythion,1480,"csMajors, PhD, ApplyingToCollege, AskAcademia, gradadmissions",12
TemporaryConfusion53,577,small_community,12
ai4bing,-1,unassigned,1
Gullible_Ocelot_6148,-1,unassigned,1
cosbay,-1,unassigned,1
C_L42,164,"interestingasfuck, Damnthatsinteresting, pics, mildlyinfuriating, facepalm",21
One_Tap_2244,578,small_community,2
Albastru-Aib,164,"interestingasfuck, Damnthatsinteresting, pics, mildlyinfuriating, facepalm",102
No-Significance779,579,small_community,144
Extra-Strike-264,-1,unassigned,1
Bamboleo_bambolea,1480,"csMajors, PhD, ApplyingToCollege, AskAcademia, gradadmissions",7
RoosterPrevious7856,1480,"csMajors, PhD, ApplyingToCollege, AskAcademia, gradadmissions",21
Express_Outside4580,164,"interestingasfuck, Damnthatsinteresting, pics, mildlyinfuriating, facepalm",11
Bottom-CH,164,"interestingasfuck, Damnthatsinteresting, pics, mildlyinfuriating, facepalm",36
way_ze,-1,unassigned,1
Ad-Cod-2504,580,small_community,3
ProjectDaBu,581,small_community,2
Dartze695,164,"interestingasfuck, Damnthatsinteresting, pics, mildlyinfuriating, facepalm",17
Medical-Detective-33,164,"interestingasfuck, Damnthatsinteresting, pics, mildlyinfuriating, facepalm",55
pineapple-account-00,582,small_community,5
acro_albaner,-1,unassigned,1
More_Minimum6145,1601,"NoStupidQuestions, AskReddit, askswitzerland, AITAH, Switzerland",15
Comprehensive-Chard9,164,"interestingasfuck, Damnthatsinteresting, pics, mildlyinfuriating, facepalm",74
StationNo6708,1601,"NoStupidQuestions, AskReddit, askswitzerland, AITAH, Switzerland",75
mihai_mc98,583,small_community,5
Lord_uWu_OkO,1480,"csMajors, PhD, ApplyingToCollege, AskAcademia, gradadmissions",22
aspa34,1480,"csMajors, PhD, ApplyingToCollege, AskAcademia, gradadmissions",21
Lukeskykaiser,1480,"csMajors, PhD, ApplyingToCollege, AskAcademia, gradadmissions",31
mr_stargazer,1480,"csMajors, PhD, ApplyingToCollege, AskAcademia, gradadmissions",16
WishboneNo4583,1480,"csMajors, PhD, ApplyingToCollege, AskAcademia, gradadmissions",8
nilsbenswiss,584,small_community,4
luxumb,1480,"csMajors, PhD, ApplyingToCollege, AskAcademia, gradadmissions",18
Due-Cardiologist-802,1480,"csMajors, PhD, ApplyingToCollege, AskAcademia, gradadmissions",21
suinodivino33,1559,"Universitaly, ItaliaPersonalFinance, CasualIT, Italia, ItaliaCareerAdvice",9
decaillv,1601,"NoStupidQuestions, AskReddit, askswitzerland, AITAH, Switzerland",18
mapa33,1601,"NoStupidQuestions, AskReddit, askswitzerland, AITAH, Switzerland",15
daromz_,1559,"Universitaly, ItaliaPersonalFinance, CasualIT, Italia, ItaliaCareerAdvice",25
totalboring,-1,unassigned,1
Leptonne,1480,"csMajors, PhD, ApplyingToCollege, AskAcademia, gradadmissions",8
MeatLasers,164,"interestingasfuck, Damnthatsinteresting, pics, mildlyinfuriating, facepalm",15
Get_that_A,1480,"csMajors, PhD, ApplyingToCollege, AskAcademia, gradadmissions",16
thatchemist96,1601,"NoStupidQuestions, AskReddit, askswitzerland, AITAH, Switzerland",15
Dry-Entertainment380,-1,unassigned,1
Apprehensive_Cake541,-1,unassigned,1
MrHippo17,585,small_community,4
cratstatna,1480,"csMajors, PhD, ApplyingToCollege, AskAcademia, gradadmissions",11
arisaurusrex,1525,"de, Studium, Finanzen, Ratschlag, germany",169
undigestedFiD,164,"interestingasfuck, Damnthatsinteresting, pics, mildlyinfuriating, facepalm",65
BadBoy_3371,1480,"csMajors, PhD, ApplyingToCollege, AskAcademia, gradadmissions",26
FamousDeer4131,1480,"csMajors, PhD, ApplyingToCollege, AskAcademia, gradadmissions",6
askswitzerland,1601,"NoStupidQuestions, AskReddit, askswitzerland, AITAH, Switzerland",18
UnableLettuce344,1601,"NoStupidQuestions, AskReddit, askswitzerland, AITAH, Switzerland",43
Great_River_Bear,586,small_community,6
mdkovachev,1525,"de, Studium, Finanzen, Ratschlag, germany",18
BrachiumX,1480,"csMajors, PhD, ApplyingToCollege, AskAcademia, gradadmissions",8
intimate_economics,1480,"csMajors, PhD, ApplyingToCollege, AskAcademia, gradadmissions",13
OleksandrHalipchak,-1,unassigned,1
JustF1tAGauss1an,1525,"de, Studium, Finanzen, Ratschlag, germany",46
RaresDerBares,587,small_community,4
Typical_North5046,164,"interestingasfuck, Damnthatsinteresting, pics, mildlyinfuriating, facepalm",36
phonybelle,1601,"NoStupidQuestions, AskReddit, askswitzerland, AITAH, Switzerland",67
seinseikakashee,-1,unassigned,1
Oligu,164,"interestingasfuck, Damnthatsinteresting, pics, mildlyinfuriating, facepalm",11
iesterdai,164,"interestingasfuck, Damnthatsinteresting, pics, mildlyinfuriating, facepalm",30
sedemokiN,588,small_community,8
LongFisherman2484,-1,unassigned,1
lamamilinda,-1,unassigned,2
Zestyclose_Taro_136,589,small_community,2
Aggravating_Tone9541,1480,"csMajors, PhD, ApplyingToCollege, AskAcademia, gradadmissions",31
alexfuchs2020,1601,"NoStupidQuestions, AskReddit, askswitzerland, AITAH, Switzerland",24
danholics,164,"interestingasfuck, Damnthatsinteresting, pics, mildlyinfuriating, facepalm",16
random_fr_username,164,"interestingasfuck, Damnthatsinteresting, pics, mildlyinfuriating, facepalm",13
robikgrin,590,small_community,2
churel98,1559,"Universitaly, ItaliaPersonalFinance, CasualIT, Italia, ItaliaCareerAdvice",13
Legitimate-Let-5008,1480,"csMajors, PhD, ApplyingToCollege, AskAcademia, gradadmissions",13
chuchupic,591,small_community,6
Swissgank,164,"interestingasfuck, Damnthatsinteresting, pics, mildlyinfuriating, facepalm",26
Ossigen,164,"interestingasfuck, Damnthatsinteresting, pics, mildlyinfuriating, facepalm",94
No-Cardiologist8473,1480,"csMajors, PhD, ApplyingToCollege, AskAcademia, gradadmissions",32
fi-le,592,small_community,7
Apprehensive-Meet-60,-1,unassigned,1
Justmyoponionman,164,"interestingasfuck, Damnthatsinteresting, pics, mildlyinfuriating, facepalm",260
pseudogelber,1525,"de, Studium, Finanzen, Ratschlag, germany",22
felixcra,1480,"csMajors, PhD, ApplyingToCollege, AskAcademia, gradadmissions",12
LuckyNumber-Bot,1480,"csMajors, PhD, ApplyingToCollege, AskAcademia, gradadmissions",7176
Musixen_,593,small_community,6
inadal,-1,unassigned,1
ConsciousFollowing54,-1,unassigned,5
Guilty-Mirror628,594,small_community,4
-ColaZero,164,"interestingasfuck, Damnthatsinteresting, pics, mildlyinfuriating, facepalm",65
specijalan,595,small_community,5
pekopeko-ch,596,small_community,3
acemep,-1,unassigned,1
Zankoku96,164,"interestingasfuck, Damnthatsinteresting, pics, mildlyinfuriating, facepalm",34
energy_zoey03,-1,unassigned,3
WZZ410A,1601,"NoStupidQuestions, AskReddit, askswitzerland, AITAH, Switzerland",12
RossYT,597,small_community,3
Ericdergrosse,164,"interestingasfuck, Damnthatsinteresting, pics, mildlyinfuriating, facepalm",63
IkeaCreamCheese,164,"interestingasfuck, Damnthatsinteresting, pics, mildlyinfuriating, facepalm",71
Training-Argument-58,1601,"NoStupidQuestions, AskReddit, askswitzerland, AITAH, Switzerland",9
AutomaticAccount6832,164,"interestingasfuck, Damnthatsinteresting, pics, mildlyinfuriating, facepalm",71
Independent-Cat-8551,1601,"NoStupidQuestions, AskReddit, askswitzerland, AITAH, Switzerland",9
NoahIH,598,small_community,6
mensii,599,small_community,8
PedroJOSH,600,small_community,6
Hot-Leg-2434,601,small_community,2
TrickyBench,602,small_community,3
MaterialOwl1114,-1,unassigned,1
Dry_Rabbit_1123,603,small_community,7
curiossceptic,164,"interestingasfuck, Damnthatsinteresting, pics, mildlyinfuriating, facepalm",196
LesserValkyrie,1601,"NoStupidQuestions, AskReddit, askswitzerland, AITAH, Switzerland",64
Virgilontheway,604,small_community,3
chrisly227,605,small_community,3
AstronASMR,-1,unassigned,1
DecisionTreeLeaf,-1,unassigned,1
theoconomist,1601,"NoStupidQuestions, AskReddit, askswitzerland, AITAH, Switzerland",32
SwissGifted,164,"interestingasfuck, Damnthatsinteresting, pics, mildlyinfuriating, facepalm",42
Ok-Upstairs-131,606,small_community,3
Little_Writing_3171,607,small_community,2
OneArugula1415,-1,unassigned,1
Fornitiedde,1480,"csMajors, PhD, ApplyingToCollege, AskAcademia, gradadmissions",8
loveYourMomBro,-1,unassigned,1
Quiet_Difference7658,1480,"csMajors, PhD, ApplyingToCollege, AskAcademia, gradadmissions",23
Mountain-Yak3304,-1,unassigned,1
RoundUpGaming,164,"interestingasfuck, Damnthatsinteresting, pics, mildlyinfuriating, facepalm",29
FutureAd6409,-1,unassigned,1
ida63838991,1525,"de, Studium, Finanzen, Ratschlag, germany",17
Seven_Over_Four,1480,"csMajors, PhD, ApplyingToCollege, AskAcademia, gradadmissions",68
Dashjack30,-1,unassigned,1
scorpion-hamfish,164,"interestingasfuck, Damnthatsinteresting, pics, mildlyinfuriating, facepalm",20
Wew1800,1480,"csMajors, PhD, ApplyingToCollege, AskAcademia, gradadmissions",35
Used-Implement9108,-1,unassigned,1
AdeptusDankanicus,608,small_community,6
East_Earth_920,1601,"NoStupidQuestions, AskReddit, askswitzerland, AITAH, Switzerland",32
Street-Cover-2874,609,small_community,5
damanfordajobb,1480,"csMajors, PhD, ApplyingToCollege, AskAcademia, gradadmissions",7
Electronic_Tea_914,1525,"de, Studium, Finanzen, Ratschlag, germany",24
godly_carpet,164,"interestingasfuck, Damnthatsinteresting, pics, mildlyinfuriating, facepalm",14
Infamous-Audience-45,610,small_community,4
ZeoChill,1480,"csMajors, PhD, ApplyingToCollege, AskAcademia, gradadmissions",35
yulindu,611,small_community,4
Dante_van_Heiko,164,"interestingasfuck, Damnthatsinteresting, pics, mildlyinfuriating, facepalm",91
adambolamdesenyz,-1,unassigned,1
nilsleum,1480,"csMajors, PhD, ApplyingToCollege, AskAcademia, gradadmissions",62
Aglar253,612,small_community,4
dddtry,-1,unassigned,2
MoonKnight99,164,"interestingasfuck, Damnthatsinteresting, pics, mildlyinfuriating, facepalm",16
exclaim_bot,1480,"csMajors, PhD, ApplyingToCollege, AskAcademia, gradadmissions",43936
SnooRobots582,1480,"csMajors, PhD, ApplyingToCollege, AskAcademia, gradadmissions",52
CucumberMore7943,613,small_community,3
kmader,614,small_community,3
Scared-You-4311,-1,unassigned,1
Ok_Job5626,-1,unassigned,1
ws11235,1525,"de, Studium, Finanzen, Ratschlag, germany",73
Fun_Abbreviations477,615,small_community,2
Bouxxi,164,"interestingasfuck, Damnthatsinteresting, pics, mildlyinfuriating, facepalm",54
DocKla,1480,"csMajors, PhD, ApplyingToCollege, AskAcademia, gradadmissions",207
Due_Parsnip2466,-1,unassigned,6
ale_skrt,616,small_community,4
kriegshuehnchen,617,small_community,11
Brief_Valuable4482,164,"interestingasfuck, Damnthatsinteresting, pics, mildlyinfuriating, facepalm",39
2578923047823,-1,unassigned,1
zhantongz,1601,"NoStupidQuestions, AskReddit, askswitzerland, AITAH, Switzerland",39
Aniruddhb16,1480,"csMajors, PhD, ApplyingToCollege, AskAcademia, gradadmissions",39
DepressedGuy89,-1,unassigned,2
No_Tough_4172,1601,"NoStupidQuestions, AskReddit, askswitzerland, AITAH, Switzerland",12
Affectionate_Camp468,-1,unassigned,1
IgotaMigraine755,-1,unassigned,1
Perfect_Gur2266,-1,unassigned,1
Important_Variety220,-1,unassigned,1
x_AdvaitD_x,618,small_community,4
Own_Relationship9794,619,small_community,4
Superhero_889,-1,unassigned,1
HideousHades,620,small_community,6
lotformulas,1480,"csMajors, PhD, ApplyingToCollege, AskAcademia, gradadmissions",15
Square_Ad1103,-1,unassigned,1
Forsaken_Bid927,1480,"csMajors, PhD, ApplyingToCollege, AskAcademia, gradadmissions",17
sah10406,1480,"csMajors, PhD, ApplyingToCollege, AskAcademia, gradadmissions",50
Liquid_Cascabel,1601,"NoStupidQuestions, AskReddit, askswitzerland, AITAH, Switzerland",117
Classic-Abies4861,-1,unassigned,1
skarros,164,"interestingasfuck, Damnthatsinteresting, pics, mildlyinfuriating, facepalm",202
Tomisido,1559,"Universitaly, ItaliaPersonalFinance, CasualIT, Italia, ItaliaCareerAdvice",13
Delicious-Dot8458,621,small_community,4
Alarmed-Counter150,-1,unassigned,1
Nurnstatist,164,"interestingasfuck, Damnthatsinteresting, pics, mildlyinfuriating, facepalm",120
nico-zh,-1,unassigned,3
Martha_007,1480,"csMajors, PhD, ApplyingToCollege, AskAcademia, gradadmissions",11
Lunareptilia,-1,unassigned,2
The_Russian_Racoon,-1,unassigned,1
LongBit,1525,"de, Studium, Finanzen, Ratschlag, germany",18
Physical-Tip9184,-1,unassigned,1
fuckyou12342023,622,small_community,6
username6056,164,"interestingasfuck, Damnthatsinteresting, pics, mildlyinfuriating, facepalm",18
F-_-_-_-_-_-_-_-_-_-,1601,"NoStupidQuestions, AskReddit, askswitzerland, AITAH, Switzerland",13
Financial-Drummer825,-1,unassigned,2
Pigna099,1480,"csMajors, PhD, ApplyingToCollege, AskAcademia, gradadmissions",6
The_Reto,1480,"csMajors, PhD, ApplyingToCollege, AskAcademia, gradadmissions",9
MasterJJ2701,-1,unassigned,1
TotalWorker,-1,unassigned,1
Artistic_Slide2345,1480,"csMajors, PhD, ApplyingToCollege, AskAcademia, gradadmissions",22
Infinexcio,-1,unassigned,1
Electrical_Lecture87,623,small_community,3
Prestigious-Pair-785,624,small_community,4
r0guss,-1,unassigned,1
Big_Position2697,164,"interestingasfuck, Damnthatsinteresting, pics, mildlyinfuriating, facepalm",139
Status_Emu_5142,625,small_community,10
opanguete,626,small_community,8
Impressive-Bar-2030,627,small_community,4
Inevitable-Cap1476,-1,unassigned,1
Die_2,628,small_community,7
gen_z_snowflake,-1,unassigned,2
relativisticcobalt,164,"interestingasfuck, Damnthatsinteresting, pics, mildlyinfuriating, facepalm",29
stefan2017ch,629,small_community,5
No_Excitement5489,-1,unassigned,1
manwendi_,1525,"de, Studium, Finanzen, Ratschlag, germany",30
Cristian369369,1480,"csMajors, PhD, ApplyingToCollege, AskAcademia, gradadmissions",109
gyoza__fairy,630,small_community,9
Suspicious_Jelly_398,-1,unassigned,1
BergUndChocoCH,1480,"csMajors, PhD, ApplyingToCollege, AskAcademia, gradadmissions",50
LordVectron,164,"interestingasfuck, Damnthatsinteresting, pics, mildlyinfuriating, facepalm",62
RealNPCDuude,164,"interestingasfuck, Damnthatsinteresting, pics, mildlyinfuriating, facepalm",53
Spiritual-Hat0,1480,"csMajors, PhD, ApplyingToCollege, AskAcademia, gradadmissions",6
Key-Agency-2643,631,small_community,4
04whizkid,1480,"csMajors, PhD, ApplyingToCollege, AskAcademia, gradadmissions",17
SourProcessing,-1,unassigned,2
NoFearImAnEngineer,-1,unassigned,1
BobbyBryson,1480,"csMajors, PhD, ApplyingToCollege, AskAcademia, gradadmissions",5
RumaliRotii,632,small_community,2
SupposedToBeInTheLab,1559,"Universitaly, ItaliaPersonalFinance, CasualIT, Italia, ItaliaCareerAdvice",4
Campinggoat,-1,unassigned,1
amtz_____,-1,unassigned,1
nGaggi,164,"interestingasfuck, Damnthatsinteresting, pics, mildlyinfuriating, facepalm",20
nubpod23,1601,"NoStupidQuestions, AskReddit, askswitzerland, AITAH, Switzerland",46
renens_reditor1020,1480,"csMajors, PhD, ApplyingToCollege, AskAcademia, gradadmissions",11
Nizza99,633,small_community,11
razenmaeher,634,small_community,4
bobailike,-1,unassigned,1
TeeMug__,164,"interestingasfuck, Damnthatsinteresting, pics, mildlyinfuriating, facepalm",9
snowmandala,164,"interestingasfuck, Damnthatsinteresting, pics, mildlyinfuriating, facepalm",23
stockholm_maniac,-1,unassigned,12
Life-Technician-1978,-1,unassigned,1
Tsgoat,1480,"csMajors, PhD, ApplyingToCollege, AskAcademia, gradadmissions",34
Traditional-Nail-720,-1,unassigned,1
Runaaan,1601,"NoStupidQuestions, AskReddit, askswitzerland, AITAH, Switzerland",27
randommofo3369,1480,"csMajors, PhD, ApplyingToCollege, AskAcademia, gradadmissions",5
Defiant_Gap5862,635,small_community,3
fennecfoxxx123,164,"interestingasfuck, Damnthatsinteresting, pics, mildlyinfuriating, facepalm",66
SuperstarRockYou,1480,"csMajors, PhD, ApplyingToCollege, AskAcademia, gradadmissions",79
inainam,636,small_community,2
JunoKreisler,164,"interestingasfuck, Damnthatsinteresting, pics, mildlyinfuriating, facepalm",50
AdAcceptable9332,-1,unassigned,1
csueiras,164,"interestingasfuck, Damnthatsinteresting, pics, mildlyinfuriating, facepalm",51
Traditional_Pen_3698,164,"interestingasfuck, Damnthatsinteresting, pics, mildlyinfuriating, facepalm",47
DarkKnight0102,-1,unassigned,1
LeCholax,1480,"csMajors, PhD, ApplyingToCollege, AskAcademia, gradadmissions",70
Far-Vermicelli1995,-1,unassigned,1
Aster1xch,637,small_community,14
Lumpy_Award3793,638,small_community,2
Jolieblabla,1601,"NoStupidQuestions, AskReddit, askswitzerland, AITAH, Switzerland",17
IKnowMeNotYou,1601,"NoStupidQuestions, AskReddit, askswitzerland, AITAH, Switzerland",45
raefoo,1601,"NoStupidQuestions, AskReddit, askswitzerland, AITAH, Switzerland",13
LG193,164,"interestingasfuck, Damnthatsinteresting, pics, mildlyinfuriating, facepalm",38
Odd-Air-7588,-1,unassigned,1
pokku3,164,"interestingasfuck, Damnthatsinteresting, pics, mildlyinfuriating, facepalm",42
Training-Area6316,1480,"csMajors, PhD, ApplyingToCollege, AskAcademia, gradadmissions",25
LanguageGlobal2338,1480,"csMajors, PhD, ApplyingToCollege, AskAcademia, gradadmissions",14
ba-13,639,small_community,4
ProofSmooth7317,-1,unassigned,1
TheRealDeal2024,1601,"NoStupidQuestions, AskReddit, askswitzerland, AITAH, Switzerland",14
No_Writing_7050,1480,"csMajors, PhD, ApplyingToCollege, AskAcademia, gradadmissions",29
brg119,640,small_community,10
Interesting_Area3828,1480,"csMajors, PhD, ApplyingToCollege, AskAcademia, gradadmissions",6
Helenke_Dame,164,"interestingasfuck, Damnthatsinteresting, pics, mildlyinfuriating, facepalm",12
Automatic-Water2325,164,"interestingasfuck, Damnthatsinteresting, pics, mildlyinfuriating, facepalm",36
Agreeable_Addition84,1559,"Universitaly, ItaliaPersonalFinance, CasualIT, Italia, ItaliaCareerAdvice",22
No-Patient8520,-1,unassigned,1
Amazillon,164,"interestingasfuck, Damnthatsinteresting, pics, mildlyinfuriating, facepalm",16
Akutasan,-1,unassigned,1
National-Flower5188,-1,unassigned,1
Old_Handle4278,-1,unassigned,1
Available-Job2201,164,"interestingasfuck, Damnthatsinteresting, pics, mildlyinfuriating, facepalm",110
Ashamed-Birthday-887,641,small_community,5
tauloki,-1,unassigned,1
-___-_-_--,1480,"csMajors, PhD, ApplyingToCollege, AskAcademia, gradadmissions",58
MLThottrap,1601,"NoStupidQuestions, AskReddit, askswitzerland, AITAH, Switzerland",128
Fallap90,1601,"NoStupidQuestions, AskReddit, askswitzerland, AITAH, Switzerland",33
jetblack164,-1,unassigned,1
OmaMorkie,1480,"csMajors, PhD, ApplyingToCollege, AskAcademia, gradadmissions",12
tym0704,1480,"csMajors, PhD, ApplyingToCollege, AskAcademia, gradadmissions",7
flower-999,642,small_community,3
HATECELL,164,"interestingasfuck, Damnthatsinteresting, pics, mildlyinfuriating, facepalm",440
hatepoop,-1,unassigned,2
Playful-Ostrich-7210,-1,unassigned,3
dilutedblacktea,643,small_community,12
Even-Cod8017,164,"interestingasfuck, Damnthatsinteresting, pics, mildlyinfuriating, facepalm",6
compsciguy__,-1,unassigned,1
tibetatakan,1480,"csMajors, PhD, ApplyingToCollege, AskAcademia, gradadmissions",8
Hello_PleaseAnswer,1480,"csMajors, PhD, ApplyingToCollege, AskAcademia, gradadmissions",8
Evening_South_5784,-1,unassigned,1
Suspicious_Self8332,1480,"csMajors, PhD, ApplyingToCollege, AskAcademia, gradadmissions",10
fishyfishtony,-1,unassigned,1
swiss_boy_128,644,small_community,6
0x-Error,164,"interestingasfuck, Damnthatsinteresting, pics, mildlyinfuriating, facepalm",22
HerpaderpAldent,645,small_community,7
ThomasP2000,-1,unassigned,1
Aark95,1480,"csMajors, PhD, ApplyingToCollege, AskAcademia, gradadmissions",6
greenappleFF,646,small_community,12
Cloudy-weather,-1,unassigned,1
spacedario,164,"interestingasfuck, Damnthatsinteresting, pics, mildlyinfuriating, facepalm",17
Standard_Talk_4670,647,small_community,5
Practical-Ad5634,-1,unassigned,1
K1sh1-Onepiece,164,"interestingasfuck, Damnthatsinteresting, pics, mildlyinfuriating, facepalm",31
Fyuryy,648,small_community,4
Alendion_TLG,649,small_community,5
redytusr123,650,small_community,6
Ciiceeroo,1480,"csMajors, PhD, ApplyingToCollege, AskAcademia, gradadmissions",34
Impressive-Gap7138,164,"interestingasfuck, Damnthatsinteresting, pics, mildlyinfuriating, facepalm",18
Extension-Ad-4822,-1,unassigned,2
Bettgsteu,164,"interestingasfuck, Damnthatsinteresting, pics, mildlyinfuriating, facepalm",39
VeganBaguette,1601,"NoStupidQuestions, AskReddit, askswitzerland, AITAH, Switzerland",31
LundZindagiJhand,-1,unassigned,1
Skairin,651,small_community,10
the_evil_biscuit,-1,unassigned,1
TrainerCivil,1525,"de, Studium, Finanzen, Ratschlag, germany",38
kamiem123,652,small_community,6
Ok-Objective-7506,653,small_community,2
BjornVandenOuvren,-1,unassigned,1
passsion66,654,small_community,3
Fuzzy_Box_9138,655,small_community,7
Friendly_Fox_6041,-1,unassigned,6
Objective-Web7083,656,small_community,2
Apprehensive-Ice2576,1480,"csMajors, PhD, ApplyingToCollege, AskAcademia, gradadmissions",15
Dark1000,164,"interestingasfuck, Damnthatsinteresting, pics, mildlyinfuriating, facepalm",80
avokadolainen,-1,unassigned,1
Automatic-Tax-7414,657,small_community,5
NikolNikopoulou,1480,"csMajors, PhD, ApplyingToCollege, AskAcademia, gradadmissions",9
Zealousideal-Dog1156,1480,"csMajors, PhD, ApplyingToCollege, AskAcademia, gradadmissions",10
kvutxdy,658,small_community,4
Sad-Ladder-1455,-1,unassigned,1
ScrapAccountLad,659,small_community,5
KatAddicted69,660,small_community,6
asdfghjkl12345678996,-1,unassigned,1
Nahtlos,-1,unassigned,1
gfcanneverseethis,-1,unassigned,2
No_Carpenter7252,164,"interestingasfuck, Damnthatsinteresting, pics, mildlyinfuriating, facepalm",8
CrashingBrain,164,"interestingasfuck, Damnthatsinteresting, pics, mildlyinfuriating, facepalm",13
JCur24,661,small_community,4
AnonymousWhistle,-1,unassigned,1
your_curious_guy,1480,"csMajors, PhD, ApplyingToCollege, AskAcademia, gradadmissions",6
AffectionateRange673,1480,"csMajors, PhD, ApplyingToCollege, AskAcademia, gradadmissions",9
employeenumber1359,1480,"csMajors, PhD, ApplyingToCollege, AskAcademia, gradadmissions",8
Kim_in_AMS,-1,unassigned,1
vocdex,1480,"csMajors, PhD, ApplyingToCollege, AskAcademia, gradadmissions",10
petrograd67,-1,unassigned,1
Usual_Opposite_5022,662,small_community,7
Sauron_78,164,"interestingasfuck, Damnthatsinteresting, pics, mildlyinfuriating, facepalm",82
Constant_Medicine_85,1480,"csMajors, PhD, ApplyingToCollege, AskAcademia, gradadmissions",16
Upstairs-Chipmunk579,663,small_community,4
Raskolnikov98,164,"interestingasfuck, Damnthatsinteresting, pics, mildlyinfuriating, facepalm",35
hellvetic147,164,"interestingasfuck, Damnthatsinteresting, pics, mildlyinfuriating, facepalm",9
Arsh90786,1601,"NoStupidQuestions, AskReddit, askswitzerland, AITAH, Switzerland",71
MantisPymp,1480,"csMajors, PhD, ApplyingToCollege, AskAcademia, gradadmissions",20
Professional-Ask246,-1,unassigned,1
Every-Literature-351,-1,unassigned,1
MalaMuerteSCN,1559,"Universitaly, ItaliaPersonalFinance, CasualIT, Italia, ItaliaCareerAdvice",5
Paid-Not-Payed-Bot,1480,"csMajors, PhD, ApplyingToCollege, AskAcademia, gradadmissions",11907
Extreme-Ad2408,-1,unassigned,2
emerk102,-1,unassigned,7
SenpaiKai,164,"interestingasfuck, Damnthatsinteresting, pics, mildlyinfuriating, facepalm",53
chrismclp,164,"interestingasfuck, Damnthatsinteresting, pics, mildlyinfuriating, facepalm",24
Ivan_pk5,1601,"NoStupidQuestions, AskReddit, askswitzerland, AITAH, Switzerland",108
Hzlqrtz,164,"interestingasfuck, Damnthatsinteresting, pics, mildlyinfuriating, facepalm",48
sumik02,664,small_community,2
-Ritsar-,665,small_community,3
pleasemore05,164,"interestingasfuck, Damnthatsinteresting, pics, mildlyinfuriating, facepalm",40
einsJannis,164,"interestingasfuck, Damnthatsinteresting, pics, mildlyinfuriating, facepalm",51
Standard_Monitor4291,164,"interestingasfuck, Damnthatsinteresting, pics, mildlyinfuriating, facepalm",120
Jafonsoo,666,small_community,2
BakrTT,667,small_community,4
abcdefmoi,1601,"NoStupidQuestions, AskReddit, askswitzerland, AITAH, Switzerland",18
Individual_Print7350,1480,"csMajors, PhD, ApplyingToCollege, AskAcademia, gradadmissions",14
NoSloLace,-1,unassigned,1
That_Walrus3455,164,"interestingasfuck, Damnthatsinteresting, pics, mildlyinfuriating, facepalm",55
ActuatorNaive8791,-1,unassigned,1
OnionLai,-1,unassigned,2
ksjwo,668,small_community,6
tarudesu,669,small_community,5
OkBlacksmith4013,1601,"NoStupidQuestions, AskReddit, askswitzerland, AITAH, Switzerland",13
crunshysalt,1601,"NoStupidQuestions, AskReddit, askswitzerland, AITAH, Switzerland",36
RushDvd,164,"interestingasfuck, Damnthatsinteresting, pics, mildlyinfuriating, facepalm",25
N8_90,164,"interestingasfuck, Damnthatsinteresting, pics, mildlyinfuriating, facepalm",12
Usual-Royal1804,-1,unassigned,1
meowmilie,-1,unassigned,1
Cursed1978,164,"interestingasfuck, Damnthatsinteresting, pics, mildlyinfuriating, facepalm",57
feelingalive99,670,small_community,9
MoridinB,164,"interestingasfuck, Damnthatsinteresting, pics, mildlyinfuriating, facepalm",125
AleCar07,1480,"csMajors, PhD, ApplyingToCollege, AskAcademia, gradadmissions",20
raumdeuter255,1480,"csMajors, PhD, ApplyingToCollege, AskAcademia, gradadmissions",33
ivica555,164,"interestingasfuck, Damnthatsinteresting, pics, mildlyinfuriating, facepalm",25
Naive-Mechanic4683,1601,"NoStupidQuestions, AskReddit, askswitzerland, AITAH, Switzerland",130
Thomas_KT,164,"interestingasfuck, Damnthatsinteresting, pics, mildlyinfuriating, facepalm",150
EngineeringFlop,164,"interestingasfuck, Damnthatsinteresting, pics, mildlyinfuriating, facepalm",17
Initial_Ad3554,1525,"de, Studium, Finanzen, Ratschlag, germany",15
mitsuki666,671,small_community,6
Sharanbasav,1480,"csMajors, PhD, ApplyingToCollege, AskAcademia, gradadmissions",13
Sufficient-Wave1132,672,small_community,13
Naarusgaut,-1,unassigned,1
BarFun9487,673,small_community,5
WildlifePhysics,164,"interestingasfuck, Damnthatsinteresting, pics, mildlyinfuriating, facepalm",44
Xenon_Vrykolakas,1601,"NoStupidQuestions, AskReddit, askswitzerland, AITAH, Switzerland",23
MundaneJudgment3491,674,small_community,8
No_Excitement7991,675,small_community,10
LueddeFromTheBack,676,small_community,2
Aware-Cauliflower-25,677,small_community,2
BeyondCurrent5754,1601,"NoStupidQuestions, AskReddit, askswitzerland, AITAH, Switzerland",29
MikeDoesDo,1480,"csMajors, PhD, ApplyingToCollege, AskAcademia, gradadmissions",19
ikamran_khan,678,small_community,4
Lower_Proposal_8646,1480,"csMajors, PhD, ApplyingToCollege, AskAcademia, gradadmissions",8
TiSapph,1525,"de, Studium, Finanzen, Ratschlag, germany",31
xiikjuy,164,"interestingasfuck, Damnthatsinteresting, pics, mildlyinfuriating, facepalm",83
strame3,679,small_community,6
gcalligher,680,small_community,5
Smart_Idea9035,1601,"NoStupidQuestions, AskReddit, askswitzerland, AITAH, Switzerland",5
lil_fib,-1,unassigned,1
EducationOk5938,1525,"de, Studium, Finanzen, Ratschlag, germany",11
Popular_Ad1466,681,small_community,5
showingsmthing,682,small_community,6
ForzaCharles16,1601,"NoStupidQuestions, AskReddit, askswitzerland, AITAH, Switzerland",51
Complex-Vanilla-2746,683,small_community,7
Historical_Cod_3545,-1,unassigned,2
Hex30_03,1559,"Universitaly, ItaliaPersonalFinance, CasualIT, Italia, ItaliaCareerAdvice",15
Alive-Lake7,-1,unassigned,1
free_kmart36,1480,"csMajors, PhD, ApplyingToCollege, AskAcademia, gradadmissions",8
thedolfiin,1480,"csMajors, PhD, ApplyingToCollege, AskAcademia, gradadmissions",6
False_Pizza4215,-1,unassigned,1
terminal__object,1559,"Universitaly, ItaliaPersonalFinance, CasualIT, Italia, ItaliaCareerAdvice",48
Complete-Ad-3165,-1,unassigned,4
Common-Frosting-9434,164,"interestingasfuck, Damnthatsinteresting, pics, mildlyinfuriating, facepalm",229
alpisgood,1480,"csMajors, PhD, ApplyingToCollege, AskAcademia, gradadmissions",9
Anfphrodite,684,small_community,8
blooming_edelweiss,1480,"csMajors, PhD, ApplyingToCollege, AskAcademia, gradadmissions",16
ahangary,-1,unassigned,1
Astrophysicist369,-1,unassigned,1
chiffchaff_mother,-1,unassigned,2
Pretend_Football4721,-1,unassigned,1
iterative_iteration,164,"interestingasfuck, Damnthatsinteresting, pics, mildlyinfuriating, facepalm",22
ReverseElectron,164,"interestingasfuck, Damnthatsinteresting, pics, mildlyinfuriating, facepalm",35
newname_tabitha,1525,"de, Studium, Finanzen, Ratschlag, germany",6
CopiumCatboy,164,"interestingasfuck, Damnthatsinteresting, pics, mildlyinfuriating, facepalm",74
Obvious_Bit7674,685,small_community,6
AlphaAlex1_,1480,"csMajors, PhD, ApplyingToCollege, AskAcademia, gradadmissions",43
Majestic-Hall4954,-1,unassigned,2
Possible_Barnacle_68,-1,unassigned,1
sixdayspizza,164,"interestingasfuck, Damnthatsinteresting, pics, mildlyinfuriating, facepalm",47
AnishAndTheBoys,1480,"csMajors, PhD, ApplyingToCollege, AskAcademia, gradadmissions",24
tigrayt2,164,"interestingasfuck, Damnthatsinteresting, pics, mildlyinfuriating, facepalm",23
Freddy_Mercurial,-1,unassigned,1
speedbumpee,1601,"NoStupidQuestions, AskReddit, askswitzerland, AITAH, Switzerland",27
Junior_Sign7223,1480,"csMajors, PhD, ApplyingToCollege, AskAcademia, gradadmissions",16
-SAMV-,1480,"csMajors, PhD, ApplyingToCollege, AskAcademia, gradadmissions",9
KlingonTranslator,1601,"NoStupidQuestions, AskReddit, askswitzerland, AITAH, Switzerland",176
qaywsxqaywsxqay,1601,"NoStupidQuestions, AskReddit, askswitzerland, AITAH, Switzerland",11
naratcis,1601,"NoStupidQuestions, AskReddit, askswitzerland, AITAH, Switzerland",61
zeytonx_,686,small_community,2
Eskapismus,1601,"NoStupidQuestions, AskReddit, askswitzerland, AITAH, Switzerland",125
herbertdm,687,small_community,6
Benzene_Vapour,688,small_community,3
Separate_Football_20,689,small_community,6
menthol-squirrel,164,"interestingasfuck, Damnthatsinteresting, pics, mildlyinfuriating, facepalm",12
Best-Customer4288,1525,"de, Studium, Finanzen, Ratschlag, germany",12
BreakfastImmediate_,-1,unassigned,3
Mihalis_balts,690,small_community,4
Beginning_Path_3735,1480,"csMajors, PhD, ApplyingToCollege, AskAcademia, gradadmissions",26
Olivia-2021,691,small_community,4
Former-Ad-9278,1480,"csMajors, PhD, ApplyingToCollege, AskAcademia, gradadmissions",5
Electronic-Olive9411,692,small_community,4
ssamuel558,693,small_community,3
fduct,694,small_community,3
AdrianWasTaken,695,small_community,2
Queku08,1525,"de, Studium, Finanzen, Ratschlag, germany",13
Zestyclose-Ice-3434,164,"interestingasfuck, Damnthatsinteresting, pics, mildlyinfuriating, facepalm",34
devangm,1480,"csMajors, PhD, ApplyingToCollege, AskAcademia, gradadmissions",136
BroadComb6309,696,small_community,8
OwIts4AM,164,"interestingasfuck, Damnthatsinteresting, pics, mildlyinfuriating, facepalm",9
arst289,697,small_community,5
crack_cocain,698,small_community,2
AlfCarison,1525,"de, Studium, Finanzen, Ratschlag, germany",41
denfaina__,164,"interestingasfuck, Damnthatsinteresting, pics, mildlyinfuriating, facepalm",122
IntelligentGur9638,1601,"NoStupidQuestions, AskReddit, askswitzerland, AITAH, Switzerland",306
ElectronicCountry701,699,small_community,7
anprme,1601,"NoStupidQuestions, AskReddit, askswitzerland, AITAH, Switzerland",168
Reporte219,1601,"NoStupidQuestions, AskReddit, askswitzerland, AITAH, Switzerland",49
Relvind,164,"interestingasfuck, Damnthatsinteresting, pics, mildlyinfuriating, facepalm",18
Eggsy_x,700,small_community,3
Ok_Bat4262,701,small_community,4
MarsBoy_2,702,small_community,3
PhoebusAbel,1601,"NoStupidQuestions, AskReddit, askswitzerland, AITAH, Switzerland",288
Outrageous-Boot7092,1480,"csMajors, PhD, ApplyingToCollege, AskAcademia, gradadmissions",11
Careful-Tip9157,-1,unassigned,1
Infernality99,-1,unassigned,5
envyyeet,1480,"csMajors, PhD, ApplyingToCollege, AskAcademia, gradadmissions",19
BullyNGL,1559,"Universitaly, ItaliaPersonalFinance, CasualIT, Italia, ItaliaCareerAdvice",5
SeaworthinessPale733,703,small_community,2
probably_random,704,small_community,2
BaseCautious6799,-1,unassigned,2
TwoJarl7,705,small_community,3
New_Analyst1866,-1,unassigned,1
PreviousLeadership55,-1,unassigned,1
autizmisreel,706,small_community,5
Head-Pension3949,-1,unassigned,1
My-gel-is-leaking,707,small_community,6
Slingshot_42,1480,"csMajors, PhD, ApplyingToCollege, AskAcademia, gradadmissions",7
Ancient-Job-4911,708,small_community,35
RevolutionFull111,1480,"csMajors, PhD, ApplyingToCollege, AskAcademia, gradadmissions",5
freebullshitaccount,164,"interestingasfuck, Damnthatsinteresting, pics, mildlyinfuriating, facepalm",44
InspectorUnlikely595,164,"interestingasfuck, Damnthatsinteresting, pics, mildlyinfuriating, facepalm",42
HTMLator,709,small_community,4
ahmeddu26540,-1,unassigned,1
Successful_Elk_3011,710,small_community,8
wasserkonfetti,1601,"NoStupidQuestions, AskReddit, askswitzerland, AITAH, Switzerland",18
Entsche1dungsproblem,711,small_community,2
pelfet,1601,"NoStupidQuestions, AskReddit, askswitzerland, AITAH, Switzerland",65
Outrageous-Lake-2950,1480,"csMajors, PhD, ApplyingToCollege, AskAcademia, gradadmissions",71
Lumpy-Lock-5429,1601,"NoStupidQuestions, AskReddit, askswitzerland, AITAH, Switzerland",27
EvenPumpkinQQQ,-1,unassigned,1
Reasonable_Candle817,-1,unassigned,1
Phoenix-fn1zx,1559,"Universitaly, ItaliaPersonalFinance, CasualIT, Italia, ItaliaCareerAdvice",43
opensourceartwork,712,small_community,6
Specialist_Pop6500,713,small_community,2
Ok-Construction-6309,-1,unassigned,2
Ok-Mathematician1294,714,small_community,2
des_illusion,715,small_community,6
KeyFroyo1153,1480,"csMajors, PhD, ApplyingToCollege, AskAcademia, gradadmissions",5
AskLbm,-1,unassigned,1
CardiologistKlutzy39,716,small_community,5
Calugorron,1480,"csMajors, PhD, ApplyingToCollege, AskAcademia, gradadmissions",12
Excellent_Skin9697,1480,"csMajors, PhD, ApplyingToCollege, AskAcademia, gradadmissions",4
ImportanceKey5304,717,small_community,3
Realistic_Book_5713,-1,unassigned,1
Fri3ndlymushroom,718,small_community,10
SoZur,164,"interestingasfuck, Damnthatsinteresting, pics, mildlyinfuriating, facepalm",90
ubernion,-1,unassigned,1
Moist_Horror_7627,719,small_community,6
Hairyjoes,720,small_community,8
Legitimate_Gene8047,-1,unassigned,1
meagainstmyselff,1559,"Universitaly, ItaliaPersonalFinance, CasualIT, Italia, ItaliaCareerAdvice",15
kloodarmstium,721,small_community,8
Illustrious_List7717,1601,"NoStupidQuestions, AskReddit, askswitzerland, AITAH, Switzerland",10
Venomfenz,-1,unassigned,2
nerdie16,722,small_community,2
Zestyclose-Ad-4383,-1,unassigned,2
pang-zorgon,1601,"NoStupidQuestions, AskReddit, askswitzerland, AITAH, Switzerland",53
SeltenerPeter,1525,"de, Studium, Finanzen, Ratschlag, germany",8
General_T42,723,small_community,5
BenchExpress8242,1601,"NoStupidQuestions, AskReddit, askswitzerland, AITAH, Switzerland",23
sweet_selection_1996,1601,"NoStupidQuestions, AskReddit, askswitzerland, AITAH, Switzerland",66
genauerstrasse,724,small_community,3
_urmumlol_,1480,"csMajors, PhD, ApplyingToCollege, AskAcademia, gradadmissions",4
Zoesan,164,"interestingasfuck, Damnthatsinteresting, pics, mildlyinfuriating, facepalm",149
Mission-Mushroom902,725,small_community,5
kushkus,-1,unassigned,1
Professional_boffin,1480,"csMajors, PhD, ApplyingToCollege, AskAcademia, gradadmissions",7
studyharrrrrrrrd,-1,unassigned,1
ConsequenceOk3058,726,small_community,4
Deciperer,-1,unassigned,1
Automatic_Dirt7305,-1,unassigned,1
jenisurgod,-1,unassigned,1
MustBeNiceToBeHappy,1525,"de, Studium, Finanzen, Ratschlag, germany",110
Btrabus,727,small_community,11
Due-Level1978,728,small_community,3
egbreo,729,small_community,3
TheRedditofJaming,-1,unassigned,1
Bitkoneeeeect,-1,unassigned,1
Sciencescience_1,164,"interestingasfuck, Damnthatsinteresting, pics, mildlyinfuriating, facepalm",35
Emergency-Horse6928,730,small_community,7
StatisticianBusy5416,1480,"csMajors, PhD, ApplyingToCollege, AskAcademia, gradadmissions",5
In_Zyzz_We_Trust,1480,"csMajors, PhD, ApplyingToCollege, AskAcademia, gradadmissions",14
shirogeek,731,small_community,12
Master-Self-6760,1525,"de, Studium, Finanzen, Ratschlag, germany",21
AdCalm9578,1525,"de, Studium, Finanzen, Ratschlag, germany",24
skinnyangeldream,-1,unassigned,3
InsuranceHonest2230,732,small_community,3
Full_Patience5734,1480,"csMajors, PhD, ApplyingToCollege, AskAcademia, gradadmissions",17
bippingtevers,-1,unassigned,8
Tom1380,1480,"csMajors, PhD, ApplyingToCollege, AskAcademia, gradadmissions",169
Alkeryn,164,"interestingasfuck, Damnthatsinteresting, pics, mildlyinfuriating, facepalm",175
Lucky_Lettuce5384,733,small_community,3
CharlieLee666,1480,"csMajors, PhD, ApplyingToCollege, AskAcademia, gradadmissions",15
PreviousSteak8901,-1,unassigned,1
blupilobup,734,small_community,6
FaithlessnessFair682,-1,unassigned,1
Ashamed_Baker_3568,735,small_community,9
MTG_Lukas,736,small_community,2
ondasboy1,1480,"csMajors, PhD, ApplyingToCollege, AskAcademia, gradadmissions",11
giantZorg,1480,"csMajors, PhD, ApplyingToCollege, AskAcademia, gradadmissions",26
deuduze,737,small_community,7
Significance-Far,738,small_community,4
dwaiix,-1,unassigned,1
Upset_Appointment_89,739,small_community,2
Ashamed-Simple-8303,164,"interestingasfuck, Damnthatsinteresting, pics, mildlyinfuriating, facepalm",57
Shanilkagimhan,1480,"csMajors, PhD, ApplyingToCollege, AskAcademia, gradadmissions",15
mmmmmmmmmkm,740,small_community,5
HeaterPieter,-1,unassigned,1
Ale_cra,-1,unassigned,1
Accomplished_Base532,-1,unassigned,2
cocktailcock,-1,unassigned,1
Niduck,1480,"csMajors, PhD, ApplyingToCollege, AskAcademia, gradadmissions",34
Severe-Beach-2585,-1,unassigned,1
Ok_Abbreviations7805,1480,"csMajors, PhD, ApplyingToCollege, AskAcademia, gradadmissions",4
Kaze027,-1,unassigned,1
MedYog-6262,-1,unassigned,2
tiderborse,-1,unassigned,15
Visual_Ordinary9826,-1,unassigned,4
Beach_Outrageous,1480,"csMajors, PhD, ApplyingToCollege, AskAcademia, gradadmissions",5
Frequent_Ad8876,741,small_community,2
Any-Cause-374,164,"interestingasfuck, Damnthatsinteresting, pics, mildlyinfuriating, facepalm",254
Street-Passenger8497,1480,"csMajors, PhD, ApplyingToCollege, AskAcademia, gradadmissions",10
flexseason,-1,unassigned,1
LeopardSuspicious432,-1,unassigned,1
iDhanushReddy,-1,unassigned,3
LeBronTheGreatest31,742,small_community,8
GlobalTumbleweed8872,-1,unassigned,1
No_Pop8531,743,small_community,2
MrCreator1002,744,small_community,2
nilbiescas3,-1,unassigned,1
Whole_Entrance7619,745,small_community,3
slramuu,746,small_community,2
askforward,747,small_community,6
Brilliant_Basil1787,1480,"csMajors, PhD, ApplyingToCollege, AskAcademia, gradadmissions",10
Interesting-Dance911,748,small_community,3
Strong_Individual223,749,small_community,3
harryf,164,"interestingasfuck, Damnthatsinteresting, pics, mildlyinfuriating, facepalm",21
Memory4468,1480,"csMajors, PhD, ApplyingToCollege, AskAcademia, gradadmissions",25
RandQuantumMechanic,1480,"csMajors, PhD, ApplyingToCollege, AskAcademia, gradadmissions",6
Firm-Canary-1438,1480,"csMajors, PhD, ApplyingToCollege, AskAcademia, gradadmissions",11
Additional-Ad-1021,1601,"NoStupidQuestions, AskReddit, askswitzerland, AITAH, Switzerland",52
Simple-Seaweed7072,-1,unassigned,1
Miserable-Pea-472,-1,unassigned,1
Majestic_Sail7094,-1,unassigned,1
enomostar,-1,unassigned,1
mog-thesify,1480,"csMajors, PhD, ApplyingToCollege, AskAcademia, gradadmissions",25
chevyymontecarlo,1601,"NoStupidQuestions, AskReddit, askswitzerland, AITAH, Switzerland",25
ZealousidealEnd8841,-1,unassigned,3
Leading_Might_6391,-1,unassigned,2
timebandit456,-1,unassigned,1
monti2510,1480,"csMajors, PhD, ApplyingToCollege, AskAcademia, gradadmissions",6
Consistent_Vehicle88,750,small_community,2
Glopatchwork,1601,"NoStupidQuestions, AskReddit, askswitzerland, AITAH, Switzerland",17
Female_Silverback,1601,"NoStupidQuestions, AskReddit, askswitzerland, AITAH, Switzerland",18
DjHengel07,751,small_community,2
Maximum-Duck2721,-1,unassigned,1
hazelnussibus,164,"interestingasfuck, Damnthatsinteresting, pics, mildlyinfuriating, facepalm",19
spread_those_flaps,1480,"csMajors, PhD, ApplyingToCollege, AskAcademia, gradadmissions",50
Great_Director_3280,-1,unassigned,1
SvrT_3108,1480,"csMajors, PhD, ApplyingToCollege, AskAcademia, gradadmissions",58
Stranger_Dude__,752,small_community,9
OhioDeez44,1480,"csMajors, PhD, ApplyingToCollege, AskAcademia, gradadmissions",81
matchy233,1480,"csMajors, PhD, ApplyingToCollege, AskAcademia, gradadmissions",6
Solaire2991843,-1,unassigned,1
np-heart,-1,unassigned,1
Odd_Jellyfish_5710,1480,"csMajors, PhD, ApplyingToCollege, AskAcademia, gradadmissions",22
skeleton_dancer,753,small_community,8
ReturnWonderful376,-1,unassigned,1
c1u5t3r,1480,"csMajors, PhD, ApplyingToCollege, AskAcademia, gradadmissions",29
kuzzzmina_,1480,"csMajors, PhD, ApplyingToCollege, AskAcademia, gradadmissions",4
Mathemagician218,-1,unassigned,1
zgjs24,1480,"csMajors, PhD, ApplyingToCollege, AskAcademia, gradadmissions",9
Striking-Bank-5760,1559,"Universitaly, ItaliaPersonalFinance, CasualIT, Italia, ItaliaCareerAdvice",22
exp-multicast,754,small_community,3
Hopeful-Caregiver-47,-1,unassigned,2
_hat_fish_,755,small_community,3
RiseWarm,1480,"csMajors, PhD, ApplyingToCollege, AskAcademia, gradadmissions",26
quanganh9900,1480,"csMajors, PhD, ApplyingToCollege, AskAcademia, gradadmissions",25
siriusserious,1525,"de, Studium, Finanzen, Ratschlag, germany",172
SilverDouble7043,756,small_community,3
Shompen,-1,unassigned,1
junkfood113,-1,unassigned,3
Adel_Mustafa,1480,"csMajors, PhD, ApplyingToCollege, AskAcademia, gradadmissions",18
Easy-Explanation1338,1480,"csMajors, PhD, ApplyingToCollege, AskAcademia, gradadmissions",11
Mankus,164,"interestingasfuck, Damnthatsinteresting, pics, mildlyinfuriating, facepalm",11
Lyssa_Lud,1480,"csMajors, PhD, ApplyingToCollege, AskAcademia, gradadmissions",19
badboi86ij99,1480,"csMajors, PhD, ApplyingToCollege, AskAcademia, gradadmissions",81
OkLawfulness9224,-1,unassigned,1
Loki_is_alive,757,small_community,11
Interesting-Bit6448,758,small_community,2
Relative_Produce6759,-1,unassigned,1
Head-Excitement-1396,-1,unassigned,1
Itchy_Muscle_9429,1480,"csMajors, PhD, ApplyingToCollege, AskAcademia, gradadmissions",44
Emanuele_18,-1,unassigned,2
jmesfin,759,small_community,2
Public_Leadership_14,1525,"de, Studium, Finanzen, Ratschlag, germany",9
Foreign-Gap-3283,760,small_community,5
Electronic_Garlic600,1480,"csMajors, PhD, ApplyingToCollege, AskAcademia, gradadmissions",10
Kiloiki,1601,"NoStupidQuestions, AskReddit, askswitzerland, AITAH, Switzerland",28
Connect-Speech-7694,761,small_community,3
MalkoZai4e,-1,unassigned,1
Feeling-Award6976,1480,"csMajors, PhD, ApplyingToCollege, AskAcademia, gradadmissions",11
BranchAble2648,1525,"de, Studium, Finanzen, Ratschlag, germany",52
Routine-Animator-774,-1,unassigned,1
Sure-Chocolate-2946,762,small_community,2
Nlck0li,164,"interestingasfuck, Damnthatsinteresting, pics, mildlyinfuriating, facepalm",9
Amslae,-1,unassigned,1
ReporterWooden3441,763,small_community,9
png-dude,-1,unassigned,1
Noblicke61,1480,"csMajors, PhD, ApplyingToCollege, AskAcademia, gradadmissions",19
Chemical_Freedom_227,1480,"csMajors, PhD, ApplyingToCollege, AskAcademia, gradadmissions",56
Rakru84,164,"interestingasfuck, Damnthatsinteresting, pics, mildlyinfuriating, facepalm",21
bub1q,164,"interestingasfuck, Damnthatsinteresting, pics, mildlyinfuriating, facepalm",23
TomPistola,1480,"csMajors, PhD, ApplyingToCollege, AskAcademia, gradadmissions",4
rj380,1601,"NoStupidQuestions, AskReddit, askswitzerland, AITAH, Switzerland",14
SegfaultSensei,1480,"csMajors, PhD, ApplyingToCollege, AskAcademia, gradadmissions",29
LightQueasy895,1601,"NoStupidQuestions, AskReddit, askswitzerland, AITAH, Switzerland",67
Cultural_Result1317,164,"interestingasfuck, Damnthatsinteresting, pics, mildlyinfuriating, facepalm",91
-hexie-,764,small_community,4
moniblm108,-1,unassigned,1
MedicalPrinciple5042,765,small_community,2
wild_brocoli37,1601,"NoStupidQuestions, AskReddit, askswitzerland, AITAH, Switzerland",17
Tall_Computer_4050,-1,unassigned,1
Ok_Garage_683,1525,"de, Studium, Finanzen, Ratschlag, germany",25
Bitter_Serve4680,-1,unassigned,5
sccy1,1480,"csMajors, PhD, ApplyingToCollege, AskAcademia, gradadmissions",21
Patient-Movie231,766,small_community,2
Asiansugarbabygpt,1480,"csMajors, PhD, ApplyingToCollege, AskAcademia, gradadmissions",6
RelationshipLevel129,767,small_community,3
Fun_Local800,768,small_community,3
carmichaelthe3rd,164,"interestingasfuck, Damnthatsinteresting, pics, mildlyinfuriating, facepalm",89
codeviser,1480,"csMajors, PhD, ApplyingToCollege, AskAcademia, gradadmissions",11
RepulsiveDonkey739,1480,"csMajors, PhD, ApplyingToCollege, AskAcademia, gradadmissions",7
hohenheim5678,769,small_community,7
Crafter1515,1480,"csMajors, PhD, ApplyingToCollege, AskAcademia, gradadmissions",13
soviet-seneca,770,small_community,4
Independent-Lynx-671,771,small_community,2
EatThatPotato,164,"interestingasfuck, Damnthatsinteresting, pics, mildlyinfuriating, facepalm",114
5amorhqn,-1,unassigned,2
Straight_Turnip7056,1601,"NoStupidQuestions, AskReddit, askswitzerland, AITAH, Switzerland",68
Lontschie,1601,"NoStupidQuestions, AskReddit, askswitzerland, AITAH, Switzerland",10
HonkHonk05,1480,"csMajors, PhD, ApplyingToCollege, AskAcademia, gradadmissions",10
PQTRIOT88,-1,unassigned,1
Competitive-Cup-6309,772,small_community,2
AlphaQ-14,-1,unassigned,2
iatamajira,-1,unassigned,1
ThorusBonus,164,"interestingasfuck, Damnthatsinteresting, pics, mildlyinfuriating, facepalm",35
_saem_,1525,"de, Studium, Finanzen, Ratschlag, germany",32
heresacorrection,1480,"csMajors, PhD, ApplyingToCollege, AskAcademia, gradadmissions",28
ExplorerGlad168,-1,unassigned,3
RycinCZ,1480,"csMajors, PhD, ApplyingToCollege, AskAcademia, gradadmissions",7
multiversal-citizen,1601,"NoStupidQuestions, AskReddit, askswitzerland, AITAH, Switzerland",11
SmartBeagle,1480,"csMajors, PhD, ApplyingToCollege, AskAcademia, gradadmissions",7
Rodudu,-1,unassigned,2
unga_bunga520,1480,"csMajors, PhD, ApplyingToCollege, AskAcademia, gradadmissions",41
Bitter_Pineapple_720,1480,"csMajors, PhD, ApplyingToCollege, AskAcademia, gradadmissions",29
cauchymeanvalue,1601,"NoStupidQuestions, AskReddit, askswitzerland, AITAH, Switzerland",17
PLS_SEND_TRAIN_PICS,1601,"NoStupidQuestions, AskReddit, askswitzerland, AITAH, Switzerland",13
-Tobito,164,"interestingasfuck, Damnthatsinteresting, pics, mildlyinfuriating, facepalm",5
National_Traffic252,-1,unassigned,1
mercykanaiza,773,small_community,9
CreamedCrackered,-1,unassigned,1
Sorcumalot,774,small_community,2
Haunting_Nail985,-1,unassigned,2
DrNio1313,775,small_community,3
Fun_Helicopter5785,-1,unassigned,1
Anonymous234910,164,"interestingasfuck, Damnthatsinteresting, pics, mildlyinfuriating, facepalm",9
Upper-State-1003,1480,"csMajors, PhD, ApplyingToCollege, AskAcademia, gradadmissions",38
chewie_42,1559,"Universitaly, ItaliaPersonalFinance, CasualIT, Italia, ItaliaCareerAdvice",18
LowAcanthocephala448,-1,unassigned,1
Time-Measurement-778,776,small_community,4
NovikovMorseHorse,1480,"csMajors, PhD, ApplyingToCollege, AskAcademia, gradadmissions",6
KATCHAW9,777,small_community,8
nicolamuttoni,-1,unassigned,2
pay_of_my_credit,-1,unassigned,1
SaltyFish69,-1,unassigned,7
hciruzhte,-1,unassigned,1
flowtuz,1525,"de, Studium, Finanzen, Ratschlag, germany",29
Tatay_17,1601,"NoStupidQuestions, AskReddit, askswitzerland, AITAH, Switzerland",20
elia_bluelle,-1,unassigned,1
Lower_Fig_3085,1525,"de, Studium, Finanzen, Ratschlag, germany",17
SMTP2024,1480,"csMajors, PhD, ApplyingToCollege, AskAcademia, gradadmissions",66
PJannis,778,small_community,3
Emergency_Coffee_829,779,small_community,5
Chemist-Nerd,1480,"csMajors, PhD, ApplyingToCollege, AskAcademia, gradadmissions",22
Henzo26,164,"interestingasfuck, Damnthatsinteresting, pics, mildlyinfuriating, facepalm",25
Shoggyhaze,780,small_community,3
Acrobatic-Giraffe-65,1525,"de, Studium, Finanzen, Ratschlag, germany",20
PPTTRRKK,1601,"NoStupidQuestions, AskReddit, askswitzerland, AITAH, Switzerland",37
Stan-stanman17,-1,unassigned,1
SirDrystan,781,small_community,5
Fndundai,782,small_community,8
Purpose_roam,1601,"NoStupidQuestions, AskReddit, askswitzerland, AITAH, Switzerland",19
Hour-Hope7559,1601,"NoStupidQuestions, AskReddit, askswitzerland, AITAH, Switzerland",6
nanotechmama,1601,"NoStupidQuestions, AskReddit, askswitzerland, AITAH, Switzerland",34
Castles_Caves,783,small_community,5
Tight_Guidance_5597,-1,unassigned,1
Petingo,1559,"Universitaly, ItaliaPersonalFinance, CasualIT, Italia, ItaliaCareerAdvice",8
zonamoroza,1480,"csMajors, PhD, ApplyingToCollege, AskAcademia, gradadmissions",15
IllustriousBit2033,-1,unassigned,1
scrapyscrape,784,small_community,3
Plane_Space_1635,785,small_community,4
java-the-alien,786,small_community,2
CryptographerVast379,787,small_community,5
-name-user-,164,"interestingasfuck, Damnthatsinteresting, pics, mildlyinfuriating, facepalm",104
xinn-6153,-1,unassigned,2
lemonadexpert,788,small_community,7
ConsistentMessage547,1601,"NoStupidQuestions, AskReddit, askswitzerland, AITAH, Switzerland",7
Open_Ad_8599,789,small_community,10
Dipak1337,1601,"NoStupidQuestions, AskReddit, askswitzerland, AITAH, Switzerland",17
splishsplashdrop,790,small_community,7
MehImages,164,"interestingasfuck, Damnthatsinteresting, pics, mildlyinfuriating, facepalm",672
Much_Philosophy9946,791,small_community,5
Skejdisisiwuej,1480,"csMajors, PhD, ApplyingToCollege, AskAcademia, gradadmissions",38
TwoAffectionate2965,1480,"csMajors, PhD, ApplyingToCollege, AskAcademia, gradadmissions",32
archiebirtles0,1480,"csMajors, PhD, ApplyingToCollege, AskAcademia, gradadmissions",7
Perun01,792,small_community,5
Double_Wishbone_1932,1480,"csMajors, PhD, ApplyingToCollege, AskAcademia, gradadmissions",19
intrepidlady97,793,small_community,7
Stuff_I_Made,1525,"de, Studium, Finanzen, Ratschlag, germany",91
fifibg,794,small_community,6
brateboi,795,small_community,4
CranberrySodaWater,-1,unassigned,1
Ciridussy,164,"interestingasfuck, Damnthatsinteresting, pics, mildlyinfuriating, facepalm",54
back-stabbath,164,"interestingasfuck, Damnthatsinteresting, pics, mildlyinfuriating, facepalm",10
Swimming_Ride_1143,796,small_community,3
Alternative-Fact6209,164,"interestingasfuck, Damnthatsinteresting, pics, mildlyinfuriating, facepalm",16
aramkrat,164,"interestingasfuck, Damnthatsinteresting, pics, mildlyinfuriating, facepalm",30
OpeningPilot700,-1,unassigned,1
ComprehensiveType907,1525,"de, Studium, Finanzen, Ratschlag, germany",9
PaneSborraSalsiccia,1559,"Universitaly, ItaliaPersonalFinance, CasualIT, Italia, ItaliaCareerAdvice",22
gurji123,797,small_community,10
paaaaattttttt,1559,"Universitaly, ItaliaPersonalFinance, CasualIT, Italia, ItaliaCareerAdvice",8
UC-Cali05,798,small_community,2
Diarrhea-Spritz,799,small_community,7
knicksinfo,-1,unassigned,2
zoe_tinytoes03,-1,unassigned,2
junionpect1,1525,"de, Studium, Finanzen, Ratschlag, germany",10
Safe-Heron-195,1480,"csMajors, PhD, ApplyingToCollege, AskAcademia, gradadmissions",24
2colombia4u,800,small_community,19
Not_Voyeur,801,small_community,7
Few-Salary-409,-1,unassigned,1
Complete-Morning4179,164,"interestingasfuck, Damnthatsinteresting, pics, mildlyinfuriating, facepalm",11
thottlieb,-1,unassigned,1
Pandaaorta,-1,unassigned,1
Bad-Gloomy,1480,"csMajors, PhD, ApplyingToCollege, AskAcademia, gradadmissions",10
Unlucky-Increase-732,-1,unassigned,1
txmxzzx,-1,unassigned,1
gary_cooper_01,-1,unassigned,1
VeterinarianTight102,-1,unassigned,1
Ok_Night3075,1480,"csMajors, PhD, ApplyingToCollege, AskAcademia, gradadmissions",13
goldfischglas79,802,small_community,6
ilikethelettery,164,"interestingasfuck, Damnthatsinteresting, pics, mildlyinfuriating, facepalm",14
procrastomaster,1480,"csMajors, PhD, ApplyingToCollege, AskAcademia, gradadmissions",15
Adorable_Position_34,803,small_community,4
abe_girl77,-1,unassigned,1
walter3white,804,small_community,3
csman86,805,small_community,8
daniele_danielo,1480,"csMajors, PhD, ApplyingToCollege, AskAcademia, gradadmissions",10
inkognitro90,1601,"NoStupidQuestions, AskReddit, askswitzerland, AITAH, Switzerland",22
14372_Ritabrata,806,small_community,4
Xentoxus,1525,"de, Studium, Finanzen, Ratschlag, germany",7
Puzzleheaded-Ad-4817,-1,unassigned,1
andrea,-1,unassigned,1
Equal_Many_6750,1525,"de, Studium, Finanzen, Ratschlag, germany",24
cozy_mike,807,small_community,3
bfnflflknn,-1,unassigned,1
yungSturrr,-1,unassigned,1
Eastern-Cause-7762,-1,unassigned,1
This_One_Guy2,164,"interestingasfuck, Damnthatsinteresting, pics, mildlyinfuriating, facepalm",33
ApprehensiveInside13,1601,"NoStupidQuestions, AskReddit, askswitzerland, AITAH, Switzerland",63
maybeincoherent,808,small_community,4
zieglas258,-1,unassigned,1
Reactive-Battery,1525,"de, Studium, Finanzen, Ratschlag, germany",15
czee96,809,small_community,10
ltsaNewDay,1525,"de, Studium, Finanzen, Ratschlag, germany",44
PintoCH,810,small_community,2
Drive_on_mulholland,-1,unassigned,1
lelezorm,1480,"csMajors, PhD, ApplyingToCollege, AskAcademia, gradadmissions",10
GoldenKiwi69,811,small_community,2
OkWaltz4307,-1,unassigned,1
urgent-lost,1480,"csMajors, PhD, ApplyingToCollege, AskAcademia, gradadmissions",34
michu050696,812,small_community,3
rzaytsev,813,small_community,5
disciples_of_Seitan,164,"interestingasfuck, Damnthatsinteresting, pics, mildlyinfuriating, facepalm",21
Remote_Magician_5448,814,small_community,9
Grand_Expert_1278,1480,"csMajors, PhD, ApplyingToCollege, AskAcademia, gradadmissions",8
cztian1990,-1,unassigned,1
Stats_are_hard,164,"interestingasfuck, Damnthatsinteresting, pics, mildlyinfuriating, facepalm",27
flammkuch,815,small_community,6
kingb134p,816,small_community,3
t0t0zenerd,1601,"NoStupidQuestions, AskReddit, askswitzerland, AITAH, Switzerland",46
agil7717,-1,unassigned,1
winstonchurchilloffi,-1,unassigned,2
Ok-Pattern-9588,817,small_community,3
mrahab100,164,"interestingasfuck, Damnthatsinteresting, pics, mildlyinfuriating, facepalm",62
k1234567m,-1,unassigned,1
Cumburucum,818,small_community,2
tobisaurier,1480,"csMajors, PhD, ApplyingToCollege, AskAcademia, gradadmissions",6
ArmadaLimmat,1601,"NoStupidQuestions, AskReddit, askswitzerland, AITAH, Switzerland",14
barfbutler,164,"interestingasfuck, Damnthatsinteresting, pics, mildlyinfuriating, facepalm",335
Odd_Instruction_1440,819,small_community,3
Difficult_Bar_3827,-1,unassigned,1
astkaera_ylhyra,1525,"de, Studium, Finanzen, Ratschlag, germany",87
tojig,164,"interestingasfuck, Damnthatsinteresting, pics, mildlyinfuriating, facepalm",55
Gghg625,820,small_community,5
Technical_Spell2870,1601,"NoStupidQuestions, AskReddit, askswitzerland, AITAH, Switzerland",9
Tall-Touch-9964,-1,unassigned,1
Jaeger-Eren69,1480,"csMajors, PhD, ApplyingToCollege, AskAcademia, gradadmissions",8
cavallo_impazzito,1559,"Universitaly, ItaliaPersonalFinance, CasualIT, Italia, ItaliaCareerAdvice",14
fkb089,1525,"de, Studium, Finanzen, Ratschlag, germany",38
ElonMask123,164,"interestingasfuck, Damnthatsinteresting, pics, mildlyinfuriating, facepalm",12
LuoBiDaFaZeWeiDa,164,"interestingasfuck, Damnthatsinteresting, pics, mildlyinfuriating, facepalm",64
zacyivk,821,small_community,5
Redouantoukani,822,small_community,4
Banana_with_benefits,164,"interestingasfuck, Damnthatsinteresting, pics, mildlyinfuriating, facepalm",13
-_-_-_JOKER_-_-_-,823,small_community,6
Dear_Duty_1893,164,"interestingasfuck, Damnthatsinteresting, pics, mildlyinfuriating, facepalm",110
Weirdoonline42,824,small_community,2
Boring_Focus_9710,164,"interestingasfuck, Damnthatsinteresting, pics, mildlyinfuriating, facepalm",16
Plastic-Kitchen3689,-1,unassigned,5
CranberryKindly8432,825,small_community,3
CHKiri,1525,"de, Studium, Finanzen, Ratschlag, germany",19
KaleidoscopeApart802,826,small_community,3
Imaginary_Emotion_24,-1,unassigned,3
yikem_606,-1,unassigned,1
Poodina,164,"interestingasfuck, Damnthatsinteresting, pics, mildlyinfuriating, facepalm",131
Longjumping-Welder62,164,"interestingasfuck, Damnthatsinteresting, pics, mildlyinfuriating, facepalm",38
No_Radio_9062,-1,unassigned,1
Dave_1412,827,small_community,5
meancream_ow,1525,"de, Studium, Finanzen, Ratschlag, germany",9
ETHEREVM,164,"interestingasfuck, Damnthatsinteresting, pics, mildlyinfuriating, facepalm",57
haverkla,-1,unassigned,1
RemindMeBot,1480,"csMajors, PhD, ApplyingToCollege, AskAcademia, gradadmissions",35845
FastLegEnte,828,small_community,5
Coolmargarita,829,small_community,8
phystrol,1480,"csMajors, PhD, ApplyingToCollege, AskAcademia, gradadmissions",32
700iholleh,164,"interestingasfuck, Damnthatsinteresting, pics, mildlyinfuriating, facepalm",36
skolemiz,830,small_community,12
Adventurous_End_8227,1480,"csMajors, PhD, ApplyingToCollege, AskAcademia, gradadmissions",18
Wise-Newspaper7926,-1,unassigned,1
Alexx_FF,164,"interestingasfuck, Damnthatsinteresting, pics, mildlyinfuriating, facepalm",50
okiharaherbst,1601,"NoStupidQuestions, AskReddit, askswitzerland, AITAH, Switzerland",21
steromez,-1,unassigned,3
Positive-Crab00,831,small_community,4
NYCooookie,832,small_community,3
opopoca,1601,"NoStupidQuestions, AskReddit, askswitzerland, AITAH, Switzerland",16
gorkia,833,small_community,2
Wide-Run6554,-1,unassigned,1
Suspicious-Form8724,834,small_community,2
chemape876,164,"interestingasfuck, Damnthatsinteresting, pics, mildlyinfuriating, facepalm",120
Distorted-Nick,835,small_community,3
Shofield41610,-1,unassigned,1
Ok_Trifle_3863,-1,unassigned,1
cyao12,164,"interestingasfuck, Damnthatsinteresting, pics, mildlyinfuriating, facepalm",29
Broad-Acanthisitta17,-1,unassigned,1
NotableSenior,-1,unassigned,1
CannibalEmpire,164,"interestingasfuck, Damnthatsinteresting, pics, mildlyinfuriating, facepalm",25
Which_Guess_2429,1601,"NoStupidQuestions, AskReddit, askswitzerland, AITAH, Switzerland",17
Every_County4301,836,small_community,5
CriticismMaximum7993,-1,unassigned,1
ilovejesus1234,1480,"csMajors, PhD, ApplyingToCollege, AskAcademia, gradadmissions",32
aetdotcom,-1,unassigned,1
Geekwalker374,1480,"csMajors, PhD, ApplyingToCollege, AskAcademia, gradadmissions",117
Electronic_Sink26,837,small_community,3
Mysterious_Tax_1226,-1,unassigned,1
Carluskk,1480,"csMajors, PhD, ApplyingToCollege, AskAcademia, gradadmissions",4
rokietrap,-1,unassigned,1
ShrimpBunny,-1,unassigned,1
Hot_Cattle8579,1601,"NoStupidQuestions, AskReddit, askswitzerland, AITAH, Switzerland",65
Bubbletea02,-1,unassigned,1
evian_water,164,"interestingasfuck, Damnthatsinteresting, pics, mildlyinfuriating, facepalm",23
lookatyou23,838,small_community,2
Ok_Nail7169,839,small_community,3
OldSeries256,1480,"csMajors, PhD, ApplyingToCollege, AskAcademia, gradadmissions",6
lazy_warlord,1480,"csMajors, PhD, ApplyingToCollege, AskAcademia, gradadmissions",17
zhsrd,840,small_community,5
NaturalAd4151,1480,"csMajors, PhD, ApplyingToCollege, AskAcademia, gradadmissions",9
pup_k,841,small_community,2
LargeFalcon2675,-1,unassigned,5
Quixiote,842,small_community,7
DreamBussyBoi,164,"interestingasfuck, Damnthatsinteresting, pics, mildlyinfuriating, facepalm",47
HeftyBreakfast1631,1559,"Universitaly, ItaliaPersonalFinance, CasualIT, Italia, ItaliaCareerAdvice",34
QuArKzzz01,1480,"csMajors, PhD, ApplyingToCollege, AskAcademia, gradadmissions",99
oaschlurch,1525,"de, Studium, Finanzen, Ratschlag, germany",14
sakuragaoka2001,843,small_community,5
No-Fill9172,844,small_community,2
Jeffery_113,845,small_community,2
yassin_01_,1525,"de, Studium, Finanzen, Ratschlag, germany",72
Empty_Definition4520,-1,unassigned,1
Careless_Chemist_997,-1,unassigned,1
Vashym,846,small_community,4
Puzzleheaded_Sail729,1480,"csMajors, PhD, ApplyingToCollege, AskAcademia, gradadmissions",77
Candid_Atmosphere148,-1,unassigned,1
mr_fin3man,-1,unassigned,1
BlessedBladeOfCut,-1,unassigned,1
Apprehensive_Arm_493,1601,"NoStupidQuestions, AskReddit, askswitzerland, AITAH, Switzerland",6
Confident_Bug_1833,1601,"NoStupidQuestions, AskReddit, askswitzerland, AITAH, Switzerland",19
Old_Acanthocephala75,1480,"csMajors, PhD, ApplyingToCollege, AskAcademia, gradadmissions",25
jfolzy,-1,unassigned,2
Hot_Construction7690,847,small_community,4
Background-Pin3960,1480,"csMajors, PhD, ApplyingToCollege, AskAcademia, gradadmissions",94
AskDecent4630,-1,unassigned,1
BigMountain546,-1,unassigned,2
OkEconomy9512,848,small_community,2
10nosaure,849,small_community,3
boredDODO,1480,"csMajors, PhD, ApplyingToCollege, AskAcademia, gradadmissions",63
Left_Studio_7022,1480,"csMajors, PhD, ApplyingToCollege, AskAcademia, gradadmissions",5
Ok-Head8238,-1,unassigned,7
Droid_CC5,-1,unassigned,3
carb0nyl3,164,"interestingasfuck, Damnthatsinteresting, pics, mildlyinfuriating, facepalm",75
Impossible_Union4049,1480,"csMajors, PhD, ApplyingToCollege, AskAcademia, gradadmissions",17
vavavas,-1,unassigned,1
mygrannyhascancer,1601,"NoStupidQuestions, AskReddit, askswitzerland, AITAH, Switzerland",41
NameofMineisThisOne,850,small_community,3
just_alfa,-1,unassigned,2
Bitter-Run-6205,-1,unassigned,6
mildm1nd,1480,"csMajors, PhD, ApplyingToCollege, AskAcademia, gradadmissions",4
Fearless-Car9206,851,small_community,2
Smart_Rooster_9687,1525,"de, Studium, Finanzen, Ratschlag, germany",21
MundaneAdeptness4024,852,small_community,8
tradbeg,-1,unassigned,1
taenyfan95,1480,"csMajors, PhD, ApplyingToCollege, AskAcademia, gradadmissions",32
faboo811,853,small_community,3
thenakednucleus,1525,"de, Studium, Finanzen, Ratschlag, germany",70
marin246,854,small_community,3
Excellent_Tourist980,1601,"NoStupidQuestions, AskReddit, askswitzerland, AITAH, Switzerland",26
Weird_Internal9607,1601,"NoStupidQuestions, AskReddit, askswitzerland, AITAH, Switzerland",24
RipParty6055,1480,"csMajors, PhD, ApplyingToCollege, AskAcademia, gradadmissions",8
ica94,164,"interestingasfuck, Damnthatsinteresting, pics, mildlyinfuriating, facepalm",61
Remarkable-Minute171,1480,"csMajors, PhD, ApplyingToCollege, AskAcademia, gradadmissions",5
twm2718,855,small_community,3
Intrepid_Map_6540,1480,"csMajors, PhD, ApplyingToCollege, AskAcademia, gradadmissions",18
Gragy_0,1480,"csMajors, PhD, ApplyingToCollege, AskAcademia, gradadmissions",11
Soldann,-1,unassigned,1
Consistent-Piglet695,856,small_community,2
East-Ad5173,1601,"NoStupidQuestions, AskReddit, askswitzerland, AITAH, Switzerland",58
Atalantius,164,"interestingasfuck, Damnthatsinteresting, pics, mildlyinfuriating, facepalm",96
zambaros,1601,"NoStupidQuestions, AskReddit, askswitzerland, AITAH, Switzerland",53
5Lick,1480,"csMajors, PhD, ApplyingToCollege, AskAcademia, gradadmissions",36
RelevantAgency7979,857,small_community,2
Patient-Winter2719,858,small_community,5
nobblebox,164,"interestingasfuck, Damnthatsinteresting, pics, mildlyinfuriating, facepalm",9
serialkiller03,1480,"csMajors, PhD, ApplyingToCollege, AskAcademia, gradadmissions",9
Emergency-Month967,859,small_community,13
Focus-Proof,1559,"Universitaly, ItaliaPersonalFinance, CasualIT, Italia, ItaliaCareerAdvice",16
der-wixer,1480,"csMajors, PhD, ApplyingToCollege, AskAcademia, gradadmissions",22
Fickle-Card-7617,-1,unassigned,1
Tired_science_gal_61,860,small_community,4
complexJoey,164,"interestingasfuck, Damnthatsinteresting, pics, mildlyinfuriating, facepalm",23
giacomomaggiore,861,small_community,4
nomadkomo,1525,"de, Studium, Finanzen, Ratschlag, germany",17
Viking_Chemist,1525,"de, Studium, Finanzen, Ratschlag, germany",34
Dry-Abbreviations-92,862,small_community,7
Lemon-Federal,1480,"csMajors, PhD, ApplyingToCollege, AskAcademia, gradadmissions",12
Different_Scholar548,1480,"csMajors, PhD, ApplyingToCollege, AskAcademia, gradadmissions",30
lilordeo,1601,"NoStupidQuestions, AskReddit, askswitzerland, AITAH, Switzerland",49
MahoneyTree,-1,unassigned,9
fcgjgjdfjdahdjfddg,863,small_community,2
tpauss,1480,"csMajors, PhD, ApplyingToCollege, AskAcademia, gradadmissions",8
donutfruit,864,small_community,12
rather_pass_by,1601,"NoStupidQuestions, AskReddit, askswitzerland, AITAH, Switzerland",33
Happy-Apartment9829,865,small_community,2
__D3U5__,866,small_community,6
flute-man,1480,"csMajors, PhD, ApplyingToCollege, AskAcademia, gradadmissions",11
_bluelemon,-1,unassigned,3
MajesticCow9622,1480,"csMajors, PhD, ApplyingToCollege, AskAcademia, gradadmissions",4
DELTA84N,164,"interestingasfuck, Damnthatsinteresting, pics, mildlyinfuriating, facepalm",93
Strong-Usual-6077,867,small_community,2
PartyConnection1,1601,"NoStupidQuestions, AskReddit, askswitzerland, AITAH, Switzerland",29
NoLet4988,-1,unassigned,1
PullyLutry,1601,"NoStupidQuestions, AskReddit, askswitzerland, AITAH, Switzerland",22
VINX1988,1601,"NoStupidQuestions, AskReddit, askswitzerland, AITAH, Switzerland",19
Fit_Spot_4679,1601,"NoStupidQuestions, AskReddit, askswitzerland, AITAH, Switzerland",14
Substantial-Plate433,1480,"csMajors, PhD, ApplyingToCollege, AskAcademia, gradadmissions",12
lilsosa23,868,small_community,3
FingerPuzzlehead,-1,unassigned,3
Ok_Effect666,869,small_community,5
LaufenKopf,870,small_community,8
Szuchy666,871,small_community,3
equin_x,1480,"csMajors, PhD, ApplyingToCollege, AskAcademia, gradadmissions",5
False_Description_43,-1,unassigned,1
jonah1011,-1,unassigned,2
Available_Heart5556,1480,"csMajors, PhD, ApplyingToCollege, AskAcademia, gradadmissions",25
maumaumaumaumau,-1,unassigned,1
Aggravating-Face7375,872,small_community,2
Wavernky,1480,"csMajors, PhD, ApplyingToCollege, AskAcademia, gradadmissions",14
Heathergrey_7654,164,"interestingasfuck, Damnthatsinteresting, pics, mildlyinfuriating, facepalm",7
MariGabay,873,small_community,7
leraysp3s3,-1,unassigned,1
Street_Corgi2610,1601,"NoStupidQuestions, AskReddit, askswitzerland, AITAH, Switzerland",18
Stev_OL123,-1,unassigned,1
Menthos_,-1,unassigned,1
Kongzillaaaa,164,"interestingasfuck, Damnthatsinteresting, pics, mildlyinfuriating, facepalm",29
Cold_Age_535,874,small_community,8
MathematicianOne1112,-1,unassigned,4
Positive_Diamond_300,875,small_community,6
Key-Clothes1258,1480,"csMajors, PhD, ApplyingToCollege, AskAcademia, gradadmissions",15
architectureNomad,1525,"de, Studium, Finanzen, Ratschlag, germany",32
Second_innings,-1,unassigned,1
Elric_the_seafarer,1559,"Universitaly, ItaliaPersonalFinance, CasualIT, Italia, ItaliaCareerAdvice",71
IndependenceAlert495,876,small_community,2
_HGWXX7,1601,"NoStupidQuestions, AskReddit, askswitzerland, AITAH, Switzerland",8
cwc___13,-1,unassigned,1
CoocooKitten,164,"interestingasfuck, Damnthatsinteresting, pics, mildlyinfuriating, facepalm",32
Reasonable_Swim3339,877,small_community,5
Taikutsu4567,1480,"csMajors, PhD, ApplyingToCollege, AskAcademia, gradadmissions",15
Remarkable_Guitar830,-1,unassigned,1
Rude-Pressure6256,1559,"Universitaly, ItaliaPersonalFinance, CasualIT, Italia, ItaliaCareerAdvice",15
Ka5cHt3,164,"interestingasfuck, Damnthatsinteresting, pics, mildlyinfuriating, facepalm",19
SoothingRain35,1480,"csMajors, PhD, ApplyingToCollege, AskAcademia, gradadmissions",10
Tiiimmoo,878,small_community,4
Secure_Cress7206,879,small_community,2
AmityRule63,164,"interestingasfuck, Damnthatsinteresting, pics, mildlyinfuriating, facepalm",54
-stab-,164,"interestingasfuck, Damnthatsinteresting, pics, mildlyinfuriating, facepalm",32
Haunting-Bet-2491,1480,"csMajors, PhD, ApplyingToCollege, AskAcademia, gradadmissions",17
HeisHim7,164,"interestingasfuck, Damnthatsinteresting, pics, mildlyinfuriating, facepalm",57
Chaingang132,164,"interestingasfuck, Damnthatsinteresting, pics, mildlyinfuriating, facepalm",26
Minute-Watercress-55,880,small_community,2
Chance-Ad3993,1480,"csMajors, PhD, ApplyingToCollege, AskAcademia, gradadmissions",22
Natural_Guest7978,-1,unassigned,1
pfyffervonaltishofen,1601,"NoStupidQuestions, AskReddit, askswitzerland, AITAH, Switzerland",27
FoxLast947,1480,"csMajors, PhD, ApplyingToCollege, AskAcademia, gradadmissions",41
Strong-Depth-4067,-1,unassigned,1
HeftyIntroduction644,1480,"csMajors, PhD, ApplyingToCollege, AskAcademia, gradadmissions",7
harryethzurich,881,small_community,2
Ant_of_Colonies,882,small_community,8
ClimbRunRide,1601,"NoStupidQuestions, AskReddit, askswitzerland, AITAH, Switzerland",25
usualSputnik,-1,unassigned,2
Efficient_Algae_4057,1480,"csMajors, PhD, ApplyingToCollege, AskAcademia, gradadmissions",52
Substantial-Concern7,-1,unassigned,2
raulo1998,1480,"csMajors, PhD, ApplyingToCollege, AskAcademia, gradadmissions",23
gangster4-ever09,883,small_community,2
Hesiodix,164,"interestingasfuck, Damnthatsinteresting, pics, mildlyinfuriating, facepalm",43
ZookeepergameBig7491,1480,"csMajors, PhD, ApplyingToCollege, AskAcademia, gradadmissions",130
Hurbig,164,"interestingasfuck, Damnthatsinteresting, pics, mildlyinfuriating, facepalm",31
Several-Programmer68,884,small_community,4
dianam1n,-1,unassigned,1
cucurbitaecaputX,-1,unassigned,1
Lazy-Unit-2281,885,small_community,6
ObscureOmen,886,small_community,6
Pixelheini,887,small_community,2
Haldenbach,164,"interestingasfuck, Damnthatsinteresting, pics, mildlyinfuriating, facepalm",60
trip_tripp,1525,"de, Studium, Finanzen, Ratschlag, germany",8
Xx_SHINJINN_LP_HD_xX,1525,"de, Studium, Finanzen, Ratschlag, germany",28
kisa-male,1601,"NoStupidQuestions, AskReddit, askswitzerland, AITAH, Switzerland",17
Due-Giraffe-5478,-1,unassigned,1
deathcoder727,1480,"csMajors, PhD, ApplyingToCollege, AskAcademia, gradadmissions",54
kitten_twinkletoes,1601,"NoStupidQuestions, AskReddit, askswitzerland, AITAH, Switzerland",92
imkarthikeyans,-1,unassigned,1
JustPatience8936,-1,unassigned,1
Money-Total,888,small_community,13
Gfuelmaster64,-1,unassigned,1
Ausverkauf,1601,"NoStupidQuestions, AskReddit, askswitzerland, AITAH, Switzerland",21
lilla_00,-1,unassigned,1
andreaaazo,889,small_community,10
New-Interest-8020,1480,"csMajors, PhD, ApplyingToCollege, AskAcademia, gradadmissions",14
Efficient_Pack2008,-1,unassigned,1
htcu11,890,small_community,4
ceesqo,891,small_community,3
-mr_meeseeks--,-1,unassigned,1
DRay6t,1601,"NoStupidQuestions, AskReddit, askswitzerland, AITAH, Switzerland",19
bobbyfischerchic,892,small_community,20
Top_Budget_9947,893,small_community,9
Emeth839,894,small_community,2
antCABBAG3,1480,"csMajors, PhD, ApplyingToCollege, AskAcademia, gradadmissions",27
ProfessionalSmoker69,1480,"csMajors, PhD, ApplyingToCollege, AskAcademia, gradadmissions",21
Fresh-Mine6908,-1,unassigned,1
SeveralConcert,1601,"NoStupidQuestions, AskReddit, askswitzerland, AITAH, Switzerland",65
Buzz_Cut,1480,"csMajors, PhD, ApplyingToCollege, AskAcademia, gradadmissions",15
YoghurtCompetitive10,895,small_community,4
Old_Opening9822,896,small_community,3
AdeptnessLatter78,164,"interestingasfuck, Damnthatsinteresting, pics, mildlyinfuriating, facepalm",13
HeatEffective1698,897,small_community,6
Thebosonsword,1601,"NoStupidQuestions, AskReddit, askswitzerland, AITAH, Switzerland",63
TS925,-1,unassigned,1
nilguvenal,-1,unassigned,2
Aite13,1601,"NoStupidQuestions, AskReddit, askswitzerland, AITAH, Switzerland",36
Slimmanoman,164,"interestingasfuck, Damnthatsinteresting, pics, mildlyinfuriating, facepalm",75
Nomenbeb,898,small_community,11
bbalazs721,164,"interestingasfuck, Damnthatsinteresting, pics, mildlyinfuriating, facepalm",45
Arushh42,1480,"csMajors, PhD, ApplyingToCollege, AskAcademia, gradadmissions",7
elegant-yapper,-1,unassigned,1
terraformerre,1480,"csMajors, PhD, ApplyingToCollege, AskAcademia, gradadmissions",7
InsidePrinciple9355,-1,unassigned,1
Tony0695,164,"interestingasfuck, Damnthatsinteresting, pics, mildlyinfuriating, facepalm",61
Remarkable_Garden477,899,small_community,2
kamsariii,900,small_community,4
VegetableSea7044,1601,"NoStupidQuestions, AskReddit, askswitzerland, AITAH, Switzerland",29
Queasy-Sundae-1201,901,small_community,2
FlatwormNo3465,164,"interestingasfuck, Damnthatsinteresting, pics, mildlyinfuriating, facepalm",27
Few-Vegetable-3814,902,small_community,2
Cryanek,1480,"csMajors, PhD, ApplyingToCollege, AskAcademia, gradadmissions",16
DarioSidd,1480,"csMajors, PhD, ApplyingToCollege, AskAcademia, gradadmissions",9
EarlyArcher2584,903,small_community,12
dgarcia_eu,904,small_community,5
Kaylculus,164,"interestingasfuck, Damnthatsinteresting, pics, mildlyinfuriating, facepalm",19
Met4physics,-1,unassigned,1
melancholy_mountain,-1,unassigned,1
matu1234567,1480,"csMajors, PhD, ApplyingToCollege, AskAcademia, gradadmissions",11
GreazyNoze,-1,unassigned,1
VonDueCH,905,small_community,9
LSB06,1525,"de, Studium, Finanzen, Ratschlag, germany",11
Any-Patient5051,164,"interestingasfuck, Damnthatsinteresting, pics, mildlyinfuriating, facepalm",46
Sekatorxd,-1,unassigned,2
Glum_Commission358,164,"interestingasfuck, Damnthatsinteresting, pics, mildlyinfuriating, facepalm",18
cipri_tom,1601,"NoStupidQuestions, AskReddit, askswitzerland, AITAH, Switzerland",56
Recent-Special-109,906,small_community,2
bluedude42,-1,unassigned,2
Gismoogames,-1,unassigned,1
presentssmoochies,-1,unassigned,11
SwissNationalist48,164,"interestingasfuck, Damnthatsinteresting, pics, mildlyinfuriating, facepalm",21
PussyOnDaChainwax-,1601,"NoStupidQuestions, AskReddit, askswitzerland, AITAH, Switzerland",49
CattleParticular7482,-1,unassigned,1
ColdDense3901,-1,unassigned,1
pV-ZnRT,164,"interestingasfuck, Damnthatsinteresting, pics, mildlyinfuriating, facepalm",10
Hrafnafloki,907,small_community,3
Complex-Water-3876,908,small_community,2
desperatelamp74,1525,"de, Studium, Finanzen, Ratschlag, germany",52
Reasonable_Sundae333,909,small_community,2
TheAthleticDiabetic,1601,"NoStupidQuestions, AskReddit, askswitzerland, AITAH, Switzerland",16
Affectionate_Bid5941,-1,unassigned,1
Vanessa1502,-1,unassigned,2
TrofimS,164,"interestingasfuck, Damnthatsinteresting, pics, mildlyinfuriating, facepalm",23
Klutzy_dreams,-1,unassigned,1
NRGNTRO,910,small_community,5
Witty-Tie4172,1601,"NoStupidQuestions, AskReddit, askswitzerland, AITAH, Switzerland",24
CarpinchoNautico,-1,unassigned,1
Creative-Fig-1499,911,small_community,3
wolfstettler,1601,"NoStupidQuestions, AskReddit, askswitzerland, AITAH, Switzerland",13
Odd_Bridge_1863,1480,"csMajors, PhD, ApplyingToCollege, AskAcademia, gradadmissions",45
1ksassa,1601,"NoStupidQuestions, AskReddit, askswitzerland, AITAH, Switzerland",147
cablecar1024,-1,unassigned,1
Quirky-spaghet,912,small_community,2
itsleis,1601,"NoStupidQuestions, AskReddit, askswitzerland, AITAH, Switzerland",12
Efficient-Dust-1330,-1,unassigned,1
Upstairs_Occasion_86,-1,unassigned,1
McLovin_reformed,1525,"de, Studium, Finanzen, Ratschlag, germany",11
Sweet-Rutabaga-2606,1601,"NoStupidQuestions, AskReddit, askswitzerland, AITAH, Switzerland",19
EmongLusk,1525,"de, Studium, Finanzen, Ratschlag, germany",31
Admirable_Towel8693,913,small_community,4
Mhaupt23,914,small_community,3
kr_store,1601,"NoStupidQuestions, AskReddit, askswitzerland, AITAH, Switzerland",11
asdfmoon2012,1480,"csMajors, PhD, ApplyingToCollege, AskAcademia, gradadmissions",9
lukebeckcg,915,small_community,4
ligregni,164,"interestingasfuck, Damnthatsinteresting, pics, mildlyinfuriating, facepalm",42
Goldesel97,916,small_community,9
lobstaAr,917,small_community,4
dreameroutloud,918,small_community,3
PinsAndGambits,164,"interestingasfuck, Damnthatsinteresting, pics, mildlyinfuriating, facepalm",6
Reasonable_Road5842,1480,"csMajors, PhD, ApplyingToCollege, AskAcademia, gradadmissions",8
Content-Afternoon996,-1,unassigned,1
Trick_Horse_13,1601,"NoStupidQuestions, AskReddit, askswitzerland, AITAH, Switzerland",81
Primary_Drive_3359,708,small_community,77
therage_,919,small_community,4
ConfidentRepair6744,-1,unassigned,1
JurgenEins,920,small_community,12
nicobonacorsi,921,small_community,5
No-Heat517,1480,"csMajors, PhD, ApplyingToCollege, AskAcademia, gradadmissions",10
a2biR,922,small_community,6
LeonardoS2,1559,"Universitaly, ItaliaPersonalFinance, CasualIT, Italia, ItaliaCareerAdvice",14
More_Wave6548,923,small_community,2
J3TTpt,1480,"csMajors, PhD, ApplyingToCollege, AskAcademia, gradadmissions",4
ka2753,1480,"csMajors, PhD, ApplyingToCollege, AskAcademia, gradadmissions",20
Vemba13,-1,unassigned,1
Disco-Snail,-1,unassigned,1
Nck____a,924,small_community,2
lucas_critique,925,small_community,3
Elegant_Salt8138,1480,"csMajors, PhD, ApplyingToCollege, AskAcademia, gradadmissions",6
OfficialOnix,164,"interestingasfuck, Damnthatsinteresting, pics, mildlyinfuriating, facepalm",25
ChezDudu,1601,"NoStupidQuestions, AskReddit, askswitzerland, AITAH, Switzerland",46
Comfortable_Ad742,-1,unassigned,2
Albi_Sup,926,small_community,4
TheGraphicsFrog,-1,unassigned,2
HuustxD,164,"interestingasfuck, Damnthatsinteresting, pics, mildlyinfuriating, facepalm",13
Prestigious_Aerie824,-1,unassigned,1
friendslikeapplepies,927,small_community,4
Basic_Afternoon_7241,-1,unassigned,2
Marsbars_xxxxxxxxx,928,small_community,12
Desperate_Sign_1286,-1,unassigned,1
AlternativeSalary145,-1,unassigned,1
AntiqueLifeguard5696,929,small_community,2
holzbei,-1,unassigned,1
Few_Mulberry_8254,930,small_community,5
Distinct_Maximum3028,1480,"csMajors, PhD, ApplyingToCollege, AskAcademia, gradadmissions",13
Extreme-Stress5545,-1,unassigned,1
Pb_Plumbum,931,small_community,2
Internal_Mark_5163,-1,unassigned,1
AirSubstantial1376,164,"interestingasfuck, Damnthatsinteresting, pics, mildlyinfuriating, facepalm",8
the-medium-cheese,164,"interestingasfuck, Damnthatsinteresting, pics, mildlyinfuriating, facepalm",130
markus_b,1601,"NoStupidQuestions, AskReddit, askswitzerland, AITAH, Switzerland",54
Zymonick,1601,"NoStupidQuestions, AskReddit, askswitzerland, AITAH, Switzerland",30
HolidayOptimal,1480,"csMajors, PhD, ApplyingToCollege, AskAcademia, gradadmissions",39
MOCingbird,1480,"csMajors, PhD, ApplyingToCollege, AskAcademia, gradadmissions",223
__laeri,932,small_community,3
turtulin,933,small_community,2
xLexip,1601,"NoStupidQuestions, AskReddit, askswitzerland, AITAH, Switzerland",13
Crazy-Fly-9464,1480,"csMajors, PhD, ApplyingToCollege, AskAcademia, gradadmissions",20
Asparagasin,-1,unassigned,1
ComeToTheDark_,934,small_community,5
MyEternalName,-1,unassigned,1
nicpssd,164,"interestingasfuck, Damnthatsinteresting, pics, mildlyinfuriating, facepalm",99
Federal_Bet_7275,-1,unassigned,1
Narrow-Funny-1741,935,small_community,6
radioactivegoddes,936,small_community,7
Seni_draws,164,"interestingasfuck, Damnthatsinteresting, pics, mildlyinfuriating, facepalm",38
bkb07,-1,unassigned,2
Mckax1942,937,small_community,7
GUniThe,-1,unassigned,2
lisf666,164,"interestingasfuck, Damnthatsinteresting, pics, mildlyinfuriating, facepalm",37
EngineerNo2650,164,"interestingasfuck, Damnthatsinteresting, pics, mildlyinfuriating, facepalm",82
cmnemeth,164,"interestingasfuck, Damnthatsinteresting, pics, mildlyinfuriating, facepalm",18
fruppster,938,small_community,5
Ok_Addendum6295,939,small_community,4
Intelligent-Put1607,1480,"csMajors, PhD, ApplyingToCollege, AskAcademia, gradadmissions",28
krokoloco,940,small_community,6
i_would_say_so,1601,"NoStupidQuestions, AskReddit, askswitzerland, AITAH, Switzerland",56
durandal,1525,"de, Studium, Finanzen, Ratschlag, germany",18
astromonkey5000,-1,unassigned,1
Downtown_Tip_5279,-1,unassigned,1
kephyrion,1601,"NoStupidQuestions, AskReddit, askswitzerland, AITAH, Switzerland",73
martinbk5,164,"interestingasfuck, Damnthatsinteresting, pics, mildlyinfuriating, facepalm",19
zirande,1601,"NoStupidQuestions, AskReddit, askswitzerland, AITAH, Switzerland",10
randelung,164,"interestingasfuck, Damnthatsinteresting, pics, mildlyinfuriating, facepalm",92
Unconv_mob_24,164,"interestingasfuck, Damnthatsinteresting, pics, mildlyinfuriating, facepalm",56
HealthScienceClub,941,small_community,2
Catchetan,-1,unassigned,1
rd211x,164,"interestingasfuck, Damnthatsinteresting, pics, mildlyinfuriating, facepalm",7
shaquilleoatmeal477,942,small_community,4
irago_,164,"interestingasfuck, Damnthatsinteresting, pics, mildlyinfuriating, facepalm",169
IndependentStable952,-1,unassigned,1
wylde_d7,1480,"csMajors, PhD, ApplyingToCollege, AskAcademia, gradadmissions",18
moldersmut,943,small_community,9
BackgroundLow1438,944,small_community,5
Responsible_Pin_3387,-1,unassigned,1
External_Welcome_225,945,small_community,6
PuzzleWalrus,-1,unassigned,1
SammyWo,1601,"NoStupidQuestions, AskReddit, askswitzerland, AITAH, Switzerland",9
SnooObjections6532,946,small_community,2
Altruistic-Buy-3458,947,small_community,4
Cute_Mind9649,-1,unassigned,1
fast_zh,948,small_community,11
antonio_alberti,-1,unassigned,1
Gooodest,-1,unassigned,4
iris_flower_girl,-1,unassigned,1
neurophotoblast,1601,"NoStupidQuestions, AskReddit, askswitzerland, AITAH, Switzerland",31
Available-Bus-9562,949,small_community,3
Cute-Amount2160,-1,unassigned,1
Imaginary_Paper9578,1480,"csMajors, PhD, ApplyingToCollege, AskAcademia, gradadmissions",15
leo33_,-1,unassigned,1
impulserave,950,small_community,4
kyurigang,1480,"csMajors, PhD, ApplyingToCollege, AskAcademia, gradadmissions",15
por135,1601,"NoStupidQuestions, AskReddit, askswitzerland, AITAH, Switzerland",10
frankthornewell,-1,unassigned,2
KekkoMV,1559,"Universitaly, ItaliaPersonalFinance, CasualIT, Italia, ItaliaCareerAdvice",15
DearLeek1822,1480,"csMajors, PhD, ApplyingToCollege, AskAcademia, gradadmissions",7
amigdala21,1601,"NoStupidQuestions, AskReddit, askswitzerland, AITAH, Switzerland",122
inedijx,-1,unassigned,2
Comfortable_Leek3617,1601,"NoStupidQuestions, AskReddit, askswitzerland, AITAH, Switzerland",31
Substantial_Mud7026,164,"interestingasfuck, Damnthatsinteresting, pics, mildlyinfuriating, facepalm",61
konsuli7,951,small_community,5
Cybx,-1,unassigned,3
Acanthiisitta21,1480,"csMajors, PhD, ApplyingToCollege, AskAcademia, gradadmissions",7
caexial,952,small_community,3
Honest-Cow1411,953,small_community,3
Turbulent_Koala8281,-1,unassigned,1
Complete-Budget-9512,954,small_community,5
Top_Technician7675,955,small_community,10
Original-Ad-3674,164,"interestingasfuck, Damnthatsinteresting, pics, mildlyinfuriating, facepalm",15
Own-Fee-4752,1480,"csMajors, PhD, ApplyingToCollege, AskAcademia, gradadmissions",6
LeadingAd7963,1480,"csMajors, PhD, ApplyingToCollege, AskAcademia, gradadmissions",47
FriedrichQuecksilber,1480,"csMajors, PhD, ApplyingToCollege, AskAcademia, gradadmissions",18
Hariueli69,956,small_community,2
Ok-Campaign894,-1,unassigned,1
Potential_Candle20,-1,unassigned,1
WonderProud8512,957,small_community,4
Suspicious-Ask-7231,958,small_community,2
Artistic_Frosting864,-1,unassigned,1
Saegmers,959,small_community,6
Lonely-Message-8767,-1,unassigned,1
ExtremeCat6613,1601,"NoStupidQuestions, AskReddit, askswitzerland, AITAH, Switzerland",26
Saturn2777,-1,unassigned,2
zue2000,-1,unassigned,1
InterestEmpty6876,960,small_community,2
Popular-Use9857,-1,unassigned,1
SelectionWrong2180,-1,unassigned,1
Arykku,-1,unassigned,1
gloriad00,1480,"csMajors, PhD, ApplyingToCollege, AskAcademia, gradadmissions",6
nieggou,-1,unassigned,1
LionLu6,961,small_community,3
timee_bot,1480,"csMajors, PhD, ApplyingToCollege, AskAcademia, gradadmissions",6055
ThrowRaTranslator,-1,unassigned,2
crimson4snow,-1,unassigned,1
isam2k,962,small_community,2
RelativeMortgage8690,-1,unassigned,3
Signal_Egg_5360,963,small_community,4
ReactionOk3609,1525,"de, Studium, Finanzen, Ratschlag, germany",28
BoAnZu,964,small_community,17
cmdPixel,1601,"NoStupidQuestions, AskReddit, askswitzerland, AITAH, Switzerland",18
CartographerOpen9107,-1,unassigned,1
Kc_bu_eze,965,small_community,4
Born-Fan-9628,966,small_community,2
StEvUgnIn,1480,"csMajors, PhD, ApplyingToCollege, AskAcademia, gradadmissions",65
zpiman,-1,unassigned,1
natirniger,-1,unassigned,1
Aggressive_Life3654,967,small_community,3
_simu_,-1,unassigned,2
Yinggggg_,968,small_community,3
PlaneStrawberry6640,164,"interestingasfuck, Damnthatsinteresting, pics, mildlyinfuriating, facepalm",110
Any-Objective-7255,-1,unassigned,3
kermittheelfo,164,"interestingasfuck, Damnthatsinteresting, pics, mildlyinfuriating, facepalm",35
centrevia,969,small_community,2
Dear_Helicopter_4006,970,small_community,6
gehp150,-1,unassigned,1
Jolly_Cow1006,971,small_community,6
majimearun,1480,"csMajors, PhD, ApplyingToCollege, AskAcademia, gradadmissions",6
thatzodiackiller,-1,unassigned,5
lspkiller,-1,unassigned,1
kidastray,972,small_community,3
Altruistic_Bother321,-1,unassigned,1
Inevitable_Finish941,973,small_community,4
Any-Fox-4048,-1,unassigned,1
ppvrysoft,-1,unassigned,1
Ultimate260,974,small_community,7
Aiyimitzweii,975,small_community,4
Any_Butterscotch_421,-1,unassigned,1
bacan2,976,small_community,3
rosscargome,-1,unassigned,1
SerRacelot,977,small_community,3
TheMehGamer,1601,"NoStupidQuestions, AskReddit, askswitzerland, AITAH, Switzerland",19
Nicolas_YN,-1,unassigned,1
Sleien,978,small_community,9
Acceptable-Smoke-488,-1,unassigned,1
keskec,979,small_community,6
Icy_Link_151,-1,unassigned,1
markojoke,164,"interestingasfuck, Damnthatsinteresting, pics, mildlyinfuriating, facepalm",16
depressedandpsycho,1525,"de, Studium, Finanzen, Ratschlag, germany",9
aerialbubble,1601,"NoStupidQuestions, AskReddit, askswitzerland, AITAH, Switzerland",17
YOLollok,-1,unassigned,1
jpeg11111010001,1525,"de, Studium, Finanzen, Ratschlag, germany",4
geniusdeath,164,"interestingasfuck, Damnthatsinteresting, pics, mildlyinfuriating, facepalm",106
East_Finance2203,980,small_community,2
CapitalAd5339,1601,"NoStupidQuestions, AskReddit, askswitzerland, AITAH, Switzerland",133
Huge-Literature-5978,981,small_community,2
HotDogQaz,982,small_community,8
Fluid_Push8632,-1,unassigned,1
11undsiebzig,983,small_community,6
Strivingformoretoday,164,"interestingasfuck, Damnthatsinteresting, pics, mildlyinfuriating, facepalm",72
DefKatsuki,984,small_community,10
Adorable_Bottle8557,1480,"csMajors, PhD, ApplyingToCollege, AskAcademia, gradadmissions",6
lswans,164,"interestingasfuck, Damnthatsinteresting, pics, mildlyinfuriating, facepalm",13
R0R5C84C8,-1,unassigned,1
rlyehiangabriel,985,small_community,5
bl0mb0r,1525,"de, Studium, Finanzen, Ratschlag, germany",9
hitemth,986,small_community,4
NoTruck242,-1,unassigned,1
PuzzleheadedWind5806,987,small_community,3
Individual_Hippo6465,-1,unassigned,1
mekkim,1525,"de, Studium, Finanzen, Ratschlag, germany",8
akshith_rao1623,1480,"csMajors, PhD, ApplyingToCollege, AskAcademia, gradadmissions",15
Intelligent-Dot-4926,1601,"NoStupidQuestions, AskReddit, askswitzerland, AITAH, Switzerland",7
Upset_Quiet_8907,1480,"csMajors, PhD, ApplyingToCollege, AskAcademia, gradadmissions",15
Due-Butterfly-5790,1601,"NoStupidQuestions, AskReddit, askswitzerland, AITAH, Switzerland",30
Educational-Bite3961,988,small_community,4
stamcro,-1,unassigned,1
LaCasaDeiGatti,164,"interestingasfuck, Damnthatsinteresting, pics, mildlyinfuriating, facepalm",35
bonnet666,989,small_community,5
emoceanally,990,small_community,4
Other-Smile600,1525,"de, Studium, Finanzen, Ratschlag, germany",27
luvsemih,1601,"NoStupidQuestions, AskReddit, askswitzerland, AITAH, Switzerland",18
Waste-Rope-9724,1480,"csMajors, PhD, ApplyingToCollege, AskAcademia, gradadmissions",103
Here0s0Johnny,164,"interestingasfuck, Damnthatsinteresting, pics, mildlyinfuriating, facepalm",38
goremagalafan,1525,"de, Studium, Finanzen, Ratschlag, germany",54
Double-Cardiologist8,-1,unassigned,4
Best_Toster,164,"interestingasfuck, Damnthatsinteresting, pics, mildlyinfuriating, facepalm",55
Bozza36,1480,"csMajors, PhD, ApplyingToCollege, AskAcademia, gradadmissions",31
DudeFromMiami,1480,"csMajors, PhD, ApplyingToCollege, AskAcademia, gradadmissions",24
Frosty-Ganache-6334,-1,unassigned,1
Brave_Negotiation_63,1601,"NoStupidQuestions, AskReddit, askswitzerland, AITAH, Switzerland",100
Sufficient-History71,1480,"csMajors, PhD, ApplyingToCollege, AskAcademia, gradadmissions",31
ShepherdDesign,1480,"csMajors, PhD, ApplyingToCollege, AskAcademia, gradadmissions",10
ScratchAccurate7044,991,small_community,2
Eu8bckAr1,164,"interestingasfuck, Damnthatsinteresting, pics, mildlyinfuriating, facepalm",16
ForestAppAddict,-1,unassigned,3
bawbaw1,1601,"NoStupidQuestions, AskReddit, askswitzerland, AITAH, Switzerland",38
SnooSprouts9384,1480,"csMajors, PhD, ApplyingToCollege, AskAcademia, gradadmissions",7
trembel12,992,small_community,6
stemcellrevolution,-1,unassigned,1
Final-Share1176,-1,unassigned,1
doppio280,1525,"de, Studium, Finanzen, Ratschlag, germany",42
Black1451,164,"interestingasfuck, Damnthatsinteresting, pics, mildlyinfuriating, facepalm",76
University_Routine,993,small_community,4
bluelight_dogmatix,994,small_community,5
halzhang,995,small_community,3
Loner_Cat,1559,"Universitaly, ItaliaPersonalFinance, CasualIT, Italia, ItaliaCareerAdvice",33
GermanGodfather,996,small_community,6
Vast-Signature-8138,1480,"csMajors, PhD, ApplyingToCollege, AskAcademia, gradadmissions",13
Sree03,-1,unassigned,1
Necessary_One_2590,164,"interestingasfuck, Damnthatsinteresting, pics, mildlyinfuriating, facepalm",13
elber3th,997,small_community,21
Fit-Tumbleweed635,-1,unassigned,1
redditboy117,1480,"csMajors, PhD, ApplyingToCollege, AskAcademia, gradadmissions",65
royastudio,-1,unassigned,1
Ill-Split-672,1601,"NoStupidQuestions, AskReddit, askswitzerland, AITAH, Switzerland",14
Glad-Jury-6742,-1,unassigned,1
AstronomerLevel325,-1,unassigned,1
Huge-Neighborhood675,998,small_community,3
Gabimariza,1480,"csMajors, PhD, ApplyingToCollege, AskAcademia, gradadmissions",32
ButtYKnot,164,"interestingasfuck, Damnthatsinteresting, pics, mildlyinfuriating, facepalm",61
Grapefruitlover19,1601,"NoStupidQuestions, AskReddit, askswitzerland, AITAH, Switzerland",9
AppropriateDoctor725,999,small_community,2
Independent_Syrup333,-1,unassigned,1
Otherwise-East-990,-1,unassigned,4
No_Passion9960,-1,unassigned,3
Far_Education4528,-1,unassigned,2
Final_Gift8813,1601,"NoStupidQuestions, AskReddit, askswitzerland, AITAH, Switzerland",10
Globalbeauty,1601,"NoStupidQuestions, AskReddit, askswitzerland, AITAH, Switzerland",40
creative_empathy,-1,unassigned,1
hakim_ziane,-1,unassigned,1
fjxif,1000,small_community,2
Turbulent-Freedom325,-1,unassigned,1
Public-Standard7684,-1,unassigned,1
Henry-T-01,1480,"csMajors, PhD, ApplyingToCollege, AskAcademia, gradadmissions",5
AdUnfair2134,-1,unassigned,1
PhotojournalistNew45,-1,unassigned,1
clickchem,1601,"NoStupidQuestions, AskReddit, askswitzerland, AITAH, Switzerland",10
thbaloo,1001,small_community,2
CallExner,1480,"csMajors, PhD, ApplyingToCollege, AskAcademia, gradadmissions",7
Lexi_lys,1002,small_community,2
Whole_Bad_3819,1003,small_community,2
Privatewanker,1601,"NoStupidQuestions, AskReddit, askswitzerland, AITAH, Switzerland",20
Informal_Welcome97,1004,small_community,2
highlevel_fucko,164,"interestingasfuck, Damnthatsinteresting, pics, mildlyinfuriating, facepalm",48
MommySlayer699,164,"interestingasfuck, Damnthatsinteresting, pics, mildlyinfuriating, facepalm",8
Existing-Escape6320,1005,small_community,4
YCV17,-1,unassigned,2
Jaded-Attempt4739,1480,"csMajors, PhD, ApplyingToCollege, AskAcademia, gradadmissions",7
sankleta,1006,small_community,4
Sesquilinear,1007,small_community,2
Brpro16,1480,"csMajors, PhD, ApplyingToCollege, AskAcademia, gradadmissions",10
Doughnut_Potato,1601,"NoStupidQuestions, AskReddit, askswitzerland, AITAH, Switzerland",31
moripaa,1480,"csMajors, PhD, ApplyingToCollege, AskAcademia, gradadmissions",16
Current-Baseball193,1008,small_community,5
ahmetfirat,1480,"csMajors, PhD, ApplyingToCollege, AskAcademia, gradadmissions",73
Born_Swiss,1601,"NoStupidQuestions, AskReddit, askswitzerland, AITAH, Switzerland",45
genoche63,-1,unassigned,1
gerrad830,-1,unassigned,1
Aggressive_Ad_600,-1,unassigned,1
Adv-rewi-8806,-1,unassigned,1
Hidden_user2000,1480,"csMajors, PhD, ApplyingToCollege, AskAcademia, gradadmissions",4
SpiritArchitect12,1009,small_community,8
throwawayacc42424242,1010,small_community,3
Process0331,1011,small_community,2
TheCoffeeNB,164,"interestingasfuck, Damnthatsinteresting, pics, mildlyinfuriating, facepalm",25
d_rassem,-1,unassigned,1
--Ano--,164,"interestingasfuck, Damnthatsinteresting, pics, mildlyinfuriating, facepalm",85
laura8m,1012,small_community,2
Time-Tension-4891,-1,unassigned,1
Lasermuffel,1013,small_community,4
Odd_Permission8373,1480,"csMajors, PhD, ApplyingToCollege, AskAcademia, gradadmissions",82
Diligent-Floor-156,1601,"NoStupidQuestions, AskReddit, askswitzerland, AITAH, Switzerland",58
ak_karuna,1014,small_community,7
Kakashiiiy,1525,"de, Studium, Finanzen, Ratschlag, germany",19
Educational_Tooth560,1480,"csMajors, PhD, ApplyingToCollege, AskAcademia, gradadmissions",17
MuffinKingStudios,1601,"NoStupidQuestions, AskReddit, askswitzerland, AITAH, Switzerland",45
Marchel1234,164,"interestingasfuck, Damnthatsinteresting, pics, mildlyinfuriating, facepalm",21
CriticalComfortable,1525,"de, Studium, Finanzen, Ratschlag, germany",16
rillaboom3,1601,"NoStupidQuestions, AskReddit, askswitzerland, AITAH, Switzerland",24
strugglin4adoctorat,1480,"csMajors, PhD, ApplyingToCollege, AskAcademia, gradadmissions",14
bbboooooobbbssss,-1,unassigned,1
SellSideShort,1601,"NoStupidQuestions, AskReddit, askswitzerland, AITAH, Switzerland",143
taurjr,1015,small_community,4
cookiemonster671939,1016,small_community,3
Mysterious_Lab_9043,1480,"csMajors, PhD, ApplyingToCollege, AskAcademia, gradadmissions",52
Clean-Wolverine-1337,1601,"NoStupidQuestions, AskReddit, askswitzerland, AITAH, Switzerland",20
Manvav,1480,"csMajors, PhD, ApplyingToCollege, AskAcademia, gradadmissions",8
NecessaryAd5562,1480,"csMajors, PhD, ApplyingToCollege, AskAcademia, gradadmissions",15
CreativeAd996,-1,unassigned,1
Beautiful_Spare_6489,1017,small_community,2
ExplanationEnough295,1601,"NoStupidQuestions, AskReddit, askswitzerland, AITAH, Switzerland",16
unsuspiciousprofile,1480,"csMajors, PhD, ApplyingToCollege, AskAcademia, gradadmissions",44
Dungeness-Crab,1018,small_community,3
PrestigiousCamp5169,1019,small_community,8
Cortana_CH,1601,"NoStupidQuestions, AskReddit, askswitzerland, AITAH, Switzerland",68
sudo_rm-r-f,-1,unassigned,5
Stefaniie0612,1020,small_community,2
Own_Reference6631,-1,unassigned,1
Free_Needleworker532,1525,"de, Studium, Finanzen, Ratschlag, germany",103
RareswanX,1480,"csMajors, PhD, ApplyingToCollege, AskAcademia, gradadmissions",20
CornelioPandolf,1021,small_community,5
Front_Discussion_343,1480,"csMajors, PhD, ApplyingToCollege, AskAcademia, gradadmissions",11
Nag_143,1480,"csMajors, PhD, ApplyingToCollege, AskAcademia, gradadmissions",9
IpJ_exe,1022,small_community,2
One-Log1938,-1,unassigned,1
z3iah,164,"interestingasfuck, Damnthatsinteresting, pics, mildlyinfuriating, facepalm",8
VisibleWindow505,-1,unassigned,1
Alert-Fill2998,1023,small_community,3
latyrus,-1,unassigned,1
kindermd,1024,small_community,2
EtherealEquations,-1,unassigned,9
_conspicuous_avocado,1025,small_community,2
MUCU-,1480,"csMajors, PhD, ApplyingToCollege, AskAcademia, gradadmissions",12
LeJanbandhu,1480,"csMajors, PhD, ApplyingToCollege, AskAcademia, gradadmissions",16
Ancient-Athlete106,1026,small_community,2
WiseSpread4435,1601,"NoStupidQuestions, AskReddit, askswitzerland, AITAH, Switzerland",21
elpapac,1480,"csMajors, PhD, ApplyingToCollege, AskAcademia, gradadmissions",9
Blossoms_Enchant-18,-1,unassigned,2
AnonC951,1027,small_community,4
BrunoNasciemento123,-1,unassigned,2
safflower23,164,"interestingasfuck, Damnthatsinteresting, pics, mildlyinfuriating, facepalm",8
Quantum-Scribe1011,1028,small_community,4
Aggressive-Movie8109,-1,unassigned,1
xplosivexpert,-1,unassigned,3
Traumbaguette2,1601,"NoStupidQuestions, AskReddit, askswitzerland, AITAH, Switzerland",24
Informal-Criticism77,-1,unassigned,1
MoreLingonberry8630,1029,small_community,3
ListenWhich1775,164,"interestingasfuck, Damnthatsinteresting, pics, mildlyinfuriating, facepalm",19
Youshoudntlookthere,1030,small_community,5
Background-Run8812,-1,unassigned,1
numericalclerk,1525,"de, Studium, Finanzen, Ratschlag, germany",91
confirmation_please,-1,unassigned,2
restzoe,-1,unassigned,5
Kahzu0,164,"interestingasfuck, Damnthatsinteresting, pics, mildlyinfuriating, facepalm",44
Far-Communication886,1601,"NoStupidQuestions, AskReddit, askswitzerland, AITAH, Switzerland",137
dayanadaway,1031,small_community,6
getMewRONGg,1559,"Universitaly, ItaliaPersonalFinance, CasualIT, Italia, ItaliaCareerAdvice",34
jkflying,1480,"csMajors, PhD, ApplyingToCollege, AskAcademia, gradadmissions",54
-chinoiserie,164,"interestingasfuck, Damnthatsinteresting, pics, mildlyinfuriating, facepalm",55
xcxzero,1601,"NoStupidQuestions, AskReddit, askswitzerland, AITAH, Switzerland",8
Full-Wonder8906,1032,small_community,7
dheeman_roy,1480,"csMajors, PhD, ApplyingToCollege, AskAcademia, gradadmissions",42
Representative-Tea57,1525,"de, Studium, Finanzen, Ratschlag, germany",29
No_bitches_but_f1fan,1033,small_community,6
buythedamndip,-1,unassigned,1
VanDerRohesome,1034,small_community,5
justimperator,-1,unassigned,4
cyk_cky,1035,small_community,2
UsualPhysics8462,1559,"Universitaly, ItaliaPersonalFinance, CasualIT, Italia, ItaliaCareerAdvice",10
Hopeful-dopeful,-1,unassigned,3
Ok-Hospital7142,-1,unassigned,1
Individual-Potato-44,1036,small_community,8
Dangerous_Arm887,1525,"de, Studium, Finanzen, Ratschlag, germany",8
Embarrassed-End-9685,-1,unassigned,1
radfemagogo,1601,"NoStupidQuestions, AskReddit, askswitzerland, AITAH, Switzerland",18
Wayne-420,1480,"csMajors, PhD, ApplyingToCollege, AskAcademia, gradadmissions",25
Virtual-Hold5099,1601,"NoStupidQuestions, AskReddit, askswitzerland, AITAH, Switzerland",9
BenefitNew867,1037,small_community,2
recklessproceeding,1480,"csMajors, PhD, ApplyingToCollege, AskAcademia, gradadmissions",26
Patient-Breakfast310,1525,"de, Studium, Finanzen, Ratschlag, germany",36
Old-Membership7415,1038,small_community,2
Odd-Dog-4038,-1,unassigned,1
dogancemd,1039,small_community,6
AndromedaStrange369,1601,"NoStupidQuestions, AskReddit, askswitzerland, AITAH, Switzerland",8
BlueNanny,1040,small_community,12
StarfireSoSo,-1,unassigned,1
Comfortable-Bee-7912,-1,unassigned,1
ForeignUniStudent,1041,small_community,7
TaskUnlikely99,1042,small_community,6
CakeYesMang,-1,unassigned,1
NoFlounder5177,1480,"csMajors, PhD, ApplyingToCollege, AskAcademia, gradadmissions",31
underthebanyantree,1043,small_community,6
Glittering_Map1710,1601,"NoStupidQuestions, AskReddit, askswitzerland, AITAH, Switzerland",105
Eddos3,1044,small_community,2
Unusual-Hippo1,1045,small_community,7
tawayforsadvice,1480,"csMajors, PhD, ApplyingToCollege, AskAcademia, gradadmissions",19
Hairy_Notice1469,-1,unassigned,1
Small_Table_7083,-1,unassigned,1
These-Machine-253,1046,small_community,5
SatisfactionMany5171,1480,"csMajors, PhD, ApplyingToCollege, AskAcademia, gradadmissions",20
Illustrious-Mail-130,-1,unassigned,1
user07711229999,-1,unassigned,1
pingpongtiddly,1047,small_community,4
Familiar-Ad301,-1,unassigned,7
MonkeyIslandWizzard1,1525,"de, Studium, Finanzen, Ratschlag, germany",18
BigGirafe49,-1,unassigned,1
ExtensionDowntown177,708,small_community,36
OhMySBI,164,"interestingasfuck, Damnthatsinteresting, pics, mildlyinfuriating, facepalm",28
mr5400,1048,small_community,2
qwer_24,-1,unassigned,1
LordScantron,-1,unassigned,1
Murtaza_Nomani,1049,small_community,5
Euphoric_Bite_759,-1,unassigned,1
Saonimay,-1,unassigned,2
user365710,1480,"csMajors, PhD, ApplyingToCollege, AskAcademia, gradadmissions",5
Horror_Job_566,1480,"csMajors, PhD, ApplyingToCollege, AskAcademia, gradadmissions",29
Ok-Painter573,1480,"csMajors, PhD, ApplyingToCollege, AskAcademia, gradadmissions",133
ConfusionNo4339,1480,"csMajors, PhD, ApplyingToCollege, AskAcademia, gradadmissions",72
_levin_1,-1,unassigned,2
spooky_strawberri04,1480,"csMajors, PhD, ApplyingToCollege, AskAcademia, gradadmissions",49
Pinoletto,1050,small_community,6
nikolastefan,164,"interestingasfuck, Damnthatsinteresting, pics, mildlyinfuriating, facepalm",38
RemarkableBed92,-1,unassigned,3
PsychologyEast7457,1559,"Universitaly, ItaliaPersonalFinance, CasualIT, Italia, ItaliaCareerAdvice",21
Sufficient-Treat-846,1480,"csMajors, PhD, ApplyingToCollege, AskAcademia, gradadmissions",111
Savings-Height3404,-1,unassigned,1
mixmax0M,-1,unassigned,1
Different_Half_9990,1051,small_community,5
Zuriquois,1601,"NoStupidQuestions, AskReddit, askswitzerland, AITAH, Switzerland",50
PeteZahad,164,"interestingasfuck, Damnthatsinteresting, pics, mildlyinfuriating, facepalm",45
blabla63blabla,-1,unassigned,1
breakthealpha,-1,unassigned,2
Fl0oW,164,"interestingasfuck, Damnthatsinteresting, pics, mildlyinfuriating, facepalm",61
Upper_Poem_3237,1480,"csMajors, PhD, ApplyingToCollege, AskAcademia, gradadmissions",99
EmuMundane8470,-1,unassigned,1
simplyyAL,1525,"de, Studium, Finanzen, Ratschlag, germany",148
Accomplished-Gap5099,-1,unassigned,1
Better_Carrot9353,-1,unassigned,2
GarlicThread,164,"interestingasfuck, Damnthatsinteresting, pics, mildlyinfuriating, facepalm",318
LlllDorisiuuuu,-1,unassigned,1
OpportunityEastern16,-1,unassigned,1
Purple-Round472,-1,unassigned,1
pebble_co,-1,unassigned,3
Sufficient-Stay-7358,1601,"NoStupidQuestions, AskReddit, askswitzerland, AITAH, Switzerland",59
7o5aN0,1601,"NoStupidQuestions, AskReddit, askswitzerland, AITAH, Switzerland",63
Beduines123,1052,small_community,4
Temporary-Contest-20,164,"interestingasfuck, Damnthatsinteresting, pics, mildlyinfuriating, facepalm",73
StationSad1229,1053,small_community,2
Weak_Tone8326,-1,unassigned,2
davethehacker,1054,small_community,3
iRobi8,1525,"de, Studium, Finanzen, Ratschlag, germany",259
siorge,1601,"NoStupidQuestions, AskReddit, askswitzerland, AITAH, Switzerland",60
BeOSu,1055,small_community,5
FCCheIsea,164,"interestingasfuck, Damnthatsinteresting, pics, mildlyinfuriating, facepalm",33
keplerian01,1601,"NoStupidQuestions, AskReddit, askswitzerland, AITAH, Switzerland",6
gil0999,1480,"csMajors, PhD, ApplyingToCollege, AskAcademia, gradadmissions",13
paradisesadness,1525,"de, Studium, Finanzen, Ratschlag, germany",186
Adorable_Arugula_499,1601,"NoStupidQuestions, AskReddit, askswitzerland, AITAH, Switzerland",31
Icy-Piglet-2536,1601,"NoStupidQuestions, AskReddit, askswitzerland, AITAH, Switzerland",92
No-Faithlessness7246,1480,"csMajors, PhD, ApplyingToCollege, AskAcademia, gradadmissions",18
tamantiga,1056,small_community,7
ManaNeko,1601,"NoStupidQuestions, AskReddit, askswitzerland, AITAH, Switzerland",37
Aurora_Black_,-1,unassigned,1
Classic_Mousse7941,-1,unassigned,1
EducationalAppDev,1057,small_community,2
Financial_Camp517,164,"interestingasfuck, Damnthatsinteresting, pics, mildlyinfuriating, facepalm",12
Varun5621,1480,"csMajors, PhD, ApplyingToCollege, AskAcademia, gradadmissions",72
y0xi,1480,"csMajors, PhD, ApplyingToCollege, AskAcademia, gradadmissions",6
MasterYoda0207,1058,small_community,3
PresentationHot7059,164,"interestingasfuck, Damnthatsinteresting, pics, mildlyinfuriating, facepalm",90
123photography,1601,"NoStupidQuestions, AskReddit, askswitzerland, AITAH, Switzerland",59
That-Secret5932,-1,unassigned,1
Ploviee,1059,small_community,5
Otherwise_Internet71,164,"interestingasfuck, Damnthatsinteresting, pics, mildlyinfuriating, facepalm",145
Much-Acanthaceae3312,1060,small_community,6
New_Highway_2898,1480,"csMajors, PhD, ApplyingToCollege, AskAcademia, gradadmissions",151
bogdanTNT,1480,"csMajors, PhD, ApplyingToCollege, AskAcademia, gradadmissions",25
sexy_ricardo,-1,unassigned,1
black_knight87,-1,unassigned,2
diocane04,1559,"Universitaly, ItaliaPersonalFinance, CasualIT, Italia, ItaliaCareerAdvice",4
MattSymetry,1061,small_community,6
pointermess,164,"interestingasfuck, Damnthatsinteresting, pics, mildlyinfuriating, facepalm",43
les-alpes,1062,small_community,5
Vdog1206,-1,unassigned,4
LifeBus2707,1525,"de, Studium, Finanzen, Ratschlag, germany",13
Sorkeners,-1,unassigned,1
Additional-Eye-1413,1063,small_community,4
beyhai,1064,small_community,3
Forward-Feed-1759,1065,small_community,2
meppel,164,"interestingasfuck, Damnthatsinteresting, pics, mildlyinfuriating, facepalm",29
Ill-Perspective-7190,1480,"csMajors, PhD, ApplyingToCollege, AskAcademia, gradadmissions",12
Necessary_Ant_9505,-1,unassigned,1
Glad_Department_9318,1066,small_community,2
fortniteprooooooooo,-1,unassigned,1
BrekfestLanchDenner,1480,"csMajors, PhD, ApplyingToCollege, AskAcademia, gradadmissions",9
MediocreNickname,1601,"NoStupidQuestions, AskReddit, askswitzerland, AITAH, Switzerland",63
mymathsucksbigtime,1601,"NoStupidQuestions, AskReddit, askswitzerland, AITAH, Switzerland",28
KalekTheDalek,1067,small_community,3
ComprehensiveAnt3054,-1,unassigned,2
Dry-Huckleberry-3979,1068,small_community,2
Forsaken_Scientist67,-1,unassigned,1
SnooPies7301,1069,small_community,5
Flippperboy,1070,small_community,7
Michaelson57,1480,"csMajors, PhD, ApplyingToCollege, AskAcademia, gradadmissions",10
Diddleydope,-1,unassigned,1
TheLaylinette,-1,unassigned,1
cjncbhxx,1071,small_community,2
nalliable,164,"interestingasfuck, Damnthatsinteresting, pics, mildlyinfuriating, facepalm",62
pussydestroyer42069l,164,"interestingasfuck, Damnthatsinteresting, pics, mildlyinfuriating, facepalm",27
GowthamR10,1480,"csMajors, PhD, ApplyingToCollege, AskAcademia, gradadmissions",7
Okabee_Rintaro,-1,unassigned,1
pleda_,164,"interestingasfuck, Damnthatsinteresting, pics, mildlyinfuriating, facepalm",57
cirehw,1072,small_community,5
AnarchyKing50192,1480,"csMajors, PhD, ApplyingToCollege, AskAcademia, gradadmissions",15
Outrageous-Power-562,-1,unassigned,1
Festus-Potter,1601,"NoStupidQuestions, AskReddit, askswitzerland, AITAH, Switzerland",156
Deathfighter2017,1480,"csMajors, PhD, ApplyingToCollege, AskAcademia, gradadmissions",5
megamaracuja,1073,small_community,5
chandaliergalaxy,164,"interestingasfuck, Damnthatsinteresting, pics, mildlyinfuriating, facepalm",203
MessageBeneficial790,1074,small_community,4
Puzzleheaded-Law34,1601,"NoStupidQuestions, AskReddit, askswitzerland, AITAH, Switzerland",31
frankybasel,-1,unassigned,4
Normal-Thanks5055,-1,unassigned,1
SufficientSpare9499,-1,unassigned,1
envo_logicist,-1,unassigned,2
TankiniLx,164,"interestingasfuck, Damnthatsinteresting, pics, mildlyinfuriating, facepalm",42
Beginning_Vast_4780,1480,"csMajors, PhD, ApplyingToCollege, AskAcademia, gradadmissions",11
Mundane-Map6686,1601,"NoStupidQuestions, AskReddit, askswitzerland, AITAH, Switzerland",99
casolitaire,-1,unassigned,1
Present_Investment14,1075,small_community,3
Ajataashatru,-1,unassigned,1
Tasty-Bat9953,1525,"de, Studium, Finanzen, Ratschlag, germany",23
mintpepp,-1,unassigned,1
Ev3rm0re,1525,"de, Studium, Finanzen, Ratschlag, germany",12
idontknowbutitsokay,-1,unassigned,2
glazmann,-1,unassigned,5
FengCR,1076,small_community,4
OneTip5351,1077,small_community,4
_halex_,-1,unassigned,1
Emm_Mango,-1,unassigned,1
BidKey1431,1480,"csMajors, PhD, ApplyingToCollege, AskAcademia, gradadmissions",29
AlternisHS,164,"interestingasfuck, Damnthatsinteresting, pics, mildlyinfuriating, facepalm",12
Song_Forsaken,-1,unassigned,1
AdhesivenessOk457,1078,small_community,2
Fit_Platypus7915,-1,unassigned,1
Equivalent-Lime-5656,-1,unassigned,1
LusineAd,1480,"csMajors, PhD, ApplyingToCollege, AskAcademia, gradadmissions",4
AndriaKyriacou,-1,unassigned,1
Tight-Implement-4988,-1,unassigned,1
Frequent_Ranger_709,1601,"NoStupidQuestions, AskReddit, askswitzerland, AITAH, Switzerland",4
IQisMySenpai,1480,"csMajors, PhD, ApplyingToCollege, AskAcademia, gradadmissions",5
indizonen,1525,"de, Studium, Finanzen, Ratschlag, germany",8
screwBrexit,1601,"NoStupidQuestions, AskReddit, askswitzerland, AITAH, Switzerland",18
little__riddle,1480,"csMajors, PhD, ApplyingToCollege, AskAcademia, gradadmissions",4
ReelingRambutan,-1,unassigned,4
Ok-Consequence-4617,-1,unassigned,1
TD1248,-1,unassigned,1
Simple_Rope2969,1079,small_community,7
Dovah_120,1480,"csMajors, PhD, ApplyingToCollege, AskAcademia, gradadmissions",12
No_Second1489,1480,"csMajors, PhD, ApplyingToCollege, AskAcademia, gradadmissions",32
Negative_Republic973,1480,"csMajors, PhD, ApplyingToCollege, AskAcademia, gradadmissions",8
StuffPuzzleheaded689,1080,small_community,3
AliAhmet1903,1480,"csMajors, PhD, ApplyingToCollege, AskAcademia, gradadmissions",9
cyberpunk00c,1480,"csMajors, PhD, ApplyingToCollege, AskAcademia, gradadmissions",11
lela2011,1081,small_community,2
Frequent_Ad_3444,-1,unassigned,1
AquaHornet08,1480,"csMajors, PhD, ApplyingToCollege, AskAcademia, gradadmissions",9
21022018,164,"interestingasfuck, Damnthatsinteresting, pics, mildlyinfuriating, facepalm",103
compvisengineer,-1,unassigned,1
Plane_Inevitable2329,1082,small_community,4
Alrex_G,1083,small_community,5
gluons48,1480,"csMajors, PhD, ApplyingToCollege, AskAcademia, gradadmissions",6
weRborg,164,"interestingasfuck, Damnthatsinteresting, pics, mildlyinfuriating, facepalm",96
Irgendwer99,1084,small_community,2
Heenassr,1601,"NoStupidQuestions, AskReddit, askswitzerland, AITAH, Switzerland",23
lordjamie666,164,"interestingasfuck, Damnthatsinteresting, pics, mildlyinfuriating, facepalm",88
Ok-Sea-8139,1085,small_community,3
18carriages,1480,"csMajors, PhD, ApplyingToCollege, AskAcademia, gradadmissions",24
Glad-Gas9437,-1,unassigned,2
CoachFormer7305,1086,small_community,3
Crafty_Effort_8500,1087,small_community,2
bitulator,1088,small_community,4
Appropriate-Cup9335,1089,small_community,7
Ok_Actuary8,164,"interestingasfuck, Damnthatsinteresting, pics, mildlyinfuriating, facepalm",98
personaDisguised,1090,small_community,4
jkochh,1091,small_community,2
Fun-Exit7474,1480,"csMajors, PhD, ApplyingToCollege, AskAcademia, gradadmissions",22
Puzzleheaded_Run_312,-1,unassigned,1
BearSEO,1559,"Universitaly, ItaliaPersonalFinance, CasualIT, Italia, ItaliaCareerAdvice",48
supermarkio-,164,"interestingasfuck, Damnthatsinteresting, pics, mildlyinfuriating, facepalm",37
bullpup1337,164,"interestingasfuck, Damnthatsinteresting, pics, mildlyinfuriating, facepalm",57
AggravatingSplit7492,-1,unassigned,1
gheimifurt,1092,small_community,10
Really-hot-soup,1480,"csMajors, PhD, ApplyingToCollege, AskAcademia, gradadmissions",7
visciousblack,1093,small_community,6
_-Spitfire-_,-1,unassigned,1
TotallyNotVikiNg,1480,"csMajors, PhD, ApplyingToCollege, AskAcademia, gradadmissions",11
Kleysley,1094,small_community,4
Jiv_iM,-1,unassigned,1
MarinatedPickachu,164,"interestingasfuck, Damnthatsinteresting, pics, mildlyinfuriating, facepalm",126
AbdullahFarghaly,1095,small_community,2
Suspicious_Wind_7978,-1,unassigned,2
IAmHereForTheStories,1525,"de, Studium, Finanzen, Ratschlag, germany",41
BestStonks,1480,"csMajors, PhD, ApplyingToCollege, AskAcademia, gradadmissions",15
clorox_1g,-1,unassigned,2
Jazzlike-Box6788,1096,small_community,8
Spirited_Scallion971,1525,"de, Studium, Finanzen, Ratschlag, germany",16
palatiz,1097,small_community,2
Alpajio,1098,small_community,4
Internal-Bet3910,1480,"csMajors, PhD, ApplyingToCollege, AskAcademia, gradadmissions",6
Thomas_Steiner_1978,164,"interestingasfuck, Damnthatsinteresting, pics, mildlyinfuriating, facepalm",39
dobrimoj,1480,"csMajors, PhD, ApplyingToCollege, AskAcademia, gradadmissions",22
ciracam,1099,small_community,4
WesternMost993,1601,"NoStupidQuestions, AskReddit, askswitzerland, AITAH, Switzerland",36
ClimateInevitable733,-1,unassigned,1
Legndj,1480,"csMajors, PhD, ApplyingToCollege, AskAcademia, gradadmissions",71
QuarterReasonable204,-1,unassigned,2
AP11997,1480,"csMajors, PhD, ApplyingToCollege, AskAcademia, gradadmissions",7
BatteryMaxx,1100,small_community,3
Intellectualweeber99,1101,small_community,5
Big-Buy2457,-1,unassigned,1
PassAppropriate5891,1601,"NoStupidQuestions, AskReddit, askswitzerland, AITAH, Switzerland",19
SwissLover2004,1525,"de, Studium, Finanzen, Ratschlag, germany",16
mrlibman,-1,unassigned,1
thvgfcghfh,164,"interestingasfuck, Damnthatsinteresting, pics, mildlyinfuriating, facepalm",12
rteasghnwmyksrx,1480,"csMajors, PhD, ApplyingToCollege, AskAcademia, gradadmissions",8
Professional_Bus_574,1480,"csMajors, PhD, ApplyingToCollege, AskAcademia, gradadmissions",16
FitSeaworthiness4304,-1,unassigned,1
sernameistaken4,164,"interestingasfuck, Damnthatsinteresting, pics, mildlyinfuriating, facepalm",6
Pitiful-Situation494,164,"interestingasfuck, Damnthatsinteresting, pics, mildlyinfuriating, facepalm",25
_quantum_girl_,1559,"Universitaly, ItaliaPersonalFinance, CasualIT, Italia, ItaliaCareerAdvice",83
PseudoRandomStudent,1480,"csMajors, PhD, ApplyingToCollege, AskAcademia, gradadmissions",13
Playful-Matter-5757,-1,unassigned,1
Alternative-Spot5016,1601,"NoStupidQuestions, AskReddit, askswitzerland, AITAH, Switzerland",8
vermee,1480,"csMajors, PhD, ApplyingToCollege, AskAcademia, gradadmissions",9
Wichu04,164,"interestingasfuck, Damnthatsinteresting, pics, mildlyinfuriating, facepalm",15
riomaxx,1480,"csMajors, PhD, ApplyingToCollege, AskAcademia, gradadmissions",74
total_desaster,164,"interestingasfuck, Damnthatsinteresting, pics, mildlyinfuriating, facepalm",100
WorkSuspicious4916,1102,small_community,2
Tottybox,1601,"NoStupidQuestions, AskReddit, askswitzerland, AITAH, Switzerland",58
PianistWinter8293,1480,"csMajors, PhD, ApplyingToCollege, AskAcademia, gradadmissions",84
GraciaK03,1480,"csMajors, PhD, ApplyingToCollege, AskAcademia, gradadmissions",20
Filthykun,1103,small_community,4
ttthhheeeoooooo,1480,"csMajors, PhD, ApplyingToCollege, AskAcademia, gradadmissions",27
SnowEmbarrassed6407,1104,small_community,2
MyColaZero,164,"interestingasfuck, Damnthatsinteresting, pics, mildlyinfuriating, facepalm",30
Ok_Mistake1498,1105,small_community,6
No_Bodybuilder7446,1480,"csMajors, PhD, ApplyingToCollege, AskAcademia, gradadmissions",38
litbizwiz,1480,"csMajors, PhD, ApplyingToCollege, AskAcademia, gradadmissions",15
Quick-Coat,-1,unassigned,1
Arin_Pali,1480,"csMajors, PhD, ApplyingToCollege, AskAcademia, gradadmissions",83
SpeedCuber69,1480,"csMajors, PhD, ApplyingToCollege, AskAcademia, gradadmissions",42
Lirionex,1525,"de, Studium, Finanzen, Ratschlag, germany",44
RexBadger,1106,small_community,2
Forsaken_Jewel,1107,small_community,3
Successful_Bill_4607,1108,small_community,5
Phocasola,1480,"csMajors, PhD, ApplyingToCollege, AskAcademia, gradadmissions",19
kjm_zhh,-1,unassigned,5
PirateTerrible5118,-1,unassigned,1
Poldi_06,-1,unassigned,1
super-servant,1109,small_community,3
stanimal91,-1,unassigned,1
Traveller-2001,1110,small_community,4
Br0wnHammer,1480,"csMajors, PhD, ApplyingToCollege, AskAcademia, gradadmissions",8
bongosformongos,164,"interestingasfuck, Damnthatsinteresting, pics, mildlyinfuriating, facepalm",48
Interesting-Maize-45,-1,unassigned,1
ywecur,1601,"NoStupidQuestions, AskReddit, askswitzerland, AITAH, Switzerland",27
Bubbly_Cellist_6802,1480,"csMajors, PhD, ApplyingToCollege, AskAcademia, gradadmissions",7
FuzzyGrizz,164,"interestingasfuck, Damnthatsinteresting, pics, mildlyinfuriating, facepalm",21
Formalutaion,-1,unassigned,1
ginsunuva,1601,"NoStupidQuestions, AskReddit, askswitzerland, AITAH, Switzerland",72
Wooden-Ad-3151,-1,unassigned,1
Old-Initiative-6373,1480,"csMajors, PhD, ApplyingToCollege, AskAcademia, gradadmissions",16
AimingforGreatness,1480,"csMajors, PhD, ApplyingToCollege, AskAcademia, gradadmissions",11
Warm_Tough_4290,1111,small_community,2
lordgthegreat,1112,small_community,8
Asztrus11,-1,unassigned,3
botulrich,1113,small_community,3
QuestioningMyLifeJa,1480,"csMajors, PhD, ApplyingToCollege, AskAcademia, gradadmissions",33
TouchGrasso,1601,"NoStupidQuestions, AskReddit, askswitzerland, AITAH, Switzerland",10
_Zinio_,1114,small_community,3
jj_HeRo,164,"interestingasfuck, Damnthatsinteresting, pics, mildlyinfuriating, facepalm",286
jitter1337,-1,unassigned,1
softgale,1525,"de, Studium, Finanzen, Ratschlag, germany",10
dlPhil,-1,unassigned,1
TheMexxx,-1,unassigned,1
vocalproletariat28,1480,"csMajors, PhD, ApplyingToCollege, AskAcademia, gradadmissions",117
Intelligent-Algae46,-1,unassigned,2
duckduckyourself,-1,unassigned,1
Ok_Childhood4231,-1,unassigned,1
Minimum_Parsnip165,1480,"csMajors, PhD, ApplyingToCollege, AskAcademia, gradadmissions",14
moiwantkwason,1601,"NoStupidQuestions, AskReddit, askswitzerland, AITAH, Switzerland",149
BlockOfSwissCheese,164,"interestingasfuck, Damnthatsinteresting, pics, mildlyinfuriating, facepalm",18
nccantos,-1,unassigned,1
LemonOnTheMoon,-1,unassigned,1
CaptainNanon,1115,small_community,8
SiNoName101,1116,small_community,4
ShotSmile169,1480,"csMajors, PhD, ApplyingToCollege, AskAcademia, gradadmissions",12
cactii281,1117,small_community,4
absolutely__no,1118,small_community,10
nikki4716,1119,small_community,4
CricketWide8581,1120,small_community,3
Ordinary_Ad_9838,1121,small_community,2
dpaleka,1122,small_community,3
slippery_slimy_fish,1123,small_community,8
Loliges486,-1,unassigned,1
Expensive-Mix-9687,1124,small_community,11
Broad_Warning_2886,1525,"de, Studium, Finanzen, Ratschlag, germany",66
Beautiful_Welder_919,1480,"csMajors, PhD, ApplyingToCollege, AskAcademia, gradadmissions",12
Living_Substance_487,164,"interestingasfuck, Damnthatsinteresting, pics, mildlyinfuriating, facepalm",60
imbaldcuzbetteraero,1480,"csMajors, PhD, ApplyingToCollege, AskAcademia, gradadmissions",83
bschne1,1125,small_community,8
Infamous-Picture-10,-1,unassigned,1
FewEvidence4309,-1,unassigned,1
Decent_Perspective26,-1,unassigned,1
constar93,1525,"de, Studium, Finanzen, Ratschlag, germany",13
im_person_nate,1126,small_community,6
Front-Photo-7166,1480,"csMajors, PhD, ApplyingToCollege, AskAcademia, gradadmissions",11
BondBretting,-1,unassigned,2
outsidethecave,164,"interestingasfuck, Damnthatsinteresting, pics, mildlyinfuriating, facepalm",22
ReaperDaemon666,164,"interestingasfuck, Damnthatsinteresting, pics, mildlyinfuriating, facepalm",55
riptorial,1127,small_community,7
Electrical_Ad_4848,1128,small_community,4
Available-Maize1493,1601,"NoStupidQuestions, AskReddit, askswitzerland, AITAH, Switzerland",33
FlreW0lf,-1,unassigned,1
Possible_Bike7252,1480,"csMajors, PhD, ApplyingToCollege, AskAcademia, gradadmissions",21
Tomurs,1129,small_community,4
servant_ch,1480,"csMajors, PhD, ApplyingToCollege, AskAcademia, gradadmissions",30
Healthy_Letter_9694,-1,unassigned,1
Electronic_Collar931,1130,small_community,4
Few-Horror-6341,-1,unassigned,2
SidereusEques,1480,"csMajors, PhD, ApplyingToCollege, AskAcademia, gradadmissions",74
Ecstatic-Level9286,-1,unassigned,2
sense8__,1131,small_community,9
PetitArvine,164,"interestingasfuck, Damnthatsinteresting, pics, mildlyinfuriating, facepalm",63
forallem,1525,"de, Studium, Finanzen, Ratschlag, germany",7
chan123chan123,-1,unassigned,1
Potential-Sea3260,1132,small_community,4
sweet_potato_elsisi,1480,"csMajors, PhD, ApplyingToCollege, AskAcademia, gradadmissions",12
Specialist-Appeal257,-1,unassigned,4
SnackettiXD,164,"interestingasfuck, Damnthatsinteresting, pics, mildlyinfuriating, facepalm",7
Old-Feed1306,1133,small_community,2
IBM_Research_ZRL,-1,unassigned,1
Kikujiroo,164,"interestingasfuck, Damnthatsinteresting, pics, mildlyinfuriating, facepalm",32
Mykoliux-1,1480,"csMajors, PhD, ApplyingToCollege, AskAcademia, gradadmissions",35
Swiss_wow,1134,small_community,8
Salty-Traffic-7202,1135,small_community,4
Open-Farmer-7285,1136,small_community,11
After-Lengthiness720,1137,small_community,2
AdolphSilvia,164,"interestingasfuck, Damnthatsinteresting, pics, mildlyinfuriating, facepalm",137
dstemcel,1480,"csMajors, PhD, ApplyingToCollege, AskAcademia, gradadmissions",71
MangoBlackTea,-1,unassigned,1
Novel_Ad_1766,-1,unassigned,2
neilus03,1480,"csMajors, PhD, ApplyingToCollege, AskAcademia, gradadmissions",23
Nick224,1138,small_community,2
deception2022,164,"interestingasfuck, Damnthatsinteresting, pics, mildlyinfuriating, facepalm",70
Classic-Break5888,164,"interestingasfuck, Damnthatsinteresting, pics, mildlyinfuriating, facepalm",174
deragent,1525,"de, Studium, Finanzen, Ratschlag, germany",13
Nicopavo,1480,"csMajors, PhD, ApplyingToCollege, AskAcademia, gradadmissions",8
Positive-Strategy161,164,"interestingasfuck, Damnthatsinteresting, pics, mildlyinfuriating, facepalm",70
Imaginary-Teacher317,-1,unassigned,1
eternalpanic,1525,"de, Studium, Finanzen, Ratschlag, germany",64
BoatImmediate8262,-1,unassigned,2
Poppyseeds369,1480,"csMajors, PhD, ApplyingToCollege, AskAcademia, gradadmissions",11
Federal_Subject_6797,1601,"NoStupidQuestions, AskReddit, askswitzerland, AITAH, Switzerland",159
FunnyPocketBook,1480,"csMajors, PhD, ApplyingToCollege, AskAcademia, gradadmissions",44
Newton-Leibniz,164,"interestingasfuck, Damnthatsinteresting, pics, mildlyinfuriating, facepalm",36
Plus_Yogurt_9647,-1,unassigned,1
mou-no_pep-si,1139,small_community,18
Due_Wallaby_3643,1480,"csMajors, PhD, ApplyingToCollege, AskAcademia, gradadmissions",17
Majestic_Example2529,1140,small_community,3
Moisty_Amphibian,1480,"csMajors, PhD, ApplyingToCollege, AskAcademia, gradadmissions",73
Hairy-Peace-9390,1480,"csMajors, PhD, ApplyingToCollege, AskAcademia, gradadmissions",9
OsakaTosuto,1480,"csMajors, PhD, ApplyingToCollege, AskAcademia, gradadmissions",29
Norby314,164,"interestingasfuck, Damnthatsinteresting, pics, mildlyinfuriating, facepalm",77
Money-Panda9038,1141,small_community,6
Good_Choice_4722,1142,small_community,3
BeStoopid,1601,"NoStupidQuestions, AskReddit, askswitzerland, AITAH, Switzerland",45
General2000,-1,unassigned,1
Y_mc,1480,"csMajors, PhD, ApplyingToCollege, AskAcademia, gradadmissions",28
PokemonAttorney,-1,unassigned,1
Friendly-Nose4060,1143,small_community,2
IsengardMordor,1601,"NoStupidQuestions, AskReddit, askswitzerland, AITAH, Switzerland",26
Lolekkkkkkk,164,"interestingasfuck, Damnthatsinteresting, pics, mildlyinfuriating, facepalm",20
Smart_Technology_433,-1,unassigned,2
Even_Frame_2494,-1,unassigned,1
leezaard,-1,unassigned,6
Warm-Discipline6414,1144,small_community,7
moormaster73,164,"interestingasfuck, Damnthatsinteresting, pics, mildlyinfuriating, facepalm",32
rosavb,1145,small_community,8
pranavadvani2003,1480,"csMajors, PhD, ApplyingToCollege, AskAcademia, gradadmissions",9
Greedy-Intention-900,-1,unassigned,1
MaMont02,-1,unassigned,1
AutomaticOrder3635,1525,"de, Studium, Finanzen, Ratschlag, germany",21
dogsdiner,-1,unassigned,1
1234VICE,164,"interestingasfuck, Damnthatsinteresting, pics, mildlyinfuriating, facepalm",24
L0VESTHE0CEAN,1146,small_community,3
elliot18620,-1,unassigned,1
Maurice1001,1147,small_community,2
QuietOtherwise7530,1480,"csMajors, PhD, ApplyingToCollege, AskAcademia, gradadmissions",12
ReputationFull4819,1148,small_community,3
Interesting_Coast279,1480,"csMajors, PhD, ApplyingToCollege, AskAcademia, gradadmissions",14
justonesharkie,1601,"NoStupidQuestions, AskReddit, askswitzerland, AITAH, Switzerland",51
Romerini81,1480,"csMajors, PhD, ApplyingToCollege, AskAcademia, gradadmissions",54
katzenliegestuetze,1149,small_community,2
stereosteam,1480,"csMajors, PhD, ApplyingToCollege, AskAcademia, gradadmissions",4
AlertEmotion7134,-1,unassigned,1
Hairy_Spirit1636,164,"interestingasfuck, Damnthatsinteresting, pics, mildlyinfuriating, facepalm",47
Accomplished_Echo_31,-1,unassigned,1
Weary-Television3170,-1,unassigned,1
fishanddipflip,1601,"NoStupidQuestions, AskReddit, askswitzerland, AITAH, Switzerland",30
Latter_Minute_1395,1480,"csMajors, PhD, ApplyingToCollege, AskAcademia, gradadmissions",32
brunnertu,1150,small_community,4
Curious-Average-1706,1480,"csMajors, PhD, ApplyingToCollege, AskAcademia, gradadmissions",6
Double_Vacation545,1480,"csMajors, PhD, ApplyingToCollege, AskAcademia, gradadmissions",38
Laokon96,1151,small_community,6
Frost-Singularity,-1,unassigned,1
Maleficent_Business4,-1,unassigned,2
Outside_Long5907,1480,"csMajors, PhD, ApplyingToCollege, AskAcademia, gradadmissions",22
Several_Falcon_7005,1601,"NoStupidQuestions, AskReddit, askswitzerland, AITAH, Switzerland",17
fabkosta,164,"interestingasfuck, Damnthatsinteresting, pics, mildlyinfuriating, facepalm",290
Legal-Pear-6497,1152,small_community,11
C0R0NA_CHAN,164,"interestingasfuck, Damnthatsinteresting, pics, mildlyinfuriating, facepalm",71
nauhgc,1153,small_community,2
Aggressive_Battle727,1154,small_community,6
FerrousThing,164,"interestingasfuck, Damnthatsinteresting, pics, mildlyinfuriating, facepalm",43
icwkdzajz,1155,small_community,12
Friendly-Bunch-1828,-1,unassigned,1
Hopeful-Database-221,1156,small_community,6
HonestJackfruit9028,-1,unassigned,2
kanoa_riddle,1157,small_community,6
idkjustgimmeusername,-1,unassigned,1
Yarza,-1,unassigned,1
AlFatalGast,1158,small_community,3
weekendhope,-1,unassigned,8
Katniped_,1480,"csMajors, PhD, ApplyingToCollege, AskAcademia, gradadmissions",21
polapix,1159,small_community,13
luneedananswer,-1,unassigned,1
Moist-Delivery-1909,-1,unassigned,1
Puzzleheaded_War9413,-1,unassigned,1
LeonardoPinna,1160,small_community,3
choconutz_coco,164,"interestingasfuck, Damnthatsinteresting, pics, mildlyinfuriating, facepalm",20
alsbos1,164,"interestingasfuck, Damnthatsinteresting, pics, mildlyinfuriating, facepalm",109
HeLst3n1,1525,"de, Studium, Finanzen, Ratschlag, germany",25
Tomlishorn2128,1525,"de, Studium, Finanzen, Ratschlag, germany",12
vrwv,1480,"csMajors, PhD, ApplyingToCollege, AskAcademia, gradadmissions",6
Informal-Way9158,1161,small_community,2
AbCi16,1480,"csMajors, PhD, ApplyingToCollege, AskAcademia, gradadmissions",71
hitzgi,1525,"de, Studium, Finanzen, Ratschlag, germany",9
SaPpHiReFlAmEs99,1559,"Universitaly, ItaliaPersonalFinance, CasualIT, Italia, ItaliaCareerAdvice",52
Competitive-Song5961,1480,"csMajors, PhD, ApplyingToCollege, AskAcademia, gradadmissions",16
kylinandy,1162,small_community,6
unknownstudentoflife,1480,"csMajors, PhD, ApplyingToCollege, AskAcademia, gradadmissions",320
NewspaperDense4644,-1,unassigned,3
tiddlywinks_truth,1163,small_community,9
Business_Brush_8482,-1,unassigned,1
Rollstein_,1164,small_community,3
PoignantPoison,1601,"NoStupidQuestions, AskReddit, askswitzerland, AITAH, Switzerland",30
guemeller,1165,small_community,6
Pristine_Tie8418,-1,unassigned,1
Training_Listen_1449,1166,small_community,4
Euphoric-Present2208,1480,"csMajors, PhD, ApplyingToCollege, AskAcademia, gradadmissions",9
anothers0meone,1480,"csMajors, PhD, ApplyingToCollege, AskAcademia, gradadmissions",16
DifficultyTricky7779,164,"interestingasfuck, Damnthatsinteresting, pics, mildlyinfuriating, facepalm",71
Intell10,-1,unassigned,1
tenzinleila,1167,small_community,5
Bottle-Desperate,-1,unassigned,1
shineme26,1168,small_community,4
FishyFrie,1169,small_community,11
hann953,1480,"csMajors, PhD, ApplyingToCollege, AskAcademia, gradadmissions",28
Single-Sky9457,-1,unassigned,1
CaptainCuddles17,1601,"NoStupidQuestions, AskReddit, askswitzerland, AITAH, Switzerland",19
Famous-Exercise6091,1170,small_community,3
ignorantgal5,1480,"csMajors, PhD, ApplyingToCollege, AskAcademia, gradadmissions",31
Shining_star_875,1480,"csMajors, PhD, ApplyingToCollege, AskAcademia, gradadmissions",38
diqkd,-1,unassigned,1
ounipeperouni,164,"interestingasfuck, Damnthatsinteresting, pics, mildlyinfuriating, facepalm",7
Advanced-Rip568,-1,unassigned,1
EdoBirelART27,164,"interestingasfuck, Damnthatsinteresting, pics, mildlyinfuriating, facepalm",7
Ittybittykittypi,164,"interestingasfuck, Damnthatsinteresting, pics, mildlyinfuriating, facepalm",26
Academic_Body7249,-1,unassigned,3
UphillTowardsTheSun,1601,"NoStupidQuestions, AskReddit, askswitzerland, AITAH, Switzerland",51
endtoabeginning,1480,"csMajors, PhD, ApplyingToCollege, AskAcademia, gradadmissions",96
EmbarrassedAd7823,1601,"NoStupidQuestions, AskReddit, askswitzerland, AITAH, Switzerland",12
Lumpy_Leg_1826,1480,"csMajors, PhD, ApplyingToCollege, AskAcademia, gradadmissions",8
NoForm7090,-1,unassigned,1
Idontlikecancer0,1525,"de, Studium, Finanzen, Ratschlag, germany",58
fromtheptothee,-1,unassigned,1
TortoisesSlap,164,"interestingasfuck, Damnthatsinteresting, pics, mildlyinfuriating, facepalm",49
CombinatorialCub,-1,unassigned,1
dplume,1601,"NoStupidQuestions, AskReddit, askswitzerland, AITAH, Switzerland",20
nzflmc,1480,"csMajors, PhD, ApplyingToCollege, AskAcademia, gradadmissions",11
LysanderStorm,164,"interestingasfuck, Damnthatsinteresting, pics, mildlyinfuriating, facepalm",28
Mouschi_,1480,"csMajors, PhD, ApplyingToCollege, AskAcademia, gradadmissions",46
souhhcong,1171,small_community,2
Whole-Discount-8770,-1,unassigned,2
Flockifox,1172,small_community,2
arsbars17,-1,unassigned,1
polypancake,1601,"NoStupidQuestions, AskReddit, askswitzerland, AITAH, Switzerland",15
Cedi26,1480,"csMajors, PhD, ApplyingToCollege, AskAcademia, gradadmissions",12
Ornery_Cake_9864,1525,"de, Studium, Finanzen, Ratschlag, germany",19
Flat_End4624,1173,small_community,6
Diligent-Ant-2269,1174,small_community,3
StrictRelationship52,1175,small_community,2
turbman2,-1,unassigned,1
Typical-Weather1254,1176,small_community,7
No-Animator-7931,164,"interestingasfuck, Damnthatsinteresting, pics, mildlyinfuriating, facepalm",13
Fine-Cat4708,1177,small_community,5
SeaCompetitive6806,1525,"de, Studium, Finanzen, Ratschlag, germany",184
ReceptionStreet1707,-1,unassigned,1
Sideralis_,1559,"Universitaly, ItaliaPersonalFinance, CasualIT, Italia, ItaliaCareerAdvice",24
Warm_Theory_9145,-1,unassigned,1
davit_i_guess,-1,unassigned,1
Gazellu,1178,small_community,6
SkyNo234,1601,"NoStupidQuestions, AskReddit, askswitzerland, AITAH, Switzerland",97
AdhesivenessOdd7527,-1,unassigned,1
Accurate_Stay_5058,1480,"csMajors, PhD, ApplyingToCollege, AskAcademia, gradadmissions",6
Wonderful-Friend8815,1480,"csMajors, PhD, ApplyingToCollege, AskAcademia, gradadmissions",5
Low_Objective_1040,1179,small_community,2
Lingon_Berry548,1180,small_community,7
No_Outcome_1760,-1,unassigned,2
Alternative-Yak-6990,1601,"NoStupidQuestions, AskReddit, askswitzerland, AITAH, Switzerland",73
Purple-Peak-6487,1181,small_community,2
Barnariks,164,"interestingasfuck, Damnthatsinteresting, pics, mildlyinfuriating, facepalm",121
rachelKD637,1480,"csMajors, PhD, ApplyingToCollege, AskAcademia, gradadmissions",24
thetaharvest,1182,small_community,4
Head_Pollution_7193,1480,"csMajors, PhD, ApplyingToCollege, AskAcademia, gradadmissions",17
No-Citron8371,1183,small_community,2
woozy_1729,1480,"csMajors, PhD, ApplyingToCollege, AskAcademia, gradadmissions",9
panda-cool123,-1,unassigned,1
Proof-Wafer9199,1184,small_community,5
New_Release6355,1185,small_community,3
DenimSilver,1480,"csMajors, PhD, ApplyingToCollege, AskAcademia, gradadmissions",67
Ok-Bottle-1341,1601,"NoStupidQuestions, AskReddit, askswitzerland, AITAH, Switzerland",51
Vast-Rock-4512,-1,unassigned,2
alinary2222,1186,small_community,4
Able_Stretch4800,1187,small_community,2
YigitDemirag,1188,small_community,4
Tallbigboi,-1,unassigned,1
LLBeep,1480,"csMajors, PhD, ApplyingToCollege, AskAcademia, gradadmissions",12
phonendoscope,-1,unassigned,4
MeNamem-me,1189,small_community,4
Suspicious_Lawyer272,1601,"NoStupidQuestions, AskReddit, askswitzerland, AITAH, Switzerland",12
Ctg2005,-1,unassigned,2
realcarmen1678,-1,unassigned,1
cryptofreedoom,1190,small_community,2
HYSTERYON,1191,small_community,4
PrestigiousAssist689,164,"interestingasfuck, Damnthatsinteresting, pics, mildlyinfuriating, facepalm",20
bi7worker,164,"interestingasfuck, Damnthatsinteresting, pics, mildlyinfuriating, facepalm",62
Own_Salt1799,-1,unassigned,1
Swi_Pol_Eng_guy,164,"interestingasfuck, Damnthatsinteresting, pics, mildlyinfuriating, facepalm",31
Morqz,1480,"csMajors, PhD, ApplyingToCollege, AskAcademia, gradadmissions",14
OziAviator,1601,"NoStupidQuestions, AskReddit, askswitzerland, AITAH, Switzerland",90
Senshi988,1192,small_community,7
FilthyRubber,1193,small_community,8
rio_gambles,1601,"NoStupidQuestions, AskReddit, askswitzerland, AITAH, Switzerland",13
TuDictator,-1,unassigned,3
shrawnschone,1194,small_community,9
DistributionGreedy32,1480,"csMajors, PhD, ApplyingToCollege, AskAcademia, gradadmissions",14
Consistent_Lab9978,-1,unassigned,2
RadishRocket,164,"interestingasfuck, Damnthatsinteresting, pics, mildlyinfuriating, facepalm",15
Adventurous-Race5478,164,"interestingasfuck, Damnthatsinteresting, pics, mildlyinfuriating, facepalm",13
NeatSolid6535,1195,small_community,2
Electrical-Pie925,1196,small_community,13
liverpenguin,-1,unassigned,1
Busy_Blood_2220,-1,unassigned,1
bert1808,1480,"csMajors, PhD, ApplyingToCollege, AskAcademia, gradadmissions",7
Downtown_Brother6308,1480,"csMajors, PhD, ApplyingToCollege, AskAcademia, gradadmissions",37
FatBoiXL,-1,unassigned,1
geigergopp,1480,"csMajors, PhD, ApplyingToCollege, AskAcademia, gradadmissions",43
Wide_Ad_9129,-1,unassigned,1
randomUser539123,1480,"csMajors, PhD, ApplyingToCollege, AskAcademia, gradadmissions",39
jrsowa,1480,"csMajors, PhD, ApplyingToCollege, AskAcademia, gradadmissions",49
FewBlacksmith6399,1197,small_community,5
finanzgipfel,1198,small_community,6
ResearcherNo4681,1601,"NoStupidQuestions, AskReddit, askswitzerland, AITAH, Switzerland",105
TheseHoesAintLoyal01,1480,"csMajors, PhD, ApplyingToCollege, AskAcademia, gradadmissions",24
Miserable-Whale,1199,small_community,9
schoki_banane,-1,unassigned,1
Active-Diamond-7555,1480,"csMajors, PhD, ApplyingToCollege, AskAcademia, gradadmissions",7
Accomplished-War1971,1601,"NoStupidQuestions, AskReddit, askswitzerland, AITAH, Switzerland",89
Mobile-Hospital-1025,1200,small_community,5
HorrorRemove6851,1201,small_community,5
Filippo295,1480,"csMajors, PhD, ApplyingToCollege, AskAcademia, gradadmissions",51
bread_or_me,-1,unassigned,1
ThickMathematician0,-1,unassigned,1
Agitated-Pollution52,-1,unassigned,6
Confident_Bear9311,-1,unassigned,1
MixtureBrilliant1840,-1,unassigned,1
red_eyed_devil,1480,"csMajors, PhD, ApplyingToCollege, AskAcademia, gradadmissions",42
Difficult_Comment564,-1,unassigned,1
Various_Biscotti_147,-1,unassigned,1
preetesque,1480,"csMajors, PhD, ApplyingToCollege, AskAcademia, gradadmissions",24
Physical_Sleep_9918,1480,"csMajors, PhD, ApplyingToCollege, AskAcademia, gradadmissions",33
retermist,1202,small_community,3
LivingIntention6882,1203,small_community,6
Uranium_Donut_,1525,"de, Studium, Finanzen, Ratschlag, germany",81
Zombie46,1204,small_community,11
AleLuke,1205,small_community,3
StationDeer,1480,"csMajors, PhD, ApplyingToCollege, AskAcademia, gradadmissions",15
Little_Biscotti_9134,1480,"csMajors, PhD, ApplyingToCollege, AskAcademia, gradadmissions",19
Sure_Neighborhood_79,1206,small_community,3
Fuzzy_Ad_8448,1207,small_community,4
Nervous_Grapefruit99,-1,unassigned,2
DryRound8883,-1,unassigned,1
Aromatic-Dog7505,-1,unassigned,1
styl5apofis,1208,small_community,8
Weary-Novel-440,-1,unassigned,1
USRplusFan,164,"interestingasfuck, Damnthatsinteresting, pics, mildlyinfuriating, facepalm",64
nebulous_crab,1480,"csMajors, PhD, ApplyingToCollege, AskAcademia, gradadmissions",7
Neat-Assignment5940,1480,"csMajors, PhD, ApplyingToCollege, AskAcademia, gradadmissions",10
Cute_Chemical_7714,1601,"NoStupidQuestions, AskReddit, askswitzerland, AITAH, Switzerland",56
TitanTraffic,164,"interestingasfuck, Damnthatsinteresting, pics, mildlyinfuriating, facepalm",10
Prestigious-Key-8948,1209,small_community,4
Apart_Direction5852,1210,small_community,5
ipokestuff,164,"interestingasfuck, Damnthatsinteresting, pics, mildlyinfuriating, facepalm",57
Desperate-Papaya3017,1211,small_community,3
ajisuntihoe,1480,"csMajors, PhD, ApplyingToCollege, AskAcademia, gradadmissions",39
Dense-Document5596,1212,small_community,5
Afro-Islander,-1,unassigned,1
Busfestival,-1,unassigned,1
Whole_Chemical_6470,1213,small_community,5
NewCoddder,1214,small_community,4
marcogaudenzi,1559,"Universitaly, ItaliaPersonalFinance, CasualIT, Italia, ItaliaCareerAdvice",10
pasturaboy,164,"interestingasfuck, Damnthatsinteresting, pics, mildlyinfuriating, facepalm",45
tioskott,1215,small_community,6
LateParsley2574,1216,small_community,3
Shidoni,1601,"NoStupidQuestions, AskReddit, askswitzerland, AITAH, Switzerland",13
Spielername124,164,"interestingasfuck, Damnthatsinteresting, pics, mildlyinfuriating, facepalm",66
FuturecashEth,1601,"NoStupidQuestions, AskReddit, askswitzerland, AITAH, Switzerland",58
BarNext625,164,"interestingasfuck, Damnthatsinteresting, pics, mildlyinfuriating, facepalm",26
mlgngrlbs,1525,"de, Studium, Finanzen, Ratschlag, germany",10
spprshit,-1,unassigned,1
rakk109,1480,"csMajors, PhD, ApplyingToCollege, AskAcademia, gradadmissions",11
Swiffertoy,1217,small_community,2
TheSK_001,1480,"csMajors, PhD, ApplyingToCollege, AskAcademia, gradadmissions",14
Difficult_Mulberry20,1218,small_community,4
mintwurm,1219,small_community,5
elettod,-1,unassigned,1
Virtual-Emergency737,1601,"NoStupidQuestions, AskReddit, askswitzerland, AITAH, Switzerland",66
Ambitious_Rise5078,-1,unassigned,1
Due-Kangaroo863,1220,small_community,3
Superultra_,164,"interestingasfuck, Damnthatsinteresting, pics, mildlyinfuriating, facepalm",22
divind1115,1221,small_community,7
sas1111344,1222,small_community,14
Objective-Ad-2643,1480,"csMajors, PhD, ApplyingToCollege, AskAcademia, gradadmissions",60
Real_Principle_8446,1223,small_community,2
recursive_tree,1525,"de, Studium, Finanzen, Ratschlag, germany",22
Glum-Commercial1920,1601,"NoStupidQuestions, AskReddit, askswitzerland, AITAH, Switzerland",16
Important_Bass2711,1224,small_community,3
corey-lammie-ibm,-1,unassigned,1
Sea-Flower5108,1480,"csMajors, PhD, ApplyingToCollege, AskAcademia, gradadmissions",14
iamnogoodatthis,1601,"NoStupidQuestions, AskReddit, askswitzerland, AITAH, Switzerland",184
lovro_nigel,1225,small_community,7
shinjirokatei,-1,unassigned,1
Salt_Mushroom_4608,1226,small_community,6
SnooSquirrels3902,1227,small_community,3
Tough-Celebration-80,1480,"csMajors, PhD, ApplyingToCollege, AskAcademia, gradadmissions",16
JarbringerOfJeff,-1,unassigned,1
kart0ffel12,1601,"NoStupidQuestions, AskReddit, askswitzerland, AITAH, Switzerland",65
JuktNichtBesonders,1228,small_community,5
hopefulbrownies,1229,small_community,3
Organic_Hovercraft77,164,"interestingasfuck, Damnthatsinteresting, pics, mildlyinfuriating, facepalm",19
Minute-Preference383,1480,"csMajors, PhD, ApplyingToCollege, AskAcademia, gradadmissions",30
Student_Hacks,2191,small_community,8
sousex_007,1480,"csMajors, PhD, ApplyingToCollege, AskAcademia, gradadmissions",16
moritzmadafaka,1230,small_community,3
BackgroundLow3556,-1,unassigned,1
Halterchronicle,164,"interestingasfuck, Damnthatsinteresting, pics, mildlyinfuriating, facepalm",46
deepshark14,1231,small_community,7
octo_mann,1601,"NoStupidQuestions, AskReddit, askswitzerland, AITAH, Switzerland",17
Extension-Reading106,1480,"csMajors, PhD, ApplyingToCollege, AskAcademia, gradadmissions",6
Kawakzaky,1232,small_community,4
Dependent-Bike1547,-1,unassigned,4
makaros622,1601,"NoStupidQuestions, AskReddit, askswitzerland, AITAH, Switzerland",50
verys-aleph,-1,unassigned,1
throwawayrotterdam2,1480,"csMajors, PhD, ApplyingToCollege, AskAcademia, gradadmissions",94
SakuraTheCatLady,1233,small_community,8
MagicianPale9562,1480,"csMajors, PhD, ApplyingToCollege, AskAcademia, gradadmissions",35
TheRealRyuuko,1234,small_community,2
deekachuu,1235,small_community,4
BeautifulTennis3524,1601,"NoStupidQuestions, AskReddit, askswitzerland, AITAH, Switzerland",26
rhl,1480,"csMajors, PhD, ApplyingToCollege, AskAcademia, gradadmissions",11
BorderGood8431,1601,"NoStupidQuestions, AskReddit, askswitzerland, AITAH, Switzerland",42
ToboPotato,1480,"csMajors, PhD, ApplyingToCollege, AskAcademia, gradadmissions",11
LeagueNo2990,-1,unassigned,1
MarcoBernet,1236,small_community,8
Deep-Monitor-6794,-1,unassigned,1
Miserable-Signal8753,-1,unassigned,1
bobijntje,1601,"NoStupidQuestions, AskReddit, askswitzerland, AITAH, Switzerland",119
f3fff2f2f2f,1237,small_community,6
Beginning-Initial-56,1238,small_community,8
pointnopoints,-1,unassigned,2
mfroyo9086,1239,small_community,4
Mourdine,1480,"csMajors, PhD, ApplyingToCollege, AskAcademia, gradadmissions",25
BananaP3nguin,-1,unassigned,1
lucidgazorpazorp,1480,"csMajors, PhD, ApplyingToCollege, AskAcademia, gradadmissions",15
Marinegr,1601,"NoStupidQuestions, AskReddit, askswitzerland, AITAH, Switzerland",21
GYN-k4H-Q3z-75B,164,"interestingasfuck, Damnthatsinteresting, pics, mildlyinfuriating, facepalm",237
MrTroll420,1480,"csMajors, PhD, ApplyingToCollege, AskAcademia, gradadmissions",21
Fearless-Chip6937,164,"interestingasfuck, Damnthatsinteresting, pics, mildlyinfuriating, facepalm",116
DonKajit,164,"interestingasfuck, Damnthatsinteresting, pics, mildlyinfuriating, facepalm",11
Bitter-Estimate4667,1525,"de, Studium, Finanzen, Ratschlag, germany",8
Fit-Potential-4614,-1,unassigned,1
Fragrant-Ad9773,-1,unassigned,2
xschunka,1601,"NoStupidQuestions, AskReddit, askswitzerland, AITAH, Switzerland",8
gyzmot,-1,unassigned,2
SevereMushroom5592,164,"interestingasfuck, Damnthatsinteresting, pics, mildlyinfuriating, facepalm",12
Ordinary-Annual1429,1601,"NoStupidQuestions, AskReddit, askswitzerland, AITAH, Switzerland",37
undefined0326,1240,small_community,2
HongkongKings,1601,"NoStupidQuestions, AskReddit, askswitzerland, AITAH, Switzerland",48
Green_Philosophy_301,1480,"csMajors, PhD, ApplyingToCollege, AskAcademia, gradadmissions",9
voldemort9289,1241,small_community,8
SlipObjective5846,1242,small_community,5
AtwoZ139,164,"interestingasfuck, Damnthatsinteresting, pics, mildlyinfuriating, facepalm",11
Substantial_Gur9431,-1,unassigned,1
flipper-1703,164,"interestingasfuck, Damnthatsinteresting, pics, mildlyinfuriating, facepalm",23
cami_banani,1243,small_community,5
Euphoric-Momo-7,1244,small_community,9
SignificantBluejay11,1245,small_community,2
chridii,1525,"de, Studium, Finanzen, Ratschlag, germany",26
Affectionate-Bit4533,-1,unassigned,1
Unlucky-Camp-7668,1480,"csMajors, PhD, ApplyingToCollege, AskAcademia, gradadmissions",19
WorldinessSuch998,1480,"csMajors, PhD, ApplyingToCollege, AskAcademia, gradadmissions",7
Square_Target8391,164,"interestingasfuck, Damnthatsinteresting, pics, mildlyinfuriating, facepalm",56
getshreckdindeass,1246,small_community,3
Fit-Frosting-7144,164,"interestingasfuck, Damnthatsinteresting, pics, mildlyinfuriating, facepalm",53
mike445545,1247,small_community,16
Outside_Strategy_563,1248,small_community,4
Ok-Event-8709,1249,small_community,6
Alarmed-Ad6452,1480,"csMajors, PhD, ApplyingToCollege, AskAcademia, gradadmissions",35
PM_ME_YOUR_ANUS_PIC,1601,"NoStupidQuestions, AskReddit, askswitzerland, AITAH, Switzerland",130
Ideceptive928,-1,unassigned,2
loitremac,1250,small_community,7
ThrowRAunimess99,-1,unassigned,1
clairedlalune,-1,unassigned,2
Ok-Quote-396,-1,unassigned,1
Mishanya_lt,1251,small_community,4
FirefighterLast6984,1601,"NoStupidQuestions, AskReddit, askswitzerland, AITAH, Switzerland",22
Manship21,-1,unassigned,1
Key_Study_1491,1252,small_community,7
PietroPentolo,-1,unassigned,1
mick_sunglasses,-1,unassigned,1
vac-ation,1601,"NoStupidQuestions, AskReddit, askswitzerland, AITAH, Switzerland",59
Fabulous-Pen-6249,1253,small_community,2
Book_Dragon_24,1601,"NoStupidQuestions, AskReddit, askswitzerland, AITAH, Switzerland",50
Midshipfilly913,1254,small_community,7
DistributionTrue7024,-1,unassigned,1
octahedralcomplex,1255,small_community,5
Kartium,1256,small_community,7
Adept-Slice,1601,"NoStupidQuestions, AskReddit, askswitzerland, AITAH, Switzerland",48
itisamariel,1525,"de, Studium, Finanzen, Ratschlag, germany",17
trafik_canavari,1480,"csMajors, PhD, ApplyingToCollege, AskAcademia, gradadmissions",12
SnooGuavas6832,-1,unassigned,1
rocket-alpha,164,"interestingasfuck, Damnthatsinteresting, pics, mildlyinfuriating, facepalm",130
Impossible_Coyote980,1480,"csMajors, PhD, ApplyingToCollege, AskAcademia, gradadmissions",24
Muri_bei_Bern,1601,"NoStupidQuestions, AskReddit, askswitzerland, AITAH, Switzerland",18
nicolaswiths,1257,small_community,2
AmputatorBot,1480,"csMajors, PhD, ApplyingToCollege, AskAcademia, gradadmissions",10987
Unnaturalempathy,1258,small_community,5
HamsterMaster355,1480,"csMajors, PhD, ApplyingToCollege, AskAcademia, gradadmissions",51
Friendly_Weakness_82,1259,small_community,3
Common_Letterhead423,164,"interestingasfuck, Damnthatsinteresting, pics, mildlyinfuriating, facepalm",35
red0101blue,1601,"NoStupidQuestions, AskReddit, askswitzerland, AITAH, Switzerland",6
MissCat667,1480,"csMajors, PhD, ApplyingToCollege, AskAcademia, gradadmissions",5
DistinctFisherman235,-1,unassigned,1
Shaneberlin,1260,small_community,3
Blimeyitsflying,164,"interestingasfuck, Damnthatsinteresting, pics, mildlyinfuriating, facepalm",21
Bjarkisigur7,-1,unassigned,1
Ok_Editor8942,1480,"csMajors, PhD, ApplyingToCollege, AskAcademia, gradadmissions",65
Ursm0ll,1261,small_community,12
Suspicious_Kick_6200,-1,unassigned,1
OneEnvironmental9222,164,"interestingasfuck, Damnthatsinteresting, pics, mildlyinfuriating, facepalm",187
Exciting_Fondant_531,1262,small_community,3
Worried_Level_7964,1601,"NoStupidQuestions, AskReddit, askswitzerland, AITAH, Switzerland",28
Starguard-sama,-1,unassigned,1
Delivery_all_day,1263,small_community,2
Individual_Report_70,-1,unassigned,1
Affectionate-Body487,1480,"csMajors, PhD, ApplyingToCollege, AskAcademia, gradadmissions",49
Present_Difficulty35,1264,small_community,3
hustener,1480,"csMajors, PhD, ApplyingToCollege, AskAcademia, gradadmissions",19
Blinkinage,1480,"csMajors, PhD, ApplyingToCollege, AskAcademia, gradadmissions",10
Fragrant69,-1,unassigned,1
Physical-Sector7854,1265,small_community,7
observereth,1266,small_community,2
wkwkmwk,1267,small_community,3
Any-Guess1766,-1,unassigned,2
Peterjardin,1268,small_community,3
Turbulent_Data_940,-1,unassigned,1
kaixenly,1269,small_community,2
Moist_Bit_7958,1270,small_community,5
Ok-Shoe4800,1271,small_community,3
Mephisto6,1525,"de, Studium, Finanzen, Ratschlag, germany",54
LePtitSuisse22,1272,small_community,6
Grand-Swim-6210,1273,small_community,5
HarbringerOfDeath007,1480,"csMajors, PhD, ApplyingToCollege, AskAcademia, gradadmissions",12
BarnabasMcTruddy,1480,"csMajors, PhD, ApplyingToCollege, AskAcademia, gradadmissions",24
Hackjack619,1274,small_community,2
Imaginary-Hornet-547,-1,unassigned,1
Adequate_Caesar,1480,"csMajors, PhD, ApplyingToCollege, AskAcademia, gradadmissions",20
iZafiro,1480,"csMajors, PhD, ApplyingToCollege, AskAcademia, gradadmissions",30
NextInvestigator6585,1275,small_community,2
DryRazzmatazz4048,-1,unassigned,1
dushmanim,164,"interestingasfuck, Damnthatsinteresting, pics, mildlyinfuriating, facepalm",189
wxc3,164,"interestingasfuck, Damnthatsinteresting, pics, mildlyinfuriating, facepalm",59
Just_Brilliant8893,1276,small_community,7
blueminerva,1277,small_community,6
Personal-Part2465,1278,small_community,3
trustedexecutor,830,small_community,14
Koordinate_,1525,"de, Studium, Finanzen, Ratschlag, germany",7
LudovicoLax,1480,"csMajors, PhD, ApplyingToCollege, AskAcademia, gradadmissions",15
enivreni,-1,unassigned,1
Kitchen-Conflict-922,-1,unassigned,1
dr_jan_itor,1601,"NoStupidQuestions, AskReddit, askswitzerland, AITAH, Switzerland",20
Pitiful_Tell_8967,1480,"csMajors, PhD, ApplyingToCollege, AskAcademia, gradadmissions",4
Kickback476,1480,"csMajors, PhD, ApplyingToCollege, AskAcademia, gradadmissions",91
Humble-Recipe-8801,-1,unassigned,1
alantima25,1601,"NoStupidQuestions, AskReddit, askswitzerland, AITAH, Switzerland",11
the_coder2003,-1,unassigned,1
MainDance8530,1279,small_community,2
Ok_Schedule_4396,1525,"de, Studium, Finanzen, Ratschlag, germany",7
zhuzhu81998,-1,unassigned,1
DejectedWindex,1280,small_community,4
PlentyLogical1595,-1,unassigned,1
Cikitamuz01,-1,unassigned,2
bvllss,1281,small_community,2
Lovetrickychannels10,1282,small_community,5
No-Visual-8947,-1,unassigned,1
tech4throwaway1,1480,"csMajors, PhD, ApplyingToCollege, AskAcademia, gradadmissions",155
salibas,1283,small_community,5
SilverThunderbolt,1480,"csMajors, PhD, ApplyingToCollege, AskAcademia, gradadmissions",6
Ready_Suggestion_265,1480,"csMajors, PhD, ApplyingToCollege, AskAcademia, gradadmissions",6
OneCommittee8203,-1,unassigned,1
Guilty-Fennel670,-1,unassigned,1
Artistic-Ad6384,1284,small_community,5
ComposerDizzy1246,1480,"csMajors, PhD, ApplyingToCollege, AskAcademia, gradadmissions",7
Chiny_M47,1480,"csMajors, PhD, ApplyingToCollege, AskAcademia, gradadmissions",9
Cautious-Eagle2577,1285,small_community,57
Ok-Paleontologist878,1286,small_community,3
Away_Investigator784,1287,small_community,4
Willing_Ad_9955,1288,small_community,2
Straight_Talk_2766,-1,unassigned,1
Winter-Vermicelli-72,-1,unassigned,1
ReliefTypical4407,1525,"de, Studium, Finanzen, Ratschlag, germany",23
Individual_Yak_1176,1289,small_community,3
AdventurousDrummer97,1480,"csMajors, PhD, ApplyingToCollege, AskAcademia, gradadmissions",23
IIIIIIove,1480,"csMajors, PhD, ApplyingToCollege, AskAcademia, gradadmissions",25
Cyberspace_Sorcerer,164,"interestingasfuck, Damnthatsinteresting, pics, mildlyinfuriating, facepalm",103
puffVortex,164,"interestingasfuck, Damnthatsinteresting, pics, mildlyinfuriating, facepalm",17
TimeTeleporter,1290,small_community,7
Glittering-Prize-20,-1,unassigned,1
beautifulchickens333,-1,unassigned,1
SLAVUNVISC,1525,"de, Studium, Finanzen, Ratschlag, germany",52
lazygoose22,-1,unassigned,2
niiiils,1480,"csMajors, PhD, ApplyingToCollege, AskAcademia, gradadmissions",18
puzzledadadd,-1,unassigned,1
MySuperCooki,1480,"csMajors, PhD, ApplyingToCollege, AskAcademia, gradadmissions",7
Capable_Spare_7464,1291,small_community,3
Rough-Guidance6118,-1,unassigned,1
South-Project-3246,-1,unassigned,1
First-Page-9296,1292,small_community,2
Alarming_Intern8713,1293,small_community,5
West_Economy19,-1,unassigned,2
incredibly_mad,-1,unassigned,1
Ripjaw9745,164,"interestingasfuck, Damnthatsinteresting, pics, mildlyinfuriating, facepalm",15
chiragshetty1509,1480,"csMajors, PhD, ApplyingToCollege, AskAcademia, gradadmissions",26
Fit_Outcome5051,1294,small_community,3
Euphoric-Raise2978,1295,small_community,4
matiss29,1601,"NoStupidQuestions, AskReddit, askswitzerland, AITAH, Switzerland",21
Rock_on717,1296,small_community,2
Yggdrasil703,1297,small_community,7
Zealousideal-Gap-407,1298,small_community,3
Ill_Examination_2648,1480,"csMajors, PhD, ApplyingToCollege, AskAcademia, gradadmissions",66
GigioBigio777,1480,"csMajors, PhD, ApplyingToCollege, AskAcademia, gradadmissions",15
Fit_Experience_8483,-1,unassigned,1
Infamous-Reaction647,1299,small_community,2
Advanced-Emphasis223,1300,small_community,2
Maleficent-Card-4559,-1,unassigned,1
Headz0r,1301,small_community,6
hyperfinesplitting,1480,"csMajors, PhD, ApplyingToCollege, AskAcademia, gradadmissions",14
charuru456,-1,unassigned,2
West_Animal_4455,1480,"csMajors, PhD, ApplyingToCollege, AskAcademia, gradadmissions",38
LitoBrooks,1601,"NoStupidQuestions, AskReddit, askswitzerland, AITAH, Switzerland",127
Far-Strawberry6656,-1,unassigned,1
Peschinator,164,"interestingasfuck, Damnthatsinteresting, pics, mildlyinfuriating, facepalm",14
Left_Illustrator_743,1302,small_community,5
lilisushi,1303,small_community,3
Sure_Selection_9944,1480,"csMajors, PhD, ApplyingToCollege, AskAcademia, gradadmissions",12
Willing-Camp-4135,-1,unassigned,1
Gold-Ocelot-5049,-1,unassigned,1
Sudden-Paramedic-137,1304,small_community,2
preswirl,-1,unassigned,1
Holiday_Ad_686,-1,unassigned,1
Firm-Secretary-6702,-1,unassigned,2
Dull_Block5054,1305,small_community,14
VXNquire,1306,small_community,7
buffbuffalosauce,-1,unassigned,1
lucaskoll,-1,unassigned,1
Goat_grove,1307,small_community,8
No_Fun_9976,-1,unassigned,1
RabbitGuilty4239,-1,unassigned,2
tomasoignons,-1,unassigned,1
MadridISC,1525,"de, Studium, Finanzen, Ratschlag, germany",12
Fearless_Gap6154,-1,unassigned,1
Klutzy_Supermarket87,1308,small_community,8
GalacticNova360,1480,"csMajors, PhD, ApplyingToCollege, AskAcademia, gradadmissions",23
utrimique-trebus,-1,unassigned,1
Spiky-Penguin2023,1480,"csMajors, PhD, ApplyingToCollege, AskAcademia, gradadmissions",25
nilsw99,1309,small_community,4
Wild-Try-362,-1,unassigned,1
Aira_Gaira,164,"interestingasfuck, Damnthatsinteresting, pics, mildlyinfuriating, facepalm",10
JvM_Photography,1525,"de, Studium, Finanzen, Ratschlag, germany",34
Comfortable-Fan-3113,-1,unassigned,1
DecisionOk170,-1,unassigned,1
Glad-Stand,1310,small_community,3
pm_tits_i_pm_back,-1,unassigned,1
Warm_Parking_3994,-1,unassigned,1
Vegetable-Farmer-599,-1,unassigned,2
haffi112,1311,small_community,4
Independent_Algae358,1480,"csMajors, PhD, ApplyingToCollege, AskAcademia, gradadmissions",12
Sad_Humor_5306,1480,"csMajors, PhD, ApplyingToCollege, AskAcademia, gradadmissions",7
lordnacho666,164,"interestingasfuck, Damnthatsinteresting, pics, mildlyinfuriating, facepalm",204
PeePeePooPoo-12,1480,"csMajors, PhD, ApplyingToCollege, AskAcademia, gradadmissions",11
Charming_Stable4481,1480,"csMajors, PhD, ApplyingToCollege, AskAcademia, gradadmissions",6
cryptoislife_k,1601,"NoStupidQuestions, AskReddit, askswitzerland, AITAH, Switzerland",177
ShotAd7037,1480,"csMajors, PhD, ApplyingToCollege, AskAcademia, gradadmissions",17
Main_Gap3982,-1,unassigned,1
BossBobsBaby,164,"interestingasfuck, Damnthatsinteresting, pics, mildlyinfuriating, facepalm",29
peynirlibaklava31,1312,small_community,2
beaut_soup,-1,unassigned,3
Ok-Independent-6167,164,"interestingasfuck, Damnthatsinteresting, pics, mildlyinfuriating, facepalm",15
Pelea8,-1,unassigned,1
Playful_Beat_808,1313,small_community,4
Fantastic_Okra_5315,1314,small_community,4
endlezzfacepalm,1480,"csMajors, PhD, ApplyingToCollege, AskAcademia, gradadmissions",5
AmazingVermicelli837,-1,unassigned,1
Odd-Cat1028,1315,small_community,2
TripMajestic8053,1601,"NoStupidQuestions, AskReddit, askswitzerland, AITAH, Switzerland",75
Old-Daikon7545,1316,small_community,2
External-Ostrich-328,1480,"csMajors, PhD, ApplyingToCollege, AskAcademia, gradadmissions",6
iMadz13,1559,"Universitaly, ItaliaPersonalFinance, CasualIT, Italia, ItaliaCareerAdvice",20
ConfidentUsual8992,1601,"NoStupidQuestions, AskReddit, askswitzerland, AITAH, Switzerland",32
CrawlyCrawler999,164,"interestingasfuck, Damnthatsinteresting, pics, mildlyinfuriating, facepalm",13
MaleficentDig2664,-1,unassigned,1
BreadfruitOk681,-1,unassigned,1
Titlerguy,1317,small_community,10
Strong-Boat-4942,1318,small_community,2
Vampienne,1319,small_community,9
ProgrammerUseful9342,-1,unassigned,1
MuffinPurperGuk,164,"interestingasfuck, Damnthatsinteresting, pics, mildlyinfuriating, facepalm",9
LomboCom,1559,"Universitaly, ItaliaPersonalFinance, CasualIT, Italia, ItaliaCareerAdvice",16
HEIG-VD,1601,"NoStupidQuestions, AskReddit, askswitzerland, AITAH, Switzerland",9
Diligent-Pear815,1480,"csMajors, PhD, ApplyingToCollege, AskAcademia, gradadmissions",11
Jazzlike-Bid-5763,-1,unassigned,1
dormalin,1320,small_community,2
roudrich,-1,unassigned,1
chronoslayerss,164,"interestingasfuck, Damnthatsinteresting, pics, mildlyinfuriating, facepalm",95
MongeringMongoose,1559,"Universitaly, ItaliaPersonalFinance, CasualIT, Italia, ItaliaCareerAdvice",22
theSSDON,1480,"csMajors, PhD, ApplyingToCollege, AskAcademia, gradadmissions",9
Quinlin65,1601,"NoStupidQuestions, AskReddit, askswitzerland, AITAH, Switzerland",32
Patient-Potential-22,1525,"de, Studium, Finanzen, Ratschlag, germany",33
Automatic_World_2343,-1,unassigned,3
Beorn504,1321,small_community,3
bib_sca,1322,small_community,3
Professional_Cod_371,1480,"csMajors, PhD, ApplyingToCollege, AskAcademia, gradadmissions",27
Playful-Swing-8530,1323,small_community,4
WildH10L,-1,unassigned,1
melodyfeng2019,1324,small_community,6
tropical_waterfall,164,"interestingasfuck, Damnthatsinteresting, pics, mildlyinfuriating, facepalm",35
Adylala,1601,"NoStupidQuestions, AskReddit, askswitzerland, AITAH, Switzerland",12
5w49m4573r,1325,small_community,5
Ok-Environment8730,1480,"csMajors, PhD, ApplyingToCollege, AskAcademia, gradadmissions",82
Acceptable_Brain_405,1480,"csMajors, PhD, ApplyingToCollege, AskAcademia, gradadmissions",8
Emmenemsss,-1,unassigned,1
Beginning-Crab7470,-1,unassigned,1
Gray32339,1326,small_community,6
Swimming_Cherry_8046,1327,small_community,3
bdotpeach,1601,"NoStupidQuestions, AskReddit, askswitzerland, AITAH, Switzerland",39
Humble_Revason,1601,"NoStupidQuestions, AskReddit, askswitzerland, AITAH, Switzerland",28
MatejMecka,1328,small_community,4
No_Responsibility316,1329,small_community,6
EugenExplosive,1480,"csMajors, PhD, ApplyingToCollege, AskAcademia, gradadmissions",7
Squirrel7361,1480,"csMajors, PhD, ApplyingToCollege, AskAcademia, gradadmissions",14
niccolo789,-1,unassigned,1
edoardoghio,-1,unassigned,1
dunaskdunyou,1330,small_community,4
SlowPilot1777,-1,unassigned,1
amyipdev,1601,"NoStupidQuestions, AskReddit, askswitzerland, AITAH, Switzerland",33
bosonsXfermions,1480,"csMajors, PhD, ApplyingToCollege, AskAcademia, gradadmissions",133
so_phy,-1,unassigned,1
Lee747,-1,unassigned,1
Trick-Abies9254,1331,small_community,5
LowKeyTree28,1480,"csMajors, PhD, ApplyingToCollege, AskAcademia, gradadmissions",12
ExpertPainting4300,1332,small_community,6
Sakura_the_cat,-1,unassigned,1
yildirimozew2,-1,unassigned,2
Round-Transition-150,1480,"csMajors, PhD, ApplyingToCollege, AskAcademia, gradadmissions",43
donotdrugs,1525,"de, Studium, Finanzen, Ratschlag, germany",77
4Dort,1480,"csMajors, PhD, ApplyingToCollege, AskAcademia, gradadmissions",10
arhaae,-1,unassigned,4
DenseLow6551,-1,unassigned,2
Upstairs_Being290,164,"interestingasfuck, Damnthatsinteresting, pics, mildlyinfuriating, facepalm",76
Grozfroz,1480,"csMajors, PhD, ApplyingToCollege, AskAcademia, gradadmissions",49
iYolik,1333,small_community,4
LivingFarmer3239,1480,"csMajors, PhD, ApplyingToCollege, AskAcademia, gradadmissions",8
paegrampaging,1334,small_community,5
MeasurementWrong90,-1,unassigned,1
Successful_Taro585,-1,unassigned,2
DigCreative4961,164,"interestingasfuck, Damnthatsinteresting, pics, mildlyinfuriating, facepalm",6
MostAcanthisitta7336,-1,unassigned,1
Fluffy-Box-6218,-1,unassigned,1
Crazy-Factor-6243,-1,unassigned,3
NewspaperThick7797,-1,unassigned,1
Melodic-Marsupial-58,-1,unassigned,1
ShOwStOpp3r,-1,unassigned,3
OkCut6412,-1,unassigned,1
I-need-answers_0,1525,"de, Studium, Finanzen, Ratschlag, germany",11
gregpr07,1480,"csMajors, PhD, ApplyingToCollege, AskAcademia, gradadmissions",10
Due-Cabinet9016,1480,"csMajors, PhD, ApplyingToCollege, AskAcademia, gradadmissions",10
sir_ipad_newton,1480,"csMajors, PhD, ApplyingToCollege, AskAcademia, gradadmissions",35
Emotional_Ad7055,1480,"csMajors, PhD, ApplyingToCollege, AskAcademia, gradadmissions",47
ololtsg,1525,"de, Studium, Finanzen, Ratschlag, germany",99
DragonfruitFinal5550,1335,small_community,4
Jaded_Spot2527,1336,small_community,2
Professional-Grand84,-1,unassigned,1
Old_Cartographer3502,-1,unassigned,1
gps_navigator,-1,unassigned,2
24kvolt,1337,small_community,4
Traditional_Ear7077,-1,unassigned,3
SwissFinances,1338,small_community,5
drakanoy,1339,small_community,5
Lux0306,-1,unassigned,3
Vivid-Somewhere-736,1340,small_community,5
FruitProfessional599,1480,"csMajors, PhD, ApplyingToCollege, AskAcademia, gradadmissions",39
DanilloElPillo,1341,small_community,3
Kind-Health9211,1342,small_community,4
Sudden_Necessary_517,1480,"csMajors, PhD, ApplyingToCollege, AskAcademia, gradadmissions",39
Individual-Arm-6229,1343,small_community,5
Salman-ahmad,-1,unassigned,2
j0fl,-1,unassigned,1
stirnerssohn,1344,small_community,2
guynasch,-1,unassigned,1
Chobibubu,1345,small_community,3
Fit-Pineapple3569,1346,small_community,4
Secure-Resident-7772,1480,"csMajors, PhD, ApplyingToCollege, AskAcademia, gradadmissions",37
BennyFunnyBunny,-1,unassigned,1
Fluffy_Addendum5441,1347,small_community,2
Mindless_Seesaw5688,1601,"NoStupidQuestions, AskReddit, askswitzerland, AITAH, Switzerland",39
partTime-alcoholic,1348,small_community,7
Equal-Ad9230,-1,unassigned,1
internaut401,1480,"csMajors, PhD, ApplyingToCollege, AskAcademia, gradadmissions",23
shirohigeAni,1480,"csMajors, PhD, ApplyingToCollege, AskAcademia, gradadmissions",7
TheRogoc,1349,small_community,8
AwaySpread,-1,unassigned,1
OkManagement6298,-1,unassigned,1
Dull_Blueberry2315,1350,small_community,2
Super-Ant-3662,1351,small_community,4
youssef_chelaifa,-1,unassigned,1
fullybearded_,1352,small_community,11
CockroachSuitable469,-1,unassigned,1
LucaDarioBuetzberger,164,"interestingasfuck, Damnthatsinteresting, pics, mildlyinfuriating, facepalm",68
Impressive-Desk2576,1525,"de, Studium, Finanzen, Ratschlag, germany",20
CampForward1170,-1,unassigned,1
TheKomodoDrag0n,-1,unassigned,1
Other_Theory2845,1353,small_community,2
Haunting_Lake2391,1354,small_community,3
angremaruu,1601,"NoStupidQuestions, AskReddit, askswitzerland, AITAH, Switzerland",38
Prudent-Club1848,-1,unassigned,3
Sea_Replacement_9736,-1,unassigned,1
ze_euler,1355,small_community,3
simonsaysindy,-1,unassigned,1
Swiss-Name,164,"interestingasfuck, Damnthatsinteresting, pics, mildlyinfuriating, facepalm",39
rober_tone,1356,small_community,3
ChihyinAvaLin,-1,unassigned,1
Lonely-Mountain104,164,"interestingasfuck, Damnthatsinteresting, pics, mildlyinfuriating, facepalm",51
Naleed69,1357,small_community,4
Sea_Imagination_8736,-1,unassigned,1
pastaisyellow,1358,small_community,3
username1234abcaq,1359,small_community,6
ohmymind_123,1525,"de, Studium, Finanzen, Ratschlag, germany",68
groot-oct22,-1,unassigned,1
Successful-Refuse-65,1360,small_community,3
Direct_Web5159,1361,small_community,2
ComfortableHell,1525,"de, Studium, Finanzen, Ratschlag, germany",8
glitteryglitteryduck,-1,unassigned,1
AllFinator,1362,small_community,8
Disastrous-Prompt-65,1480,"csMajors, PhD, ApplyingToCollege, AskAcademia, gradadmissions",8
Jazzlike_Writing_473,1363,small_community,2
samuelcps,-1,unassigned,1
veitiggi,-1,unassigned,1
Vono_,1601,"NoStupidQuestions, AskReddit, askswitzerland, AITAH, Switzerland",13
Comfortable_Image547,-1,unassigned,1
ifarahat,1480,"csMajors, PhD, ApplyingToCollege, AskAcademia, gradadmissions",13
Numerous_Holiday_257,1364,small_community,9
mvall095,-1,unassigned,2
Historical_Link_142,1365,small_community,4
laurenzlrz,1366,small_community,2
Proud-Anywhere5916,1525,"de, Studium, Finanzen, Ratschlag, germany",84
freechoice,1480,"csMajors, PhD, ApplyingToCollege, AskAcademia, gradadmissions",23
la_catwalker,164,"interestingasfuck, Damnthatsinteresting, pics, mildlyinfuriating, facepalm",88
Loginhe,1367,small_community,2
DefinitionOk8627,-1,unassigned,1
Business-Seat-5222,-1,unassigned,1
hippedyhopp,-1,unassigned,2
Electrical_Plane_167,-1,unassigned,1
Even-Lingonberry1308,1368,small_community,7
No-Morning3192,-1,unassigned,1
beldatin,-1,unassigned,1
dubidu1212,1369,small_community,2
D-Tie1981,164,"interestingasfuck, Damnthatsinteresting, pics, mildlyinfuriating, facepalm",8
InevitableAd7554,1601,"NoStupidQuestions, AskReddit, askswitzerland, AITAH, Switzerland",18
justforfunbruh,1370,small_community,9
jziauz82,1480,"csMajors, PhD, ApplyingToCollege, AskAcademia, gradadmissions",14
Davjeya_,-1,unassigned,2
levu12,1480,"csMajors, PhD, ApplyingToCollege, AskAcademia, gradadmissions",109
Yeesh0,-1,unassigned,1
Additional-Maybe7788,1371,small_community,4
thayla00,1372,small_community,4
cheesecake_lover0,1480,"csMajors, PhD, ApplyingToCollege, AskAcademia, gradadmissions",54
LeopardDots,-1,unassigned,1
flup52,164,"interestingasfuck, Damnthatsinteresting, pics, mildlyinfuriating, facepalm",8
ScuttleScrub,164,"interestingasfuck, Damnthatsinteresting, pics, mildlyinfuriating, facepalm",13
SufficientChicken215,-1,unassigned,1
Subject-Version404,1373,small_community,4
Fun-Researcher-1983,1374,small_community,3
Thin_Sample_6456,-1,unassigned,1
Dazzling_Push3769,1375,small_community,2
Eeeaeeeeie,1376,small_community,2
swissplantdaddy,1601,"NoStupidQuestions, AskReddit, askswitzerland, AITAH, Switzerland",85
Winter_Ambassador967,1377,small_community,2
ConfidenceUnited3757,1480,"csMajors, PhD, ApplyingToCollege, AskAcademia, gradadmissions",43
Ok_Jellyfish_1691,1378,small_community,7
Internal-Attitude449,1379,small_community,4
Connect-Ad8454,1480,"csMajors, PhD, ApplyingToCollege, AskAcademia, gradadmissions",6
West-Tradition-200,1380,small_community,4
Informal-Doubt-862,1525,"de, Studium, Finanzen, Ratschlag, germany",14
kpdecosta,1381,small_community,3
attaccodeigiganti,-1,unassigned,1
Ready-Masterpiece147,-1,unassigned,6
Ok_Criticism_1290,1382,small_community,2
Key_Try_4097,-1,unassigned,2
Not-A-Barbie-Girl,1383,small_community,3
Royalpegasus2005,-1,unassigned,1
rand0msw1ssguy,-1,unassigned,1
MysuTi,-1,unassigned,1
Scared-Attention-328,-1,unassigned,1
FewDiver9642,1480,"csMajors, PhD, ApplyingToCollege, AskAcademia, gradadmissions",4
seaurchin2009,1384,small_community,4
butterbur-shoot,1385,small_community,3
Intelligent-Cry1284,1386,small_community,5
choccaramel,1480,"csMajors, PhD, ApplyingToCollege, AskAcademia, gradadmissions",25
Many_Sheepherder3432,-1,unassigned,1
Only-Mistake-2796,1387,small_community,5
Legitimate-Bit-5745,1480,"csMajors, PhD, ApplyingToCollege, AskAcademia, gradadmissions",15
Prudent_healing,1480,"csMajors, PhD, ApplyingToCollege, AskAcademia, gradadmissions",87
zomb1,1601,"NoStupidQuestions, AskReddit, askswitzerland, AITAH, Switzerland",32
JainiPatel,1388,small_community,5
Diligent_Fly_7625,-1,unassigned,1
Moteke,1480,"csMajors, PhD, ApplyingToCollege, AskAcademia, gradadmissions",6
MariaCourneil,-1,unassigned,4
meraya123,-1,unassigned,1
Last-Ad9758,-1,unassigned,1
Leading-Ad-9772,1480,"csMajors, PhD, ApplyingToCollege, AskAcademia, gradadmissions",8
Gullible_General60,-1,unassigned,1
Neuronous01,1480,"csMajors, PhD, ApplyingToCollege, AskAcademia, gradadmissions",41
Suspicious_March_849,1389,small_community,6
Swarilord,1390,small_community,2
Brilliant_Soft_2878,1391,small_community,2
Sea_Oil_427,-1,unassigned,1
Difficult_Ask_1253,1392,small_community,2
xllaaaaa,-1,unassigned,1
Next-Case-9923,1393,small_community,6
SurroundUnlucky2011,1394,small_community,2
Puzzleheaded_Work191,1395,small_community,5
Particular_Total_662,1396,small_community,5
Leading_Mango_3555,-1,unassigned,1
Lucky-Locksmith6115,1397,small_community,2
Plastic_Base_8823,1398,small_community,5
LilesYoj,-1,unassigned,1
robob0i,1399,small_community,2
GimmeGimme2323,1480,"csMajors, PhD, ApplyingToCollege, AskAcademia, gradadmissions",15
Electrical-Round-724,1480,"csMajors, PhD, ApplyingToCollege, AskAcademia, gradadmissions",109
Longjumping_Drink124,1400,small_community,4
GaptistePlayer,164,"interestingasfuck, Damnthatsinteresting, pics, mildlyinfuriating, facepalm",197
Alifia_Fowl,1401,small_community,3
AdBitter7690,1480,"csMajors, PhD, ApplyingToCollege, AskAcademia, gradadmissions",15
Jezza1337,1480,"csMajors, PhD, ApplyingToCollege, AskAcademia, gradadmissions",50
WrongSir6729,164,"interestingasfuck, Damnthatsinteresting, pics, mildlyinfuriating, facepalm",12
FirefighterFar3147,1480,"csMajors, PhD, ApplyingToCollege, AskAcademia, gradadmissions",8
CarpenterJust9001,1402,small_community,9
AdvantageStunning568,1601,"NoStupidQuestions, AskReddit, askswitzerland, AITAH, Switzerland",10
TheRealDatapunk,1480,"csMajors, PhD, ApplyingToCollege, AskAcademia, gradadmissions",29
Minimum_Blueberry311,1480,"csMajors, PhD, ApplyingToCollege, AskAcademia, gradadmissions",18
CommunicationLow3434,1403,small_community,9
dada_georges360,164,"interestingasfuck, Damnthatsinteresting, pics, mildlyinfuriating, facepalm",68
Exotic_Zucchini9311,164,"interestingasfuck, Damnthatsinteresting, pics, mildlyinfuriating, facepalm",100
PenombraET,1404,small_community,2
ceoCraque,-1,unassigned,1
AdInevitable8600,-1,unassigned,1
Lumpy_Protection_532,-1,unassigned,1
andthatsonperiodt123,-1,unassigned,1
Electronic-Mouse-312,1405,small_community,4
AloneEmploy150,1480,"csMajors, PhD, ApplyingToCollege, AskAcademia, gradadmissions",11
yachall007,1480,"csMajors, PhD, ApplyingToCollege, AskAcademia, gradadmissions",6
ObjectComfortable988,1525,"de, Studium, Finanzen, Ratschlag, germany",7
OneMacADay,1601,"NoStupidQuestions, AskReddit, askswitzerland, AITAH, Switzerland",23
Elsonbat,1480,"csMajors, PhD, ApplyingToCollege, AskAcademia, gradadmissions",14
crisccr,-1,unassigned,1
Citrus_Singer,1525,"de, Studium, Finanzen, Ratschlag, germany",22
alani_11,1406,small_community,7
Basic-Pay-9535,1480,"csMajors, PhD, ApplyingToCollege, AskAcademia, gradadmissions",17
Small-Breadfruit8814,-1,unassigned,1
Actual-Gas-9156,1407,small_community,2
StarDust14B,-1,unassigned,2
Comfortable-Low3018,1408,small_community,4
Soggy-Shape-8283,1409,small_community,10
Ok-Tailor-3955,-1,unassigned,1
Ok_Firefighter_2828,164,"interestingasfuck, Damnthatsinteresting, pics, mildlyinfuriating, facepalm",31
Intelligent-Roll2833,1410,small_community,5
ThatAlexGuy5,1411,small_community,2
biochemistryislife1,1480,"csMajors, PhD, ApplyingToCollege, AskAcademia, gradadmissions",6
WeakOpening6695,1412,small_community,2
Delicious-Tea-4614,1525,"de, Studium, Finanzen, Ratschlag, germany",20
Total_Goose6756,1525,"de, Studium, Finanzen, Ratschlag, germany",26
nguyennnnnnnnnnn,-1,unassigned,1
swissmoneydude,1601,"NoStupidQuestions, AskReddit, askswitzerland, AITAH, Switzerland",65
cesuna7,-1,unassigned,1
ObviousScience293,1413,small_community,3
Tschoesi,1525,"de, Studium, Finanzen, Ratschlag, germany",22
Pristine_Recording97,1480,"csMajors, PhD, ApplyingToCollege, AskAcademia, gradadmissions",9
Practical-Tip-5146,1414,small_community,2
The_mad_Raccon,1525,"de, Studium, Finanzen, Ratschlag, germany",289
Responsible-Bat8386,-1,unassigned,1
Alone-Ad-8524,1415,small_community,4
MikeDLother,1416,small_community,14
Aware-Beginning-5537,-1,unassigned,1
GlassCommercial7105,1601,"NoStupidQuestions, AskReddit, askswitzerland, AITAH, Switzerland",172
Mean_Spinach_8721,1480,"csMajors, PhD, ApplyingToCollege, AskAcademia, gradadmissions",38
SaltEconomics6739,-1,unassigned,1
Ecstatic-Traffic-118,1480,"csMajors, PhD, ApplyingToCollege, AskAcademia, gradadmissions",47
eesaa_ag,1417,small_community,2
simoneTBIR,1480,"csMajors, PhD, ApplyingToCollege, AskAcademia, gradadmissions",16
M-E_Ration4004,1480,"csMajors, PhD, ApplyingToCollege, AskAcademia, gradadmissions",19
Whole_Cabinet5618,-1,unassigned,1
Automatic_Balance_39,1418,small_community,5
SubstantialDonkey196,-1,unassigned,1
Ok_Rough2846,-1,unassigned,2
Smooth_Swimming7359,-1,unassigned,1
dr_tommy1,-1,unassigned,5
Mobile_Metal_7418,1480,"csMajors, PhD, ApplyingToCollege, AskAcademia, gradadmissions",5
NedoKun,1419,small_community,3
TheSavageEelke,1420,small_community,5
Cano2744,1480,"csMajors, PhD, ApplyingToCollege, AskAcademia, gradadmissions",8
S_rto,1421,small_community,3
marc-kl,1480,"csMajors, PhD, ApplyingToCollege, AskAcademia, gradadmissions",9
hey515,1601,"NoStupidQuestions, AskReddit, askswitzerland, AITAH, Switzerland",6
EntertainmentFit5682,1480,"csMajors, PhD, ApplyingToCollege, AskAcademia, gradadmissions",6
Able-Dot8892,1480,"csMajors, PhD, ApplyingToCollege, AskAcademia, gradadmissions",15
Fun_Cupcake1032,1422,small_community,2
UpstairsTaxi,1480,"csMajors, PhD, ApplyingToCollege, AskAcademia, gradadmissions",4
OG-ogguo,1480,"csMajors, PhD, ApplyingToCollege, AskAcademia, gradadmissions",39
ecco256,1601,"NoStupidQuestions, AskReddit, askswitzerland, AITAH, Switzerland",34
justyannicc,164,"interestingasfuck, Damnthatsinteresting, pics, mildlyinfuriating, facepalm",88
jadesmooth,-1,unassigned,1
sudoPURGE,1423,small_community,10
Feeling_Door1063,1480,"csMajors, PhD, ApplyingToCollege, AskAcademia, gradadmissions",10
2-_71828182845904523,-1,unassigned,2
FunnyExcellent707,1601,"NoStupidQuestions, AskReddit, askswitzerland, AITAH, Switzerland",179
Crafty_Monitor_2174,-1,unassigned,1
Complete-Product5589,1424,small_community,4
JosephAusBayern,-1,unassigned,1
GloveZealousideal458,1525,"de, Studium, Finanzen, Ratschlag, germany",24
Rusty5th,1601,"NoStupidQuestions, AskReddit, askswitzerland, AITAH, Switzerland",75
EmbarrassedSpace4526,1425,small_community,2
Capital_Climate8709,1426,small_community,4
michisgouro9,164,"interestingasfuck, Damnthatsinteresting, pics, mildlyinfuriating, facepalm",10
ThirdCaptain,1427,small_community,9
Junior_Cancel9536,-1,unassigned,1
Terrible-Chicken-426,1428,small_community,9
EmploymentTough4172,1480,"csMajors, PhD, ApplyingToCollege, AskAcademia, gradadmissions",10
Hnriek,1429,small_community,10
chopsn-1,-1,unassigned,1
Critical_Bother_9898,-1,unassigned,1
yannynotlaurel,164,"interestingasfuck, Damnthatsinteresting, pics, mildlyinfuriating, facepalm",173
ProfessionalOdd4696,1430,small_community,2
Careful-Load9813,1559,"Universitaly, ItaliaPersonalFinance, CasualIT, Italia, ItaliaCareerAdvice",33
SnooComics836,1431,small_community,3
Extension-Economy-78,1480,"csMajors, PhD, ApplyingToCollege, AskAcademia, gradadmissions",13
Jaegerhell,1432,small_community,2
Gherman74,-1,unassigned,3
Feeling-Sea-4103,1433,small_community,10
Few-Friendship223,-1,unassigned,1
alexandre_reol,-1,unassigned,1
Abject_Pie5984,1434,small_community,5
Opening-Phrase9680,1435,small_community,3
anfneub,1436,small_community,6
DOLFYtheCAMP3R,-1,unassigned,2
Nima1554,-1,unassigned,1
Vansh_Deep1206,1437,small_community,4
Ambitious_Bite_4075,1438,small_community,6
ramnvijkmr,-1,unassigned,1
Ok-Spread-4817,1439,small_community,3
Capital-Chair-7921,-1,unassigned,1
FreeCryptographer467,1480,"csMajors, PhD, ApplyingToCollege, AskAcademia, gradadmissions",11
Embarrassed_Home5739,-1,unassigned,1
Emotional_Bird2660,1440,small_community,2
cheerfulbrownies,1441,small_community,2
Open-Inflation-796,1442,small_community,4
Potential_Pepper6873,1443,small_community,3
Xhyshi,1444,small_community,4
12thingsilove,1445,small_community,6
Silver-Criticism3385,-1,unassigned,1
IMJorose,1480,"csMajors, PhD, ApplyingToCollege, AskAcademia, gradadmissions",44
nruqr,1446,small_community,2
Yeetymcyeetface6969,1447,small_community,8
Aram915,-1,unassigned,1
Florraaaaa,-1,unassigned,1
Mysterious_Mark594,-1,unassigned,1
LegitimateTruth1778,1525,"de, Studium, Finanzen, Ratschlag, germany",8
PangolinAccurate5623,-1,unassigned,1
winter_cockroach_99,1480,"csMajors, PhD, ApplyingToCollege, AskAcademia, gradadmissions",40
Admirable-Key-6935,1448,small_community,3
Any-Sea264,1480,"csMajors, PhD, ApplyingToCollege, AskAcademia, gradadmissions",32
Superb-Donut1181,1449,small_community,4
PrawnCocktailLover,-1,unassigned,1
SizzleFassizzle,1525,"de, Studium, Finanzen, Ratschlag, germany",14
BlockOfASeagull,164,"interestingasfuck, Damnthatsinteresting, pics, mildlyinfuriating, facepalm",743
Alternative_Wave793,164,"interestingasfuck, Damnthatsinteresting, pics, mildlyinfuriating, facepalm",29
ItsAllGoodMannnnn,1480,"csMajors, PhD, ApplyingToCollege, AskAcademia, gradadmissions",47
100mundertheocean,-1,unassigned,3
Dry_Negotiation_6993,1450,small_community,3
CarthagoEagle,1480,"csMajors, PhD, ApplyingToCollege, AskAcademia, gradadmissions",18
Motor-Lime-5344,1559,"Universitaly, ItaliaPersonalFinance, CasualIT, Italia, ItaliaCareerAdvice",10
AlKa9_,164,"interestingasfuck, Damnthatsinteresting, pics, mildlyinfuriating, facepalm",119
richi2554,-1,unassigned,1
huntsalone01,1451,small_community,11
BusyBees426,1452,small_community,2
ale3006,1453,small_community,2
Hot_Elevator_8986,1454,small_community,2
PazzoDiPizza44,164,"interestingasfuck, Damnthatsinteresting, pics, mildlyinfuriating, facepalm",9
immabefine999,1455,small_community,4
Sudhanshu_Sb2002,-1,unassigned,2
No-Department4832,-1,unassigned,1
shenanigabs,1480,"csMajors, PhD, ApplyingToCollege, AskAcademia, gradadmissions",37
Otto_von_Boismarck,1601,"NoStupidQuestions, AskReddit, askswitzerland, AITAH, Switzerland",113
Appropriate_Ad7075,1480,"csMajors, PhD, ApplyingToCollege, AskAcademia, gradadmissions",5
Signal-Brief-284,1456,small_community,5
Weak_Welder3328,1457,small_community,2
Sure_Manner_7248,1480,"csMajors, PhD, ApplyingToCollege, AskAcademia, gradadmissions",6
imsorryken,164,"interestingasfuck, Damnthatsinteresting, pics, mildlyinfuriating, facepalm",116
AccomplishedClub4189,-1,unassigned,1
No_Opening7035,-1,unassigned,1
Impressive_Big_9157,-1,unassigned,1
Extreme-Strawberry50,-1,unassigned,1
MourdineTheViking,1480,"csMajors, PhD, ApplyingToCollege, AskAcademia, gradadmissions",18
NotmyyUsername95,1458,small_community,3
secPunizzl,1459,small_community,2
Cool-Damage-3762,-1,unassigned,1
Chiefrockano1,164,"interestingasfuck, Damnthatsinteresting, pics, mildlyinfuriating, facepalm",13
Myme1899,-1,unassigned,1
SOreDIT,-1,unassigned,1
Moon_003,1460,small_community,4
Humble-Drop129,1461,small_community,2
My_Day311,-1,unassigned,3
M4a1x,1462,small_community,3
xxrobobo,-1,unassigned,1
B_L_G_2005,1480,"csMajors, PhD, ApplyingToCollege, AskAcademia, gradadmissions",12
Legitimate-Boss-6658,1480,"csMajors, PhD, ApplyingToCollege, AskAcademia, gradadmissions",21
BenchRelevant,-1,unassigned,1
Level_Sherbert_1005,-1,unassigned,2
Otherwise_Lychee_33,164,"interestingasfuck, Damnthatsinteresting, pics, mildlyinfuriating, facepalm",142
FaithlessnessDry4267,1463,small_community,4
RacistStar,-1,unassigned,1
CompetitiveKey7023,1464,small_community,3
Loud_Foundation8053,-1,unassigned,1
vanamerongen,164,"interestingasfuck, Damnthatsinteresting, pics, mildlyinfuriating, facepalm",144
cmonosh,1480,"csMajors, PhD, ApplyingToCollege, AskAcademia, gradadmissions",26
AbbreviationsAfraid7,-1,unassigned,1
Giuseptim,-1,unassigned,2
Due_Ordinary_7962,1465,small_community,2
No_Pea_2838,1480,"csMajors, PhD, ApplyingToCollege, AskAcademia, gradadmissions",8
zeoNoeN,1525,"de, Studium, Finanzen, Ratschlag, germany",77
Glittering-Cycle4118,1525,"de, Studium, Finanzen, Ratschlag, germany",16
Dry_Date_6462,164,"interestingasfuck, Damnthatsinteresting, pics, mildlyinfuriating, facepalm",43
floppypoppyl,164,"interestingasfuck, Damnthatsinteresting, pics, mildlyinfuriating, facepalm",15
Helpful_Emergency_70,1480,"csMajors, PhD, ApplyingToCollege, AskAcademia, gradadmissions",18
Tiny-Cup-9122,164,"interestingasfuck, Damnthatsinteresting, pics, mildlyinfuriating, facepalm",100
bb84r,-1,unassigned,1
ProperMerlin,1466,small_community,4
Disastrous-Town8709,-1,unassigned,1
jingyenn,1467,small_community,9
aurapp,-1,unassigned,1
weedinmyblunt,1525,"de, Studium, Finanzen, Ratschlag, germany",13
dbociat,-1,unassigned,1
ExpensiveRead,1480,"csMajors, PhD, ApplyingToCollege, AskAcademia, gradadmissions",15
xxxgmahy,-1,unassigned,2
LoquatChoice4094,-1,unassigned,2
nizzybad,1480,"csMajors, PhD, ApplyingToCollege, AskAcademia, gradadmissions",16
Chance-Program1488,1468,small_community,3
LucianFerBell,-1,unassigned,1
b0yen,-1,unassigned,1
Jubijub,164,"interestingasfuck, Damnthatsinteresting, pics, mildlyinfuriating, facepalm",125
AlperParlak2009,1480,"csMajors, PhD, ApplyingToCollege, AskAcademia, gradadmissions",37
Southern_Milk_2913,1559,"Universitaly, ItaliaPersonalFinance, CasualIT, Italia, ItaliaCareerAdvice",9
RoIf,164,"interestingasfuck, Damnthatsinteresting, pics, mildlyinfuriating, facepalm",196
Crazy_Logician,1469,small_community,6
swiftlivingch,-1,unassigned,1
Alive_Gift2975,-1,unassigned,1
Username396,164,"interestingasfuck, Damnthatsinteresting, pics, mildlyinfuriating, facepalm",24
S_L_U_SH,1470,small_community,4
Puzzleheaded-Cell523,1559,"Universitaly, ItaliaPersonalFinance, CasualIT, Italia, ItaliaCareerAdvice",23
Jazzlike_Rock_1985,1471,small_community,4
Equivalent_Ship_1379,1472,small_community,5
Less_Homework3888,-1,unassigned,1
zenAndYogui,1480,"csMajors, PhD, ApplyingToCollege, AskAcademia, gradadmissions",10
shimy1998,-1,unassigned,2
cristikat14,-1,unassigned,1
x_XWrEnChX_x,1473,small_community,2
Next_Positive_6363,1480,"csMajors, PhD, ApplyingToCollege, AskAcademia, gradadmissions",4
Pure_Improvement9808,1474,small_community,5
collegeshiz,-1,unassigned,1
CameraFinancial2298,1601,"NoStupidQuestions, AskReddit, askswitzerland, AITAH, Switzerland",23
Swimming_Diet_4535,-1,unassigned,1
CallMeWhatever22,164,"interestingasfuck, Damnthatsinteresting, pics, mildlyinfuriating, facepalm",15
timtamtum0040,1475,small_community,2
malulu88,1480,"csMajors, PhD, ApplyingToCollege, AskAcademia, gradadmissions",10
Annual-Interview2876,-1,unassigned,1
comp-programmer,-1,unassigned,1
Remarkable_Field7304,1480,"csMajors, PhD, ApplyingToCollege, AskAcademia, gradadmissions",8
Fun-Virus8327,-1,unassigned,1
Ok-Laugh8530,-1,unassigned,1
Several-Ad-7486,1480,"csMajors, PhD, ApplyingToCollege, AskAcademia, gradadmissions",9
igorsusmelj,1480,"csMajors, PhD, ApplyingToCollege, AskAcademia, gradadmissions",5
Tyler-Seguin,164,"interestingasfuck, Damnthatsinteresting, pics, mildlyinfuriating, facepalm",12
liamsed,1476,small_community,5
pallepalinski,-1,unassigned,1
Weekwithaturd,-1,unassigned,1
Confident-Celery-29,1477,small_community,16
Oliver_OE,-1,unassigned,1
NatsuZG,1559,"Universitaly, ItaliaPersonalFinance, CasualIT, Italia, ItaliaCareerAdvice",7
Affectionate-Pace377,1601,"NoStupidQuestions, AskReddit, askswitzerland, AITAH, Switzerland",31
EntropyChaser999,1480,"csMajors, PhD, ApplyingToCollege, AskAcademia, gradadmissions",8
Bladekuro,1478,small_community,8
igor_kasyanchuk,1479,small_community,6
SuperScallion1998,1480,"csMajors, PhD, ApplyingToCollege, AskAcademia, gradadmissions",9
Yalandil,164,"interestingasfuck, Damnthatsinteresting, pics, mildlyinfuriating, facepalm",49
Barnacle_Vast,1601,"NoStupidQuestions, AskReddit, askswitzerland, AITAH, Switzerland",8
Logical-Cattle-7923,-1,unassigned,1
yo_mama_69_24_7,1480,"csMajors, PhD, ApplyingToCollege, AskAcademia, gradadmissions",34
Desperate_Hunter837,-1,unassigned,2
Street_Holiday_5740,1601,"NoStupidQuestions, AskReddit, askswitzerland, AITAH, Switzerland",43
OnTheGoAlways1111,1481,small_community,4
chansolation,1482,small_community,4
ExtraTNT,164,"interestingasfuck, Damnthatsinteresting, pics, mildlyinfuriating, facepalm",192
Silent_Yard_7835,1483,small_community,2
Ok-Woodpecker5105,1484,small_community,8
StandardMark,1485,small_community,4
mamaguire14,1525,"de, Studium, Finanzen, Ratschlag, germany",15
ivansstyle,1486,small_community,11
Ok-Bottle-5677,-1,unassigned,1
PotUMust,1601,"NoStupidQuestions, AskReddit, askswitzerland, AITAH, Switzerland",183
nickuls,1487,small_community,3
backupaccount194,-1,unassigned,1
Neat-Artichoke7781,1601,"NoStupidQuestions, AskReddit, askswitzerland, AITAH, Switzerland",14
Alert_Owl_6519,1488,small_community,3
Aggravating-Turn3656,1489,small_community,3
Worldly-Phase-2461,1490,small_community,3
InternationalOne2610,1601,"NoStupidQuestions, AskReddit, askswitzerland, AITAH, Switzerland",39
47Neel47,1491,small_community,4
Isidora33,1492,small_community,7
catchmeifyoucan_12,1493,small_community,7
Otherwise_Key593,1494,small_community,2
Upbeat-Particular861,1480,"csMajors, PhD, ApplyingToCollege, AskAcademia, gradadmissions",48
Michaelpolerman,1480,"csMajors, PhD, ApplyingToCollege, AskAcademia, gradadmissions",16
Top_Recognition_81,1559,"Universitaly, ItaliaPersonalFinance, CasualIT, Italia, ItaliaCareerAdvice",35
Automatic-Garbage-33,1480,"csMajors, PhD, ApplyingToCollege, AskAcademia, gradadmissions",19
gdrosos13,-1,unassigned,1
mathpoly,1495,small_community,4
lunaphirm,1480,"csMajors, PhD, ApplyingToCollege, AskAcademia, gradadmissions",31
filipdawg,-1,unassigned,1
Waste_Rutabaga5444,1496,small_community,3
Resident-Broccoli-44,-1,unassigned,1
agilewriter4254,1497,small_community,7
Asleep_Ad7694,1498,small_community,7
dragoslololol,-1,unassigned,1
MinuteJealous1630,1499,small_community,4
FrostingAgile3012,-1,unassigned,1
0bjective-Guest,1601,"NoStupidQuestions, AskReddit, askswitzerland, AITAH, Switzerland",23
jayys02,1601,"NoStupidQuestions, AskReddit, askswitzerland, AITAH, Switzerland",12
lsparki,164,"interestingasfuck, Damnthatsinteresting, pics, mildlyinfuriating, facepalm",24
Interesting-Link-879,-1,unassigned,1
tken3,1480,"csMajors, PhD, ApplyingToCollege, AskAcademia, gradadmissions",84
Neko_SOUSOU,-1,unassigned,1
Saad_4085,1500,small_community,4
Why_Bother333,1480,"csMajors, PhD, ApplyingToCollege, AskAcademia, gradadmissions",7
mnisch,-1,unassigned,1
Resarox_,1480,"csMajors, PhD, ApplyingToCollege, AskAcademia, gradadmissions",17
funuhun,1601,"NoStupidQuestions, AskReddit, askswitzerland, AITAH, Switzerland",25
Weidendorf,1501,small_community,2
Prestigious-Rain-307,-1,unassigned,1
New_Definitions,1502,small_community,38
Vivid_League5368,1503,small_community,2
ChristianD09,-1,unassigned,1
josesdua,-1,unassigned,1
LowB0b,1480,"csMajors, PhD, ApplyingToCollege, AskAcademia, gradadmissions",180
mariammm82,1504,small_community,12
Strong-Natural-3401,1525,"de, Studium, Finanzen, Ratschlag, germany",12
Bitter-Razzmatazz189,-1,unassigned,3
Schnitzel224,-1,unassigned,1
mpkkke,-1,unassigned,1
LegitimateParking366,1505,small_community,4
Cute-Habit4396,-1,unassigned,1
Inside-Box-3805,-1,unassigned,2
Just_Avocado_1787,1506,small_community,5
retardedSoothsayer,1507,small_community,3
Top_Tumbleweed6854,1480,"csMajors, PhD, ApplyingToCollege, AskAcademia, gradadmissions",14
T0P_NOTCH,1508,small_community,2
Chefseiler,1525,"de, Studium, Finanzen, Ratschlag, germany",160
tigger_six,1509,small_community,7
Reasonable-Spray-123,-1,unassigned,2
Pepper_Indigo,1480,"csMajors, PhD, ApplyingToCollege, AskAcademia, gradadmissions",20
birdcooler_,1480,"csMajors, PhD, ApplyingToCollege, AskAcademia, gradadmissions",16
Agloomycucumber,-1,unassigned,2
yn-laflame,1480,"csMajors, PhD, ApplyingToCollege, AskAcademia, gradadmissions",13
Artosirak,164,"interestingasfuck, Damnthatsinteresting, pics, mildlyinfuriating, facepalm",16
Acrobatic-Specific98,-1,unassigned,3
ropro01,-1,unassigned,1
Swiss_uni_person,1510,small_community,3
GreedyShirt7791,-1,unassigned,1
Low_Significance1768,-1,unassigned,2
obaananana,164,"interestingasfuck, Damnthatsinteresting, pics, mildlyinfuriating, facepalm",309
Soft_Shake8766,1480,"csMajors, PhD, ApplyingToCollege, AskAcademia, gradadmissions",72
Historical_Cicada_17,1511,small_community,10
MegaYannis,1512,small_community,4
AgSh1304,1480,"csMajors, PhD, ApplyingToCollege, AskAcademia, gradadmissions",29
blueraspberryzz,1513,small_community,2
Additional-Ad-1035,1514,small_community,2
gundilareine,1525,"de, Studium, Finanzen, Ratschlag, germany",20
Broad_Hour9999,-1,unassigned,1
Neither_Elephant7825,-1,unassigned,1
Zealousideal-Lie1587,1480,"csMajors, PhD, ApplyingToCollege, AskAcademia, gradadmissions",24
Sheaty111,1515,small_community,3
Julia_Ines,-1,unassigned,1
Strong_Anything_5420,-1,unassigned,1
OkBee9278,-1,unassigned,1
CarpenterNervous7064,-1,unassigned,1
deeplearning666,164,"interestingasfuck, Damnthatsinteresting, pics, mildlyinfuriating, facepalm",10
Long_Live_CR7,1516,small_community,5
_lenni,164,"interestingasfuck, Damnthatsinteresting, pics, mildlyinfuriating, facepalm",13
_r4yan,-1,unassigned,2
Competitive_Hair_773,1480,"csMajors, PhD, ApplyingToCollege, AskAcademia, gradadmissions",8
Graciellamk,1517,small_community,2
Ravenclaw9347,1518,small_community,4
logitech545,-1,unassigned,2
PreparationAnxious27,-1,unassigned,1
nsfamous,1519,small_community,5
jxszmx,1520,small_community,2
BeautifulSea829,-1,unassigned,1
P3G141,-1,unassigned,2
cigarettesaftersushi,1521,small_community,13
TechnicalMaize6326,1525,"de, Studium, Finanzen, Ratschlag, germany",47
ClarinetteSib,1522,small_community,11
Effective_Caregiver,1523,small_community,3
thawnesnips,1480,"csMajors, PhD, ApplyingToCollege, AskAcademia, gradadmissions",9
random47273748,-1,unassigned,2
Tobo_Baldo,1559,"Universitaly, ItaliaPersonalFinance, CasualIT, Italia, ItaliaCareerAdvice",17
ben_lashon,-1,unassigned,1
tiny_kazoo,1601,"NoStupidQuestions, AskReddit, askswitzerland, AITAH, Switzerland",17
SexySisyphus,1601,"NoStupidQuestions, AskReddit, askswitzerland, AITAH, Switzerland",25
javiergui,1524,small_community,4
xCrushedIcex,1525,"de, Studium, Finanzen, Ratschlag, germany",27
coverlaguerradipiero,1480,"csMajors, PhD, ApplyingToCollege, AskAcademia, gradadmissions",130
Mindless_Bullfrog147,1526,small_community,6
H-bonding,1480,"csMajors, PhD, ApplyingToCollege, AskAcademia, gradadmissions",10
anacyberspy,1527,small_community,3
bigfoe_,1480,"csMajors, PhD, ApplyingToCollege, AskAcademia, gradadmissions",5
_alba4k,164,"interestingasfuck, Damnthatsinteresting, pics, mildlyinfuriating, facepalm",87
B_3141589,-1,unassigned,1
sjwprc,1528,small_community,8
Top-Process4790,1480,"csMajors, PhD, ApplyingToCollege, AskAcademia, gradadmissions",28
freericky,164,"interestingasfuck, Damnthatsinteresting, pics, mildlyinfuriating, facepalm",196
JOKER_YT99,-1,unassigned,1
I_am_JoZ,164,"interestingasfuck, Damnthatsinteresting, pics, mildlyinfuriating, facepalm",10
choco_lion,-1,unassigned,1
mara_pts,1529,small_community,2
Automatic-Farm-6130,1530,small_community,2
reolFygolomoH,-1,unassigned,2
HumorGullible6771,1480,"csMajors, PhD, ApplyingToCollege, AskAcademia, gradadmissions",6
rowHammer5,1531,small_community,8
NegotiationCalm4615,1601,"NoStupidQuestions, AskReddit, askswitzerland, AITAH, Switzerland",19
Fixmyn26issue,1480,"csMajors, PhD, ApplyingToCollege, AskAcademia, gradadmissions",24
Quirky_Safety_8345,-1,unassigned,1
Joel_Masc,1532,small_community,2
OutrageousClue9883,1480,"csMajors, PhD, ApplyingToCollege, AskAcademia, gradadmissions",7
timothy-256,1480,"csMajors, PhD, ApplyingToCollege, AskAcademia, gradadmissions",9
hiltonLocLin,-1,unassigned,1
ashraf_L,-1,unassigned,1
MastroTomato,-1,unassigned,2
Fast-Cut6347,164,"interestingasfuck, Damnthatsinteresting, pics, mildlyinfuriating, facepalm",30
i-var,1601,"NoStupidQuestions, AskReddit, askswitzerland, AITAH, Switzerland",34
vin2thecent,1480,"csMajors, PhD, ApplyingToCollege, AskAcademia, gradadmissions",19
hihihahahahah,1480,"csMajors, PhD, ApplyingToCollege, AskAcademia, gradadmissions",14
CarryPuzzleheaded208,-1,unassigned,1
andre_nicky,1601,"NoStupidQuestions, AskReddit, askswitzerland, AITAH, Switzerland",9
Tommi4141,-1,unassigned,2
Ok-Crazy3417,-1,unassigned,1
alisar11102,-1,unassigned,1
hopefully_lovable,-1,unassigned,3
Relative_Skirt_1402,1480,"csMajors, PhD, ApplyingToCollege, AskAcademia, gradadmissions",21
Tavi_Ray,1533,small_community,4
LivingRound800,-1,unassigned,1
BlacksmithNo7341,1601,"NoStupidQuestions, AskReddit, askswitzerland, AITAH, Switzerland",55
rmethz,-1,unassigned,1
maximzyran,-1,unassigned,1
Own-Job8850,1534,small_community,2
LoweringPass,1480,"csMajors, PhD, ApplyingToCollege, AskAcademia, gradadmissions",83
Extension_Fly_104,1480,"csMajors, PhD, ApplyingToCollege, AskAcademia, gradadmissions",7
Flaky_Significance13,1480,"csMajors, PhD, ApplyingToCollege, AskAcademia, gradadmissions",14
CodWagnerian,1480,"csMajors, PhD, ApplyingToCollege, AskAcademia, gradadmissions",33
Cold_Ice9206,1480,"csMajors, PhD, ApplyingToCollege, AskAcademia, gradadmissions",7
abhip64,-1,unassigned,1
Designer-Turnip2076,-1,unassigned,1
jeje17j,1535,small_community,4
NewDayEditing,1480,"csMajors, PhD, ApplyingToCollege, AskAcademia, gradadmissions",26
Half_D3ad,1536,small_community,2
arsitarchaea,-1,unassigned,1
ihaveatalkingtree,1537,small_community,4
TheWanderingOvas,1538,small_community,2
Imaginary_Job_7736,-1,unassigned,1
ChildhoodNo599,-1,unassigned,2
reka-cycl,-1,unassigned,2
Evening-Leader978,-1,unassigned,1
kosmyl,1601,"NoStupidQuestions, AskReddit, askswitzerland, AITAH, Switzerland",5
beekeeperwlw,-1,unassigned,1
Fair_Side6646,-1,unassigned,1
Good_Cry_8330,-1,unassigned,1
DoktorGubler,-1,unassigned,2
Beneficial-Hippo-341,1539,small_community,15
breadxxxxx,1540,small_community,3
loflamel03,1541,small_community,2
IKstreme,-1,unassigned,1
territrades,1525,"de, Studium, Finanzen, Ratschlag, germany",248
lostsoul4ever_,1480,"csMajors, PhD, ApplyingToCollege, AskAcademia, gradadmissions",60
pekmezizcesme,-1,unassigned,1
Personal-Peace8819,1480,"csMajors, PhD, ApplyingToCollege, AskAcademia, gradadmissions",19
Huge-Pen1918,1480,"csMajors, PhD, ApplyingToCollege, AskAcademia, gradadmissions",11
Unusual-SuspectBoing,1542,small_community,2
Altruistic-Sea6277,1480,"csMajors, PhD, ApplyingToCollege, AskAcademia, gradadmissions",12
International-Tie-67,1543,small_community,4
Dantepoetaeterno,-1,unassigned,1
Afraid-Abies-6507,1480,"csMajors, PhD, ApplyingToCollege, AskAcademia, gradadmissions",50
RCADshen,-1,unassigned,2
Ok-Employment-8876,-1,unassigned,1
Electronic_Reach_536,-1,unassigned,1
MrThePinkEagle,1601,"NoStupidQuestions, AskReddit, askswitzerland, AITAH, Switzerland",22
chrisswillss98,1525,"de, Studium, Finanzen, Ratschlag, germany",6
imsoboredhelpme1,-1,unassigned,1
Bobjohndud,164,"interestingasfuck, Damnthatsinteresting, pics, mildlyinfuriating, facepalm",23
cowboy_erich,-1,unassigned,1
Ok-Lawfulness-3804,-1,unassigned,1
PrestigiousTrifle836,-1,unassigned,1
Teddeh03,1544,small_community,4
AureoEsha,1545,small_community,6
a7exus,164,"interestingasfuck, Damnthatsinteresting, pics, mildlyinfuriating, facepalm",16
OnlyEarth76,1546,small_community,2
hugsond,1525,"de, Studium, Finanzen, Ratschlag, germany",12
Mithrand-ir,164,"interestingasfuck, Damnthatsinteresting, pics, mildlyinfuriating, facepalm",100
Loner_0112,1480,"csMajors, PhD, ApplyingToCollege, AskAcademia, gradadmissions",45
Rash_04,164,"interestingasfuck, Damnthatsinteresting, pics, mildlyinfuriating, facepalm",47
Big_Bobcat_4969,-1,unassigned,1
Sea-Elephant7953,1547,small_community,4
Elegant_Sugar_6023,1548,small_community,3
maxab27,1480,"csMajors, PhD, ApplyingToCollege, AskAcademia, gradadmissions",42
_Voxanimus_,1601,"NoStupidQuestions, AskReddit, askswitzerland, AITAH, Switzerland",40
Negative_Charity_195,1601,"NoStupidQuestions, AskReddit, askswitzerland, AITAH, Switzerland",12
Time_Active2625,1601,"NoStupidQuestions, AskReddit, askswitzerland, AITAH, Switzerland",14
ElevatorFit5861,-1,unassigned,1
marshumaro323,-1,unassigned,1
Ok_Significance_1410,1549,small_community,2
Icy-Trust-8563,1480,"csMajors, PhD, ApplyingToCollege, AskAcademia, gradadmissions",38
Harwin-,1525,"de, Studium, Finanzen, Ratschlag, germany",14
ArgueObjective5198,1480,"csMajors, PhD, ApplyingToCollege, AskAcademia, gradadmissions",13
Leo_030529,-1,unassigned,1
SnooGadgets8465,-1,unassigned,2
Appropriate-Paper-28,1480,"csMajors, PhD, ApplyingToCollege, AskAcademia, gradadmissions",6
Most_Walk_9499,1480,"csMajors, PhD, ApplyingToCollege, AskAcademia, gradadmissions",14
JohnGaltW,1550,small_community,2
noemie_j_,1551,small_community,2
euclidslastprime,1480,"csMajors, PhD, ApplyingToCollege, AskAcademia, gradadmissions",6
Future-Cherry-928,-1,unassigned,1
jaskier89,1601,"NoStupidQuestions, AskReddit, askswitzerland, AITAH, Switzerland",106
foooder,1601,"NoStupidQuestions, AskReddit, askswitzerland, AITAH, Switzerland",58
ExcellentCorner6937,1552,small_community,2
FlamingoNo3905,-1,unassigned,13
cirosch,-1,unassigned,13
Far-Diver4462,-1,unassigned,1
Reasonable-One5141,-1,unassigned,1
Lejeune_Dirichelet,1601,"NoStupidQuestions, AskReddit, askswitzerland, AITAH, Switzerland",20
adotononi,164,"interestingasfuck, Damnthatsinteresting, pics, mildlyinfuriating, facepalm",76
Fancy_Policy_92,1480,"csMajors, PhD, ApplyingToCollege, AskAcademia, gradadmissions",9
Ok-Bookkeeper-2017,-1,unassigned,1
Front_Drawer_4317,1553,small_community,10
Upbeat_Bandicoot_297,-1,unassigned,15
Worth_Inflation_2104,164,"interestingasfuck, Damnthatsinteresting, pics, mildlyinfuriating, facepalm",306
Top_Cartographer7245,1480,"csMajors, PhD, ApplyingToCollege, AskAcademia, gradadmissions",21
Chance-Theory2433,-1,unassigned,1
zoki_zo,1480,"csMajors, PhD, ApplyingToCollege, AskAcademia, gradadmissions",20
Freedy_das_Fiiisch,1554,small_community,3
studying247allday,1555,small_community,4
mountain11fire,-1,unassigned,1
Just_A_Random_Dudu,1139,small_community,8
AllthewaymyG,1525,"de, Studium, Finanzen, Ratschlag, germany",23
companiondania,-1,unassigned,1
Grand_Research_7253,1556,small_community,3
danielkorth,-1,unassigned,1
marschmallowfellow,1557,small_community,7
TechnologySubject111,1480,"csMajors, PhD, ApplyingToCollege, AskAcademia, gradadmissions",8
angel_of_darknesss,164,"interestingasfuck, Damnthatsinteresting, pics, mildlyinfuriating, facepalm",9
Double_Shacker,1558,small_community,5
Resident-Theme8413,1480,"csMajors, PhD, ApplyingToCollege, AskAcademia, gradadmissions",4
Noodle--Monster,164,"interestingasfuck, Damnthatsinteresting, pics, mildlyinfuriating, facepalm",35
goRobo14,1560,small_community,4
Acrobatic-Bill1366,1480,"csMajors, PhD, ApplyingToCollege, AskAcademia, gradadmissions",23
Material_East4866,1480,"csMajors, PhD, ApplyingToCollege, AskAcademia, gradadmissions",7
Due-Refuse-9287,-1,unassigned,1
MaxPower19997,1525,"de, Studium, Finanzen, Ratschlag, germany",14
Flimsy-Industry-4973,1480,"csMajors, PhD, ApplyingToCollege, AskAcademia, gradadmissions",29
CEO_of_FISH,164,"interestingasfuck, Damnthatsinteresting, pics, mildlyinfuriating, facepalm",25
OneEyedHokage,1561,small_community,14
raphael_ungaro,-1,unassigned,1
Neuronous,1480,"csMajors, PhD, ApplyingToCollege, AskAcademia, gradadmissions",11
Top-Huckleberry-9654,1562,small_community,4
viviviwi,1601,"NoStupidQuestions, AskReddit, askswitzerland, AITAH, Switzerland",26
NomDeiX,1480,"csMajors, PhD, ApplyingToCollege, AskAcademia, gradadmissions",21
mywhatisthis,164,"interestingasfuck, Damnthatsinteresting, pics, mildlyinfuriating, facepalm",14
Elegant_Watch_7579,-1,unassigned,1
SwissBossgirl-8000,-1,unassigned,1
Historical_Buddy935,1563,small_community,3
ParsleyObjective3387,1480,"csMajors, PhD, ApplyingToCollege, AskAcademia, gradadmissions",7
OkLengthiness8315,1564,small_community,7
MauroRaw,-1,unassigned,1
SignificanceOk279,1565,small_community,2
strawberry2507,1566,small_community,4
fanny-dtz1121,1567,small_community,2
Flimsy_Bluebird_4668,1525,"de, Studium, Finanzen, Ratschlag, germany",26
ClemRRay,164,"interestingasfuck, Damnthatsinteresting, pics, mildlyinfuriating, facepalm",213
ashhlinx_28,-1,unassigned,5
FifaPointsMan,1601,"NoStupidQuestions, AskReddit, askswitzerland, AITAH, Switzerland",39
Diamondspensbags,1601,"NoStupidQuestions, AskReddit, askswitzerland, AITAH, Switzerland",28
TrdNugget,1568,small_community,5
HauntingStrategy7797,-1,unassigned,1
ScaryAd5333,-1,unassigned,2
Palladium_2k,1480,"csMajors, PhD, ApplyingToCollege, AskAcademia, gradadmissions",16
Thog78,164,"interestingasfuck, Damnthatsinteresting, pics, mildlyinfuriating, facepalm",143
Agile_Homework_1486,-1,unassigned,1
Intl_in_CH,-1,unassigned,1
Competitive_Way6772,1480,"csMajors, PhD, ApplyingToCollege, AskAcademia, gradadmissions",238
Puzzleheaded-Pen4413,164,"interestingasfuck, Damnthatsinteresting, pics, mildlyinfuriating, facepalm",212
Eris_sama_,1569,small_community,3
Immediate_Belt_3802,1570,small_community,2
outrageous_unfair,-1,unassigned,1
Dull_Aardvark1776,1571,small_community,3
rocket_d00,-1,unassigned,2
Accomplished-Face524,1572,small_community,6
Icy-Ease1464,1573,small_community,10
beij4-fl0r,1574,small_community,6
SleakStick,164,"interestingasfuck, Damnthatsinteresting, pics, mildlyinfuriating, facepalm",101
ClientLive5774,1575,small_community,6
HydrogenTank,1525,"de, Studium, Finanzen, Ratschlag, germany",29
Fantastic_Ebb_3397,164,"interestingasfuck, Damnthatsinteresting, pics, mildlyinfuriating, facepalm",30
Rici66_,-1,unassigned,3
Far-Restaurant-5822,-1,unassigned,2
NotHighFiveGuy,1576,small_community,3
OkaTeluguAbbayi,164,"interestingasfuck, Damnthatsinteresting, pics, mildlyinfuriating, facepalm",120
Ok_Adagio_1515,1577,small_community,7
Pdiddydondidit,164,"interestingasfuck, Damnthatsinteresting, pics, mildlyinfuriating, facepalm",124
lava_0106,1578,small_community,11
negr88,1480,"csMajors, PhD, ApplyingToCollege, AskAcademia, gradadmissions",76
church_physicist,1601,"NoStupidQuestions, AskReddit, askswitzerland, AITAH, Switzerland",10
Quivnite,1480,"csMajors, PhD, ApplyingToCollege, AskAcademia, gradadmissions",47
ConfectionNo4117,-1,unassigned,1
Zealousideal-Car6235,1480,"csMajors, PhD, ApplyingToCollege, AskAcademia, gradadmissions",17
ElkNo1077,1480,"csMajors, PhD, ApplyingToCollege, AskAcademia, gradadmissions",13
Alsoce,1525,"de, Studium, Finanzen, Ratschlag, germany",11
Candle_No,1579,small_community,2
foldfoldfoldfoldfold,-1,unassigned,1
ajackcola,1601,"NoStupidQuestions, AskReddit, askswitzerland, AITAH, Switzerland",28
Savings-Caregiver332,1580,small_community,6
Any_Cod_8565,1581,small_community,2
Vss11,1582,small_community,4
theamidamaru,1480,"csMajors, PhD, ApplyingToCollege, AskAcademia, gradadmissions",12
Particular_Bid_806,1583,small_community,2
Azmort1293,1601,"NoStupidQuestions, AskReddit, askswitzerland, AITAH, Switzerland",79
Signal_Cattle5476,-1,unassigned,2
Famous_Selection1271,-1,unassigned,1
gabsmora,1601,"NoStupidQuestions, AskReddit, askswitzerland, AITAH, Switzerland",9
khaxaan,1584,small_community,4
pseudodood,-1,unassigned,1
Optimal_Credit3756,-1,unassigned,2
Odd_Calligrapher8826,1585,small_community,3
chocbananabread,-1,unassigned,1
Zealousideal_Ad7602,164,"interestingasfuck, Damnthatsinteresting, pics, mildlyinfuriating, facepalm",80
Entjic,1586,small_community,2
Emergency_Ship5193,-1,unassigned,1
EnthusiasmOld3622,1587,small_community,3
hey_its_meeeeeeeee,1588,small_community,2
avocadoman231,1525,"de, Studium, Finanzen, Ratschlag, germany",12
Upbeat_Initial_5343,1589,small_community,3
True-Warthog-1892,1601,"NoStupidQuestions, AskReddit, askswitzerland, AITAH, Switzerland",164
the_other_Scaevitas,164,"interestingasfuck, Damnthatsinteresting, pics, mildlyinfuriating, facepalm",183
External_Deer_9607,-1,unassigned,1
Ivandre,1525,"de, Studium, Finanzen, Ratschlag, germany",8
Soggy_Football_2481,-1,unassigned,1
Dizzy-Economist-474,1590,small_community,6
Patient-District626,-1,unassigned,1
Extreme-Air-7714,1591,small_community,6
Apprehensive-Hat7602,1592,small_community,5
Alessandro-DeCrypto,-1,unassigned,2
Limp-Promise989,1480,"csMajors, PhD, ApplyingToCollege, AskAcademia, gradadmissions",13
AnxietyConscious2777,-1,unassigned,1
Lazy_Cardiologist704,1593,small_community,2
sebob0,1480,"csMajors, PhD, ApplyingToCollege, AskAcademia, gradadmissions",6
Biggie_Nuf,164,"interestingasfuck, Damnthatsinteresting, pics, mildlyinfuriating, facepalm",285
Fit_Interview_566,1601,"NoStupidQuestions, AskReddit, askswitzerland, AITAH, Switzerland",18
father-of-theseus,1594,small_community,11
dotofthedot,-1,unassigned,2
adnan_3071,1480,"csMajors, PhD, ApplyingToCollege, AskAcademia, gradadmissions",6
youngvalley215,-1,unassigned,2
barbu8,1595,small_community,5
ThrowawayAdvice-293,1480,"csMajors, PhD, ApplyingToCollege, AskAcademia, gradadmissions",61
phi_curious,1559,"Universitaly, ItaliaPersonalFinance, CasualIT, Italia, ItaliaCareerAdvice",58
MKNarek,1480,"csMajors, PhD, ApplyingToCollege, AskAcademia, gradadmissions",9
Rafael_18,1596,small_community,4
MrManNumber2,1597,small_community,4
Express-Map-8965,1598,small_community,8
Dramatic-Signal-3123,1599,small_community,4
lapqnco,1600,small_community,2
HaFreLE,-1,unassigned,1
Poujh1,1601,"NoStupidQuestions, AskReddit, askswitzerland, AITAH, Switzerland",10
YakKey6933,1480,"csMajors, PhD, ApplyingToCollege, AskAcademia, gradadmissions",6
numanballi,1602,small_community,2
Substantial-Pie289,1480,"csMajors, PhD, ApplyingToCollege, AskAcademia, gradadmissions",17
Livid-Spray-2502,1603,small_community,7
Alternative-Owl-1754,-1,unassigned,1
Impressive-Test-2484,1604,small_community,6
Sad-Marionberry5359,1605,small_community,4
giuliana_69,-1,unassigned,1
DAR6969,1480,"csMajors, PhD, ApplyingToCollege, AskAcademia, gradadmissions",11
objcmm,164,"interestingasfuck, Damnthatsinteresting, pics, mildlyinfuriating, facepalm",33
chafporte,164,"interestingasfuck, Damnthatsinteresting, pics, mildlyinfuriating, facepalm",132
wryou,-1,unassigned,3
TemporaryNo8049,-1,unassigned,1
Natural-Bridge-905,-1,unassigned,2
IndependentFig715,-1,unassigned,1
Superb_Education9051,1606,small_community,7
Ok_Illustrator3145,-1,unassigned,1
KaleidoscopeNo9839,-1,unassigned,1
Popculture_Nerd90,-1,unassigned,1
Impossible_Roll_2382,1607,small_community,7
Definixislive,1608,small_community,8
Darkdriller,-1,unassigned,1
plasyon33,1609,small_community,2
maximus_autismus,-1,unassigned,2
HunterParticular4594,-1,unassigned,1
Aure20,164,"interestingasfuck, Damnthatsinteresting, pics, mildlyinfuriating, facepalm",17
One_Manufacturer8858,-1,unassigned,1
xerotor,1559,"Universitaly, ItaliaPersonalFinance, CasualIT, Italia, ItaliaCareerAdvice",37
Noway721,164,"interestingasfuck, Damnthatsinteresting, pics, mildlyinfuriating, facepalm",71
TenthBox,1480,"csMajors, PhD, ApplyingToCollege, AskAcademia, gradadmissions",9
Assido,1610,small_community,3
Ambitious-Year5154,1611,small_community,4
No-Razzmatazz7688,1601,"NoStupidQuestions, AskReddit, askswitzerland, AITAH, Switzerland",38
Old_Explanation4248,-1,unassigned,1
asiof3d,164,"interestingasfuck, Damnthatsinteresting, pics, mildlyinfuriating, facepalm",9
becoming_stoic,1480,"csMajors, PhD, ApplyingToCollege, AskAcademia, gradadmissions",23
LockandLoadyeet,1612,small_community,4
Ok_Ask_1604,1480,"csMajors, PhD, ApplyingToCollege, AskAcademia, gradadmissions",14
Independent_Fly_7721,1613,small_community,2
amusing-kwang,-1,unassigned,1
Hallobanana,1480,"csMajors, PhD, ApplyingToCollege, AskAcademia, gradadmissions",5
ChadiusTheMighty,1525,"de, Studium, Finanzen, Ratschlag, germany",115
Faaaabio,-1,unassigned,1
XenobladeGamer911,-1,unassigned,1
Efficient_Builder923,1480,"csMajors, PhD, ApplyingToCollege, AskAcademia, gradadmissions",422
MintakaMinthara,1601,"NoStupidQuestions, AskReddit, askswitzerland, AITAH, Switzerland",29
boipls,1480,"csMajors, PhD, ApplyingToCollege, AskAcademia, gradadmissions",13
Desperate-Pick-1632,-1,unassigned,1
tjmeca,-1,unassigned,1
rebelfriend,1614,small_community,7
Neither-Currency1426,-1,unassigned,1
Krat0r_,-1,unassigned,1
eneepic,1615,small_community,13
ExoticClient8146,-1,unassigned,1
Repulsive_Award_3416,1480,"csMajors, PhD, ApplyingToCollege, AskAcademia, gradadmissions",18
Former_Tank3155,-1,unassigned,1
LogThatData,-1,unassigned,1
Longjumping_Push_555,1559,"Universitaly, ItaliaPersonalFinance, CasualIT, Italia, ItaliaCareerAdvice",9
Aggravating_Oil383,1559,"Universitaly, ItaliaPersonalFinance, CasualIT, Italia, ItaliaCareerAdvice",21
Umer2000,-1,unassigned,1
Ayonx,1559,"Universitaly, ItaliaPersonalFinance, CasualIT, Italia, ItaliaCareerAdvice",15
Zealousideal_Might84,1616,small_community,3
Space_ship_90,-1,unassigned,1
ElenElinova,1617,small_community,2
Forward-Net9930,-1,unassigned,1
markov_mongoose13,1618,small_community,3
AffectionateFuel2540,-1,unassigned,1
AccurateRock9412,1480,"csMajors, PhD, ApplyingToCollege, AskAcademia, gradadmissions",6
Obvious-Objective525,1601,"NoStupidQuestions, AskReddit, askswitzerland, AITAH, Switzerland",15
CressObjective2720,-1,unassigned,3
Far_Fig_7416,1619,small_community,4
breakdancebeb,1480,"csMajors, PhD, ApplyingToCollege, AskAcademia, gradadmissions",17
ade_zoe_2107,1620,small_community,5
snugglezqq,1525,"de, Studium, Finanzen, Ratschlag, germany",8
Plant-Millie,1621,small_community,4
WatercressOk5275,1622,small_community,5
Arwayy,-1,unassigned,1
Inevitable_Friend_22,1623,small_community,4
tchtchtchboom,1525,"de, Studium, Finanzen, Ratschlag, germany",5
Arsi_Man,-1,unassigned,1
SelfImprover310806,-1,unassigned,5
Ill_Engineering_8779,1601,"NoStupidQuestions, AskReddit, askswitzerland, AITAH, Switzerland",17
Ambitious_Lie_7664,1624,small_community,4
cutiePatwotie,164,"interestingasfuck, Damnthatsinteresting, pics, mildlyinfuriating, facepalm",40
Educational_Word_633,1525,"de, Studium, Finanzen, Ratschlag, germany",144
glatzplatz,1480,"csMajors, PhD, ApplyingToCollege, AskAcademia, gradadmissions",52
Invinciblebro_2209,1480,"csMajors, PhD, ApplyingToCollege, AskAcademia, gradadmissions",6
DentistOwn2575,1480,"csMajors, PhD, ApplyingToCollege, AskAcademia, gradadmissions",9
Kindly_Release_834,1625,small_community,2
bananapooper2000,-1,unassigned,1
JoJoModding,1525,"de, Studium, Finanzen, Ratschlag, germany",193
honeytrap93,1626,small_community,3
Few-Loquat-1816,-1,unassigned,1
lioekst,1601,"NoStupidQuestions, AskReddit, askswitzerland, AITAH, Switzerland",15
Difficult-Tie-9764,1525,"de, Studium, Finanzen, Ratschlag, germany",29
Ihatemyboom,1627,small_community,2
halperk,-1,unassigned,1
mbache,-1,unassigned,1
Opening-Tart-7475,1601,"NoStupidQuestions, AskReddit, askswitzerland, AITAH, Switzerland",15
UselessAsAqua,1628,small_community,7
____Hunter____,-1,unassigned,1
Next_Novel7092,1480,"csMajors, PhD, ApplyingToCollege, AskAcademia, gradadmissions",17
No_Top4712,-1,unassigned,5
Ok_Cake_6280,164,"interestingasfuck, Damnthatsinteresting, pics, mildlyinfuriating, facepalm",11
Wooden-Inflation5433,-1,unassigned,1
Straight-Regular3841,1480,"csMajors, PhD, ApplyingToCollege, AskAcademia, gradadmissions",9
Ike11000,164,"interestingasfuck, Damnthatsinteresting, pics, mildlyinfuriating, facepalm",11
CaregiverNice7347,1480,"csMajors, PhD, ApplyingToCollege, AskAcademia, gradadmissions",7
CopyIndependent4212,1480,"csMajors, PhD, ApplyingToCollege, AskAcademia, gradadmissions",6
Macaroon-Bulky,1629,small_community,3
gooseneckbarnecle,-1,unassigned,1
MitjaKobal,164,"interestingasfuck, Damnthatsinteresting, pics, mildlyinfuriating, facepalm",44
freedomenjoyr,1525,"de, Studium, Finanzen, Ratschlag, germany",18
Relevant-Cry-6722,1630,small_community,2
fruity_cupcake56,1631,small_community,12
stuckinswitzerland,1632,small_community,4
kalashnikovgobrrrr,164,"interestingasfuck, Damnthatsinteresting, pics, mildlyinfuriating, facepalm",38
Electronic-Will-2233,1601,"NoStupidQuestions, AskReddit, askswitzerland, AITAH, Switzerland",104
Namratha_v_patil,1480,"csMajors, PhD, ApplyingToCollege, AskAcademia, gradadmissions",14
ninjaris,-1,unassigned,1
Independent_Sea_6381,-1,unassigned,2
Southern_Professor69,1633,small_community,16
Arman-12345,1634,small_community,5
andres-nav,-1,unassigned,2
No_Builder_9312,1480,"csMajors, PhD, ApplyingToCollege, AskAcademia, gradadmissions",26
Silver_Exam4489,164,"interestingasfuck, Damnthatsinteresting, pics, mildlyinfuriating, facepalm",8
Accomplished-Creme-9,1635,small_community,10
Oxymoron089,1636,small_community,4
Special-Cherry-8890,-1,unassigned,1
No_Shape9838,1637,small_community,4
Pibagirlie,1480,"csMajors, PhD, ApplyingToCollege, AskAcademia, gradadmissions",12
Relativity-009,-1,unassigned,1
Krofnica18,1525,"de, Studium, Finanzen, Ratschlag, germany",14
yoPS24t,-1,unassigned,1
SignificantArmy9546,164,"interestingasfuck, Damnthatsinteresting, pics, mildlyinfuriating, facepalm",35
Dull_Bunch5598,-1,unassigned,3
Outrageous-Balance40,1638,small_community,5
Arsiesis,164,"interestingasfuck, Damnthatsinteresting, pics, mildlyinfuriating, facepalm",42
Maleficent-Tea-2336,1639,small_community,2
pauerranger,1640,small_community,3
biotech_junky,1641,small_community,2
RoseDaddy513,1642,small_community,5
OrangeBiskit,1643,small_community,10
No-Establishment2902,1601,"NoStupidQuestions, AskReddit, askswitzerland, AITAH, Switzerland",10
Rabid_Mexican,164,"interestingasfuck, Damnthatsinteresting, pics, mildlyinfuriating, facepalm",71
dalekfodder,1480,"csMajors, PhD, ApplyingToCollege, AskAcademia, gradadmissions",20
super_foo,1644,small_community,2
LackBig1647,1525,"de, Studium, Finanzen, Ratschlag, germany",6
Powerful_Broccolio,1645,small_community,4
krakenGT,1646,small_community,4
j-albay,-1,unassigned,2
Rediculie20000,1480,"csMajors, PhD, ApplyingToCollege, AskAcademia, gradadmissions",14
cosmic_2000,1480,"csMajors, PhD, ApplyingToCollege, AskAcademia, gradadmissions",5
OtherwiseDoubt1966,-1,unassigned,1
CedricDoutaz,-1,unassigned,1
Proper_Revolution279,-1,unassigned,1
Folkenstal,1647,small_community,7
Critical_Pie7311,1648,small_community,4
FaboulsCaramel,1649,small_community,2
Nexgan,1650,small_community,4
mprouno007,-1,unassigned,2
VisualActuary6812,-1,unassigned,1
WildH10,1651,small_community,13
Spikeymon,164,"interestingasfuck, Damnthatsinteresting, pics, mildlyinfuriating, facepalm",10
SolidEntrance5140,-1,unassigned,1
Sassewere,1480,"csMajors, PhD, ApplyingToCollege, AskAcademia, gradadmissions",10
Huge_Ad_8201,1525,"de, Studium, Finanzen, Ratschlag, germany",10
Ok-Equipment2817,1652,small_community,9
minibeto666,-1,unassigned,3
randomrizz,1653,small_community,2
Fun-Reference7143,1480,"csMajors, PhD, ApplyingToCollege, AskAcademia, gradadmissions",9
polyakovnameste,1480,"csMajors, PhD, ApplyingToCollege, AskAcademia, gradadmissions",40
No_Worldliness_2647,-1,unassigned,3
xenuniz,1480,"csMajors, PhD, ApplyingToCollege, AskAcademia, gradadmissions",10
South-Rain1571,-1,unassigned,1
Hopeful-Quantity5155,-1,unassigned,1
Remarkable-Fun7562,1480,"csMajors, PhD, ApplyingToCollege, AskAcademia, gradadmissions",5
srf3_for_you,1601,"NoStupidQuestions, AskReddit, askswitzerland, AITAH, Switzerland",97
emily83629,1480,"csMajors, PhD, ApplyingToCollege, AskAcademia, gradadmissions",20
Live_Yak_1711,1654,small_community,6
Commercial-Country-9,-1,unassigned,1
Glum-Obligation-921,1655,small_community,2
symbolic-autoencoder,1601,"NoStupidQuestions, AskReddit, askswitzerland, AITAH, Switzerland",12
HodiVibes,-1,unassigned,1
WeakIndependent4072,1656,small_community,4
Anxious_Physics_69,-1,unassigned,1
not_so_lean,1480,"csMajors, PhD, ApplyingToCollege, AskAcademia, gradadmissions",9
Colon_78Lu,1525,"de, Studium, Finanzen, Ratschlag, germany",40
Muffygamer123,1480,"csMajors, PhD, ApplyingToCollege, AskAcademia, gradadmissions",19
notanimposterr,1480,"csMajors, PhD, ApplyingToCollege, AskAcademia, gradadmissions",6
VEGETA_911,1480,"csMajors, PhD, ApplyingToCollege, AskAcademia, gradadmissions",8
TinyNinja888,1657,small_community,3
Tight-Wolverine-5171,1658,small_community,4
Choice-Drawer3981,1480,"csMajors, PhD, ApplyingToCollege, AskAcademia, gradadmissions",24
TPcz,-1,unassigned,1
Professional_Pie3081,-1,unassigned,1
Wiitchblades,1659,small_community,5
Exotic-Housing-4179,1660,small_community,4
LuckyParty2994,1480,"csMajors, PhD, ApplyingToCollege, AskAcademia, gradadmissions",30
albasili,1480,"csMajors, PhD, ApplyingToCollege, AskAcademia, gradadmissions",18
Vegetable-Moose916,1480,"csMajors, PhD, ApplyingToCollege, AskAcademia, gradadmissions",5
obolli,164,"interestingasfuck, Damnthatsinteresting, pics, mildlyinfuriating, facepalm",159
A_fellow_Taelien,-1,unassigned,1
HonestConcentrate570,-1,unassigned,1
kshipps,-1,unassigned,1
Worried_Emotion3809,-1,unassigned,1
kokokoman,1601,"NoStupidQuestions, AskReddit, askswitzerland, AITAH, Switzerland",9
Storm_chaser2252,1661,small_community,4
North_Dinner_8946,1525,"de, Studium, Finanzen, Ratschlag, germany",62
Ok_Barnacle_9872,-1,unassigned,1
Zboubard,1662,small_community,4
theonelostTaco,1480,"csMajors, PhD, ApplyingToCollege, AskAcademia, gradadmissions",11
Ill_Willingness_2224,-1,unassigned,1
SignificanceOk7417,1663,small_community,4
Rude_Revenue_6131,1664,small_community,3
Ok_Carrot_366,1665,small_community,2
doniael91102,1666,small_community,3
Serious_Soft_9293,1480,"csMajors, PhD, ApplyingToCollege, AskAcademia, gradadmissions",8
No_Bet_8525,-1,unassigned,1
la_linea_scura,1480,"csMajors, PhD, ApplyingToCollege, AskAcademia, gradadmissions",20
BaseballWorldly6151,1667,small_community,3
EfficiencyHuge4811,1668,small_community,5
Prestigious-Yellow38,1669,small_community,3
StatusYak8926,-1,unassigned,1
Disastrous-Desk6322,1480,"csMajors, PhD, ApplyingToCollege, AskAcademia, gradadmissions",19
Direct_Bunch_486,1670,small_community,3
Pieceofshit78,164,"interestingasfuck, Damnthatsinteresting, pics, mildlyinfuriating, facepalm",9
Gluflex,1671,small_community,5
Frexmax,-1,unassigned,1
Ok-Muffin6779,1672,small_community,3
MobyDaDack,164,"interestingasfuck, Damnthatsinteresting, pics, mildlyinfuriating, facepalm",46
Joseph_Statistician-,1480,"csMajors, PhD, ApplyingToCollege, AskAcademia, gradadmissions",33
schwerbherb,1601,"NoStupidQuestions, AskReddit, askswitzerland, AITAH, Switzerland",10
Nando5011,-1,unassigned,1
alyasltd,-1,unassigned,5
frogs4frogs4,-1,unassigned,1
Mundane_Substance775,-1,unassigned,1
Suitable_Ad7616,1673,small_community,3
Pale-Manufacturer151,1674,small_community,5
Crafty-Ad5230,1675,small_community,2
Various-Literature37,-1,unassigned,2
foultayeb,-1,unassigned,1
hrdcore_bkr,1676,small_community,10
Individual-Rope-7003,-1,unassigned,1
Frosty-Breadfruit724,1677,small_community,3
ExtremeHairLoss,1480,"csMajors, PhD, ApplyingToCollege, AskAcademia, gradadmissions",183
TheDankestOfDankers,-1,unassigned,2
HiddenShadow7,1480,"csMajors, PhD, ApplyingToCollege, AskAcademia, gradadmissions",12
Competitive_Yam_977,1525,"de, Studium, Finanzen, Ratschlag, germany",103
moviesuggest,1480,"csMajors, PhD, ApplyingToCollege, AskAcademia, gradadmissions",24
Negative_Campaign_36,-1,unassigned,1
Weak_Ad2389,-1,unassigned,3
Fit_Internal8435,-1,unassigned,1
zkoura,-1,unassigned,1
Majestic-Prize-5454,-1,unassigned,1
Omarthemadlad,-1,unassigned,1
XTOPHER93,1678,small_community,4
No_Listen9747,1679,small_community,3
dapagv,1680,small_community,4
Resident_Iron6701,1525,"de, Studium, Finanzen, Ratschlag, germany",95
Murky_Care2387,1681,small_community,7
Conscious_Fox_1338,1682,small_community,2
AlbionToUtopia,1525,"de, Studium, Finanzen, Ratschlag, germany",26
oligirard,-1,unassigned,1
MasterKaelos,1601,"NoStupidQuestions, AskReddit, askswitzerland, AITAH, Switzerland",36
ClassroomIll9038,1480,"csMajors, PhD, ApplyingToCollege, AskAcademia, gradadmissions",14
lurente,-1,unassigned,1
vin-zzz,164,"interestingasfuck, Damnthatsinteresting, pics, mildlyinfuriating, facepalm",37
zanimljivo123,1601,"NoStupidQuestions, AskReddit, askswitzerland, AITAH, Switzerland",76
cd1f3b41f6fd3140f99c,164,"interestingasfuck, Damnthatsinteresting, pics, mildlyinfuriating, facepalm",33
Tricky-Magazine2303,1480,"csMajors, PhD, ApplyingToCollege, AskAcademia, gradadmissions",33
Healthy-Strain5279,1683,small_community,6
Dazzling_Patient7209,1480,"csMajors, PhD, ApplyingToCollege, AskAcademia, gradadmissions",16
sheesh268855,-1,unassigned,1
nooknookbruh,1684,small_community,3
Healer_J,1480,"csMajors, PhD, ApplyingToCollege, AskAcademia, gradadmissions",24
ReLumtur,-1,unassigned,1
BigMechanicBoi,1480,"csMajors, PhD, ApplyingToCollege, AskAcademia, gradadmissions",28
Lumpy_Software_5414,-1,unassigned,1
merca_reddit,-1,unassigned,2
FantasticQuestions,-1,unassigned,3
Super_Conflict_8683,1480,"csMajors, PhD, ApplyingToCollege, AskAcademia, gradadmissions",15
Plus-Expression-2378,-1,unassigned,1
Dry-Bag-7514,-1,unassigned,1
Immyisme,1685,small_community,3
TAKE-IT-UP-THE-BUTT,164,"interestingasfuck, Damnthatsinteresting, pics, mildlyinfuriating, facepalm",39
Realistic-Tonight-29,1686,small_community,14
RaresBares,-1,unassigned,1
Which_Sound_8255,-1,unassigned,1
Exact-Entrepreneur-1,1480,"csMajors, PhD, ApplyingToCollege, AskAcademia, gradadmissions",6
Error_401__,1687,small_community,6
lordhelmchench,164,"interestingasfuck, Damnthatsinteresting, pics, mildlyinfuriating, facepalm",43
brokenberries,1688,small_community,4
True_Juggernaut_3173,-1,unassigned,1
Head-Influence2194,-1,unassigned,1
pgsdgrt,1480,"csMajors, PhD, ApplyingToCollege, AskAcademia, gradadmissions",47
Serious_Divide4434,-1,unassigned,1
covidbryant2407,1480,"csMajors, PhD, ApplyingToCollege, AskAcademia, gradadmissions",33
MasterpieceNo4992,1480,"csMajors, PhD, ApplyingToCollege, AskAcademia, gradadmissions",46
Particular_Share1538,1689,small_community,3
Adventurous_Pipe5346,-1,unassigned,1
Quirky_Tax_6021,164,"interestingasfuck, Damnthatsinteresting, pics, mildlyinfuriating, facepalm",26
Expensive_Peanut2966,1690,small_community,7
soloraven22,164,"interestingasfuck, Damnthatsinteresting, pics, mildlyinfuriating, facepalm",56
Personal-Cow4636,-1,unassigned,1
SweetPotato118,1601,"NoStupidQuestions, AskReddit, askswitzerland, AITAH, Switzerland",24
maxwell333333,-1,unassigned,1
Ok-Apple-1069,-1,unassigned,1
Silly_Diver_3307,1480,"csMajors, PhD, ApplyingToCollege, AskAcademia, gradadmissions",7
Ok-Cancel-973,-1,unassigned,1
Puzzleheaded_Bid3812,-1,unassigned,1
Past_Benefit2868,1691,small_community,14
DttD26,-1,unassigned,1
No_Unit8849,1692,small_community,3
SubstantialFan4248,1480,"csMajors, PhD, ApplyingToCollege, AskAcademia, gradadmissions",8
Snoo_29890,-1,unassigned,6
the5november,1693,small_community,3
imaricebucket,1694,small_community,4
Disastrous-Art-2438,-1,unassigned,1
kevindrakebly,-1,unassigned,1
InterestedInIDBMsc,-1,unassigned,1
rekshana789,-1,unassigned,1
IndependentBeat2551,1695,small_community,4
Mediocre-Insect3263,-1,unassigned,1
oolala-oolala,1696,small_community,5
Exotic_Fig_4604,1480,"csMajors, PhD, ApplyingToCollege, AskAcademia, gradadmissions",47
Maelstrom-Surfer,1697,small_community,13
IrreverentStudent,1698,small_community,3
brabetzdoge,1699,small_community,2
Larscey,-1,unassigned,1
Separate_Mountain_61,1700,small_community,3
litrogh,1701,small_community,4
Coloneljesus,164,"interestingasfuck, Damnthatsinteresting, pics, mildlyinfuriating, facepalm",75
Feeling_Progress1565,-1,unassigned,1
Diego_0638,164,"interestingasfuck, Damnthatsinteresting, pics, mildlyinfuriating, facepalm",78
a3_g6,-1,unassigned,1
Bubbly_Abalone_1565,-1,unassigned,1
Severe_Guess_6163,-1,unassigned,1
No_Set6719,-1,unassigned,1
Anca1243,-1,unassigned,2
Specific-Station-203,1702,small_community,3
scellers,1703,small_community,6
Top_Director_9330,1704,small_community,2
sk214qqa,1705,small_community,4
GladHistorian9851,-1,unassigned,3
OddProposal8097,1706,small_community,2
Successful-Goal-6387,1707,small_community,2
Dhgno57,1480,"csMajors, PhD, ApplyingToCollege, AskAcademia, gradadmissions",8
Single_Theory_9084,-1,unassigned,1
OkproOW,164,"interestingasfuck, Damnthatsinteresting, pics, mildlyinfuriating, facepalm",49
blackpancakestorm,1708,small_community,3
Sofia_Claymore,1709,small_community,5
Decent-Clothes-,1710,small_community,3
i_am_da_1_who_knocks,164,"interestingasfuck, Damnthatsinteresting, pics, mildlyinfuriating, facepalm",12
DebuggingPanda,1711,small_community,6
Jaspeey,1601,"NoStupidQuestions, AskReddit, askswitzerland, AITAH, Switzerland",39
Lumpy_Letterhead_928,-1,unassigned,1
Eldan985,164,"interestingasfuck, Damnthatsinteresting, pics, mildlyinfuriating, facepalm",270
Tripledelete,1601,"NoStupidQuestions, AskReddit, askswitzerland, AITAH, Switzerland",48
Dizzy_Property_6452,-1,unassigned,1
Low-Job4341,164,"interestingasfuck, Damnthatsinteresting, pics, mildlyinfuriating, facepalm",19
Significant_Comfort6,1712,small_community,10
dbdang-7,1713,small_community,3
jolomisan-03,1480,"csMajors, PhD, ApplyingToCollege, AskAcademia, gradadmissions",4
Unhappy_Ad309,1714,small_community,5
Outrageous_Waltz_901,-1,unassigned,1
Born_Job_3231,1715,small_community,3
KewlOBoi,1716,small_community,6
Upset_Replacement684,164,"interestingasfuck, Damnthatsinteresting, pics, mildlyinfuriating, facepalm",43
A_fry_on_top,1480,"csMajors, PhD, ApplyingToCollege, AskAcademia, gradadmissions",4
Logical_Load_7424,-1,unassigned,1
bad-humoouer,1717,small_community,2
NoResearcher2129,-1,unassigned,1
SatisfactionDue9115,-1,unassigned,1
Particular_Ad4119,1525,"de, Studium, Finanzen, Ratschlag, germany",7
Few_Ad8913,1559,"Universitaly, ItaliaPersonalFinance, CasualIT, Italia, ItaliaCareerAdvice",55
Beginning-Board4425,-1,unassigned,1
Knetsli,1718,small_community,4
JatWise,1601,"NoStupidQuestions, AskReddit, askswitzerland, AITAH, Switzerland",45
Reasonable_Walk_1698,-1,unassigned,2
occassionalreddit,1719,small_community,2
DataDuchesss,1720,small_community,5
Big_Guns_42069,-1,unassigned,1
YellowTech,164,"interestingasfuck, Damnthatsinteresting, pics, mildlyinfuriating, facepalm",12
iamstudent_DACH,1721,small_community,8
Redditedito,1525,"de, Studium, Finanzen, Ratschlag, germany",11
2racest333,1480,"csMajors, PhD, ApplyingToCollege, AskAcademia, gradadmissions",44
Hollooo,1601,"NoStupidQuestions, AskReddit, askswitzerland, AITAH, Switzerland",70
_Vxndetta,1601,"NoStupidQuestions, AskReddit, askswitzerland, AITAH, Switzerland",59
Due-Butterfly-8276,1722,small_community,6
holy_slop,1480,"csMajors, PhD, ApplyingToCollege, AskAcademia, gradadmissions",10
Big_Dimension_4637,1480,"csMajors, PhD, ApplyingToCollege, AskAcademia, gradadmissions",24
Fast-Garden-8162,1723,small_community,7
TenBrnak,-1,unassigned,1
Difficult_Bonus8784,-1,unassigned,1
Outrageous-Sun3203,1480,"csMajors, PhD, ApplyingToCollege, AskAcademia, gradadmissions",21
clumsy_ira,1724,small_community,4
Jazzlike-Maize6132,-1,unassigned,1
AdditionalWishbone16,1480,"csMajors, PhD, ApplyingToCollege, AskAcademia, gradadmissions",17
blinkjustblink2021,-1,unassigned,3
macchine_brum,1725,small_community,7
rzninvo,-1,unassigned,1
throwaway_072104,-1,unassigned,1
bisoooo,-1,unassigned,2
insanityinathrowaway,164,"interestingasfuck, Damnthatsinteresting, pics, mildlyinfuriating, facepalm",15
Kylinny-YJY,1726,small_community,2
EuropeIsMight,164,"interestingasfuck, Damnthatsinteresting, pics, mildlyinfuriating, facepalm",111
Capital-Cat4898,164,"interestingasfuck, Damnthatsinteresting, pics, mildlyinfuriating, facepalm",23
Deschwa92,1480,"csMajors, PhD, ApplyingToCollege, AskAcademia, gradadmissions",27
Appymon,1480,"csMajors, PhD, ApplyingToCollege, AskAcademia, gradadmissions",867
Odd_Try5499,1525,"de, Studium, Finanzen, Ratschlag, germany",40
LinkyMD,1727,small_community,3
P1r4nha,164,"interestingasfuck, Damnthatsinteresting, pics, mildlyinfuriating, facepalm",82
Accomplished-Dog5691,1728,small_community,4
Lenoil_,-1,unassigned,1
mugahed10,-1,unassigned,1
No-Iron8029,1480,"csMajors, PhD, ApplyingToCollege, AskAcademia, gradadmissions",8
vinnie92,1559,"Universitaly, ItaliaPersonalFinance, CasualIT, Italia, ItaliaCareerAdvice",11
Less-Geologist-5792,-1,unassigned,1
CabinetNearby6371,-1,unassigned,1
MauriceMiles,1480,"csMajors, PhD, ApplyingToCollege, AskAcademia, gradadmissions",6
TheLonelyBirdie,1729,small_community,4
Specific-Tip-108,-1,unassigned,1
Some-Active71,1480,"csMajors, PhD, ApplyingToCollege, AskAcademia, gradadmissions",50
Gravi-Vector,1480,"csMajors, PhD, ApplyingToCollege, AskAcademia, gradadmissions",29
SandwichExpensive542,1601,"NoStupidQuestions, AskReddit, askswitzerland, AITAH, Switzerland",33
Upstairs_Sorbet2674,1730,small_community,4
pmyourpasswords,-1,unassigned,1
couch_143_potato,1525,"de, Studium, Finanzen, Ratschlag, germany",10
Due_Internet6281,-1,unassigned,1
Commercial-Stop-872,1480,"csMajors, PhD, ApplyingToCollege, AskAcademia, gradadmissions",7
jalal0602,1731,small_community,4
No-Bowl778,-1,unassigned,1
computer_AM,1559,"Universitaly, ItaliaPersonalFinance, CasualIT, Italia, ItaliaCareerAdvice",27
decidu3y3,1480,"csMajors, PhD, ApplyingToCollege, AskAcademia, gradadmissions",11
BeeCuriouus,1601,"NoStupidQuestions, AskReddit, askswitzerland, AITAH, Switzerland",25
pyskee__,-1,unassigned,1
NoMaintenance3794,1480,"csMajors, PhD, ApplyingToCollege, AskAcademia, gradadmissions",25
morhangea,1525,"de, Studium, Finanzen, Ratschlag, germany",48
zed_ninja,-1,unassigned,2
Lumpy_Friendship2418,1732,small_community,2
Brilliant-Sale3204,-1,unassigned,1
WhatTheJuk,1733,small_community,8
Equivalent-Score-100,-1,unassigned,2
SignalToServo,-1,unassigned,1
Born_Presentation821,1480,"csMajors, PhD, ApplyingToCollege, AskAcademia, gradadmissions",8
ztbwl,164,"interestingasfuck, Damnthatsinteresting, pics, mildlyinfuriating, facepalm",46
Narrow-Wind8527,1480,"csMajors, PhD, ApplyingToCollege, AskAcademia, gradadmissions",12
Past-Resource-3094,-1,unassigned,2
matesuechtig,1734,small_community,2
venividivitis,1601,"NoStupidQuestions, AskReddit, askswitzerland, AITAH, Switzerland",32
haoleiz,-1,unassigned,1
Xblth,164,"interestingasfuck, Damnthatsinteresting, pics, mildlyinfuriating, facepalm",26
Authentic_Weebsite,-1,unassigned,2
ExpensiveQuit5386,1480,"csMajors, PhD, ApplyingToCollege, AskAcademia, gradadmissions",11
Feeling-Analysis-940,1601,"NoStupidQuestions, AskReddit, askswitzerland, AITAH, Switzerland",14
Stunning_Ad_1541,1525,"de, Studium, Finanzen, Ratschlag, germany",37
Several-Insurance-76,1480,"csMajors, PhD, ApplyingToCollege, AskAcademia, gradadmissions",11
AdEquivalent3805,-1,unassigned,1
Domundy1,1735,small_community,3
Any_Swim_5765,-1,unassigned,1
Ok-Improvement4675,-1,unassigned,1
Anxious-IceDreamer04,1736,small_community,2
Fantastic-View-6626,1737,small_community,4
TenenteColomboTV,1738,small_community,3
Total_Development684,1739,small_community,2
lost9Penguin,1525,"de, Studium, Finanzen, Ratschlag, germany",17
hotushsbfixne,-1,unassigned,5
MKKGFR,1480,"csMajors, PhD, ApplyingToCollege, AskAcademia, gradadmissions",39
Beginning-Bobcat-274,-1,unassigned,1
Repulsive-Eye-341,-1,unassigned,1
VolumeInevitable2194,-1,unassigned,3
AcousticMaths271828,1480,"csMajors, PhD, ApplyingToCollege, AskAcademia, gradadmissions",69
ChocolateAndSweets,-1,unassigned,2
Individual-Gift4632,1480,"csMajors, PhD, ApplyingToCollege, AskAcademia, gradadmissions",5
Ok_Bumblebee_2307,1601,"NoStupidQuestions, AskReddit, askswitzerland, AITAH, Switzerland",138
joudahmar,1740,small_community,6
FlinkRobotics,-1,unassigned,1
WebIllustrious2025,-1,unassigned,1
peoplehater003,1480,"csMajors, PhD, ApplyingToCollege, AskAcademia, gradadmissions",63
doublelaza,1601,"NoStupidQuestions, AskReddit, askswitzerland, AITAH, Switzerland",46
Lopsided_Research63,1480,"csMajors, PhD, ApplyingToCollege, AskAcademia, gradadmissions",15
HankyLiu,1741,small_community,3
Fantastic_Object_762,1601,"NoStupidQuestions, AskReddit, askswitzerland, AITAH, Switzerland",39
OkClass6388,1480,"csMajors, PhD, ApplyingToCollege, AskAcademia, gradadmissions",25
Foktord,1480,"csMajors, PhD, ApplyingToCollege, AskAcademia, gradadmissions",6
greenandcloudy,1742,small_community,6
khlbysr,1743,small_community,5
Outrageous-Law-6509,1480,"csMajors, PhD, ApplyingToCollege, AskAcademia, gradadmissions",5
SomethingTolkienish,164,"interestingasfuck, Damnthatsinteresting, pics, mildlyinfuriating, facepalm",17
patousai,1744,small_community,4
Inandaroundbern,1745,small_community,15
Why_0903,-1,unassigned,2
Ok-Job-379,1746,small_community,19
Paulashye,1480,"csMajors, PhD, ApplyingToCollege, AskAcademia, gradadmissions",76
Might-Valuable,1480,"csMajors, PhD, ApplyingToCollege, AskAcademia, gradadmissions",9
serenadelia,-1,unassigned,1
Imaginary_Mongoose13,-1,unassigned,1
akehir,1601,"NoStupidQuestions, AskReddit, askswitzerland, AITAH, Switzerland",48
Whole-Ad-7814,1747,small_community,8
rGabrix,1559,"Universitaly, ItaliaPersonalFinance, CasualIT, Italia, ItaliaCareerAdvice",15
Icy-Letter-9221,1525,"de, Studium, Finanzen, Ratschlag, germany",9
Substantial-Cap-1008,1525,"de, Studium, Finanzen, Ratschlag, germany",8
Holiday-Direction906,-1,unassigned,1
RavenclawFrank,-1,unassigned,1
Fearless-Can-1634,1480,"csMajors, PhD, ApplyingToCollege, AskAcademia, gradadmissions",41
DizzyAesteroid4481,-1,unassigned,1
Silver_Fruit_7363,-1,unassigned,1
asdfghjkjljkl,1480,"csMajors, PhD, ApplyingToCollege, AskAcademia, gradadmissions",5
OkSky2061,1480,"csMajors, PhD, ApplyingToCollege, AskAcademia, gradadmissions",5
External-Whereas-853,1748,small_community,3
ChainKnown8003,1749,small_community,7
CollegeDismal2515,-1,unassigned,1
l3x4nd3,1750,small_community,2
OnderGok,1525,"de, Studium, Finanzen, Ratschlag, germany",183
North-Paramedic-5991,1480,"csMajors, PhD, ApplyingToCollege, AskAcademia, gradadmissions",16
Reasonable-Waltz6860,-1,unassigned,1
Jurvenrx,1751,small_community,2
Terrible-Animal231,-1,unassigned,1
miekokafka,1752,small_community,5
FormerNumber5584,1480,"csMajors, PhD, ApplyingToCollege, AskAcademia, gradadmissions",7
Square-Wing1124,-1,unassigned,1
unknownanonymoush,1480,"csMajors, PhD, ApplyingToCollege, AskAcademia, gradadmissions",12
Soft-Jellyfish-8671,-1,unassigned,1
mcspend,1753,small_community,6
Coffee_Cynicism,1754,small_community,2
dnekxkdk,-1,unassigned,5
staratila,1755,small_community,2
Mirrorballed13,-1,unassigned,1
Fit-Inevitable-308,1480,"csMajors, PhD, ApplyingToCollege, AskAcademia, gradadmissions",38
Drewwoodoc,-1,unassigned,1
tr3quart1sta,1756,small_community,4
MeasurableC,1757,small_community,3
dlisjak1,-1,unassigned,5
kittenmachine69,164,"interestingasfuck, Damnthatsinteresting, pics, mildlyinfuriating, facepalm",112
Recent_Bumblebee_525,1758,small_community,6
10__________10,-1,unassigned,1
choob_gamer,1480,"csMajors, PhD, ApplyingToCollege, AskAcademia, gradadmissions",20
Extra_Intention_al_y,1759,small_community,4
KitchenSpecial6246,164,"interestingasfuck, Damnthatsinteresting, pics, mildlyinfuriating, facepalm",20
SwissMountaineer,1480,"csMajors, PhD, ApplyingToCollege, AskAcademia, gradadmissions",19
kalegary,-1,unassigned,1
Adventurous_Fix2108,1760,small_community,2
biclazita,-1,unassigned,1
theoser111,164,"interestingasfuck, Damnthatsinteresting, pics, mildlyinfuriating, facepalm",11
Fuzzy_Roll7617,1480,"csMajors, PhD, ApplyingToCollege, AskAcademia, gradadmissions",12
ElectronicPineapple5,1525,"de, Studium, Finanzen, Ratschlag, germany",63
Other_one593,-1,unassigned,10
Zealousideal_Ease481,1761,small_community,2
No-Yak3852,1762,small_community,12
indigo_v0id,1601,"NoStupidQuestions, AskReddit, askswitzerland, AITAH, Switzerland",11
Ok-Werewolf-2758,-1,unassigned,1
Bubi_Bums,1763,small_community,7
Gloomy_Bumblebee9458,-1,unassigned,1
Legitimate_Relief740,-1,unassigned,1
VVeeZard,-1,unassigned,1
Opening_Apartment377,1764,small_community,4
never_ending_loop,1765,small_community,4
Stunning_Onion_2428,1525,"de, Studium, Finanzen, Ratschlag, germany",13
ilolsalot,-1,unassigned,1
aayushi0803,-1,unassigned,1
Severe_Researcher855,1766,small_community,3
Prackerrr,-1,unassigned,1
RMHDS,1767,small_community,3
Either_Chemist_578,1480,"csMajors, PhD, ApplyingToCollege, AskAcademia, gradadmissions",13
mxmxmx90,-1,unassigned,1
TheConsultantX,1601,"NoStupidQuestions, AskReddit, askswitzerland, AITAH, Switzerland",36
TransparentPrivacy,1601,"NoStupidQuestions, AskReddit, askswitzerland, AITAH, Switzerland",17
OkBeyond7283,1525,"de, Studium, Finanzen, Ratschlag, germany",16
Just-Start633,1768,small_community,20
Apprehensive-Case907,1769,small_community,4
Palli420,1601,"NoStupidQuestions, AskReddit, askswitzerland, AITAH, Switzerland",16
CareBear1770,164,"interestingasfuck, Damnthatsinteresting, pics, mildlyinfuriating, facepalm",66
Pretty_Albatross_156,1770,small_community,3
Jujuloww,1771,small_community,5
Brilliant_Draw3707,1772,small_community,8
Neither_Instance1702,1480,"csMajors, PhD, ApplyingToCollege, AskAcademia, gradadmissions",37
MetallCriminal,1773,small_community,9
Fuzzy_Put_6820,1774,small_community,3
No-Accountant-5038,-1,unassigned,1
Legendary_Dotaer,1775,small_community,2
Remote_Lawfulness_54,-1,unassigned,1
rednblackPM,1480,"csMajors, PhD, ApplyingToCollege, AskAcademia, gradadmissions",10
sklm1,-1,unassigned,1
Beginning-Cancel-550,-1,unassigned,1
Adventurous-Set-2537,1776,small_community,3
ComfortablePrior8010,1777,small_community,4
-KaKhan-,1778,small_community,3
PauliBose,-1,unassigned,3
Bambuskrieger33,1525,"de, Studium, Finanzen, Ratschlag, germany",18
Murky_Ad2408,-1,unassigned,1
Sylvia5280707,-1,unassigned,3
PineappleHairy4325,1480,"csMajors, PhD, ApplyingToCollege, AskAcademia, gradadmissions",90
ptinnl,1601,"NoStupidQuestions, AskReddit, askswitzerland, AITAH, Switzerland",55
Brojesuss,1480,"csMajors, PhD, ApplyingToCollege, AskAcademia, gradadmissions",7
Low-Shame-2631,-1,unassigned,1
gradskull,1480,"csMajors, PhD, ApplyingToCollege, AskAcademia, gradadmissions",60
Outrageous-East8416,1601,"NoStupidQuestions, AskReddit, askswitzerland, AITAH, Switzerland",8
smishshjumping,1779,small_community,12
RegrettableBiscuit,1601,"NoStupidQuestions, AskReddit, askswitzerland, AITAH, Switzerland",129
jyapareek,1780,small_community,7
Maleficent-Job-7748,-1,unassigned,1
PatrickFaessler,-1,unassigned,1
beansprout88,1601,"NoStupidQuestions, AskReddit, askswitzerland, AITAH, Switzerland",25
EnvironmentalTip4556,1480,"csMajors, PhD, ApplyingToCollege, AskAcademia, gradadmissions",55
Ambitious-Cat-7586,-1,unassigned,1
HauntingCup8977,1781,small_community,5
0101falcon,1601,"NoStupidQuestions, AskReddit, askswitzerland, AITAH, Switzerland",98
No-Tiger8459,1782,small_community,3
Sarkastiker,1525,"de, Studium, Finanzen, Ratschlag, germany",45
Both-Arrival-5688,-1,unassigned,4
Icy_Psychology9340,164,"interestingasfuck, Damnthatsinteresting, pics, mildlyinfuriating, facepalm",10
Infamous_Ordinary_66,-1,unassigned,1
Abject-Parfait305,1480,"csMajors, PhD, ApplyingToCollege, AskAcademia, gradadmissions",4
sad-forest,-1,unassigned,4
Grand-Lie4361,1480,"csMajors, PhD, ApplyingToCollege, AskAcademia, gradadmissions",4
Foreign_Fee_5859,1480,"csMajors, PhD, ApplyingToCollege, AskAcademia, gradadmissions",22
Comfortable-Main9529,1480,"csMajors, PhD, ApplyingToCollege, AskAcademia, gradadmissions",20
Ok-Emu-5358,-1,unassigned,1
Proud-Ad-1607,-1,unassigned,1
Training_Bumblebee_5,-1,unassigned,2
starstruckxxx,1783,small_community,3
Alternative-Area6558,1480,"csMajors, PhD, ApplyingToCollege, AskAcademia, gradadmissions",4
Master-Nobody74,1784,small_community,5
ElectisD,1785,small_community,7
pickup_the_slakk,1480,"csMajors, PhD, ApplyingToCollege, AskAcademia, gradadmissions",11
Rathu16,1480,"csMajors, PhD, ApplyingToCollege, AskAcademia, gradadmissions",16
Strange-Strike8633,1786,small_community,2
motzhard,1480,"csMajors, PhD, ApplyingToCollege, AskAcademia, gradadmissions",9
Effective-Garlic-409,1787,small_community,4
anon24222,1480,"csMajors, PhD, ApplyingToCollege, AskAcademia, gradadmissions",11
Houndsoflove08,1601,"NoStupidQuestions, AskReddit, askswitzerland, AITAH, Switzerland",48
im-bouta-head-out,-1,unassigned,1
callingbrisk,1480,"csMajors, PhD, ApplyingToCollege, AskAcademia, gradadmissions",57
DiogoFrota,1788,small_community,2
accademicvictim,1480,"csMajors, PhD, ApplyingToCollege, AskAcademia, gradadmissions",12
Cute_Ad_443,-1,unassigned,1
msquared_18,-1,unassigned,2
Straight-Conflict663,-1,unassigned,1
liquidshelf,1480,"csMajors, PhD, ApplyingToCollege, AskAcademia, gradadmissions",7
i_am__not_a_robot,1525,"de, Studium, Finanzen, Ratschlag, germany",75
Kenny_and_stuff,1525,"de, Studium, Finanzen, Ratschlag, germany",41
EntireBarber9368,-1,unassigned,1
snowblow66,164,"interestingasfuck, Damnthatsinteresting, pics, mildlyinfuriating, facepalm",54
uksuk2bara,-1,unassigned,1
Yedaia,1789,small_community,3
Final-Profile-2548,-1,unassigned,1
gdghvdfhjll,-1,unassigned,1
Bauboo42,-1,unassigned,1
Antique-Gur-2132,164,"interestingasfuck, Damnthatsinteresting, pics, mildlyinfuriating, facepalm",18
el_gato_123,1790,small_community,2
Famous_Echidna307,1791,small_community,5
Adorable_Put2900,1792,small_community,2
SeaLow6169,-1,unassigned,1
Lab0rax,1793,small_community,3
stoic-boi,1794,small_community,6
MiHa__04,1480,"csMajors, PhD, ApplyingToCollege, AskAcademia, gradadmissions",10
Reasonable_One_903,-1,unassigned,4
Consistent_Chest_653,1795,small_community,14
No-Boss5437,-1,unassigned,2
Juno_Panda,1480,"csMajors, PhD, ApplyingToCollege, AskAcademia, gradadmissions",9
eliasaction,-1,unassigned,1
PlanktonAdmirable590,164,"interestingasfuck, Damnthatsinteresting, pics, mildlyinfuriating, facepalm",31
AlePec98,1559,"Universitaly, ItaliaPersonalFinance, CasualIT, Italia, ItaliaCareerAdvice",13
f13br3,1796,small_community,4
MrSh4nnon,-1,unassigned,3
Agile_Mess_7061,-1,unassigned,1
American_terminator,1480,"csMajors, PhD, ApplyingToCollege, AskAcademia, gradadmissions",9
Qualquom,1797,small_community,3
anonymousguy__,1798,small_community,2
XxX_UseYourName_XxX,164,"interestingasfuck, Damnthatsinteresting, pics, mildlyinfuriating, facepalm",14
Nocam7,1799,small_community,7
PaleontologistOwn48,-1,unassigned,1
CalendarKlutzy7220,1800,small_community,3
viper012,-1,unassigned,1
Expensive_Parfait_66,164,"interestingasfuck, Damnthatsinteresting, pics, mildlyinfuriating, facepalm",40
TheShynola,1480,"csMajors, PhD, ApplyingToCollege, AskAcademia, gradadmissions",743
Pale_Donkey2956,-1,unassigned,2
Lucazerotre,1801,small_community,2
Equivalent-Owl-7526,1802,small_community,14
Schollberg,1803,small_community,4
Content_Regret_5405,1480,"csMajors, PhD, ApplyingToCollege, AskAcademia, gradadmissions",16
Sad_Arm_7537,1525,"de, Studium, Finanzen, Ratschlag, germany",42
NeatAd8177,1804,small_community,5
Business_Ant9167,-1,unassigned,1
Ok_Abrocoma1837,-1,unassigned,1
SimonePellegatta,-1,unassigned,1
No-Detective2493,-1,unassigned,1
Substantial_Wall7913,-1,unassigned,1
pixlrick,164,"interestingasfuck, Damnthatsinteresting, pics, mildlyinfuriating, facepalm",19
Dry-Platform8332,1805,small_community,3
CarpenterDouble547,1806,small_community,10
B4KTERI,1601,"NoStupidQuestions, AskReddit, askswitzerland, AITAH, Switzerland",30
BaseballAvailable281,-1,unassigned,1
rabaur,-1,unassigned,7
CheChocolateChap,1807,small_community,2
Commercial-Kick9006,1808,small_community,3
AdvantageSensitive21,1480,"csMajors, PhD, ApplyingToCollege, AskAcademia, gradadmissions",25
Obvious_Tea8214,-1,unassigned,1
No_Celery_7928,-1,unassigned,2
Jaded-Ad-9448,1809,small_community,17
rose_pink_88,1480,"csMajors, PhD, ApplyingToCollege, AskAcademia, gradadmissions",577
Primary-Elderberry34,1601,"NoStupidQuestions, AskReddit, askswitzerland, AITAH, Switzerland",98
Electrical_Daikon505,1810,small_community,3
Vichof,-1,unassigned,3
Mindless-Detail7852,-1,unassigned,1
Queasy_Rise_8758,-1,unassigned,1
Famous_Software_69,1811,small_community,7
wallway96,-1,unassigned,1
Datmenace,1812,small_community,5
ban_speedrunner,1480,"csMajors, PhD, ApplyingToCollege, AskAcademia, gradadmissions",12
Available_Access6060,1480,"csMajors, PhD, ApplyingToCollege, AskAcademia, gradadmissions",6
Ok_Neighborhood_7178,-1,unassigned,1
Expensive_District94,-1,unassigned,1
true_crime_6096,-1,unassigned,1
curious-sausage,-1,unassigned,1
Ivan__Sh,1480,"csMajors, PhD, ApplyingToCollege, AskAcademia, gradadmissions",18
ippi_happyheart,1480,"csMajors, PhD, ApplyingToCollege, AskAcademia, gradadmissions",18
livyci,1813,small_community,6
LlatreDimension,1480,"csMajors, PhD, ApplyingToCollege, AskAcademia, gradadmissions",20
Horror_Awareness5770,1480,"csMajors, PhD, ApplyingToCollege, AskAcademia, gradadmissions",12
Alicia_Koelpinks,-1,unassigned,3
Late_Cancel4403,1480,"csMajors, PhD, ApplyingToCollege, AskAcademia, gradadmissions",28
Global-Bite-8615,1480,"csMajors, PhD, ApplyingToCollege, AskAcademia, gradadmissions",6
Adventurous-Fly7087,-1,unassigned,2
nobody_tech,-1,unassigned,2
Ok-Common-4103,1480,"csMajors, PhD, ApplyingToCollege, AskAcademia, gradadmissions",14
ryanslizzard,1601,"NoStupidQuestions, AskReddit, askswitzerland, AITAH, Switzerland",72
jm_muji,-1,unassigned,1
WuxiaWuxia,1525,"de, Studium, Finanzen, Ratschlag, germany",63
Patient-Source-7551,1814,small_community,2
different_welde,1601,"NoStupidQuestions, AskReddit, askswitzerland, AITAH, Switzerland",105
chipuutz,1480,"csMajors, PhD, ApplyingToCollege, AskAcademia, gradadmissions",11
byte_eng,-1,unassigned,1
Ok-Wind-157,-1,unassigned,1
clickrush,164,"interestingasfuck, Damnthatsinteresting, pics, mildlyinfuriating, facepalm",137
frozenpastrami,-1,unassigned,1
cvzax8,-1,unassigned,13
Heavy-Passenger1041,1815,small_community,5
FastCaregiver8554,-1,unassigned,1
bobderbaumeistr,-1,unassigned,1
Annual_Comparison780,-1,unassigned,2
schwisi,1816,small_community,2
piraven999,1817,small_community,2
Plane_Opposite914,1818,small_community,5
miszkah,164,"interestingasfuck, Damnthatsinteresting, pics, mildlyinfuriating, facepalm",62
Nearby_Box_3342,-1,unassigned,1
Sixaxix9,1819,small_community,2
PillowcaseFairy,-1,unassigned,7
Competitive-Tie849,1820,small_community,4
Only_Diamond_9829,-1,unassigned,1
Lelouch70,1525,"de, Studium, Finanzen, Ratschlag, germany",40
albertoide,1821,small_community,3
Mediocre_Tap_9872,-1,unassigned,1
AdventurousTank6302,1480,"csMajors, PhD, ApplyingToCollege, AskAcademia, gradadmissions",25
Hot-Comfortable4063,-1,unassigned,2
Other-Ad-4099,-1,unassigned,2
consilvione,1822,small_community,2
Financial_Sample8692,-1,unassigned,1
xracess,1480,"csMajors, PhD, ApplyingToCollege, AskAcademia, gradadmissions",11
ollah90,1525,"de, Studium, Finanzen, Ratschlag, germany",20
Intelligent-Lie1151,-1,unassigned,1
praefectus1985,1559,"Universitaly, ItaliaPersonalFinance, CasualIT, Italia, ItaliaCareerAdvice",11
airplane1212,-1,unassigned,1
VanniLeonardo,1559,"Universitaly, ItaliaPersonalFinance, CasualIT, Italia, ItaliaCareerAdvice",5
Comprehensive-Row200,1823,small_community,6
Aspahatt,1480,"csMajors, PhD, ApplyingToCollege, AskAcademia, gradadmissions",16
TallEstablishment598,1824,small_community,2
holyfishness71,1601,"NoStupidQuestions, AskReddit, askswitzerland, AITAH, Switzerland",64
MeMyselfAndI98,-1,unassigned,1
Badotti,1559,"Universitaly, ItaliaPersonalFinance, CasualIT, Italia, ItaliaCareerAdvice",10
assrap3,1825,small_community,8
These_Ad_2947,1826,small_community,10
Quick_Amphibian_6707,-1,unassigned,1
Ok-Anybody-380,1601,"NoStupidQuestions, AskReddit, askswitzerland, AITAH, Switzerland",37
Ok-Stable1640,1601,"NoStupidQuestions, AskReddit, askswitzerland, AITAH, Switzerland",19
RoastInHell_official,1827,small_community,6
LimpAd5090,1525,"de, Studium, Finanzen, Ratschlag, germany",11
vocalfry13,1480,"csMajors, PhD, ApplyingToCollege, AskAcademia, gradadmissions",31
Healthy-Dog3992,1480,"csMajors, PhD, ApplyingToCollege, AskAcademia, gradadmissions",7
Superb5469,-1,unassigned,1
compsci2860,1828,small_community,4
Eadlinscheave,1829,small_community,2
Jeffry286,1525,"de, Studium, Finanzen, Ratschlag, germany",22
Queasy-Ad-9614,1830,small_community,2
Special_Succotash_71,1831,small_community,14
empathy_is_earned,1480,"csMajors, PhD, ApplyingToCollege, AskAcademia, gradadmissions",31
Brendwild,1832,small_community,4
ilobyon,1833,small_community,5
raaephs,1834,small_community,7
Former_Tomorrow_9100,-1,unassigned,1
yonathooowk,-1,unassigned,1
STUDART2002,-1,unassigned,1
sterpfi,1480,"csMajors, PhD, ApplyingToCollege, AskAcademia, gradadmissions",9
fortisdunX,-1,unassigned,1
evonammon,164,"interestingasfuck, Damnthatsinteresting, pics, mildlyinfuriating, facepalm",39
SensitiveConstant469,-1,unassigned,1
Left-Equipment-8146,-1,unassigned,1
XarZar,-1,unassigned,1
Conscious_Effect_661,1835,small_community,4
Equivalent_Bag4334,-1,unassigned,1
New_Lynx_6908,1480,"csMajors, PhD, ApplyingToCollege, AskAcademia, gradadmissions",5
arti_karmen,1836,small_community,2
ForrestMaster,1601,"NoStupidQuestions, AskReddit, askswitzerland, AITAH, Switzerland",106
ThroAwayeFaye,1837,small_community,10
Vulcard,-1,unassigned,5
Unlucky-Ganache-9555,-1,unassigned,1
wariosdickk,-1,unassigned,2
pavellippov,-1,unassigned,1
manzanita06,1838,small_community,18
chotbxoncrete9,-1,unassigned,10
WonderfulHost7630,1525,"de, Studium, Finanzen, Ratschlag, germany",12
theredditbookworm,1839,small_community,4
pizzatummy,1601,"NoStupidQuestions, AskReddit, askswitzerland, AITAH, Switzerland",58
Weird_Sweet1008,-1,unassigned,1
Individual-Ice-5953,1840,small_community,4
kalsan15,1841,small_community,4
No-Information-7734,-1,unassigned,1
fraMTK,164,"interestingasfuck, Damnthatsinteresting, pics, mildlyinfuriating, facepalm",14
FloorMammoth1487,-1,unassigned,2
Mariusblock,164,"interestingasfuck, Damnthatsinteresting, pics, mildlyinfuriating, facepalm",27
Soft-Penalty-2849,1842,small_community,3
SuccessfulMall3929,1525,"de, Studium, Finanzen, Ratschlag, germany",9
NeonPasta,-1,unassigned,1
chol_esterol,1843,small_community,5
OkDrama6064,-1,unassigned,1
pakobe,-1,unassigned,1
No_Oil_7977,-1,unassigned,3
Zitronisiert,-1,unassigned,3
HydrogenatedSwissie,1601,"NoStupidQuestions, AskReddit, askswitzerland, AITAH, Switzerland",10
VioletGloves,1844,small_community,6
skip_the_tutorial_,164,"interestingasfuck, Damnthatsinteresting, pics, mildlyinfuriating, facepalm",108
Mammoth-Double-7632,1845,small_community,8
Swiss27572-1,1846,small_community,3
lemonlord221,-1,unassigned,1
maiaryanhooo,-1,unassigned,1
Pale_Green5746,-1,unassigned,1
barelyinprogress,-1,unassigned,1
incrediblespidervers,1480,"csMajors, PhD, ApplyingToCollege, AskAcademia, gradadmissions",5
Alone_Method_2845,-1,unassigned,1
armed_slug,1480,"csMajors, PhD, ApplyingToCollege, AskAcademia, gradadmissions",9
SillyDrag0n,1847,small_community,10
zaq1193,1525,"de, Studium, Finanzen, Ratschlag, germany",19
Extension_Pound2861,1480,"csMajors, PhD, ApplyingToCollege, AskAcademia, gradadmissions",44
RelevantCommand2304,-1,unassigned,1
lupus42069,1848,small_community,5
yobocra,1849,small_community,12
Quiet_Cauliflower210,-1,unassigned,1
Mundane_Attorney_278,1480,"csMajors, PhD, ApplyingToCollege, AskAcademia, gradadmissions",5
ApprehensiveDuty2723,-1,unassigned,1
Cychreides-404,1480,"csMajors, PhD, ApplyingToCollege, AskAcademia, gradadmissions",32
giobby3560,1850,small_community,5
throwaway-penny,164,"interestingasfuck, Damnthatsinteresting, pics, mildlyinfuriating, facepalm",26
Chemical-Ad8393,-1,unassigned,3
Fish_Watcher,1851,small_community,19
Loris7206,-1,unassigned,2
Acrobatic-Shine-9414,1559,"Universitaly, ItaliaPersonalFinance, CasualIT, Italia, ItaliaCareerAdvice",37
Designer-Sector-177,1480,"csMajors, PhD, ApplyingToCollege, AskAcademia, gradadmissions",23
AshuTiwaryy,1480,"csMajors, PhD, ApplyingToCollege, AskAcademia, gradadmissions",21
LightZestyclose6224,-1,unassigned,1
Particular_Text17,1525,"de, Studium, Finanzen, Ratschlag, germany",101
Succotash1148,1525,"de, Studium, Finanzen, Ratschlag, germany",20
Frequent_Library_50,164,"interestingasfuck, Damnthatsinteresting, pics, mildlyinfuriating, facepalm",22
Upper-Freedom-4618,1480,"csMajors, PhD, ApplyingToCollege, AskAcademia, gradadmissions",35
renan1064,1852,small_community,3
ayushpd1,1853,small_community,10
TomCleo,1854,small_community,9
Teutonen_Leo,-1,unassigned,5
tolarianwiz,1855,small_community,3
Natural_Tap5109,-1,unassigned,1
aliuslavad,-1,unassigned,1
Cheap_Anywhere_6929,1480,"csMajors, PhD, ApplyingToCollege, AskAcademia, gradadmissions",23
Responsible_Risk_429,1480,"csMajors, PhD, ApplyingToCollege, AskAcademia, gradadmissions",6
bregcingefrs,-1,unassigned,8
earth_boyy,-1,unassigned,1
True-Response-2386,164,"interestingasfuck, Damnthatsinteresting, pics, mildlyinfuriating, facepalm",54
South_Quantity_1027,164,"interestingasfuck, Damnthatsinteresting, pics, mildlyinfuriating, facepalm",25
Aggravating-Menu7586,164,"interestingasfuck, Damnthatsinteresting, pics, mildlyinfuriating, facepalm",31
RobinOe,1480,"csMajors, PhD, ApplyingToCollege, AskAcademia, gradadmissions",23
GrouchyAd4244,-1,unassigned,2
Beginning_Crazy7218,-1,unassigned,1
Melodic-Honeydew-568,1480,"csMajors, PhD, ApplyingToCollege, AskAcademia, gradadmissions",41
Outrageous-Entry-805,1856,small_community,5
Roberto-75,164,"interestingasfuck, Damnthatsinteresting, pics, mildlyinfuriating, facepalm",82
Metallocene19,-1,unassigned,1
Accurate_Reindeer522,1857,small_community,5
AcidAnonymous,1858,small_community,11
BADER_o,-1,unassigned,1
Small-Design-1140,1859,small_community,5
bunyamindegil,-1,unassigned,1
Eastern_Traffic2379,1480,"csMajors, PhD, ApplyingToCollege, AskAcademia, gradadmissions",74
Wild-typeApollo,1860,small_community,4
Just_Vaste,-1,unassigned,1
Popular-Mode4607,1480,"csMajors, PhD, ApplyingToCollege, AskAcademia, gradadmissions",22
Fabulous_Strike5351,1861,small_community,2
bhavsec381,1480,"csMajors, PhD, ApplyingToCollege, AskAcademia, gradadmissions",72
unite01,-1,unassigned,3
Ominous-Gnome,1601,"NoStupidQuestions, AskReddit, askswitzerland, AITAH, Switzerland",17
pm_of_france,-1,unassigned,1
James_the_O_Bro,1862,small_community,2
arjitraj_,1480,"csMajors, PhD, ApplyingToCollege, AskAcademia, gradadmissions",509
kove18,-1,unassigned,1
AccomplishedMarch702,1863,small_community,7
ResortThin8757,1864,small_community,10
Huge-Instance1456,-1,unassigned,1
kot_artworks,-1,unassigned,1
curious-student-123,-1,unassigned,1
Brief-Sorbet5789,-1,unassigned,2
Vichhi,-1,unassigned,3
kaktusik02,1480,"csMajors, PhD, ApplyingToCollege, AskAcademia, gradadmissions",4
Intelligent_Radish63,-1,unassigned,2
benjstyle,1865,small_community,9
NoStatus8,1525,"de, Studium, Finanzen, Ratschlag, germany",42
ProgressWeak3954,1866,small_community,2
ColdInfinite5153,-1,unassigned,1
Apprehensive_Till329,1867,small_community,6
1234filip,1480,"csMajors, PhD, ApplyingToCollege, AskAcademia, gradadmissions",33
fir_the_fox,-1,unassigned,1
Straight-Web-2480,1480,"csMajors, PhD, ApplyingToCollege, AskAcademia, gradadmissions",53
These_Talker,1480,"csMajors, PhD, ApplyingToCollege, AskAcademia, gradadmissions",16
Lazipus,1480,"csMajors, PhD, ApplyingToCollege, AskAcademia, gradadmissions",7
leppaludinn,164,"interestingasfuck, Damnthatsinteresting, pics, mildlyinfuriating, facepalm",65
anrajjj,-1,unassigned,6
Agitated_Freedom3168,1868,small_community,12
Odd-Definition5814,-1,unassigned,1
Odd_Principle_4914,1869,small_community,2
knotbotfosho,1480,"csMajors, PhD, ApplyingToCollege, AskAcademia, gradadmissions",45
Due-Back-8974,1601,"NoStupidQuestions, AskReddit, askswitzerland, AITAH, Switzerland",8
Zifnab_palmesano,164,"interestingasfuck, Damnthatsinteresting, pics, mildlyinfuriating, facepalm",131
Easy_Recognition_848,-1,unassigned,1
Retr0_90s,1870,small_community,3
hyperrcarry,164,"interestingasfuck, Damnthatsinteresting, pics, mildlyinfuriating, facepalm",13
BambusleitungTV,1871,small_community,6
AntPrestigious7616,1872,small_community,11
AfterAside7504,-1,unassigned,1
Ok_Environment5176,1873,small_community,3
Sea_Public_6691,1525,"de, Studium, Finanzen, Ratschlag, germany",86
sbtristan98,-1,unassigned,1
rocketlawncheryt,-1,unassigned,1
frugal_coinage,1874,small_community,2
looseyloosey,1875,small_community,5
someone_else_0000,1876,small_community,8
LaPasseraScopaiola,1601,"NoStupidQuestions, AskReddit, askswitzerland, AITAH, Switzerland",131
mancheSind,1601,"NoStupidQuestions, AskReddit, askswitzerland, AITAH, Switzerland",87
Fit_Choice_8333,-1,unassigned,1
Easy-Description-411,-1,unassigned,1
vik-kes,1877,small_community,7
NormanWasHere,1480,"csMajors, PhD, ApplyingToCollege, AskAcademia, gradadmissions",11
BirdSignificant8269,1480,"csMajors, PhD, ApplyingToCollege, AskAcademia, gradadmissions",39
Sharp_Courage_1496,164,"interestingasfuck, Damnthatsinteresting, pics, mildlyinfuriating, facepalm",39
Smart-Technician4647,-1,unassigned,1
mimbos_,1878,small_community,4
Unicron1982,1601,"NoStupidQuestions, AskReddit, askswitzerland, AITAH, Switzerland",84
greyerzz,-1,unassigned,1
EnvironmentalMoney28,1879,small_community,5
Sr_Lewis,1480,"csMajors, PhD, ApplyingToCollege, AskAcademia, gradadmissions",7
Specialist-Repeat583,-1,unassigned,1
yarrada,-1,unassigned,1
BuilderTop1003,-1,unassigned,1
DryEngineer9760,1480,"csMajors, PhD, ApplyingToCollege, AskAcademia, gradadmissions",11
Haunting-Stretch8069,1480,"csMajors, PhD, ApplyingToCollege, AskAcademia, gradadmissions",42
Unlikely-Click9392,1480,"csMajors, PhD, ApplyingToCollege, AskAcademia, gradadmissions",8
mtawarira,1480,"csMajors, PhD, ApplyingToCollege, AskAcademia, gradadmissions",28
Tricky_Alps6439,-1,unassigned,2
dvg0,-1,unassigned,1
Excellent_Sir_9598,1880,small_community,4
stefan-123456789,1881,small_community,5
lilcookiesupreme,-1,unassigned,1
Leo_Sifu,1882,small_community,4
pripyatprincess,1883,small_community,22
liz1023,1601,"NoStupidQuestions, AskReddit, askswitzerland, AITAH, Switzerland",12
OkSquash15,-1,unassigned,1
Expert-Plum-4290,-1,unassigned,1
Captain_Hebert,-1,unassigned,1
Prudent_Army8481,-1,unassigned,1
tidee01,-1,unassigned,1
Insemer,-1,unassigned,5
satman5555,-1,unassigned,4
taninu,1884,small_community,3
epsilon_nyus,1480,"csMajors, PhD, ApplyingToCollege, AskAcademia, gradadmissions",45
TomatoInteresting454,-1,unassigned,1
AntiqueMarionberry91,1480,"csMajors, PhD, ApplyingToCollege, AskAcademia, gradadmissions",10
REPORT_AP_RENGAR,1480,"csMajors, PhD, ApplyingToCollege, AskAcademia, gradadmissions",11
RadishCompetitive474,1885,small_community,6
Old_Payment8743,1559,"Universitaly, ItaliaPersonalFinance, CasualIT, Italia, ItaliaCareerAdvice",72
NieCola,-1,unassigned,1
al-doori,1480,"csMajors, PhD, ApplyingToCollege, AskAcademia, gradadmissions",8
pcrail-2,1886,small_community,5
Spartacus_300,-1,unassigned,2
RefrigeratorLimp323,-1,unassigned,3
Optimal_Addition_402,1480,"csMajors, PhD, ApplyingToCollege, AskAcademia, gradadmissions",33
Aromatic_Acadia_8104,1525,"de, Studium, Finanzen, Ratschlag, germany",172
Capable-Anything-303,1480,"csMajors, PhD, ApplyingToCollege, AskAcademia, gradadmissions",14
AP4549,-1,unassigned,1
Much_Barnacle4274,-1,unassigned,3
lyooko,-1,unassigned,3
EggReasonable,1887,small_community,3
bunny_slayer_cat,1480,"csMajors, PhD, ApplyingToCollege, AskAcademia, gradadmissions",13
SHYtuan,-1,unassigned,1
quelealoop,-1,unassigned,4
Apprehensive-Ebb2994,-1,unassigned,1
SufficientFocus00,1480,"csMajors, PhD, ApplyingToCollege, AskAcademia, gradadmissions",7
PsychologicalAnt4231,1601,"NoStupidQuestions, AskReddit, askswitzerland, AITAH, Switzerland",33
MG_2401_star,1480,"csMajors, PhD, ApplyingToCollege, AskAcademia, gradadmissions",26
Clean-Use1518,1888,small_community,6
ConstructionShot5958,1889,small_community,4
Melodic_Falcon_3165,164,"interestingasfuck, Damnthatsinteresting, pics, mildlyinfuriating, facepalm",22
Ok-Mission-3998,1480,"csMajors, PhD, ApplyingToCollege, AskAcademia, gradadmissions",29
Capital-Isopod-5502,1890,small_community,4
New_Body5916,-1,unassigned,1
Heavenly_Red,1480,"csMajors, PhD, ApplyingToCollege, AskAcademia, gradadmissions",11
sadyseul,1480,"csMajors, PhD, ApplyingToCollege, AskAcademia, gradadmissions",15
Specialist_Elk1861,-1,unassigned,1
Itsk0,1891,small_community,3
PatienceIll766,1892,small_community,3
Daviba101995,1480,"csMajors, PhD, ApplyingToCollege, AskAcademia, gradadmissions",11
Medical_Bison_1404,-1,unassigned,1
milchi03,164,"interestingasfuck, Damnthatsinteresting, pics, mildlyinfuriating, facepalm",56
conejomalo_23,-1,unassigned,1
IngenuityBorn2378,1893,small_community,8
theflynpotato,-1,unassigned,1
Even-Tap-8401,-1,unassigned,1
Lucky_Breakfast6511,1894,small_community,2
Few-Fig-3078,1480,"csMajors, PhD, ApplyingToCollege, AskAcademia, gradadmissions",8
Reasonable_Mud_7278,1895,small_community,7
Solid-Concentrate-36,-1,unassigned,2
turms_,1525,"de, Studium, Finanzen, Ratschlag, germany",74
digitalrols,1480,"csMajors, PhD, ApplyingToCollege, AskAcademia, gradadmissions",18
time_is_money_2025,1896,small_community,4
Broad-Fig-495,1480,"csMajors, PhD, ApplyingToCollege, AskAcademia, gradadmissions",14
Possible_Natural_318,-1,unassigned,2
Annual_Web_2621,1601,"NoStupidQuestions, AskReddit, askswitzerland, AITAH, Switzerland",26
longevityGoirmet,1525,"de, Studium, Finanzen, Ratschlag, germany",23
Davidoffguest,-1,unassigned,1
LuminousAviator,1480,"csMajors, PhD, ApplyingToCollege, AskAcademia, gradadmissions",116
Ok_Calligrapher_3182,-1,unassigned,2
Free_Budget3417,-1,unassigned,2
Lazy_Accountant1868,-1,unassigned,2
logia_ldn,1525,"de, Studium, Finanzen, Ratschlag, germany",61
RikoteMasterrrr,-1,unassigned,3
Vegetable-Entry3485,-1,unassigned,3
Sakshamanu,-1,unassigned,1
Duke_Zordrak,1601,"NoStupidQuestions, AskReddit, askswitzerland, AITAH, Switzerland",53
applyingunisss,1897,small_community,2
Additional_Chart_621,1480,"csMajors, PhD, ApplyingToCollege, AskAcademia, gradadmissions",8
Bulky_Government9271,1898,small_community,2
Large-Cranium,-1,unassigned,1
Bodobomb,1480,"csMajors, PhD, ApplyingToCollege, AskAcademia, gradadmissions",17
Lazy_Maintenance6252,1899,small_community,5
Late_Temperature5205,1480,"csMajors, PhD, ApplyingToCollege, AskAcademia, gradadmissions",20
Sirioooo,1900,small_community,4
NEDBOYGAMER,-1,unassigned,1
Round-Student-3138,1901,small_community,8
ElectricalGrid,1902,small_community,13
Humble_Fan_1285,1525,"de, Studium, Finanzen, Ratschlag, germany",25
Accurate-Mail-4098,164,"interestingasfuck, Damnthatsinteresting, pics, mildlyinfuriating, facepalm",122
CuriousPumpking,1903,small_community,3
Hungry-Transition541,-1,unassigned,2
CakeMotors,1904,small_community,2
PatienceOk3332,-1,unassigned,1
tawansh,-1,unassigned,1
s_ayrz,1480,"csMajors, PhD, ApplyingToCollege, AskAcademia, gradadmissions",17
EnthusiasmMaster9154,-1,unassigned,1
Crary_12138,-1,unassigned,1
AffectionateCan4935,-1,unassigned,1
Slight_Writer_6706,-1,unassigned,1
New-Analysis-577,-1,unassigned,2
windows_xp_home,1905,small_community,2
Square_Associate_771,164,"interestingasfuck, Damnthatsinteresting, pics, mildlyinfuriating, facepalm",72
broski_on_the_move,1601,"NoStupidQuestions, AskReddit, askswitzerland, AITAH, Switzerland",19
Double-Sun6490,1525,"de, Studium, Finanzen, Ratschlag, germany",30
varunsnghnews,1480,"csMajors, PhD, ApplyingToCollege, AskAcademia, gradadmissions",19
HritikRC,-1,unassigned,1
TheTurkishWarlord,1480,"csMajors, PhD, ApplyingToCollege, AskAcademia, gradadmissions",28
kofolafan,-1,unassigned,1
helloureddit,164,"interestingasfuck, Damnthatsinteresting, pics, mildlyinfuriating, facepalm",26
Due_Association437,1601,"NoStupidQuestions, AskReddit, askswitzerland, AITAH, Switzerland",18
MortalFurret,-1,unassigned,4
halsire,-1,unassigned,3
Living-Statement-769,-1,unassigned,1
Electrical-Hand157,1906,small_community,4
Status-League1528,1480,"csMajors, PhD, ApplyingToCollege, AskAcademia, gradadmissions",8
Complete_Jury6419,1480,"csMajors, PhD, ApplyingToCollege, AskAcademia, gradadmissions",24
Fragrant-Tour-4239,1907,small_community,5
erland_09,-1,unassigned,1
WeabooDolfy125,164,"interestingasfuck, Damnthatsinteresting, pics, mildlyinfuriating, facepalm",10
NdiemaKeith,1908,small_community,4
MakeoverBelly,164,"interestingasfuck, Damnthatsinteresting, pics, mildlyinfuriating, facepalm",55
KingOfDemonslayers96,1909,small_community,6
Atmikha,1601,"NoStupidQuestions, AskReddit, askswitzerland, AITAH, Switzerland",15
Every-Ad9114,-1,unassigned,1
IG77_,1910,small_community,4
IqLessBoi,1911,small_community,4
RunFromPhD88,1912,small_community,3
BeginningQuestion153,-1,unassigned,4
Round_Weather_2480,-1,unassigned,1
wok_lord,-1,unassigned,1
ramimdma,1480,"csMajors, PhD, ApplyingToCollege, AskAcademia, gradadmissions",15
tomcatru,1913,small_community,2
New-Lingonberry9322,1914,small_community,22
groucho74,1480,"csMajors, PhD, ApplyingToCollege, AskAcademia, gradadmissions",56
Putrid-Speaker4866,1915,small_community,11
Rubicantay,164,"interestingasfuck, Damnthatsinteresting, pics, mildlyinfuriating, facepalm",61
Quirky_Law8816,-1,unassigned,1
Salt_Veterinarian311,1916,small_community,14
Despaxir,1480,"csMajors, PhD, ApplyingToCollege, AskAcademia, gradadmissions",21
Astryzz,-1,unassigned,2
Efficient_Mobile9506,1480,"csMajors, PhD, ApplyingToCollege, AskAcademia, gradadmissions",11
blanddarwich44,1480,"csMajors, PhD, ApplyingToCollege, AskAcademia, gradadmissions",5
StolenPudding,1917,small_community,12
snolwi,1480,"csMajors, PhD, ApplyingToCollege, AskAcademia, gradadmissions",6
Content_Young5647,-1,unassigned,1
Bolt89,1918,small_community,3
TadpoleBackground894,-1,unassigned,1
Old-Drag-209,-1,unassigned,1
Ok_Independent3501,-1,unassigned,1
robomyster,1919,small_community,3
ergonomicalgenie,164,"interestingasfuck, Damnthatsinteresting, pics, mildlyinfuriating, facepalm",29
Greedy-Age-744,-1,unassigned,1
Mis_Lannister,1920,small_community,12
ForsakenEmergency912,1921,small_community,9
AssignmentPurple6480,1922,small_community,2
Elta_305,1480,"csMajors, PhD, ApplyingToCollege, AskAcademia, gradadmissions",9
Comfortable-Coast479,1923,small_community,8
trixydoor,1480,"csMajors, PhD, ApplyingToCollege, AskAcademia, gradadmissions",42
inclinechair,1480,"csMajors, PhD, ApplyingToCollege, AskAcademia, gradadmissions",6
Affectionate-Ear8233,1480,"csMajors, PhD, ApplyingToCollege, AskAcademia, gradadmissions",38
Realistic_Cobbler512,1924,small_community,3
Swimming_Elevator329,-1,unassigned,1
Dapper_Dog4790,1925,small_community,9
AdTechnical7167,1926,small_community,10
Unhappy-Comfort-8039,1480,"csMajors, PhD, ApplyingToCollege, AskAcademia, gradadmissions",32
yncg1000,-1,unassigned,1
Critical-Wish-558,1480,"csMajors, PhD, ApplyingToCollege, AskAcademia, gradadmissions",5
Adventurous-Bug894,1927,small_community,2
jhfdtydgj,1480,"csMajors, PhD, ApplyingToCollege, AskAcademia, gradadmissions",12
Low_Lettuce_4893,1480,"csMajors, PhD, ApplyingToCollege, AskAcademia, gradadmissions",62
AffectionateDoubt405,1928,small_community,5
Simnani_Newaz,1480,"csMajors, PhD, ApplyingToCollege, AskAcademia, gradadmissions",9
Amazing_Human90,1480,"csMajors, PhD, ApplyingToCollege, AskAcademia, gradadmissions",12
VeterinarianLow8574,1525,"de, Studium, Finanzen, Ratschlag, germany",12
ahahahahah-0611,-1,unassigned,2
Mysterious-Local-398,1929,small_community,6
Lunex_uw,1930,small_community,6
Cool-University9208,-1,unassigned,1
Feeling_Anteater_142,1601,"NoStupidQuestions, AskReddit, askswitzerland, AITAH, Switzerland",91
AppearanceAlert1986,1931,small_community,3
FxccBn,1932,small_community,6
Hot_Reference_6556,1601,"NoStupidQuestions, AskReddit, askswitzerland, AITAH, Switzerland",29
ITheClixs,1480,"csMajors, PhD, ApplyingToCollege, AskAcademia, gradadmissions",19
IntelligentTell5904,1933,small_community,2
United-Slide6404,1934,small_community,3
Timely_Pepper6856,1525,"de, Studium, Finanzen, Ratschlag, germany",31
Professional-Kiwi812,1525,"de, Studium, Finanzen, Ratschlag, germany",17
Amazing_Magician_328,-1,unassigned,1
Correct_Impress4588,-1,unassigned,1
InternationalWill912,1935,small_community,4
DeepDuh,164,"interestingasfuck, Damnthatsinteresting, pics, mildlyinfuriating, facepalm",44
JokeThink6481,-1,unassigned,1
FourCinnamon0,164,"interestingasfuck, Damnthatsinteresting, pics, mildlyinfuriating, facepalm",99
Tamia91,1601,"NoStupidQuestions, AskReddit, askswitzerland, AITAH, Switzerland",26
sciencenerd2003,1936,small_community,7
dadf19,1937,small_community,3
LastPineapple9561,-1,unassigned,1
Final-Performance-35,-1,unassigned,4
Ok_Ambition2046,-1,unassigned,1
No-Dig-9560,1938,small_community,7
anonymous_eth_member,-1,unassigned,1
Ok_Drag3175,-1,unassigned,1
Fun_Worldliness_5237,-1,unassigned,1
darkmatter-4u,1601,"NoStupidQuestions, AskReddit, askswitzerland, AITAH, Switzerland",39
mercigr,1939,small_community,5
These_Income1509,1940,small_community,5
ImportanceOk6418,1601,"NoStupidQuestions, AskReddit, askswitzerland, AITAH, Switzerland",33
Swimming-Zucchini434,1601,"NoStupidQuestions, AskReddit, askswitzerland, AITAH, Switzerland",59
ConfusedQuantum,-1,unassigned,1
selammeister,1601,"NoStupidQuestions, AskReddit, askswitzerland, AITAH, Switzerland",43
Elegant_Fan8148,1525,"de, Studium, Finanzen, Ratschlag, germany",6
roblox1999,1941,small_community,11
appletinibutnotini,1942,small_community,2
Expensive_Narwhal700,1601,"NoStupidQuestions, AskReddit, askswitzerland, AITAH, Switzerland",55
EasySolid1948,1601,"NoStupidQuestions, AskReddit, askswitzerland, AITAH, Switzerland",9
No-Impact-6708,1559,"Universitaly, ItaliaPersonalFinance, CasualIT, Italia, ItaliaCareerAdvice",9
hungasian8,1480,"csMajors, PhD, ApplyingToCollege, AskAcademia, gradadmissions",99
Mpampis_Sougias02,-1,unassigned,1
Ok_Medium_9846,-1,unassigned,2
jingsen_yang,1943,small_community,3
Ok_Poet8673,1944,small_community,7
RabinowitzFloer,-1,unassigned,1
Appropriate_Rise9928,1480,"csMajors, PhD, ApplyingToCollege, AskAcademia, gradadmissions",23
Quant_paglu,1480,"csMajors, PhD, ApplyingToCollege, AskAcademia, gradadmissions",72
EitherAd1685,-1,unassigned,1
Lilliane0,164,"interestingasfuck, Damnthatsinteresting, pics, mildlyinfuriating, facepalm",25
liebes_,1601,"NoStupidQuestions, AskReddit, askswitzerland, AITAH, Switzerland",23
the_abhizer,1601,"NoStupidQuestions, AskReddit, askswitzerland, AITAH, Switzerland",16
MaterialBody534,-1,unassigned,4
Secure-Drag,-1,unassigned,2
issamech_2000_21,1480,"csMajors, PhD, ApplyingToCollege, AskAcademia, gradadmissions",10
piroshkipi,1945,small_community,8
oliverneumann1,-1,unassigned,1
Tuepflischiiser,1601,"NoStupidQuestions, AskReddit, askswitzerland, AITAH, Switzerland",350
Dismal_Discussion514,1480,"csMajors, PhD, ApplyingToCollege, AskAcademia, gradadmissions",9
Basic-Brick6827,1601,"NoStupidQuestions, AskReddit, askswitzerland, AITAH, Switzerland",92
grignardx,1946,small_community,10
BonjourLilith,-1,unassigned,1
Alternative_Dot_4734,-1,unassigned,1
Livid_Hospital9770,1947,small_community,7
SadBanana9706,-1,unassigned,1
Easy_Recording468,1948,small_community,5
ifilookbackiamlost_,1949,small_community,16
Johnny12w,-1,unassigned,1
Silent-Battle308,1525,"de, Studium, Finanzen, Ratschlag, germany",106
Brilliant_Car_5050,-1,unassigned,1
Unfair-Environment13,1480,"csMajors, PhD, ApplyingToCollege, AskAcademia, gradadmissions",6
Independent_Zebra487,1559,"Universitaly, ItaliaPersonalFinance, CasualIT, Italia, ItaliaCareerAdvice",24
CubeArrow,1950,small_community,3
plutotheplantgirl,1951,small_community,2
khanhwlo59,-1,unassigned,1
Rough_Assignment_370,-1,unassigned,1
muser666,164,"interestingasfuck, Damnthatsinteresting, pics, mildlyinfuriating, facepalm",49
Miserable-Earth-1659,-1,unassigned,3
Trick_Acanthaceae650,1952,small_community,9
Busy-Block-1603,1525,"de, Studium, Finanzen, Ratschlag, germany",32
Educational-Act-4074,1953,small_community,2
Xaditekn,1954,small_community,2
yagellaaether,1480,"csMajors, PhD, ApplyingToCollege, AskAcademia, gradadmissions",48
Particular_Eye_809,1601,"NoStupidQuestions, AskReddit, askswitzerland, AITAH, Switzerland",15
AdvancedIssue620,-1,unassigned,1
hsalash,1955,small_community,5
mooncow2006,-1,unassigned,1
givan2005,-1,unassigned,4
Thin_Appointment6687,-1,unassigned,2
DaikiTsuneta,1956,small_community,3
senagliyon,1480,"csMajors, PhD, ApplyingToCollege, AskAcademia, gradadmissions",17
koheimer,-1,unassigned,1
Secret_cab1net,-1,unassigned,1
Psychological_Buy122,1957,small_community,5
BEagle1984-,164,"interestingasfuck, Damnthatsinteresting, pics, mildlyinfuriating, facepalm",25
Hour_Studio5984,-1,unassigned,1
More_Ad_310,1480,"csMajors, PhD, ApplyingToCollege, AskAcademia, gradadmissions",37
One-Group-6644,1958,small_community,4
nutandshell1,1959,small_community,15
Serious_Mechanic5060,-1,unassigned,2
Automatic-Horse4586,1960,small_community,2
ReputationIll9585,1961,small_community,2
AtesSouhait,164,"interestingasfuck, Damnthatsinteresting, pics, mildlyinfuriating, facepalm",119
Relative-Dot-3960,-1,unassigned,1
Timlikestomatos,1962,small_community,2
ajeb175,1525,"de, Studium, Finanzen, Ratschlag, germany",8
coilerr,1963,small_community,3
subrimichi,1601,"NoStupidQuestions, AskReddit, askswitzerland, AITAH, Switzerland",122
what-else-than-that,1525,"de, Studium, Finanzen, Ratschlag, germany",54
KuuhakuBlank00,1480,"csMajors, PhD, ApplyingToCollege, AskAcademia, gradadmissions",13
hansvonhinten,164,"interestingasfuck, Damnthatsinteresting, pics, mildlyinfuriating, facepalm",27
Aggravating-Bee-884,-1,unassigned,1
igotabxyz_1210,1480,"csMajors, PhD, ApplyingToCollege, AskAcademia, gradadmissions",13
ahnixoc,1480,"csMajors, PhD, ApplyingToCollege, AskAcademia, gradadmissions",100
girl14678,1964,small_community,2
AmbitiousDoor6669,1965,small_community,4
ProfessionalOnion300,1480,"csMajors, PhD, ApplyingToCollege, AskAcademia, gradadmissions",12
Lower-Discipline-615,1966,small_community,2
MomPickMeUpImDrunk,1967,small_community,4
DecodingLifeblue,-1,unassigned,1
Unhappy-Chapter7027,1480,"csMajors, PhD, ApplyingToCollege, AskAcademia, gradadmissions",28
inesagne,-1,unassigned,1
Nosferatu45,-1,unassigned,1
Suitable-Fee8659,1480,"csMajors, PhD, ApplyingToCollege, AskAcademia, gradadmissions",38
NeighborhoodLoud4884,1525,"de, Studium, Finanzen, Ratschlag, germany",71
schnarch33,1968,small_community,9
Honda_Civet,-1,unassigned,1
Zer0xy_7,1969,small_community,6
Pretend-Reaction-862,1525,"de, Studium, Finanzen, Ratschlag, germany",9
Aliualbe,1970,small_community,10
Vanilla2191,1525,"de, Studium, Finanzen, Ratschlag, germany",6
markov_proc,1480,"csMajors, PhD, ApplyingToCollege, AskAcademia, gradadmissions",7
Imperial_Spy007,164,"interestingasfuck, Damnthatsinteresting, pics, mildlyinfuriating, facepalm",6
Livid-Construction14,164,"interestingasfuck, Damnthatsinteresting, pics, mildlyinfuriating, facepalm",27
lusk2222,1971,small_community,2
mekieprimos,-1,unassigned,1
Material_Swimmer3738,-1,unassigned,1
Moist-Handle4626,1972,small_community,2
Dialektrikum,-1,unassigned,1
Moderator_2002,-1,unassigned,1
SEQUSA_t,-1,unassigned,3
Double_Comedian_2414,-1,unassigned,1
Greedy_Composer3189,-1,unassigned,1
Conscious_Ad_2847,1973,small_community,2
PenaltySalt7374,1480,"csMajors, PhD, ApplyingToCollege, AskAcademia, gradadmissions",29
hhhjju77zhhh,1974,small_community,7
dziraja69,1975,small_community,2
vham85,164,"interestingasfuck, Damnthatsinteresting, pics, mildlyinfuriating, facepalm",51
CoolBoi6Pack,1480,"csMajors, PhD, ApplyingToCollege, AskAcademia, gradadmissions",33
Shy_Paper_2561,-1,unassigned,1
n15bkfootlettuce,1976,small_community,7
WayFinal8698,1480,"csMajors, PhD, ApplyingToCollege, AskAcademia, gradadmissions",8
Fun-Shoe-8764,1977,small_community,6
Elena_Kingg,1978,small_community,10
thekeyulee,-1,unassigned,1
Different_Dog5827,1601,"NoStupidQuestions, AskReddit, askswitzerland, AITAH, Switzerland",16
Vegetable-West8733,-1,unassigned,1
Successful_Aspect632,1480,"csMajors, PhD, ApplyingToCollege, AskAcademia, gradadmissions",9
Mech_Engineer_TU,-1,unassigned,1
shades-ofblue,1979,small_community,3
Ok_Win7680,1559,"Universitaly, ItaliaPersonalFinance, CasualIT, Italia, ItaliaCareerAdvice",17
Outside-Assistant282,-1,unassigned,1
talonime,-1,unassigned,1
SalFerra02,1980,small_community,3
financedk,-1,unassigned,1
boi_dat_comes_here,-1,unassigned,1
TnYamaneko,164,"interestingasfuck, Damnthatsinteresting, pics, mildlyinfuriating, facepalm",80
p3rli,1981,small_community,6
raypatrick-1134,1480,"csMajors, PhD, ApplyingToCollege, AskAcademia, gradadmissions",5
funforums,1601,"NoStupidQuestions, AskReddit, askswitzerland, AITAH, Switzerland",16
reallyquietbird,1480,"csMajors, PhD, ApplyingToCollege, AskAcademia, gradadmissions",7
Party-Worldliness-72,1982,small_community,9
SimplyLo,1480,"csMajors, PhD, ApplyingToCollege, AskAcademia, gradadmissions",12
No-Acanthaceae4554,-1,unassigned,1
AdFriendly4492,-1,unassigned,1
jewel_joseph,-1,unassigned,4
karakiri04,-1,unassigned,1
Sedumana,1480,"csMajors, PhD, ApplyingToCollege, AskAcademia, gradadmissions",21
Diligent-Serve-9096,-1,unassigned,1
Emsi_Hongg,-1,unassigned,1
nimativd,1480,"csMajors, PhD, ApplyingToCollege, AskAcademia, gradadmissions",10
Street_Letterhead343,1983,small_community,4
Turbulent_Exam_3786,1984,small_community,5
Quiet_Armadillo3781,1985,small_community,3
decaffei1,1601,"NoStupidQuestions, AskReddit, askswitzerland, AITAH, Switzerland",225
Independent_Fox_2521,-1,unassigned,1
Echsenmenschchen,1986,small_community,6
More_Zone_9794,1987,small_community,6
Matt_Murphy_,1601,"NoStupidQuestions, AskReddit, askswitzerland, AITAH, Switzerland",232
NotAMathPro,1480,"csMajors, PhD, ApplyingToCollege, AskAcademia, gradadmissions",72
BriefOutrageous3436,1480,"csMajors, PhD, ApplyingToCollege, AskAcademia, gradadmissions",16
ichbineinbaum33,-1,unassigned,4
Cvrnogueira,-1,unassigned,1
mrtn-22,1988,small_community,7
TheSpitRoaster,164,"interestingasfuck, Damnthatsinteresting, pics, mildlyinfuriating, facepalm",84
NiceSmurph,1525,"de, Studium, Finanzen, Ratschlag, germany",202
TecknikalGecko,1989,small_community,6
Final-Grand1578,1990,small_community,8
Razalan,1991,small_community,4
Rich-Spinach-693,1992,small_community,6
Signal-Initiative301,-1,unassigned,1
CutDangerous127,1993,small_community,4
binkley8,1994,small_community,8
PumpkinCurryLover,-1,unassigned,1
OrganoMetal_lic_head,1480,"csMajors, PhD, ApplyingToCollege, AskAcademia, gradadmissions",32
CulturalRegister9509,1601,"NoStupidQuestions, AskReddit, askswitzerland, AITAH, Switzerland",32
normannemir,-1,unassigned,1
Exzelzior,1480,"csMajors, PhD, ApplyingToCollege, AskAcademia, gradadmissions",22
rawbrocolli1,1480,"csMajors, PhD, ApplyingToCollege, AskAcademia, gradadmissions",7
ChemicalOriginal6767,-1,unassigned,1
Numerous-Brother8267,1995,small_community,2
AkhilAndroid,1480,"csMajors, PhD, ApplyingToCollege, AskAcademia, gradadmissions",37
Simple_Chemical_5918,1480,"csMajors, PhD, ApplyingToCollege, AskAcademia, gradadmissions",75
Even-Assistant9539,-1,unassigned,7
Brospeh-Stalin,164,"interestingasfuck, Damnthatsinteresting, pics, mildlyinfuriating, facepalm",248
ZeTherminator,1601,"NoStupidQuestions, AskReddit, askswitzerland, AITAH, Switzerland",30
Upstairs-Screen7573,1525,"de, Studium, Finanzen, Ratschlag, germany",8
Minimum_Computer_230,-1,unassigned,1
_dr_duckie,-1,unassigned,1
The_TRASHCAN_366,164,"interestingasfuck, Damnthatsinteresting, pics, mildlyinfuriating, facepalm",25
Beneficial-Falcon-23,1480,"csMajors, PhD, ApplyingToCollege, AskAcademia, gradadmissions",4
myvowndestiny,1480,"csMajors, PhD, ApplyingToCollege, AskAcademia, gradadmissions",103
HumanUnknown404,1480,"csMajors, PhD, ApplyingToCollege, AskAcademia, gradadmissions",19
dylan98__,1996,small_community,4
Different_Future_327,-1,unassigned,1
No_Sherbert1242,1480,"csMajors, PhD, ApplyingToCollege, AskAcademia, gradadmissions",15
nikosbak,1480,"csMajors, PhD, ApplyingToCollege, AskAcademia, gradadmissions",4
Wos_laft_25,-1,unassigned,1
ffr3nzy,1480,"csMajors, PhD, ApplyingToCollege, AskAcademia, gradadmissions",31
Lower_Competition_61,1997,small_community,8
TonyPrimi,-1,unassigned,1
3psil00n,1480,"csMajors, PhD, ApplyingToCollege, AskAcademia, gradadmissions",28
Specialist_Spring783,1998,small_community,7
the_prolouger,1480,"csMajors, PhD, ApplyingToCollege, AskAcademia, gradadmissions",93
manmanubeck,1999,small_community,2
Old-Mousse-6312,2000,small_community,5
Kry147,-1,unassigned,1
Prestigious_Rub5,1480,"csMajors, PhD, ApplyingToCollege, AskAcademia, gradadmissions",21
steuhh,2001,small_community,3
Particular_Chart8156,-1,unassigned,1
Recent_Fox4369,-1,unassigned,1
ChessNotStress,1480,"csMajors, PhD, ApplyingToCollege, AskAcademia, gradadmissions",8
asieradzk,2002,small_community,6
jzdzilowska,2003,small_community,2
Simplilearn,1480,"csMajors, PhD, ApplyingToCollege, AskAcademia, gradadmissions",26
woxyftw,1480,"csMajors, PhD, ApplyingToCollege, AskAcademia, gradadmissions",14
ProfessorJazzlike577,2004,small_community,4
Phantasmal_Storytime,2005,small_community,5
Hinaru_173,2006,small_community,4
Beobacher,164,"interestingasfuck, Damnthatsinteresting, pics, mildlyinfuriating, facepalm",136
OneDevelopment7675,2007,small_community,3
simoonys,2008,small_community,5
Weekly_Welcome_7234,2009,small_community,3
sanyiluicarbon67478,2010,small_community,2
OwnAnalyst8079,2011,small_community,4
dance_through_life,2012,small_community,3
the_eggplant2,1525,"de, Studium, Finanzen, Ratschlag, germany",67
Mrsoglio,2013,small_community,3
Maverick-45,-1,unassigned,1
zekafiskiriuom,-1,unassigned,1
sharonputhu,2014,small_community,2
NefariousnessLow1800,1480,"csMajors, PhD, ApplyingToCollege, AskAcademia, gradadmissions",9
AdmirableWall2403,-1,unassigned,1
_astraldragon_,-1,unassigned,1
Sea-Zucchiny,1480,"csMajors, PhD, ApplyingToCollege, AskAcademia, gradadmissions",38
george_gamow,1480,"csMajors, PhD, ApplyingToCollege, AskAcademia, gradadmissions",62
These-Asparagus9602,-1,unassigned,1
Decent-Actuary-7116,2015,small_community,4
Electrical-Salt-4252,-1,unassigned,1
Desperate_Loquat_316,2016,small_community,2
LetoOG,1480,"csMajors, PhD, ApplyingToCollege, AskAcademia, gradadmissions",10
kannichausgang,1601,"NoStupidQuestions, AskReddit, askswitzerland, AITAH, Switzerland",70
Khush0000,2017,small_community,3
thiscatismycat,2018,small_community,12
Akhil_QCOMM,1480,"csMajors, PhD, ApplyingToCollege, AskAcademia, gradadmissions",59
GwendelLachsberg,1525,"de, Studium, Finanzen, Ratschlag, germany",100
Enzonuener,-1,unassigned,1
baburao945,1480,"csMajors, PhD, ApplyingToCollege, AskAcademia, gradadmissions",13
AllariC2,1480,"csMajors, PhD, ApplyingToCollege, AskAcademia, gradadmissions",19
pleaseineedanadvice,164,"interestingasfuck, Damnthatsinteresting, pics, mildlyinfuriating, facepalm",106
Mysterious_Menu_5969,-1,unassigned,1
t1m0n_e,-1,unassigned,2
jepawi,164,"interestingasfuck, Damnthatsinteresting, pics, mildlyinfuriating, facepalm",9
Western_Landscape_26,2019,small_community,14
Ok_Bear_8691,2020,small_community,7
DoNotTouchJustLook,1480,"csMajors, PhD, ApplyingToCollege, AskAcademia, gradadmissions",13
Nikochey9,2021,small_community,4
Hrvatska107,2022,small_community,2
Dr_Schiggy,-1,unassigned,1
ParsnipKind,2023,small_community,5
ConfusionSad4365,2024,small_community,2
Turbulent-Act9877,164,"interestingasfuck, Damnthatsinteresting, pics, mildlyinfuriating, facepalm",59
Radiant-Ad-688,1480,"csMajors, PhD, ApplyingToCollege, AskAcademia, gradadmissions",16
CryptographerThat777,1601,"NoStupidQuestions, AskReddit, askswitzerland, AITAH, Switzerland",5
Anouchavan,164,"interestingasfuck, Damnthatsinteresting, pics, mildlyinfuriating, facepalm",166
Professional-Tell227,2025,small_community,3
Ok_Alps_9171,-1,unassigned,1
starypinkk99,-1,unassigned,2
Nice-Extension3775,-1,unassigned,1
airballbazemore,-1,unassigned,2
koral_exe,-1,unassigned,1
Historical_Sun4564,2026,small_community,2
Haboux,2027,small_community,4
Parkinson-Watchmaker,2028,small_community,3
Kash00t-mee,2029,small_community,9
Maano321,1480,"csMajors, PhD, ApplyingToCollege, AskAcademia, gradadmissions",25
ikea_method,164,"interestingasfuck, Damnthatsinteresting, pics, mildlyinfuriating, facepalm",32
unluckystudent2025,-1,unassigned,1
Signal_Ad_1384,-1,unassigned,1
DrEppendwarf,164,"interestingasfuck, Damnthatsinteresting, pics, mildlyinfuriating, facepalm",67
Amira_3tef,1480,"csMajors, PhD, ApplyingToCollege, AskAcademia, gradadmissions",11
sidamott,1559,"Universitaly, ItaliaPersonalFinance, CasualIT, Italia, ItaliaCareerAdvice",21
ate_7_apples,2030,small_community,3
Immediate_Chest_3234,2031,small_community,11
Yasuke_Gaijin,2032,small_community,6
AdeptnessTurbulent81,-1,unassigned,1
Gargeya55,-1,unassigned,6
Wollwesen,-1,unassigned,2
adantas08,2033,small_community,2
aslcihnwe,1601,"NoStupidQuestions, AskReddit, askswitzerland, AITAH, Switzerland",18
move2usajobs-com,1480,"csMajors, PhD, ApplyingToCollege, AskAcademia, gradadmissions",491
panjabimahmoud,-1,unassigned,1
Most-Cartographer617,-1,unassigned,1
medstudengland,1480,"csMajors, PhD, ApplyingToCollege, AskAcademia, gradadmissions",17
OkApartment9978,-1,unassigned,1
VeryLongTailedTit,1525,"de, Studium, Finanzen, Ratschlag, germany",24
velo-doc,2034,small_community,4
No-Anything5849,2035,small_community,3
onINvis,1480,"csMajors, PhD, ApplyingToCollege, AskAcademia, gradadmissions",14
Rejoy80675,2036,small_community,9
kusho3407,-1,unassigned,2
Key-Bar5848,-1,unassigned,1
International-Error8,-1,unassigned,1
Significant_Neck8780,2037,small_community,3
andyshoota3,-1,unassigned,1
Independent-Cup-4154,-1,unassigned,1
musicaddict1843,2038,small_community,5
Both-Clerk1908,-1,unassigned,1
VeterinarianOk6235,2039,small_community,2
AchtungStufe,-1,unassigned,2
COOP_MIGROS,2040,small_community,3
Ok_Grocery_4744,-1,unassigned,1
Ok_Umpire_8108,164,"interestingasfuck, Damnthatsinteresting, pics, mildlyinfuriating, facepalm",28
Hefty_Confection9438,-1,unassigned,4
IBM-Research-AICF,-1,unassigned,1
ML3820,2041,small_community,3
Tall_Definition_7242,-1,unassigned,1
Odd-Pace-143,2042,small_community,3
MaximumCommission776,1480,"csMajors, PhD, ApplyingToCollege, AskAcademia, gradadmissions",10
janis_joplin5,1480,"csMajors, PhD, ApplyingToCollege, AskAcademia, gradadmissions",31
Bubbly-Hour1239,2043,small_community,6
Emotional_Tap4357,-1,unassigned,4
Hungry_King_9643,1480,"csMajors, PhD, ApplyingToCollege, AskAcademia, gradadmissions",7
Potential_River_8315,-1,unassigned,1
AliveInColor,-1,unassigned,2
Turbulent-Arm5016,-1,unassigned,1
JujuTeoh,-1,unassigned,1
_soft_word,2044,small_community,3
Dear_Singer_6908,-1,unassigned,1
Ok-Cauliflower-7737,-1,unassigned,2
deafening_coach,2045,small_community,10
Milchstrasse94,-1,unassigned,1
Single_Summer_8976,-1,unassigned,1
SmallLetterhead1,-1,unassigned,1
YRS2703,-1,unassigned,1
TangeloBrilliant3348,-1,unassigned,1
kevinm1231,-1,unassigned,1
cello678,2046,small_community,3
hello_you111,2047,small_community,2
ThracianGladiator,1601,"NoStupidQuestions, AskReddit, askswitzerland, AITAH, Switzerland",17
arneopro,-1,unassigned,1
to1M,1480,"csMajors, PhD, ApplyingToCollege, AskAcademia, gradadmissions",43
No-Dragonfruit-6695,-1,unassigned,1
doughnutambassador,2048,small_community,9
That-Elk-8761,-1,unassigned,1
Correct-Gur685,-1,unassigned,1
FiksuB,2049,small_community,3
Historical_Koala316,164,"interestingasfuck, Damnthatsinteresting, pics, mildlyinfuriating, facepalm",19
Legal-Apartment4149,-1,unassigned,2
cricket2141,2050,small_community,8
MirrorAdventurous387,1480,"csMajors, PhD, ApplyingToCollege, AskAcademia, gradadmissions",16
MacaroonNo4655,-1,unassigned,2
Hot_Grape221,2051,small_community,5
Aggravating-Group615,-1,unassigned,2
ImportantPapaya7339,-1,unassigned,1
IndependenceLumpy322,-1,unassigned,2
aquaristar,2052,small_community,3
ChampionBig7244,2053,small_community,3
Soft-Air5097,2054,small_community,2
ithastobe_cringe,2055,small_community,3
EstablishmentNo1184,2056,small_community,2
bynef_2812,2057,small_community,2
pattax1,2058,small_community,5
Standard_Stop9095,1480,"csMajors, PhD, ApplyingToCollege, AskAcademia, gradadmissions",31
wickedregina,2059,small_community,2
Top-Ranger-8695,-1,unassigned,1
InternMundane6302,1480,"csMajors, PhD, ApplyingToCollege, AskAcademia, gradadmissions",16
Front-Green7199,-1,unassigned,1
cheeeseeverywhere,1601,"NoStupidQuestions, AskReddit, askswitzerland, AITAH, Switzerland",30
FluffyPenguinsx,1559,"Universitaly, ItaliaPersonalFinance, CasualIT, Italia, ItaliaCareerAdvice",10
enjoyer_of_life,164,"interestingasfuck, Damnthatsinteresting, pics, mildlyinfuriating, facepalm",8
eydaimwn,-1,unassigned,1
CrusaderChen,2060,small_community,7
Turbulent_Cake_1445,-1,unassigned,1
242nico,-1,unassigned,1
Luigi_Boy_96,164,"interestingasfuck, Damnthatsinteresting, pics, mildlyinfuriating, facepalm",67
-The-One-Above-All,1480,"csMajors, PhD, ApplyingToCollege, AskAcademia, gradadmissions",13
Baliumgramp,2061,small_community,8
_MMMXI_,164,"interestingasfuck, Damnthatsinteresting, pics, mildlyinfuriating, facepalm",5
Resh3443,-1,unassigned,1
Pyne1024,-1,unassigned,1
Independent_Nail3106,-1,unassigned,3
Thick-Management4864,2062,small_community,2
Electronic_Yak_1053,2063,small_community,4
Initial-Print-3662,164,"interestingasfuck, Damnthatsinteresting, pics, mildlyinfuriating, facepalm",18
_KeeperOfTheFire_,164,"interestingasfuck, Damnthatsinteresting, pics, mildlyinfuriating, facepalm",6
QuantumBanana-1,1480,"csMajors, PhD, ApplyingToCollege, AskAcademia, gradadmissions",18
CaterpillarKey7678,164,"interestingasfuck, Damnthatsinteresting, pics, mildlyinfuriating, facepalm",10
oakbergerr,2064,small_community,5
finstar55,-1,unassigned,1
Jazzlike-Emphasis-20,164,"interestingasfuck, Damnthatsinteresting, pics, mildlyinfuriating, facepalm",54
aishjhone,1480,"csMajors, PhD, ApplyingToCollege, AskAcademia, gradadmissions",4
No-Insurance5030,1480,"csMajors, PhD, ApplyingToCollege, AskAcademia, gradadmissions",19
therock4president_24,2065,small_community,3
Independent-Mix3819,2066,small_community,3
Valicco,-1,unassigned,1
PG_124,-1,unassigned,1
bellevue9527,2067,small_community,2
Numerous-Stretch5940,-1,unassigned,1
A3th0R,2068,small_community,7
Huge-Tadpole5543,2069,small_community,2
beYgIr626,1480,"csMajors, PhD, ApplyingToCollege, AskAcademia, gradadmissions",35
fabiothered,164,"interestingasfuck, Damnthatsinteresting, pics, mildlyinfuriating, facepalm",153
pondy12,1480,"csMajors, PhD, ApplyingToCollege, AskAcademia, gradadmissions",120
Pueggel,1480,"csMajors, PhD, ApplyingToCollege, AskAcademia, gradadmissions",8
Odd-Appointment-5227,1525,"de, Studium, Finanzen, Ratschlag, germany",40
levydawg,2070,small_community,5
Much_Somewhere7831,1480,"csMajors, PhD, ApplyingToCollege, AskAcademia, gradadmissions",271
famochav,2071,small_community,4
ondaremota,-1,unassigned,1
iFloris_NL,-1,unassigned,1
bigguygaming,164,"interestingasfuck, Damnthatsinteresting, pics, mildlyinfuriating, facepalm",41
winni9,-1,unassigned,1
Affectionate-Box-5,1480,"csMajors, PhD, ApplyingToCollege, AskAcademia, gradadmissions",9
Best_Log_7316,-1,unassigned,1
nian2326076,1480,"csMajors, PhD, ApplyingToCollege, AskAcademia, gradadmissions",1806
El-coba91,1525,"de, Studium, Finanzen, Ratschlag, germany",12
Funny_Librarian_1711,-1,unassigned,7
r-Sig,2072,small_community,2
reyakmw,1480,"csMajors, PhD, ApplyingToCollege, AskAcademia, gradadmissions",11
Arngorr,-1,unassigned,1
leirimnad,-1,unassigned,1
Standard_Stock_1472,-1,unassigned,3
Designer-Debate-7203,2073,small_community,2
moody1622,-1,unassigned,1
ElemBelemBuf,1480,"csMajors, PhD, ApplyingToCollege, AskAcademia, gradadmissions",8
SmoothAtmosphere8229,1480,"csMajors, PhD, ApplyingToCollege, AskAcademia, gradadmissions",74
False-Gap-6684,-1,unassigned,1
lorellos06,-1,unassigned,1
takigawaShuangshui,2074,small_community,3
Opening_Football6541,1480,"csMajors, PhD, ApplyingToCollege, AskAcademia, gradadmissions",8
math_question_,-1,unassigned,1
musti-aztrk,1480,"csMajors, PhD, ApplyingToCollege, AskAcademia, gradadmissions",12
karaagacsk,-1,unassigned,1
PresentZucchini4848,2075,small_community,3
SimilarPin5530,1480,"csMajors, PhD, ApplyingToCollege, AskAcademia, gradadmissions",10
Optimal_Patience_0,2076,small_community,3
PlayfulLoad7821,2077,small_community,2
Dangerous-Fennel5751,164,"interestingasfuck, Damnthatsinteresting, pics, mildlyinfuriating, facepalm",28
No-Product8186,2078,small_community,2
Signal_Corgi3802,1480,"csMajors, PhD, ApplyingToCollege, AskAcademia, gradadmissions",7
Beautiful-Dig-6682,2079,small_community,12
skocats1,2080,small_community,2
Gordon_frumann,164,"interestingasfuck, Damnthatsinteresting, pics, mildlyinfuriating, facepalm",91
Historical-Archer335,1480,"csMajors, PhD, ApplyingToCollege, AskAcademia, gradadmissions",40
Bounq3,164,"interestingasfuck, Damnthatsinteresting, pics, mildlyinfuriating, facepalm",10
Fresh-Rate-2278,2081,small_community,2
QueasyPanic2355,2082,small_community,4
mammutalmut,2083,small_community,15
TestTxt,1525,"de, Studium, Finanzen, Ratschlag, germany",31
Sensitive-Crab-1077,-1,unassigned,1
Just_Rip6648,-1,unassigned,1
Hopeful-Cranberry873,-1,unassigned,1
Significant_Pass_185,-1,unassigned,1
DoubleStretch1685,-1,unassigned,1
wienkers,-1,unassigned,1
Express-Device-2667,-1,unassigned,1
Powerful-Charge-4695,-1,unassigned,1
the_heck_gimme,2084,small_community,6
Sinrai,-1,unassigned,2
New-Resident-7387,2085,small_community,2
givemeigcseleaks,1480,"csMajors, PhD, ApplyingToCollege, AskAcademia, gradadmissions",15
Low-End9232,1480,"csMajors, PhD, ApplyingToCollege, AskAcademia, gradadmissions",15
External_Ad3717,-1,unassigned,1
katzemitbanana,1525,"de, Studium, Finanzen, Ratschlag, germany",16
franonreddit003,2086,small_community,12
abi_0801,1480,"csMajors, PhD, ApplyingToCollege, AskAcademia, gradadmissions",9
Medical_Trash_8456,-1,unassigned,1
Head-Broccoli-1199,-1,unassigned,1
ElRetardoFarto,-1,unassigned,1
DragonfruitFlashy487,-1,unassigned,1
Old_Preference3646,-1,unassigned,1
Apprehensive-Cook502,-1,unassigned,1
ObligationDue326,2087,small_community,4
ItachiUshida,2088,small_community,2
micklema,2089,small_community,4
Linnnn_9,2090,small_community,3
wanderingsoul2628,1480,"csMajors, PhD, ApplyingToCollege, AskAcademia, gradadmissions",11
Frequent-Whole-6326,2091,small_community,4
Plenty_Tonight779,-1,unassigned,1
tight_shoe_778,1480,"csMajors, PhD, ApplyingToCollege, AskAcademia, gradadmissions",21
Successful_Bee_959,2092,small_community,40
HourAnything2063,1480,"csMajors, PhD, ApplyingToCollege, AskAcademia, gradadmissions",8
Little-Flying-Fox,1559,"Universitaly, ItaliaPersonalFinance, CasualIT, Italia, ItaliaCareerAdvice",4
MonkAndRobot,2093,small_community,2
OkBee2805,-1,unassigned,1
WallAdditional2536,-1,unassigned,1
redfoxprudence,1480,"csMajors, PhD, ApplyingToCollege, AskAcademia, gradadmissions",12
RaspberryUnfair7527,-1,unassigned,1
Repulsive_Disk6650,2094,small_community,4
Desperate_Article_97,1480,"csMajors, PhD, ApplyingToCollege, AskAcademia, gradadmissions",7
GlumBreakfast1185,2095,small_community,3
Complete_Ad_8500,-1,unassigned,1
nutemath,1480,"csMajors, PhD, ApplyingToCollege, AskAcademia, gradadmissions",8
lara_xdx,1525,"de, Studium, Finanzen, Ratschlag, germany",20
PolyBlick,-1,unassigned,1
MehlIL__,2096,small_community,3
ExternalBoysenberry,1480,"csMajors, PhD, ApplyingToCollege, AskAcademia, gradadmissions",45
nigusus,1480,"csMajors, PhD, ApplyingToCollege, AskAcademia, gradadmissions",36
Ok_Front_2203,2097,small_community,2
Calm_Mood_4900,1601,"NoStupidQuestions, AskReddit, askswitzerland, AITAH, Switzerland",29
Intelligent-Neat9758,2098,small_community,5
Zennetsu,2099,small_community,4
E_Bat,164,"interestingasfuck, Damnthatsinteresting, pics, mildlyinfuriating, facepalm",41
DynaMight3011,-1,unassigned,2
reddpills8,-1,unassigned,1
Max_Smdx,2100,small_community,4
Bulls_Will_Win,1525,"de, Studium, Finanzen, Ratschlag, germany",20
karmasikici,1525,"de, Studium, Finanzen, Ratschlag, germany",49
raketcocuk,-1,unassigned,1
Kindly-Ad-440,2101,small_community,2
bonnie2525,1480,"csMajors, PhD, ApplyingToCollege, AskAcademia, gradadmissions",44
Imaginary-Act-4425,1480,"csMajors, PhD, ApplyingToCollege, AskAcademia, gradadmissions",13
Legitimate_Stand_409,-1,unassigned,1
DerKev8002,164,"interestingasfuck, Damnthatsinteresting, pics, mildlyinfuriating, facepalm",22
HairyPackage2466,-1,unassigned,1
Rich-Dare-777,-1,unassigned,1
Think_Philosophy_343,2102,small_community,3
Ok_Jaguar6154,1480,"csMajors, PhD, ApplyingToCollege, AskAcademia, gradadmissions",9
drinovsky49,-1,unassigned,1
AffectionateFarm2467,1525,"de, Studium, Finanzen, Ratschlag, germany",22
New-Agency-5338,1480,"csMajors, PhD, ApplyingToCollege, AskAcademia, gradadmissions",9
AppropriateAdvice719,2103,small_community,4
n1baks,-1,unassigned,5
Ordinary-Concept-985,1480,"csMajors, PhD, ApplyingToCollege, AskAcademia, gradadmissions",14
Emergency-Memory-227,-1,unassigned,1
JadedCantaloupe4666,-1,unassigned,1
Guilty-Editor-9029,1525,"de, Studium, Finanzen, Ratschlag, germany",12
SpeciousPerspicacity,1480,"csMajors, PhD, ApplyingToCollege, AskAcademia, gradadmissions",41
gxnxh3,-1,unassigned,1
MaterialAnteater1274,2104,small_community,8
Beneficial-Teach-994,2105,small_community,2
levmilarl,1480,"csMajors, PhD, ApplyingToCollege, AskAcademia, gradadmissions",6
No_Pack_3531,-1,unassigned,1
Real-Setting-8638,-1,unassigned,1
LongNoticePeriod,1601,"NoStupidQuestions, AskReddit, askswitzerland, AITAH, Switzerland",49
Lonely-Positive795,2106,small_community,3
mountain_trek,2107,small_community,11
reddererr,2108,small_community,4
momofkoners,2109,small_community,3
krychevsk16,-1,unassigned,2
Brave-Bison-2757,-1,unassigned,2
ByDaris,-1,unassigned,1
Queasy-Wheel-9785,-1,unassigned,6
sidelinethecherries,1480,"csMajors, PhD, ApplyingToCollege, AskAcademia, gradadmissions",46
Chill_Melon_2592,2110,small_community,3
hfksmnsbdb,2111,small_community,6
FrostyAttitude6411,-1,unassigned,1
Due_Vast7377,-1,unassigned,1
onelastdev_alex,-1,unassigned,1
fedetognalii,-1,unassigned,1
Le_Florians,2112,small_community,3
taskmaster0809,2113,small_community,2
CodMuch9309,164,"interestingasfuck, Damnthatsinteresting, pics, mildlyinfuriating, facepalm",53
setgel,-1,unassigned,2
ChillJediKnight,2114,small_community,6
Background-Apple-555,1559,"Universitaly, ItaliaPersonalFinance, CasualIT, Italia, ItaliaCareerAdvice",27
Mean-Media8142,1480,"csMajors, PhD, ApplyingToCollege, AskAcademia, gradadmissions",19
Safe-Specialist-200,1480,"csMajors, PhD, ApplyingToCollege, AskAcademia, gradadmissions",10
Distinct-Stomach7522,2115,small_community,3
Spike2442,-1,unassigned,1
Odd_Piccolo6026,2116,small_community,3
Legal-Blood4252,-1,unassigned,1
Beautiful-Big1408,1480,"csMajors, PhD, ApplyingToCollege, AskAcademia, gradadmissions",5
ResidentNo3349,2117,small_community,2
Queasy-Pool-2842,-1,unassigned,1
Top-Oil-5607,2118,small_community,4
i_h8_rdt,-1,unassigned,1
reaznval,164,"interestingasfuck, Damnthatsinteresting, pics, mildlyinfuriating, facepalm",91
Niptuniom,-1,unassigned,3
ObjectiveAd4968,-1,unassigned,4
Creepy_Interview7595,-1,unassigned,1
CharityDue2017,164,"interestingasfuck, Damnthatsinteresting, pics, mildlyinfuriating, facepalm",56
tarun360,-1,unassigned,3
Quorbach,164,"interestingasfuck, Damnthatsinteresting, pics, mildlyinfuriating, facepalm",62
IndependentOrchid659,2119,small_community,5
a_deific_blow,-1,unassigned,1
fhxixmridns,164,"interestingasfuck, Damnthatsinteresting, pics, mildlyinfuriating, facepalm",38
Remaked,-1,unassigned,1
Pure_Evidence638,1480,"csMajors, PhD, ApplyingToCollege, AskAcademia, gradadmissions",17
wosgos,-1,unassigned,1
MaterialGround-4016,-1,unassigned,1
Reasonable-Promise74,2120,small_community,2
Big_Neck_5597,2121,small_community,5
Glass-Quit7316,2122,small_community,3
Training_City_3888,-1,unassigned,1
mazu_64,164,"interestingasfuck, Damnthatsinteresting, pics, mildlyinfuriating, facepalm",55
ValuablePea2898,-1,unassigned,1
TheRealM4A7,-1,unassigned,3
Human-Chapter4190,-1,unassigned,1
Dry_Yogurtcloset2733,2123,small_community,2
Terrible-Physics7916,2124,small_community,37
faddeev_popov,-1,unassigned,1
MarcoWed,-1,unassigned,2
Shoddy_Method_6877,-1,unassigned,1
MelodicMidnight8685,-1,unassigned,1
SpiceGenie,2125,small_community,2
bastizag,-1,unassigned,2
ByteSizedGay,1480,"csMajors, PhD, ApplyingToCollege, AskAcademia, gradadmissions",49
Hour-Egg-6991,-1,unassigned,1
Far_Hornet8070,-1,unassigned,1
Acrobatic_Ear_2397,2126,small_community,6
Int-egral,-1,unassigned,1
Sure-Economy-6551,2127,small_community,3
ferdinandthebull77,1601,"NoStupidQuestions, AskReddit, askswitzerland, AITAH, Switzerland",58
Active-Top-2325,1480,"csMajors, PhD, ApplyingToCollege, AskAcademia, gradadmissions",13
sivabhagyase,2128,small_community,10
rayhaansolo,2129,small_community,3
Sorry-Two2010,-1,unassigned,1
Personal-Dot-8355,2130,small_community,2
JuzyCaquox,164,"interestingasfuck, Damnthatsinteresting, pics, mildlyinfuriating, facepalm",8
Proper_Professor1264,2131,small_community,2
Gorgonius19,-1,unassigned,2
Maleficent_Law8410,1480,"csMajors, PhD, ApplyingToCollege, AskAcademia, gradadmissions",10
Key-Refrigerator4827,1525,"de, Studium, Finanzen, Ratschlag, germany",37
BracedHornet186,2132,small_community,2
Assorird,-1,unassigned,1
SamSossa,2133,small_community,3
Ok_Moment4029,2134,small_community,3
Potetowhech,2135,small_community,2
Key-Mazaru,2136,small_community,8
sadhuvat,-1,unassigned,2
WinCrush,-1,unassigned,5
Gold_Maximum_5479,-1,unassigned,1
YamPrior1947,-1,unassigned,1
throwRA_just_asking,-1,unassigned,3
PlatyPla,1480,"csMajors, PhD, ApplyingToCollege, AskAcademia, gradadmissions",10
ughhhtimeyeah,1480,"csMajors, PhD, ApplyingToCollege, AskAcademia, gradadmissions",24
Fair-Sun-8180,-1,unassigned,1
Patient-Stand-8040,1480,"csMajors, PhD, ApplyingToCollege, AskAcademia, gradadmissions",49
stage-of-the-ground,-1,unassigned,1
Zealousideal-Mind795,-1,unassigned,1
Prestigious_Hope9190,1525,"de, Studium, Finanzen, Ratschlag, germany",139
SweatyWitness1753,1480,"csMajors, PhD, ApplyingToCollege, AskAcademia, gradadmissions",19
Educational-Lime-781,2137,small_community,3
Agreeable_Help_6705,-1,unassigned,1
WeekZealousideal6012,164,"interestingasfuck, Damnthatsinteresting, pics, mildlyinfuriating, facepalm",134
Individual_Couple791,-1,unassigned,1
Impressive_Dot2827,2138,small_community,7
walrusdog32,1480,"csMajors, PhD, ApplyingToCollege, AskAcademia, gradadmissions",29
PerformerOk1461,2139,small_community,5
Confident_Sound_8076,1480,"csMajors, PhD, ApplyingToCollege, AskAcademia, gradadmissions",10
Zw3ifel,-1,unassigned,1
One_Opposite_8942,1480,"csMajors, PhD, ApplyingToCollege, AskAcademia, gradadmissions",5
Expert-Implement8930,-1,unassigned,1
gamikaze_shirts,1601,"NoStupidQuestions, AskReddit, askswitzerland, AITAH, Switzerland",16
Massive_Channel1451,2140,small_community,3
Gullible_Road_3294,2141,small_community,4
Far_Lawfulness_3093,164,"interestingasfuck, Damnthatsinteresting, pics, mildlyinfuriating, facepalm",6
Pristine-Student903,-1,unassigned,1
kutie_001,-1,unassigned,2
Fine_Owl_3127,1480,"csMajors, PhD, ApplyingToCollege, AskAcademia, gradadmissions",68
Hopeful_Course5984,-1,unassigned,1
Substantial_Pipe7,-1,unassigned,2
Specialist_Aide4419,-1,unassigned,1
Successful-Return453,-1,unassigned,1
Nervous-Student6553,-1,unassigned,2
AnxiousLengthiness88,-1,unassigned,1
FlatEgg4027,2142,small_community,2
Intelligent-Thing490,2143,small_community,3
Mezyi,1480,"csMajors, PhD, ApplyingToCollege, AskAcademia, gradadmissions",50
Nervous_Childhood_59,2144,small_community,2
throaway_11122023,1480,"csMajors, PhD, ApplyingToCollege, AskAcademia, gradadmissions",20
Arsenal19082002,-1,unassigned,1
Luckyluke765,-1,unassigned,1
Last_Appointment5629,2145,small_community,8
ineedsummer,2146,small_community,5
Swissstargirl,-1,unassigned,1
ThrowawayETHFlat,-1,unassigned,1
bohrkepler,-1,unassigned,1
Tequila-Witch-Lime,-1,unassigned,1
Wide-Occasion6301,-1,unassigned,1
albo437,1480,"csMajors, PhD, ApplyingToCollege, AskAcademia, gradadmissions",13
Fearless-Bumblebee93,2147,small_community,5
kittwo,1480,"csMajors, PhD, ApplyingToCollege, AskAcademia, gradadmissions",11
Old-Audience4096,2148,small_community,4
horizon230,2149,small_community,4
Least_Ad8697,2150,small_community,6
Certain_Guarantee_13,2151,small_community,4
astrophile_0000,1480,"csMajors, PhD, ApplyingToCollege, AskAcademia, gradadmissions",35
Melodic-Young-5169,2152,small_community,4
Own-Crow7791,-1,unassigned,1
HMPrgm,-1,unassigned,4
Different-Budget-964,1480,"csMajors, PhD, ApplyingToCollege, AskAcademia, gradadmissions",36
Upper-Ad4192,1480,"csMajors, PhD, ApplyingToCollege, AskAcademia, gradadmissions",20
TrulyIncredibilis,1480,"csMajors, PhD, ApplyingToCollege, AskAcademia, gradadmissions",19
hohotun28,2153,small_community,8
MnvJsN,1480,"csMajors, PhD, ApplyingToCollege, AskAcademia, gradadmissions",18
Competitive-Cash-909,1480,"csMajors, PhD, ApplyingToCollege, AskAcademia, gradadmissions",13
SocietyAcceptable910,2154,small_community,3
cremebrulee_ch,1601,"NoStupidQuestions, AskReddit, askswitzerland, AITAH, Switzerland",30
OutlandishnessHot0,-1,unassigned,1
no_worries_stay_cool,1480,"csMajors, PhD, ApplyingToCollege, AskAcademia, gradadmissions",14
Heavy_Landscape5874,-1,unassigned,3
pepestaja,1480,"csMajors, PhD, ApplyingToCollege, AskAcademia, gradadmissions",14
Former_Biologist,164,"interestingasfuck, Damnthatsinteresting, pics, mildlyinfuriating, facepalm",11
JaredM-C,1480,"csMajors, PhD, ApplyingToCollege, AskAcademia, gradadmissions",42
CommentSubstantial57,-1,unassigned,4
Open_Archer4312,2155,small_community,2
Confident-Ear6291,2156,small_community,3
Smart_Tell_5320,1480,"csMajors, PhD, ApplyingToCollege, AskAcademia, gradadmissions",40
Jazzlike_Spray330,1480,"csMajors, PhD, ApplyingToCollege, AskAcademia, gradadmissions",11
GoldenPunkBlue,164,"interestingasfuck, Damnthatsinteresting, pics, mildlyinfuriating, facepalm",78
Civil_Spare3988,-1,unassigned,1
PositiveMedicine4932,2157,small_community,2
Remarkable_Pool_1268,1480,"csMajors, PhD, ApplyingToCollege, AskAcademia, gradadmissions",14
Visible-Design4180,2158,small_community,3
Smarmellatissimoide,1601,"NoStupidQuestions, AskReddit, askswitzerland, AITAH, Switzerland",11
Formal_Diamond_5282,1480,"csMajors, PhD, ApplyingToCollege, AskAcademia, gradadmissions",4
Ananke_Aletheia,-1,unassigned,1
cosmiclatte28,2159,small_community,2
Signal_Radish_5895,-1,unassigned,1
eltoni800a,1480,"csMajors, PhD, ApplyingToCollege, AskAcademia, gradadmissions",10
DeviceLopsided6722,-1,unassigned,1
Luc1fer7777,1480,"csMajors, PhD, ApplyingToCollege, AskAcademia, gradadmissions",19
gxrochii,-1,unassigned,3
annoying-aphid,2160,small_community,2
drad0om,-1,unassigned,1
Evening-West-9114,1480,"csMajors, PhD, ApplyingToCollege, AskAcademia, gradadmissions",5
asanzra,2161,small_community,6
Sakurazukamori1,1601,"NoStupidQuestions, AskReddit, askswitzerland, AITAH, Switzerland",93
Ok_Cat9873,1480,"csMajors, PhD, ApplyingToCollege, AskAcademia, gradadmissions",14
Soggy-Repair-5926,-1,unassigned,1
Active-Charity3239,-1,unassigned,1
justme__________,-1,unassigned,1
Imacommonman,2162,small_community,2
Crafty_Signal_6936,2163,small_community,5
Apart-Combination229,2164,small_community,4
Smoophye,1480,"csMajors, PhD, ApplyingToCollege, AskAcademia, gradadmissions",14
Profjoa,-1,unassigned,1
SuspiciousSkydiver,1525,"de, Studium, Finanzen, Ratschlag, germany",9
Agile_Sundae6993,-1,unassigned,1
UnreadyIce,1559,"Universitaly, ItaliaPersonalFinance, CasualIT, Italia, ItaliaCareerAdvice",19
stoiciste,-1,unassigned,1
Silent_Pilot_3905,2165,small_community,3
thriceuponadime,-1,unassigned,5
Salty_Educator_9797,2166,small_community,2
bias_e_dubbi,2167,small_community,4
Holiday_Ambition_256,1480,"csMajors, PhD, ApplyingToCollege, AskAcademia, gradadmissions",4
Illustrious-Cake-927,-1,unassigned,1
YoghurtTerrible1005,2168,small_community,3
Fancy-Camp4535,-1,unassigned,2
Realistic_Fix_7649,-1,unassigned,2
Holy__Hephaestus,2169,small_community,4
Head-Temperature9884,-1,unassigned,1
roxymusic123,-1,unassigned,1
Alarmed-Professor154,2170,small_community,5
Potential_One4227,2171,small_community,5
AssassiKnight,1480,"csMajors, PhD, ApplyingToCollege, AskAcademia, gradadmissions",11
Main-Ad-9123,-1,unassigned,2
International_Tap699,1480,"csMajors, PhD, ApplyingToCollege, AskAcademia, gradadmissions",6
dc862,-1,unassigned,2
Expert-Fun4159,2172,small_community,2
giulizap,2173,small_community,3
Top-Marionberry5641,-1,unassigned,1
Odd_Restaurant_2913,2174,small_community,2
Impressive_Box_9544,2175,small_community,4
freemilfs,164,"interestingasfuck, Damnthatsinteresting, pics, mildlyinfuriating, facepalm",26
reactraid,2176,small_community,2
dwindling_,2177,small_community,3
Lord_of_the_catsII,1601,"NoStupidQuestions, AskReddit, askswitzerland, AITAH, Switzerland",10
Western-Credit-7737,-1,unassigned,1
alairnok,-1,unassigned,1
agasi_,164,"interestingasfuck, Damnthatsinteresting, pics, mildlyinfuriating, facepalm",25
Nervous-Night6792,-1,unassigned,1
Ilosc,1559,"Universitaly, ItaliaPersonalFinance, CasualIT, Italia, ItaliaCareerAdvice",46
SailLolla,2178,small_community,3
CommissionHaunting51,2179,small_community,3
Outrageous-Video257,2180,small_community,4
Skoop8,-1,unassigned,2
AnnaM4,-1,unassigned,2
Pierro_le_17,1480,"csMajors, PhD, ApplyingToCollege, AskAcademia, gradadmissions",16
Green-Carpet-5246,-1,unassigned,1
Grand-Hovercraft5657,-1,unassigned,1
Few-Library3691,-1,unassigned,1
Creative-Name-7504,2181,small_community,13
Easy-Maybe5503,-1,unassigned,1
Commercial_Bad_4310,2182,small_community,3
Beautiful-Minimum-58,1601,"NoStupidQuestions, AskReddit, askswitzerland, AITAH, Switzerland",27
williamlee_tpe,2183,small_community,2
Business-Position-38,2184,small_community,2
GiacAlex,-1,unassigned,2
Hungry-Assignment-42,-1,unassigned,1
CerberusTick,2185,small_community,4
According_Number_881,2186,small_community,3
Low-Relationship6865,1480,"csMajors, PhD, ApplyingToCollege, AskAcademia, gradadmissions",19
Last_Proposal8553,-1,unassigned,1
SeaworthinessKnown21,-1,unassigned,1
Buffalo_Brains,1480,"csMajors, PhD, ApplyingToCollege, AskAcademia, gradadmissions",8
swag4h,-1,unassigned,1
Prestigious_Let7624,-1,unassigned,1
Sea_Opening7660,-1,unassigned,1
EchoItchy8572,-1,unassigned,1
vmer1102,2187,small_community,11
i_peed_in_the_bottle,-1,unassigned,3
Historical-Heart-659,-1,unassigned,3
Warm_Bird620,-1,unassigned,1
Frosty-Intention-987,1480,"csMajors, PhD, ApplyingToCollege, AskAcademia, gradadmissions",6
Emotional-Ad-552,1480,"csMajors, PhD, ApplyingToCollege, AskAcademia, gradadmissions",28
DeadZombie14372,1480,"csMajors, PhD, ApplyingToCollege, AskAcademia, gradadmissions",17
astro_nought,-1,unassigned,1
Proud_Register4238,-1,unassigned,3
okiedokiye,-1,unassigned,2
Technical_Bison_5741,2188,small_community,2
Prize_Rent8195,2189,small_community,8
Ericastella,1525,"de, Studium, Finanzen, Ratschlag, germany",37
Hopeful-Court-9173,1525,"de, Studium, Finanzen, Ratschlag, germany",13
Brilliant-Volume6449,-1,unassigned,1
Classic_Ground_1440,-1,unassigned,2
PieTime7970,-1,unassigned,1
Foreign-Bison-7826,1480,"csMajors, PhD, ApplyingToCollege, AskAcademia, gradadmissions",7
Human_Bee9406,-1,unassigned,1
Parking_Language_714,1480,"csMajors, PhD, ApplyingToCollege, AskAcademia, gradadmissions",9
LastRemainingName,1480,"csMajors, PhD, ApplyingToCollege, AskAcademia, gradadmissions",16
FabulousWorking698,-1,unassigned,1
Impossible_Injury878,2190,small_community,2
Subject_Caregiver290,2191,small_community,5
Dismal_Gur9934,1480,"csMajors, PhD, ApplyingToCollege, AskAcademia, gradadmissions",14
NarrowB1,-1,unassigned,1
GoingMind3813,-1,unassigned,1
SufficientFuture3110,2192,small_community,2
dryesx,1480,"csMajors, PhD, ApplyingToCollege, AskAcademia, gradadmissions",22
No-Huckleberry5274,-1,unassigned,7
bartukon,2193,small_community,3
BoletusE,-1,unassigned,1
ButterflyMajestic193,2194,small_community,3
Independent_Bag_9577,-1,unassigned,1
darkdragontrx,2195,small_community,2
External_Number_6843,-1,unassigned,1
HotPicture5821,1480,"csMajors, PhD, ApplyingToCollege, AskAcademia, gradadmissions",19
CommercialMain274,-1,unassigned,1
Dapper_Physics182,2196,small_community,3
Successful_Farm_9370,1480,"csMajors, PhD, ApplyingToCollege, AskAcademia, gradadmissions",35
GuptaPrateeek,1480,"csMajors, PhD, ApplyingToCollege, AskAcademia, gradadmissions",25
Positive_Plane_2024,164,"interestingasfuck, Damnthatsinteresting, pics, mildlyinfuriating, facepalm",27
Own-Object-2394,-1,unassigned,3
Fantastic-Award-8263,2197,small_community,2
PainterSuper4797,1480,"csMajors, PhD, ApplyingToCollege, AskAcademia, gradadmissions",11
Present_Constant_761,-1,unassigned,1
FoxMaterial3517,1480,"csMajors, PhD, ApplyingToCollege, AskAcademia, gradadmissions",23
shally5,2198,small_community,3
Optimal-Lecture-7468,-1,unassigned,1
swiss_chocolate_wand,1480,"csMajors, PhD, ApplyingToCollege, AskAcademia, gradadmissions",7
marceline_thev,-1,unassigned,1
pauliuszas,2199,small_community,13
UnoriginalClimber,-1,unassigned,3
230904,2200,small_community,4
denisiurek,2201,small_community,4
Spare_Fishing_2375,-1,unassigned,1
UnfairBreakfast9858,2202,small_community,4
Pretend-Violinist-22,-1,unassigned,2
SnooPaintings1335,1601,"NoStupidQuestions, AskReddit, askswitzerland, AITAH, Switzerland",12
Confi_2004,-1,unassigned,1
Elegant-Session-9771,2203,small_community,6
Dependent_Boss_9500,2204,small_community,3
Green_Soft9618,-1,unassigned,1
Equivalent-Wait6643,-1,unassigned,1
AccomplishedTaro2286,164,"interestingasfuck, Damnthatsinteresting, pics, mildlyinfuriating, facepalm",16
PrettyMode966,-1,unassigned,1
Careless-Fig6682,2205,small_community,2
lilhobbsn,2206,small_community,4
RuinsOfGondolin,2207,small_community,2
MrGibbs51,1480,"csMajors, PhD, ApplyingToCollege, AskAcademia, gradadmissions",21
Mr_M_0,-1,unassigned,1
Pie-Puzzled,1480,"csMajors, PhD, ApplyingToCollege, AskAcademia, gradadmissions",7
runawaypotter,-1,unassigned,3
Significant_Taro_690,1601,"NoStupidQuestions, AskReddit, askswitzerland, AITAH, Switzerland",53
FitFaithlessness7877,1480,"csMajors, PhD, ApplyingToCollege, AskAcademia, gradadmissions",39
shhio2090,1480,"csMajors, PhD, ApplyingToCollege, AskAcademia, gradadmissions",25
Normal_Scarcity_6411,-1,unassigned,1
Straight-Visit-3139,2208,small_community,6
No_Temperature8234,1525,"de, Studium, Finanzen, Ratschlag, germany",93
Lilmadysan,2209,small_community,2
ComfortableSupport33,-1,unassigned,3
Professional-Trip797,-1,unassigned,2
Reset60,-1,unassigned,1
JuniorSpecific8415,2210,small_community,4
Electrical_Seesaw_64,2211,small_community,2
Head_Grade701,2212,small_community,2
ArgumentZestyclose62,1601,"NoStupidQuestions, AskReddit, askswitzerland, AITAH, Switzerland",60
Salt-Treacle9131,2213,small_community,2
BeautifulEntrance176,1480,"csMajors, PhD, ApplyingToCollege, AskAcademia, gradadmissions",5
55CancriAe,-1,unassigned,1
FineCelery6796,164,"interestingasfuck, Damnthatsinteresting, pics, mildlyinfuriating, facepalm",8
DankKid2410,1480,"csMajors, PhD, ApplyingToCollege, AskAcademia, gradadmissions",24
tschilpi,1480,"csMajors, PhD, ApplyingToCollege, AskAcademia, gradadmissions",18
Just_Living_1830,-1,unassigned,5
Jealous_Shopping_769,-1,unassigned,1
candycane7,164,"interestingasfuck, Damnthatsinteresting, pics, mildlyinfuriating, facepalm",124
Bendeguz06,164,"interestingasfuck, Damnthatsinteresting, pics, mildlyinfuriating, facepalm",7
QuinqueIs-GIyph-I728,1480,"csMajors, PhD, ApplyingToCollege, AskAcademia, gradadmissions",70
ReplacementDue7802,-1,unassigned,1
Orange_Oriole,-1,unassigned,2
filicst,2214,small_community,2
Litty_Clitty_420,2215,small_community,3
Traditional_Care1130,1480,"csMajors, PhD, ApplyingToCollege, AskAcademia, gradadmissions",13
FalconEfficient76,2216,small_community,3
Past_Proposal6586,-1,unassigned,1
Broad_Spring_2390,-1,unassigned,2
CompetitiveBerry7524,-1,unassigned,1
InternalCurrency7993,164,"interestingasfuck, Damnthatsinteresting, pics, mildlyinfuriating, facepalm",32
SmartCookie_32,-1,unassigned,1
SpecialistMirror1502,-1,unassigned,1
SignalSea2214,2217,small_community,2
Marl0c,-1,unassigned,1
Qu4ntum2,-1,unassigned,1
DanishBagel123,164,"interestingasfuck, Damnthatsinteresting, pics, mildlyinfuriating, facepalm",39
EliteStryker02,1480,"csMajors, PhD, ApplyingToCollege, AskAcademia, gradadmissions",7
No-Quarter-6630,-1,unassigned,1
ft-melodies,2218,small_community,6
Level_Poem9368,-1,unassigned,2
NotYetPerfect,1480,"csMajors, PhD, ApplyingToCollege, AskAcademia, gradadmissions",140
No-Significance-7068,2219,small_community,4
whaaathoo,2220,small_community,5
WarAppropriate596,2221,small_community,6
Commercial-Clothes45,-1,unassigned,1
Which_Veterinarian82,2222,small_community,8
yanalla,-1,unassigned,2
Expert-Purchase3584,1601,"NoStupidQuestions, AskReddit, askswitzerland, AITAH, Switzerland",8
GuiltyBrilliant4425,2223,small_community,2
leo_AB1,-1,unassigned,1
Virtual-End1827,1480,"csMajors, PhD, ApplyingToCollege, AskAcademia, gradadmissions",123
Chelik1320,-1,unassigned,1
Icy-Salamander-6290,2224,small_community,2
Puzzleheaded_Role173,2225,small_community,8
No_Panda_6744,-1,unassigned,1
Pingu_314,-1,unassigned,1
No-Push-8166,-1,unassigned,3
Pretty_Ambassador746,2226,small_community,8
Any-Actuator-1717,-1,unassigned,3
Top-Age-4949,2227,small_community,6
Inevitable_Box1773,-1,unassigned,1
Aufstehn_CH,2228,small_community,9
Far-Total2951,1480,"csMajors, PhD, ApplyingToCollege, AskAcademia, gradadmissions",11
Ok-Firefighter7237,1525,"de, Studium, Finanzen, Ratschlag, germany",15
Antique-Type-9788,-1,unassigned,1
TimeGrapefruit4999,-1,unassigned,1
Packman-2022,2229,small_community,3
SpecialTurnip9198,2230,small_community,10
Embarrassed-List9672,2231,small_community,13
Low-Possibility-5850,2232,small_community,2
Hot-Friendship6485,1480,"csMajors, PhD, ApplyingToCollege, AskAcademia, gradadmissions",31
Confident_Contest708,-1,unassigned,1
No-Apricot2442,1480,"csMajors, PhD, ApplyingToCollege, AskAcademia, gradadmissions",10
TranslatorPure3114,2233,small_community,2
Infamous_Surround_82,-1,unassigned,2
dkav1999,2234,small_community,12
BlackShadowv,1480,"csMajors, PhD, ApplyingToCollege, AskAcademia, gradadmissions",20
Fabulous-Thought5242,1480,"csMajors, PhD, ApplyingToCollege, AskAcademia, gradadmissions",33
CalmIllustrator6076,2235,small_community,3
sparkles200321,1480,"csMajors, PhD, ApplyingToCollege, AskAcademia, gradadmissions",15
EnvironmentalPut1838,164,"interestingasfuck, Damnthatsinteresting, pics, mildlyinfuriating, facepalm",17
Many_Reputation9699,-1,unassigned,1
Miserable_Gur_5314,1601,"NoStupidQuestions, AskReddit, askswitzerland, AITAH, Switzerland",42
human_or_whateva,1480,"csMajors, PhD, ApplyingToCollege, AskAcademia, gradadmissions",94
ronniexxxx,-1,unassigned,1
Adventurous_Bear7433,1480,"csMajors, PhD, ApplyingToCollege, AskAcademia, gradadmissions",9
Accomplished_Emu6523,2236,small_community,2
Successful-Place-352,-1,unassigned,1
Weak_Success_6769,-1,unassigned,1
Spirited_Durian7519,-1,unassigned,1
ACAir56,-1,unassigned,4
GrumpyKittyyy,-1,unassigned,1
Forsaken8194,-1,unassigned,1
Ok-Trip-5255,-1,unassigned,1
Top_Praline_8591,-1,unassigned,1
Equivalent-Essay9641,2237,small_community,3
Madeleine_Eye,-1,unassigned,1
Present-Hall-9989,-1,unassigned,3
Round_Campaign_4394,2238,small_community,8
Rich_Foundation_1811,-1,unassigned,1
rhumple4skin,1601,"NoStupidQuestions, AskReddit, askswitzerland, AITAH, Switzerland",19
AttemptBeneficial836,2239,small_community,5
2Bitter4Cola,2240,small_community,2
SaraIbr,1601,"NoStupidQuestions, AskReddit, askswitzerland, AITAH, Switzerland",15
Heavy_Information624,2241,small_community,5
Medium_Vegetable_737,-1,unassigned,6
Particular-Bag-3952,2242,small_community,3
Capital-Addition-257,-1,unassigned,4
missdels,-1,unassigned,1
Shalduz,1480,"csMajors, PhD, ApplyingToCollege, AskAcademia, gradadmissions",36
madridguy15,1480,"csMajors, PhD, ApplyingToCollege, AskAcademia, gradadmissions",19
ignobled,2243,small_community,3
Extension_Fold_4200,1480,"csMajors, PhD, ApplyingToCollege, AskAcademia, gradadmissions",62
Confident-Spring3713,-1,unassigned,1
Brief-Library9993,164,"interestingasfuck, Damnthatsinteresting, pics, mildlyinfuriating, facepalm",19
Salty-Mixture5427,1480,"csMajors, PhD, ApplyingToCollege, AskAcademia, gradadmissions",6
AikoZen,-1,unassigned,1
TrickyRaise9306,1480,"csMajors, PhD, ApplyingToCollege, AskAcademia, gradadmissions",25
Saturnox,2244,small_community,3
xxiec,-1,unassigned,1
viewerinc,-1,unassigned,2
Imaginary-Cattle-977,2245,small_community,2
No-Weekend5035,2246,small_community,2
nala_1454,164,"interestingasfuck, Damnthatsinteresting, pics, mildlyinfuriating, facepalm",12
Ok-Share3245,-1,unassigned,1
Witty-Scratch7699,-1,unassigned,1
Budget-Pin6339,2247,small_community,6
erpo46,2248,small_community,2
bskp,2249,small_community,2
Cenzo98,1480,"csMajors, PhD, ApplyingToCollege, AskAcademia, gradadmissions",11
OkRecommendation9795,2250,small_community,3
Responsible_Peach2,2251,small_community,5
Fresh-Classic-5312,1480,"csMajors, PhD, ApplyingToCollege, AskAcademia, gradadmissions",10
Global_Weight897,1480,"csMajors, PhD, ApplyingToCollege, AskAcademia, gradadmissions",9
curious_red_00,2252,small_community,4
Lazorwastaken,-1,unassigned,1
IceGami,2253,small_community,4
Zoldyck_J,1480,"csMajors, PhD, ApplyingToCollege, AskAcademia, gradadmissions",16
TenseOcean82,2254,small_community,2
humdedumde,1480,"csMajors, PhD, ApplyingToCollege, AskAcademia, gradadmissions",4
SignificanceWild9658,2255,small_community,3
Sufficient-Abroad942,1480,"csMajors, PhD, ApplyingToCollege, AskAcademia, gradadmissions",11
Top-Platform8890,2256,small_community,3
yankikiran,2257,small_community,5
SingleSugar4730,-1,unassigned,1
jromerdi7,2258,small_community,2
No-Breakfast-517,-1,unassigned,2
Adorable-Creme-9308,-1,unassigned,1
Technical-Word-34,-1,unassigned,1
glfmn,2259,small_community,2
LanguageKnown4577,-1,unassigned,1
Ok_Peanut_2065,-1,unassigned,1
Santschy,-1,unassigned,1
gaidajj,2260,small_community,3
LaPireDBenedictions,2261,small_community,6
Pond_sniffer,2262,small_community,4
Jayaditya_02,1480,"csMajors, PhD, ApplyingToCollege, AskAcademia, gradadmissions",9
Objective_Race4859,2263,small_community,2
No_Cardiologist7609,1480,"csMajors, PhD, ApplyingToCollege, AskAcademia, gradadmissions",7
Sufficient_Event2585,2264,small_community,2
noscofe,-1,unassigned,2
Scared_Ad8943,-1,unassigned,1
Proof-Yam-5877,1601,"NoStupidQuestions, AskReddit, askswitzerland, AITAH, Switzerland",60
ResponsibleBunch521,1480,"csMajors, PhD, ApplyingToCollege, AskAcademia, gradadmissions",7
Dependent-Feed-1903,1480,"csMajors, PhD, ApplyingToCollege, AskAcademia, gradadmissions",42
Spiritual-Coast6351,-1,unassigned,1
Beautiful-Pin-9193,2265,small_community,3
cat-day-rain6,2266,small_community,3
Ok-Ask-8256,1525,"de, Studium, Finanzen, Ratschlag, germany",4
chemrobstry,1480,"csMajors, PhD, ApplyingToCollege, AskAcademia, gradadmissions",8
Friendly_Cold1349,1480,"csMajors, PhD, ApplyingToCollege, AskAcademia, gradadmissions",32
nagy_orsoly,-1,unassigned,1
Mysterious-Field-746,-1,unassigned,1
Cool_Samoyed,1559,"Universitaly, ItaliaPersonalFinance, CasualIT, Italia, ItaliaCareerAdvice",41
Appropriate-Pitch-45,2267,small_community,3
Loose-Purchase-451,-1,unassigned,1
Ok_Perspective880,2268,small_community,3
Kitchen_Dot_7398,-1,unassigned,2
Particular-Engine213,-1,unassigned,2
Old-Relation-7614,1480,"csMajors, PhD, ApplyingToCollege, AskAcademia, gradadmissions",15
AmanChourasia,1525,"de, Studium, Finanzen, Ratschlag, germany",14
suinaara,-1,unassigned,1
Miserable-Brush6354,1559,"Universitaly, ItaliaPersonalFinance, CasualIT, Italia, ItaliaCareerAdvice",24
Acrobatic-Educator81,2269,small_community,5
Foldons,2270,small_community,3
Embarrassed-Win-8483,2271,small_community,4
Girlsareonreddit,1601,"NoStupidQuestions, AskReddit, askswitzerland, AITAH, Switzerland",15
SatisfactionFlaky219,2272,small_community,2
FriendshipOk4516,2273,small_community,4
Realistic_Video_5005,2274,small_community,2
Serendipity-5719,-1,unassigned,4
fidifudi,2275,small_community,4
Past_Abroad_6692,-1,unassigned,1
New-Recognition9461,-1,unassigned,1
Real_early_5791,1480,"csMajors, PhD, ApplyingToCollege, AskAcademia, gradadmissions",28
Mess-Present,-1,unassigned,2
Status-Tell-7728,2276,small_community,4
GT3D,2277,small_community,4
No-Map-3720,2278,small_community,2
Nearby_Forever_3881,2279,small_community,3
Other-Estimate-4159,-1,unassigned,1
Individual_Weird6344,2280,small_community,7
Unhappy-Belt9628,-1,unassigned,1
Jazzlike-Fondant1446,-1,unassigned,1
ycc-156,2281,small_community,4
ij78cp,1525,"de, Studium, Finanzen, Ratschlag, germany",35
zecepuhiyowes4e8a6d,2282,small_community,9
Difficult_Quote_4504,-1,unassigned,1
ConfidentRub6088,2283,small_community,2
roundbiggrape,-1,unassigned,1
HumongousFungihihi,164,"interestingasfuck, Damnthatsinteresting, pics, mildlyinfuriating, facepalm",46
_Alby_,2284,small_community,2
crocconnoisseur,-1,unassigned,1
InvestmentNew1655,1480,"csMajors, PhD, ApplyingToCollege, AskAcademia, gradadmissions",60
Illustrious_Test4739,1480,"csMajors, PhD, ApplyingToCollege, AskAcademia, gradadmissions",22
Dear-End8908,1601,"NoStupidQuestions, AskReddit, askswitzerland, AITAH, Switzerland",14
No-Application-5610,2285,small_community,5
Danzi_boi,2286,small_community,2
MrNiceGuyEBEB,1601,"NoStupidQuestions, AskReddit, askswitzerland, AITAH, Switzerland",168
Frequent_Office_6952,-1,unassigned,1
No_Advice760,-1,unassigned,1
Gam-erAnimation,1480,"csMajors, PhD, ApplyingToCollege, AskAcademia, gradadmissions",10
Substantial_Pie5803,2287,small_community,8
Special_Tourist_486,1601,"NoStupidQuestions, AskReddit, askswitzerland, AITAH, Switzerland",75
Regular_Middle_2258,2288,small_community,3
Key_Neighborhood9771,-1,unassigned,1
ResourceExtreme278,-1,unassigned,4
emabuell,-1,unassigned,1
nikolastojic,-1,unassigned,2
Strong_Talk_8316,-1,unassigned,1
zaichenkov,-1,unassigned,1
Other_Town5859,1601,"NoStupidQuestions, AskReddit, askswitzerland, AITAH, Switzerland",21
CompetitionFrosty504,-1,unassigned,1
wopwopchickenchicken,2289,small_community,2
advocadomarble,2290,small_community,7
BigOtherLurker,-1,unassigned,1
Consistent_Bite8864,-1,unassigned,2
tonyflyby,1601,"NoStupidQuestions, AskReddit, askswitzerland, AITAH, Switzerland",17
davidalvarezg,2291,small_community,2
Over_Performer7090,2292,small_community,3
Feisty-Lack6676,1525,"de, Studium, Finanzen, Ratschlag, germany",36
flairysky,1480,"csMajors, PhD, ApplyingToCollege, AskAcademia, gradadmissions",7
dwightpoldark,2293,small_community,3
HopefulEstate9421,-1,unassigned,1
alexandremeldem,2294,small_community,7
Active-Town3339,-1,unassigned,1
Far-Ad4490,2295,small_community,4
Unlucky_Kale_3454,1480,"csMajors, PhD, ApplyingToCollege, AskAcademia, gradadmissions",9
d3k0racja,-1,unassigned,1
alexrada,1480,"csMajors, PhD, ApplyingToCollege, AskAcademia, gradadmissions",194
No-Biscotti779,2296,small_community,2
daikajin,2297,small_community,4
DefiantPossession878,1601,"NoStupidQuestions, AskReddit, askswitzerland, AITAH, Switzerland",9
geosfirstlife,-1,unassigned,1
Different-Archer1874,-1,unassigned,1
Mountain_Stage_281,2298,small_community,5
glikofy,2299,small_community,2
Flat_Sandwich_8852,-1,unassigned,2
Sweet-Frosting4839,1480,"csMajors, PhD, ApplyingToCollege, AskAcademia, gradadmissions",120
azat007,-1,unassigned,1
throwaway361910,1480,"csMajors, PhD, ApplyingToCollege, AskAcademia, gradadmissions",5
alwaysascoldasice,-1,unassigned,4
Ok-Effort-4894,1601,"NoStupidQuestions, AskReddit, askswitzerland, AITAH, Switzerland",13
Ok_Specialist_8957,-1,unassigned,1
Professional-Cat3224,-1,unassigned,1
LSOMaker,1480,"csMajors, PhD, ApplyingToCollege, AskAcademia, gradadmissions",28
Bacil03,164,"interestingasfuck, Damnthatsinteresting, pics, mildlyinfuriating, facepalm",18
invincibleMB03,-1,unassigned,2
Ok-Place864,2300,small_community,6
Cruz-Sky-Walker,2301,small_community,5
Tight-Entertainer-36,2302,small_community,2
Similar-Sky9979,-1,unassigned,1
MindlessFeeling17,-1,unassigned,1
Firm_Lynx,2303,small_community,5
Simple-Day-5429,1480,"csMajors, PhD, ApplyingToCollege, AskAcademia, gradadmissions",12
yellowpolarbearman,164,"interestingasfuck, Damnthatsinteresting, pics, mildlyinfuriating, facepalm",27
pixeltrusts,164,"interestingasfuck, Damnthatsinteresting, pics, mildlyinfuriating, facepalm",98
Character-Month-1312,2304,small_community,6
loafmeister_,2305,small_community,5
gigamma01,2306,small_community,12
wh7676,-1,unassigned,1
polemass173,2307,small_community,3
BalTip,-1,unassigned,1
Left_Candle2269,-1,unassigned,1
New_Pay_4750,2308,small_community,2
Civil_Price2442,2309,small_community,2
ND3lle,2310,small_community,3
salva922,1480,"csMajors, PhD, ApplyingToCollege, AskAcademia, gradadmissions",61
Weekly_Piglet7379,-1,unassigned,1
Constant-Calendar-65,-1,unassigned,2
SuisoApp,2311,small_community,3
mango-affair,1601,"NoStupidQuestions, AskReddit, askswitzerland, AITAH, Switzerland",66
ustandnochance,1480,"csMajors, PhD, ApplyingToCollege, AskAcademia, gradadmissions",23
Relative_Bit9476,2312,small_community,6
aggromonkey34,2313,small_community,3
fangoX,-1,unassigned,1
Connect_Dentist_9323,2314,small_community,4
Randagio_Montano,1559,"Universitaly, ItaliaPersonalFinance, CasualIT, Italia, ItaliaCareerAdvice",21
Jumpy-Roll7386,1480,"csMajors, PhD, ApplyingToCollege, AskAcademia, gradadmissions",16
Character_Beach6241,-1,unassigned,1
Longjumping-Flight82,1480,"csMajors, PhD, ApplyingToCollege, AskAcademia, gradadmissions",8
Lumpy_Astronomer_211,-1,unassigned,1
Background_Pin_8292,-1,unassigned,1
Accomplished-Dust257,2315,small_community,4
Click_Narrow,-1,unassigned,2
Vanadium353,-1,unassigned,1
Unlikely-Recipe5580,2316,small_community,10
andWan,164,"interestingasfuck, Damnthatsinteresting, pics, mildlyinfuriating, facepalm",55
Rare_Lingonberry5517,2317,small_community,3
ATallSteve,1480,"csMajors, PhD, ApplyingToCollege, AskAcademia, gradadmissions",14
_thehobbit_,-1,unassigned,1
LostSession3959,-1,unassigned,1
Cool_Earth_2556,1480,"csMajors, PhD, ApplyingToCollege, AskAcademia, gradadmissions",11
No_Philosopher8610,2318,small_community,3
REDX0022,-1,unassigned,1
Good-Landscape-6888,2319,small_community,3
slxmo,2320,small_community,3
Ok-Chest3790,2321,small_community,4
realpocketchange,-1,unassigned,1
MarzipanNo9781,2322,small_community,7
bigorca88,2323,small_community,6
ReviewedOhio312,2324,small_community,4
Expert_Spread_3785,2325,small_community,2
Own-Bite-9304,1480,"csMajors, PhD, ApplyingToCollege, AskAcademia, gradadmissions",21
InformalEnd8337,2326,small_community,7
tonetdcb,2327,small_community,4
Witty_chad,2328,small_community,2
W_Badwater,-1,unassigned,1
zurrdynasty,2329,small_community,4
Background_Care561,1559,"Universitaly, ItaliaPersonalFinance, CasualIT, Italia, ItaliaCareerAdvice",8
Fit_Adhesiveness6772,2330,small_community,2
EngineerOk1916,-1,unassigned,1
Ok_Link_9241,-1,unassigned,1
Brilliant-Mission459,1480,"csMajors, PhD, ApplyingToCollege, AskAcademia, gradadmissions",8
Mericylove,-1,unassigned,1
FarCricket7169,-1,unassigned,1
A7eh,1480,"csMajors, PhD, ApplyingToCollege, AskAcademia, gradadmissions",7
NoIndependent8817,2331,small_community,3
Resident_Worker_8859,-1,unassigned,4
faidbang06,2332,small_community,4
Ok-Pear-8529,2333,small_community,7
General_Guisan,1525,"de, Studium, Finanzen, Ratschlag, germany",139
Feisty_Spend_1992,2334,small_community,41
Forward-Point-8656,-1,unassigned,2
Full-Camel7489,2335,small_community,3
Holiday-Figure7424,2336,small_community,3
Leather-Nebula1394,1601,"NoStupidQuestions, AskReddit, askswitzerland, AITAH, Switzerland",9
Sweaty-Particular-56,2337,small_community,3
Odd_Explanation3259,2338,small_community,4
shiny_lee,-1,unassigned,1
EUNEisAmeme,164,"interestingasfuck, Damnthatsinteresting, pics, mildlyinfuriating, facepalm",62
Top-Routine-9568,2339,small_community,4
Accomplished-Cap9309,1480,"csMajors, PhD, ApplyingToCollege, AskAcademia, gradadmissions",12
Impressive_Adagio497,-1,unassigned,1
Outside_Pilot_7542,-1,unassigned,1
Low-Yam7414,-1,unassigned,1
ReputationCorrect798,-1,unassigned,1
DasKapitalReaper,1480,"csMajors, PhD, ApplyingToCollege, AskAcademia, gradadmissions",14
External-Cheek7188,-1,unassigned,1
Able-Mistake8483,2340,small_community,3
Formal_Prior_3359,2341,small_community,2
j0e_mam4,-1,unassigned,2
Xiloxs,2342,small_community,3
ARUMI_Sun_Moon,164,"interestingasfuck, Damnthatsinteresting, pics, mildlyinfuriating, facepalm",31
Beautiful_Space9127,-1,unassigned,1
arthur_le_boss_75,1559,"Universitaly, ItaliaPersonalFinance, CasualIT, Italia, ItaliaCareerAdvice",15
Far-Mechanic9478,-1,unassigned,5
Spiritual-Plenty-20,-1,unassigned,2
QuoteRare739,2343,small_community,4
Environmental-Cry850,2344,small_community,4
23gnaixuy,1480,"csMajors, PhD, ApplyingToCollege, AskAcademia, gradadmissions",24
Visible_Tomato_5616,2345,small_community,4
Patryk_x,-1,unassigned,1
Equivalent-Teach8134,2346,small_community,3
JunketRemote654,-1,unassigned,1
NicoJuniori,2347,small_community,4
Ok-Airport2314,2348,small_community,2
Rextheguy95,2349,small_community,4
BellDry7705,-1,unassigned,2
Ecstatic_Cycle6029,2350,small_community,2
JuJuJuMa,1480,"csMajors, PhD, ApplyingToCollege, AskAcademia, gradadmissions",15
Flat-Ratio335,2351,small_community,6
Rio_1210,1480,"csMajors, PhD, ApplyingToCollege, AskAcademia, gradadmissions",7
coolcapture,2352,small_community,8
Scared-Wafer9702,-1,unassigned,1
BottledKeys,2353,small_community,3
Fast_Art_1481,-1,unassigned,1
R6Dawnbase,2354,small_community,3
sudoGodmode,-1,unassigned,1
CS_UGRAD24,1525,"de, Studium, Finanzen, Ratschlag, germany",12
ScalesGhost,1525,"de, Studium, Finanzen, Ratschlag, germany",70
Fabulous-Ostrich-422,-1,unassigned,1
ZaySaysHi,2355,small_community,5
SlingsAndArrows7871,1601,"NoStupidQuestions, AskReddit, askswitzerland, AITAH, Switzerland",95
Mountain_Eggplant720,2356,small_community,4
dunAskmewhoIam,-1,unassigned,2
Friendly_Flamingo409,1480,"csMajors, PhD, ApplyingToCollege, AskAcademia, gradadmissions",5
First_Suit8274,-1,unassigned,1
Acrobatic-Banana6167,-1,unassigned,2
Substantial-Dot6963,-1,unassigned,1
John_cages022,164,"interestingasfuck, Damnthatsinteresting, pics, mildlyinfuriating, facepalm",206
animesh101,2357,small_community,3
GruDaMinion,-1,unassigned,2
Stengelvonq,1480,"csMajors, PhD, ApplyingToCollege, AskAcademia, gradadmissions",23
waveboreale,1601,"NoStupidQuestions, AskReddit, askswitzerland, AITAH, Switzerland",9
helios44js,2358,small_community,6
deasil1234,-1,unassigned,1
Historical_Memory_21,-1,unassigned,1
Mobile-Release6862,1480,"csMajors, PhD, ApplyingToCollege, AskAcademia, gradadmissions",43
Gouzi00,164,"interestingasfuck, Damnthatsinteresting, pics, mildlyinfuriating, facepalm",291
spidersupe,1480,"csMajors, PhD, ApplyingToCollege, AskAcademia, gradadmissions",14
Night_Chips,2359,small_community,4
crazy-duck-2,1480,"csMajors, PhD, ApplyingToCollege, AskAcademia, gradadmissions",21
lycor_s,-1,unassigned,1
Accurate_Hedgehog172,-1,unassigned,1
yanishagen,1601,"NoStupidQuestions, AskReddit, askswitzerland, AITAH, Switzerland",13
bengalirepublican,1480,"csMajors, PhD, ApplyingToCollege, AskAcademia, gradadmissions",22
GodandLove,2360,small_community,6
principleofinaction,1480,"csMajors, PhD, ApplyingToCollege, AskAcademia, gradadmissions",35
GeekPerFreak,1480,"csMajors, PhD, ApplyingToCollege, AskAcademia, gradadmissions",5
sleepyslothzzz1,2361,small_community,2
alessandro_mate,-1,unassigned,1
Cultural_Garage9956,2362,small_community,5
Few_Needleworker_651,2363,small_community,5
Fun-Guava-4912,-1,unassigned,1
augusts8,1480,"csMajors, PhD, ApplyingToCollege, AskAcademia, gradadmissions",247
EfficientPeace8994,1480,"csMajors, PhD, ApplyingToCollege, AskAcademia, gradadmissions",22
Hopefully_smart,2364,small_community,2
Sanfeng766,1480,"csMajors, PhD, ApplyingToCollege, AskAcademia, gradadmissions",10
100WCharge,-1,unassigned,3
Pure-Magician-3703,2365,small_community,36
graduating_penguin,2366,small_community,2
MediumDraw1379,-1,unassigned,1
Different_Sale_4172,1480,"csMajors, PhD, ApplyingToCollege, AskAcademia, gradadmissions",21
Anonymous_BOSS,2367,small_community,3
beingfresh,2368,small_community,3
Due_Manufacturer8899,2369,small_community,4
Euphoric-Trouble-145,-1,unassigned,1
nikesoccer123,2370,small_community,2
Alex180689,1559,"Universitaly, ItaliaPersonalFinance, CasualIT, Italia, ItaliaCareerAdvice",67
marazkarasina,-1,unassigned,1
Wild_Historian8244,2371,small_community,3
WarZealousideal5088,2372,small_community,7
anonymouskaz4,2373,small_community,2
BananaPie1254TN,-1,unassigned,1
Mountain-Appeal4929,2374,small_community,2
HedgehogNaive8817,-1,unassigned,2
Happy_Term5133,2375,small_community,6
Fun-Point9122,-1,unassigned,2
AccomplishedEbb8619,1480,"csMajors, PhD, ApplyingToCollege, AskAcademia, gradadmissions",29
ana_bortion,1601,"NoStupidQuestions, AskReddit, askswitzerland, AITAH, Switzerland",45
DsarrayedPandemonium,1525,"de, Studium, Finanzen, Ratschlag, germany",32
Apprehensive_Tie_421,-1,unassigned,1
enadanadakutheinge,1480,"csMajors, PhD, ApplyingToCollege, AskAcademia, gradadmissions",7
Legitimate_Profile,1480,"csMajors, PhD, ApplyingToCollege, AskAcademia, gradadmissions",16
peach_poundcake,-1,unassigned,1
robotrobotth,-1,unassigned,1
Square_Whole4925,1601,"NoStupidQuestions, AskReddit, askswitzerland, AITAH, Switzerland",16
Sweaty_Kiwi_6475,-1,unassigned,1
sretss1212,-1,unassigned,1
trbf0,2376,small_community,3
RatioWonderful3772,-1,unassigned,1
Hely0s,2377,small_community,2
Super-Character8260,-1,unassigned,1
mahhny,-1,unassigned,1
notbmia,-1,unassigned,1
Ok_Efficiency8335,2378,small_community,2
No_Yogurtcloset_805,2379,small_community,3
startherecoach,1601,"NoStupidQuestions, AskReddit, askswitzerland, AITAH, Switzerland",16
AppearanceThen3755,2380,small_community,4
heapifythis,1480,"csMajors, PhD, ApplyingToCollege, AskAcademia, gradadmissions",6
MangoHairy8890,-1,unassigned,1
Background_Bass_2587,1480,"csMajors, PhD, ApplyingToCollege, AskAcademia, gradadmissions",28
Interesting-Net5976,-1,unassigned,1
proGramer31415,-1,unassigned,1
LopsidedOtter7410,-1,unassigned,1
papriqa,2381,small_community,6
Original-Earth5812,-1,unassigned,3
leena1234726,1480,"csMajors, PhD, ApplyingToCollege, AskAcademia, gradadmissions",6
Numerous_Use_9286,-1,unassigned,1
Carob-Calm,-1,unassigned,1
DatGuyOvaThea,1480,"csMajors, PhD, ApplyingToCollege, AskAcademia, gradadmissions",27
Ok_Hair7788,-1,unassigned,3
Charles1994CubanBoy,2382,small_community,15
neuropsych_bg,2383,small_community,2
piro_khursani,-1,unassigned,5
mrAccept,-1,unassigned,1
221bhouse,2384,small_community,13
Slight-Ad-1928,-1,unassigned,1
BuyerDangerous6784,-1,unassigned,1
Recent-Funny3709,1480,"csMajors, PhD, ApplyingToCollege, AskAcademia, gradadmissions",23
UrbanOrchid,2385,small_community,4
Imaginary_Adagio2040,1480,"csMajors, PhD, ApplyingToCollege, AskAcademia, gradadmissions",6
latterprofessor6,-1,unassigned,2
Commercial-Stage9721,-1,unassigned,1
Practical-Recipe9531,2386,small_community,2
adhithya_l,-1,unassigned,1
Patient_Result_9951,2387,small_community,2
retiredConfucius34,-1,unassigned,1
Chrotinelle,-1,unassigned,1
Mundane-Remote3470,-1,unassigned,1
Global-Assumption845,-1,unassigned,1
Master-Hornet-6178,-1,unassigned,2
Like_Science,-1,unassigned,1
Fuzzy-Paper6537,2388,small_community,3
realzauberer,-1,unassigned,1
eatingnarutosnoodles,164,"interestingasfuck, Damnthatsinteresting, pics, mildlyinfuriating, facepalm",71
Cultural_Praline_271,1480,"csMajors, PhD, ApplyingToCollege, AskAcademia, gradadmissions",17
Dry_Equipment2525,-1,unassigned,1
hadjer-imc-ibm,2389,small_community,2
simple_man_2026,2390,small_community,14
Odd-Post-5239,-1,unassigned,1
Otherwise_Wave9374,1480,"csMajors, PhD, ApplyingToCollege, AskAcademia, gradadmissions",8920
Civil-Shopping-903,1480,"csMajors, PhD, ApplyingToCollege, AskAcademia, gradadmissions",73
graceq2000,2391,small_community,3
Pleasant-Carbon,1525,"de, Studium, Finanzen, Ratschlag, germany",421
RBL213,2392,small_community,4
National-Apple-6953,-1,unassigned,2
Eastern_Pangolin5127,1480,"csMajors, PhD, ApplyingToCollege, AskAcademia, gradadmissions",22
cash_n17,1480,"csMajors, PhD, ApplyingToCollege, AskAcademia, gradadmissions",28
rrqxn,-1,unassigned,1
Pure_Tangelo5146,-1,unassigned,1
Fun-Independence-117,2393,small_community,5
AggravatingSwitch882,2394,small_community,4
Bobsch123,-1,unassigned,1
Ambitious-Cry9288,2395,small_community,10
Certain_Traffic_4868,-1,unassigned,1
Zestyclose_Twist_363,1480,"csMajors, PhD, ApplyingToCollege, AskAcademia, gradadmissions",10
AggravatingArmy111,2396,small_community,2
Dull-Bat-3984,-1,unassigned,2
Klutzy-Lime-4450,-1,unassigned,1
Q-Hack_2026,1480,"csMajors, PhD, ApplyingToCollege, AskAcademia, gradadmissions",28
Low_Satisfaction7333,-1,unassigned,1
ResidentConnection60,-1,unassigned,2
lloydtechno,2397,small_community,5
Novel_Trainer2514,-1,unassigned,1
Ok_Answer5027,2398,small_community,6
EccentricClassic3125,-1,unassigned,2
NoCollection1158,-1,unassigned,1
vibezong,2399,small_community,5
Healthy_Snow2418,-1,unassigned,1
Green_Daikon3257,-1,unassigned,1
Miserable_Forever_80,2400,small_community,2
Ekay314,-1,unassigned,2
No_Direction8650,2401,small_community,7
FryThemAll,2402,small_community,2
xman7212,-1,unassigned,1
normativecoder,1480,"csMajors, PhD, ApplyingToCollege, AskAcademia, gradadmissions",57
Complex_Tea_1244,1480,"csMajors, PhD, ApplyingToCollege, AskAcademia, gradadmissions",23
Middle-Reflection-44,-1,unassigned,1
smokje,2403,small_community,9
a_alatus,-1,unassigned,3
Soggy-Ad-7711,2404,small_community,2
spaghetti-code-fan,-1,unassigned,1
vel_xy,1480,"csMajors, PhD, ApplyingToCollege, AskAcademia, gradadmissions",7
RayRay2048,2405,small_community,3
Temporary-Anxiety539,1480,"csMajors, PhD, ApplyingToCollege, AskAcademia, gradadmissions",10
betonieraasfat,2406,small_community,6
Only_Complaint_215,2407,small_community,8
VGHugo,2408,small_community,4
unrelatedquestioner,2409,small_community,4
AncientShoe1731,-1,unassigned,3
Technical-Artist-491,1480,"csMajors, PhD, ApplyingToCollege, AskAcademia, gradadmissions",6
Willing-Signal-9936,1480,"csMajors, PhD, ApplyingToCollege, AskAcademia, gradadmissions",78
Sea-Statistician9552,2410,small_community,2
Aromatic-Apricot-298,1480,"csMajors, PhD, ApplyingToCollege, AskAcademia, gradadmissions",5
According_Ordinary48,-1,unassigned,3
Equivalent_Ad_5339,-1,unassigned,1
Real-Fairy96,-1,unassigned,5
InstructionCertain21,2411,small_community,3
Hot_Dragonfly_3278,2412,small_community,3
Sunil_Mr,2413,small_community,2
Flat-Care4486,-1,unassigned,3
TheHockyeEdemsa,-1,unassigned,1
Mr_Meringue,164,"interestingasfuck, Damnthatsinteresting, pics, mildlyinfuriating, facepalm",35
Hot_Health_1502,-1,unassigned,1
Standard-Way-4538,2414,small_community,3
voldinoo,-1,unassigned,1
beankylla,1601,"NoStupidQuestions, AskReddit, askswitzerland, AITAH, Switzerland",90
Reachingabittoohigh,2415,small_community,3
West-Low-1451,-1,unassigned,1
AutisticFurniture,2416,small_community,11
kimi444girl,1480,"csMajors, PhD, ApplyingToCollege, AskAcademia, gradadmissions",16
PaperPlane1403,2417,small_community,4
Legitimate-Ear-1002,-1,unassigned,1
Ok-Reputation-9777,2418,small_community,7
Kingfat173,2419,small_community,4
legend0102,1601,"NoStupidQuestions, AskReddit, askswitzerland, AITAH, Switzerland",20
Creative_Math_2909,2420,small_community,5
Distinct_Egg4365,1480,"csMajors, PhD, ApplyingToCollege, AskAcademia, gradadmissions",132
xinruihay,2421,small_community,13
Sensitive-Talk9616,1601,"NoStupidQuestions, AskReddit, askswitzerland, AITAH, Switzerland",67
Alert-Run6636,-1,unassigned,1
T-R-Bros,1525,"de, Studium, Finanzen, Ratschlag, germany",8
Ok-Nail9956,2422,small_community,3
Swimming_Bullfrog_23,-1,unassigned,5
Trick-Memory9952,-1,unassigned,1
Next-Building9784,-1,unassigned,1
Much-Usual453,2423,small_community,3
TakenSadFace,164,"interestingasfuck, Damnthatsinteresting, pics, mildlyinfuriating, facepalm",120
offbeat_orangutan,2424,small_community,3
Effective_Mango_7993,-1,unassigned,1
Better-Stay-8383,1480,"csMajors, PhD, ApplyingToCollege, AskAcademia, gradadmissions",22
ImpressionBoring7077,-1,unassigned,1
tortoisegirl25,-1,unassigned,3
stencillicnets,-1,unassigned,4
Ebreton2,164,"interestingasfuck, Damnthatsinteresting, pics, mildlyinfuriating, facepalm",52
YellowSpoofer,1480,"csMajors, PhD, ApplyingToCollege, AskAcademia, gradadmissions",21
NRABEH,-1,unassigned,2
_BsIngA_,1480,"csMajors, PhD, ApplyingToCollege, AskAcademia, gradadmissions",19
Puzzled_Paramedic225,-1,unassigned,1
Immediate_Lab_770,1480,"csMajors, PhD, ApplyingToCollege, AskAcademia, gradadmissions",6
m4triarch,2425,small_community,3
DeathStalker_11,1480,"csMajors, PhD, ApplyingToCollege, AskAcademia, gradadmissions",21
GioiaLeilaLio,1601,"NoStupidQuestions, AskReddit, askswitzerland, AITAH, Switzerland",67
slippery_pingus,2426,small_community,2
G4B7,-1,unassigned,3
Molteni-,1480,"csMajors, PhD, ApplyingToCollege, AskAcademia, gradadmissions",6
Extra_Job4057,-1,unassigned,1
Tough-Discussion-179,1480,"csMajors, PhD, ApplyingToCollege, AskAcademia, gradadmissions",8
italianjob16,164,"interestingasfuck, Damnthatsinteresting, pics, mildlyinfuriating, facepalm",35
PierSergioCaltabiano,1559,"Universitaly, ItaliaPersonalFinance, CasualIT, Italia, ItaliaCareerAdvice",28
Decent_Evening_1840,2427,small_community,2
OSM_Smiley,2428,small_community,5
ThePaleAleOntologist,-1,unassigned,2
Candid_Objective_648,1601,"NoStupidQuestions, AskReddit, askswitzerland, AITAH, Switzerland",31
NpbH14,-1,unassigned,1
These-Recording-8543,1480,"csMajors, PhD, ApplyingToCollege, AskAcademia, gradadmissions",9
TheDimilo,164,"interestingasfuck, Damnthatsinteresting, pics, mildlyinfuriating, facepalm",51
Individual_Use9968,-1,unassigned,1
