username,community_id,community_label,weighted_degree
Significant_Ad_3918,1480,"csMajors, PhD, ApplyingToCollege, AskAcademia, gradadmissions",0.2339
AdEastern6906,0,geneva,0
compassWorn,1480,"csMajors, PhD, ApplyingToCollege, AskAcademia, gradadmissions",0.445
stef_himself,1,"AITAH, bern",0
PhiDeltaChi,2,"BeAmazed, mildlyinfuriating, askswitzerland, Switzerland, zurich",0
Unhappy-Froyo8828,3,"Ratschlag, GradSchool, gradadmissions",0
larsie001,164,"interestingasfuck, Damnthatsinteresting, pics, mildlyinfuriating, facepalm",0.3502
Emotional-Share4461,1525,"de, Studium, Finanzen, Ratschlag, germany",7.2352
Ue-De-yeh,1559,"Universitaly, ItaliaPersonalFinance, CasualIT, Italia, ItaliaCareerAdvice",9.182
authentichooman,1480,"csMajors, PhD, ApplyingToCollege, AskAcademia, gradadmissions",2.9503
Valfaros,4,"antiwork, AITAH, SwissPersonalFinance, askswitzerland, Switzerland",0
Donthaveaphd,1480,"csMajors, PhD, ApplyingToCollege, AskAcademia, gradadmissions",0.0179
thesaltyanchovyyy,5,"HelpMeFind, zurich",0
Infamous-Pizzaman,1480,"csMajors, PhD, ApplyingToCollege, AskAcademia, gradadmissions",0.134
TheSquire8221,1601,"NoStupidQuestions, AskReddit, askswitzerland, AITAH, Switzerland",4.6646
Jolly-Victory441,164,"interestingasfuck, Damnthatsinteresting, pics, mildlyinfuriating, facepalm",66.7728
Schmackofatzke,1525,"de, Studium, Finanzen, Ratschlag, germany",22.4461
dath_bane,1525,"de, Studium, Finanzen, Ratschlag, germany",26.705
Ok_Application4371,6,askswitzerland,0
laooomo,7,"Switzerland, zurich",0
sonofszyslak,8,"Aliexpress, ireland, askswitzerland, Switzerland",0
Fulltime_Capitalist,9,"Scams, csMajors",0
KilometresDavis12,10,"movies, schwiiz",0
girly-lady,1601,"NoStupidQuestions, AskReddit, askswitzerland, AITAH, Switzerland",25.1174
Legitimate_Clue8948,1480,"csMajors, PhD, ApplyingToCollege, AskAcademia, gradadmissions",3.0854
Waltekin,164,"interestingasfuck, Damnthatsinteresting, pics, mildlyinfuriating, facepalm",17.0015
Basic-Arachnid9233,1601,"NoStupidQuestions, AskReddit, askswitzerland, AITAH, Switzerland",3.493
FunkySnail19,164,"interestingasfuck, Damnthatsinteresting, pics, mildlyinfuriating, facepalm",53.3118
watchm8,11,"mit, cscareerquestions",0
Helvetia_1,1525,"de, Studium, Finanzen, Ratschlag, germany",1.0619
andris907,12,"Revolut, Bitcoin",0
StuffyDuckLover,1601,"NoStupidQuestions, AskReddit, askswitzerland, AITAH, Switzerland",16.1936
PenGeek030609,1480,"csMajors, PhD, ApplyingToCollege, AskAcademia, gradadmissions",0.0085
AlbatrossIcy5704,1525,"de, Studium, Finanzen, Ratschlag, germany",1.3599
Evoo4820,1480,"csMajors, PhD, ApplyingToCollege, AskAcademia, gradadmissions",2.7855
Subject_Elk_4762,1480,"csMajors, PhD, ApplyingToCollege, AskAcademia, gradadmissions",12.3906
Jininhok,13,"memes, formula1",0
Aywing,1480,"csMajors, PhD, ApplyingToCollege, AskAcademia, gradadmissions",19.969
East-Preference164,14,UIUC,0
Girlygabenpepe,15,"TwoXChromosomes, Austria, BUENZLI, AskReddit, askswitzerland",0
Babushka9,164,"interestingasfuck, Damnthatsinteresting, pics, mildlyinfuriating, facepalm",32.7638
Der_Lachsliebhaber,1480,"csMajors, PhD, ApplyingToCollege, AskAcademia, gradadmissions",21.4944
WrongSeaworthiness60,16,"euro2024, Physics",0
Gokudomatic,1601,"NoStupidQuestions, AskReddit, askswitzerland, AITAH, Switzerland",19.2151
Chinglaner,164,"interestingasfuck, Damnthatsinteresting, pics, mildlyinfuriating, facepalm",67.1563
LiJingQi,17,BeAmazed,0
GrumpyKungFu,1525,"de, Studium, Finanzen, Ratschlag, germany",16.3208
Substantial-Leg-9000,164,"interestingasfuck, Damnthatsinteresting, pics, mildlyinfuriating, facepalm",9.5664
45422201,1601,"NoStupidQuestions, AskReddit, askswitzerland, AITAH, Switzerland",0.6704
Coco_JuTo,164,"interestingasfuck, Damnthatsinteresting, pics, mildlyinfuriating, facepalm",11.547
Vegetable-Brother-31,18,"geneva, Studium",0
Antidigitalist,164,"interestingasfuck, Damnthatsinteresting, pics, mildlyinfuriating, facepalm",18.7435
Grouchy-Friend4235,1480,"csMajors, PhD, ApplyingToCollege, AskAcademia, gradadmissions",40.1653
beyond1980,1480,"csMajors, PhD, ApplyingToCollege, AskAcademia, gradadmissions",5.4403
Brilliant_Charge_608,19,"AskElectronics, ElectricalEngineering, askswitzerland, Switzerland",0
caslea94,1525,"de, Studium, Finanzen, Ratschlag, germany",1.9045
Sans_Moritz,1601,"NoStupidQuestions, AskReddit, askswitzerland, AITAH, Switzerland",37.1033
peculiar-meowie,1480,"csMajors, PhD, ApplyingToCollege, AskAcademia, gradadmissions",2.2914
EwoksAreAwesome,1525,"de, Studium, Finanzen, Ratschlag, germany",3.7257
PastInternational249,20,"GradSchool, gradadmissions",0
Accomplished_Bad_487,164,"interestingasfuck, Damnthatsinteresting, pics, mildlyinfuriating, facepalm",16.984
Bierculles,164,"interestingasfuck, Damnthatsinteresting, pics, mildlyinfuriating, facepalm",65.0232
Rebecca123457,1601,"NoStupidQuestions, AskReddit, askswitzerland, AITAH, Switzerland",3.3438
alepetitti,1480,"csMajors, PhD, ApplyingToCollege, AskAcademia, gradadmissions",0.1594
paulh0107,21,"ClashRoyale, soccer, MSCS, UofT, gradadmissions",0.544
Dance_Choice,22,"ObsidianMD, zurich",0
EntropicalIsland,1525,"de, Studium, Finanzen, Ratschlag, germany",0.5291
Mogreal,1601,"NoStupidQuestions, AskReddit, askswitzerland, AITAH, Switzerland",0.0831
Khyta,164,"interestingasfuck, Damnthatsinteresting, pics, mildlyinfuriating, facepalm",62.2681
Same_Wonder_2703,23,"Fire, SwissFIRE, SwissPersonalFinance, askswitzerland, Switzerland",0
ko_nuts,1480,"csMajors, PhD, ApplyingToCollege, AskAcademia, gradadmissions",26.2674
king_grifffin,24,embedded,0
Humble_Love2736,164,"interestingasfuck, Damnthatsinteresting, pics, mildlyinfuriating, facepalm",5.3774
rocknets,25,zurich,0
biglarrypoo,1601,"NoStupidQuestions, AskReddit, askswitzerland, AITAH, Switzerland",10.3476
Immediate-Outside572,26,"learnprogramming, EPFL, askswitzerland",0
Direct-Jackfruit-958,1601,"NoStupidQuestions, AskReddit, askswitzerland, AITAH, Switzerland",9.7748
Metapont1618,1525,"de, Studium, Finanzen, Ratschlag, germany",1.7281
NutellaHoden,1525,"de, Studium, Finanzen, Ratschlag, germany",1.9653
HelicopterNo9453,1525,"de, Studium, Finanzen, Ratschlag, germany",67.7362
Drio420,27,UnethicalLifeProTips,0
Many_Slice_9646,28,Watches,0
Realistic-Garage-369,29,"askswitzerland, Switzerland, zurich",0
Acrobatic_Shelter_96,30,"GRE, EPFL",0
attalgreg,1601,"NoStupidQuestions, AskReddit, askswitzerland, AITAH, Switzerland",7.592
languagestudent1546,1480,"csMajors, PhD, ApplyingToCollege, AskAcademia, gradadmissions",42.1743
xXGIMpL0rdXx,164,"interestingasfuck, Damnthatsinteresting, pics, mildlyinfuriating, facepalm",0.7276
Dede1751,1559,"Universitaly, ItaliaPersonalFinance, CasualIT, Italia, ItaliaCareerAdvice",1.6321
ethustler,31,"shittyaskscience, london, Imperial, SwissPersonalFinance",0
Srgaala,32,"mentalhealth, zurich",0
mokugres,1601,"NoStupidQuestions, AskReddit, askswitzerland, AITAH, Switzerland",1.1959
DirectionOther224,1480,"csMajors, PhD, ApplyingToCollege, AskAcademia, gradadmissions",1.0384
xAshenDemonx,33,"sciencememes, AITAH, mildlyinfuriating, Switzerland, zurich",0
rodrigo-benenson,1601,"NoStupidQuestions, AskReddit, askswitzerland, AITAH, Switzerland",48.1032
OkAlternative6515,34,gradadmissions,0
mayonnaise989,1480,"csMajors, PhD, ApplyingToCollege, AskAcademia, gradadmissions",0.9113
Colourful-Fish,35,askswitzerland,0
Upbeat_Hat1089,1559,"Universitaly, ItaliaPersonalFinance, CasualIT, Italia, ItaliaCareerAdvice",8.156
beeartic,1525,"de, Studium, Finanzen, Ratschlag, germany",10.6874
Ok-Abbreviations-938,36,"informatik, solotravel, Switzerland",0
FinanceAltTrow,1559,"Universitaly, ItaliaPersonalFinance, CasualIT, Italia, ItaliaCareerAdvice",8.5393
ToBe1357,1525,"de, Studium, Finanzen, Ratschlag, germany",19.6984
Feeling_Passenger815,164,"interestingasfuck, Damnthatsinteresting, pics, mildlyinfuriating, facepalm",1.0393
Tuscany_kangale564,1480,"csMajors, PhD, ApplyingToCollege, AskAcademia, gradadmissions",12.8743
nikxtaco,37,"universityofamsterdam, changemyview, MSCS, gradadmissions",0
fat-garfield,164,"interestingasfuck, Damnthatsinteresting, pics, mildlyinfuriating, facepalm",0.2026
therealRCKola,1480,"csMajors, PhD, ApplyingToCollege, AskAcademia, gradadmissions",0.2792
Belarnon,38,"interesting, cats, computerscience, BUENZLI, Switzerland",0
onil34,164,"interestingasfuck, Damnthatsinteresting, pics, mildlyinfuriating, facepalm",19.798
etan1,164,"interestingasfuck, Damnthatsinteresting, pics, mildlyinfuriating, facepalm",0.4018
TrickyEstate6128,39,"MITAdmissions, askswitzerland",0
Volameter,1601,"NoStupidQuestions, AskReddit, askswitzerland, AITAH, Switzerland",4.5729
Creative-Road-5293,164,"interestingasfuck, Damnthatsinteresting, pics, mildlyinfuriating, facepalm",77.0769
bl3achl4sagna,1601,"NoStupidQuestions, AskReddit, askswitzerland, AITAH, Switzerland",6.5848
tagpro_samuele,164,"interestingasfuck, Damnthatsinteresting, pics, mildlyinfuriating, facepalm",0.1729
BluebirdNo4405,40,Notion,0
EmeraldDream123,164,"interestingasfuck, Damnthatsinteresting, pics, mildlyinfuriating, facepalm",15.1459
gunslingerson,1525,"de, Studium, Finanzen, Ratschlag, germany",8.6412
Equivalent-Ad5185,1480,"csMajors, PhD, ApplyingToCollege, AskAcademia, gradadmissions",2.9241
hyperbrainer,1480,"csMajors, PhD, ApplyingToCollege, AskAcademia, gradadmissions",36.4878
studentqu,41,EPFL,0
Public-Parfait5769,42,"Lausanne, askswitzerland, zurich",0
CircleTool,1480,"csMajors, PhD, ApplyingToCollege, AskAcademia, gradadmissions",0.0366
wilrob2,1480,"csMajors, PhD, ApplyingToCollege, AskAcademia, gradadmissions",0.0077
Tall_Yogurtcloset797,43,tuwien,0
y_abdelaziz,164,"interestingasfuck, Damnthatsinteresting, pics, mildlyinfuriating, facepalm",2.3795
SomeGuyOnInternet7,164,"interestingasfuck, Damnthatsinteresting, pics, mildlyinfuriating, facepalm",11.8534
Elephant_pumpkin,1480,"csMajors, PhD, ApplyingToCollege, AskAcademia, gradadmissions",0.11
DoomedweArenow,44,meme,0
Chemical_Rebby17,45,zurich,0
nochilllll,46,samsung,0
Due_Astronomer_604,47,pcmasterrace,0
mrex778,1480,"csMajors, PhD, ApplyingToCollege, AskAcademia, gradadmissions",2.157
PalePianist7025,1525,"de, Studium, Finanzen, Ratschlag, germany",0.0702
HilariousMonkeys,48,github,0
Particular_Lion_1873,49,"csMajors, MSCS, gradadmissions",0
zeoreeves13,164,"interestingasfuck, Damnthatsinteresting, pics, mildlyinfuriating, facepalm",22.098
Moonwalking_Diogenes,50,"piano, askswitzerland",0
AtmosphereAny,51,Netherlands,0
Frozen_Yoghurt1204,52,Switzerland,0
Careless_Career_8467,53,"studytips, AskWomen, wien, askswitzerland, zurich",0
LockTheMoon,1559,"Universitaly, ItaliaPersonalFinance, CasualIT, Italia, ItaliaCareerAdvice",8.2571
Ok-Yellow5605,1480,"csMajors, PhD, ApplyingToCollege, AskAcademia, gradadmissions",0.2345
Wonder_human9225,1480,"csMajors, PhD, ApplyingToCollege, AskAcademia, gradadmissions",2.6045
_oscarstott,164,"interestingasfuck, Damnthatsinteresting, pics, mildlyinfuriating, facepalm",0.4697
SnooLobsters6170,54,"Harvard, QuantumComputing, gradadmissions",0
InThePanchine03,55,"oxforduni, gradadmissions",0
whatdoiknooow,1525,"de, Studium, Finanzen, Ratschlag, germany",29.4542
Outrageous_Spinach85,1480,"csMajors, PhD, ApplyingToCollege, AskAcademia, gradadmissions",3.1695
Emergency-Job4136,1601,"NoStupidQuestions, AskReddit, askswitzerland, AITAH, Switzerland",32.4592
4maxlhmn4,164,"interestingasfuck, Damnthatsinteresting, pics, mildlyinfuriating, facepalm",4.7579
ThrowayGigachad,1480,"csMajors, PhD, ApplyingToCollege, AskAcademia, gradadmissions",59.4365
Andromeda279,1601,"NoStupidQuestions, AskReddit, askswitzerland, AITAH, Switzerland",0.9411
neuronerd624,56,UZH,0
look1ngforheroes,57,"UZH, zurich",0
Intrepid_Challenge52,58,"malegrooming, ADHD",0
Hopeful_Ad9591,164,"interestingasfuck, Damnthatsinteresting, pics, mildlyinfuriating, facepalm",0.2306
s195t,59,mit,0
PlaneSpirited2507,60,"Switzerland, zurich",0
HeyImSwiss,164,"interestingasfuck, Damnthatsinteresting, pics, mildlyinfuriating, facepalm",54.512
LyraddarylGG,164,"interestingasfuck, Damnthatsinteresting, pics, mildlyinfuriating, facepalm",6.8176
KingKongGorillaKing,1480,"csMajors, PhD, ApplyingToCollege, AskAcademia, gradadmissions",0.0153
Me_K_Hell,1601,"NoStupidQuestions, AskReddit, askswitzerland, AITAH, Switzerland",38.4873
Fernando_III,1480,"csMajors, PhD, ApplyingToCollege, AskAcademia, gradadmissions",35.3688
Stomach_Academic,61,"ethtrader, germany",0
Genjo00,62,"factorio, Ticino",0
yummy_broccoli,1480,"csMajors, PhD, ApplyingToCollege, AskAcademia, gradadmissions",0.0164
Antique-Ticket-382,63,"ENGLISH, gradadmissions",0
thoangzr,64,"MachineLearning, gradadmissions, EPFL, askswitzerland, Switzerland",0
Athror,65,zurich,0
oppa_i_30,1525,"de, Studium, Finanzen, Ratschlag, germany",0.0666
SusannaDeV,66,UZH,0
davidTheEngineer,1480,"csMajors, PhD, ApplyingToCollege, AskAcademia, gradadmissions",0.0077
cocaine_and_h00kers,1480,"csMajors, PhD, ApplyingToCollege, AskAcademia, gradadmissions",0.019
Laertes1601,67,"CERN, ETHzurich",0
obviously_anal,1480,"csMajors, PhD, ApplyingToCollege, AskAcademia, gradadmissions",0.0054
SubstantialGap7335,1480,"csMajors, PhD, ApplyingToCollege, AskAcademia, gradadmissions",17.8894
divergence_of_curl,1480,"csMajors, PhD, ApplyingToCollege, AskAcademia, gradadmissions",3.1518
SpaceDebri,164,"interestingasfuck, Damnthatsinteresting, pics, mildlyinfuriating, facepalm",0.2424
Constant_Parsley_493,1525,"de, Studium, Finanzen, Ratschlag, germany",9.0788
Nick0805,164,"interestingasfuck, Damnthatsinteresting, pics, mildlyinfuriating, facepalm",0.693
BigMaraIppo,68,"soccer, Switzerland, zurich",0
Entire_Bill1804,1559,"Universitaly, ItaliaPersonalFinance, CasualIT, Italia, ItaliaCareerAdvice",5.315
Tomathor13,69,magicTCG,0
Tierriminator,70,"schwiiz, zurich",0
nudeice,71,UZH,0
IndicationOk5884,72,"MapPorn, UZH",0
SchoggiToeff,164,"interestingasfuck, Damnthatsinteresting, pics, mildlyinfuriating, facepalm",69.2296
IssaTrader,1480,"csMajors, PhD, ApplyingToCollege, AskAcademia, gradadmissions",18.6397
WorldML,164,"interestingasfuck, Damnthatsinteresting, pics, mildlyinfuriating, facepalm",27.9155
kenzoy0426,73,gradadmissions,0
BetaKa,1480,"csMajors, PhD, ApplyingToCollege, AskAcademia, gradadmissions",1.1432
f1u82ypd,1525,"de, Studium, Finanzen, Ratschlag, germany",11.4452
Singularitaet_,164,"interestingasfuck, Damnthatsinteresting, pics, mildlyinfuriating, facepalm",4.0819
WeWaagh,1525,"de, Studium, Finanzen, Ratschlag, germany",0.2806
ProRussianPlayer,74,zurich,0
miinouuu,164,"interestingasfuck, Damnthatsinteresting, pics, mildlyinfuriating, facepalm",2.52
Orillians,1480,"csMajors, PhD, ApplyingToCollege, AskAcademia, gradadmissions",2.8732
lost_leopard_,1480,"csMajors, PhD, ApplyingToCollege, AskAcademia, gradadmissions",0.2646
ale86ch,1601,"NoStupidQuestions, AskReddit, askswitzerland, AITAH, Switzerland",0.7878
vakulaboredofquora,75,"stanford, robotics, gradadmissions",0
aaarbeikop,76,"BreakUps, MachineLearning, UZH, zurich",0
Good_Winter7396,1480,"csMajors, PhD, ApplyingToCollege, AskAcademia, gradadmissions",4.0996
omnipresentzeus,1480,"csMajors, PhD, ApplyingToCollege, AskAcademia, gradadmissions",20.9021
MiekoOnReddit,77,"AskSerbia, europe",0
Empty-Suggestion-597,1480,"csMajors, PhD, ApplyingToCollege, AskAcademia, gradadmissions",3.9849
TheGratitudeBot,1480,"csMajors, PhD, ApplyingToCollege, AskAcademia, gradadmissions",49.2485
Iamexhausted2,78,"CleaningTips, Advice, Switzerland",0
OldRip7185,164,"interestingasfuck, Damnthatsinteresting, pics, mildlyinfuriating, facepalm",9.688
Temporary_Privacy,164,"interestingasfuck, Damnthatsinteresting, pics, mildlyinfuriating, facepalm",53.1023
ChouChou6300,1601,"NoStupidQuestions, AskReddit, askswitzerland, AITAH, Switzerland",18.117
General-Account-,1601,"NoStupidQuestions, AskReddit, askswitzerland, AITAH, Switzerland",0.5971
spctclr,164,"interestingasfuck, Damnthatsinteresting, pics, mildlyinfuriating, facepalm",4.0909
domijeri,79,"SkincareAddiction, askswitzerland",0
DVUZT,1525,"de, Studium, Finanzen, Ratschlag, germany",15.2108
Odd_Feeling_8021,80,"Universitaly, EPFL",0
WeaknessDistinct4618,1601,"NoStupidQuestions, AskReddit, askswitzerland, AITAH, Switzerland",16.7066
Easy-Echidna-7497,1480,"csMajors, PhD, ApplyingToCollege, AskAcademia, gradadmissions",14.8419
ChaonesJ,1139,"PedroPeepos, leagueoflegends, LeagueOfMemes, soccer, LegaladviceGerman",0.4442
Key_Ratio_2828,164,"interestingasfuck, Damnthatsinteresting, pics, mildlyinfuriating, facepalm",0.4057
boomersimpattack,164,"interestingasfuck, Damnthatsinteresting, pics, mildlyinfuriating, facepalm",18.0699
Colorpalette696,81,"AITAH, BUENZLI",0
7facetime7,164,"interestingasfuck, Damnthatsinteresting, pics, mildlyinfuriating, facepalm",0.4314
FailerOnBoard,1525,"de, Studium, Finanzen, Ratschlag, germany",2.1569
Fit-Conclusion-7579,1525,"de, Studium, Finanzen, Ratschlag, germany",2.6532
Wonderful-Edge-2883,82,"todayilearned, Switzerland, zurich",0
Limp_Pomelo_9773,83,EPFL,0
Actual_Nobody_7590,164,"interestingasfuck, Damnthatsinteresting, pics, mildlyinfuriating, facepalm",10.7808
Master-Ear-1558,84,zurich,0
NappingVolcano,85,Switzerland,0
penguinsontv,1480,"csMajors, PhD, ApplyingToCollege, AskAcademia, gradadmissions",9.4631
kriccs,86,zurich,0
Adorable_Knee959,87,IsraelPalestine,0
aaTONI,164,"interestingasfuck, Damnthatsinteresting, pics, mildlyinfuriating, facepalm",14.7379
jonarivado,88,Switzerland,0
Double_Sun2924,89,askswitzerland,0
percentage97,1601,"NoStupidQuestions, AskReddit, askswitzerland, AITAH, Switzerland",0.829
Jodyr-117,90,Helldivers,0
ffxx8811,1601,"NoStupidQuestions, AskReddit, askswitzerland, AITAH, Switzerland",1.9536
gitty7456,164,"interestingasfuck, Damnthatsinteresting, pics, mildlyinfuriating, facepalm",63.3324
Powerful_Pace_2597,91,BreakUps,0
andich,92,"schwiiz, zurich",0
WEAluka,164,"interestingasfuck, Damnthatsinteresting, pics, mildlyinfuriating, facepalm",35.1462
DesperateCake826,1601,"NoStupidQuestions, AskReddit, askswitzerland, AITAH, Switzerland",1.0306
Organic_Tradition820,1480,"csMajors, PhD, ApplyingToCollege, AskAcademia, gradadmissions",1.1965
IICatDestroyerII,164,"interestingasfuck, Damnthatsinteresting, pics, mildlyinfuriating, facepalm",29.1731
Severe-Elk-3993,93,"basel, europe, schwiiz, askswitzerland, Switzerland",0
LocalNightDrummer,1601,"NoStupidQuestions, AskReddit, askswitzerland, AITAH, Switzerland",36.626
Syvisaur,164,"interestingasfuck, Damnthatsinteresting, pics, mildlyinfuriating, facepalm",3.4715
amogus_guy1904,1480,"csMajors, PhD, ApplyingToCollege, AskAcademia, gradadmissions",0.2506
Gumphant,1525,"de, Studium, Finanzen, Ratschlag, germany",22.9473
masterkenobi31,1480,"csMajors, PhD, ApplyingToCollege, AskAcademia, gradadmissions",0.0037
bil-y,164,"interestingasfuck, Damnthatsinteresting, pics, mildlyinfuriating, facepalm",1.0971
elixirofsoup,94,"Anki, REU, EPFL",0
katatonikk,164,"interestingasfuck, Damnthatsinteresting, pics, mildlyinfuriating, facepalm",2.5587
ETHsurvivor,1601,"NoStupidQuestions, AskReddit, askswitzerland, AITAH, Switzerland",3.4456
Function-Diligent,164,"interestingasfuck, Damnthatsinteresting, pics, mildlyinfuriating, facepalm",0.6542
nodemon404,1480,"csMajors, PhD, ApplyingToCollege, AskAcademia, gradadmissions",0.0212
Eulercurie,1480,"csMajors, PhD, ApplyingToCollege, AskAcademia, gradadmissions",0.0054
WrathOfTheKressh,164,"interestingasfuck, Damnthatsinteresting, pics, mildlyinfuriating, facepalm",0.6267
nononeffervescent_ml,95,"StarWars, schweiz, Switzerland",0
Royal-Candidate7234,1480,"csMajors, PhD, ApplyingToCollege, AskAcademia, gradadmissions",0.6307
ParkingBite6357,1480,"csMajors, PhD, ApplyingToCollege, AskAcademia, gradadmissions",0.0085
FreshCandidate8108,164,"interestingasfuck, Damnthatsinteresting, pics, mildlyinfuriating, facepalm",0.5882
Feisty_Anywhere4422,164,"interestingasfuck, Damnthatsinteresting, pics, mildlyinfuriating, facepalm",4.5349
Tritiumoxid,1525,"de, Studium, Finanzen, Ratschlag, germany",0.3993
Ingonator2023,164,"interestingasfuck, Damnthatsinteresting, pics, mildlyinfuriating, facepalm",36.4054
no_underage_trading,1480,"csMajors, PhD, ApplyingToCollege, AskAcademia, gradadmissions",3.8924
SuggestionSimple1850,164,"interestingasfuck, Damnthatsinteresting, pics, mildlyinfuriating, facepalm",11.9551
heyheni,1601,"NoStupidQuestions, AskReddit, askswitzerland, AITAH, Switzerland",50.5472
Pitiful-Sector7975,96,"Handwerker, askswitzerland, Switzerland",0
Freezemoon,164,"interestingasfuck, Damnthatsinteresting, pics, mildlyinfuriating, facepalm",58.8527
Larynx_Austrene,164,"interestingasfuck, Damnthatsinteresting, pics, mildlyinfuriating, facepalm",0.7695
StefanFizyk,1480,"csMajors, PhD, ApplyingToCollege, AskAcademia, gradadmissions",3.4727
MyBeatifulFantasy,1601,"NoStupidQuestions, AskReddit, askswitzerland, AITAH, Switzerland",11.1149
barberousse1122,164,"interestingasfuck, Damnthatsinteresting, pics, mildlyinfuriating, facepalm",57.4092
imcompletelyhonest,97,"Advice, MachineLearning",0
Ok-Award-839,98,"OnePiece, MechanicalKeyboards, Italia, Switzerland",0
Poldi_7,1525,"de, Studium, Finanzen, Ratschlag, germany",1.328
Beltner,99,askswitzerland,0
ChevalBlanc1947,1480,"csMajors, PhD, ApplyingToCollege, AskAcademia, gradadmissions",28.4002
XH4869,100,"askgaybros, germany, EPFL",0
HomeGrownSilicone,101,"LocalLLaMA, BUENZLI",0
Striking-Desk-7345,102,"revancedapp, AskReddit",0
alphahighendpro,103,pchelp,0
Proper-Delivery-7120,1480,"csMajors, PhD, ApplyingToCollege, AskAcademia, gradadmissions",0.0067
Clean-Egg1905,104,macgaming,0
SignatureAdvanced916,105,"Italia, Universitaly",0
SamonBoulevard,1525,"de, Studium, Finanzen, Ratschlag, germany",1.0786
escasiyo,106,"askswitzerland, Switzerland, zurich",0
Afraid_Wave_2489,1601,"NoStupidQuestions, AskReddit, askswitzerland, AITAH, Switzerland",1.6319
__Reddidiot__,1601,"NoStupidQuestions, AskReddit, askswitzerland, AITAH, Switzerland",27.7956
webbs3,164,"interestingasfuck, Damnthatsinteresting, pics, mildlyinfuriating, facepalm",44.3595
Certain-Operation347,164,"interestingasfuck, Damnthatsinteresting, pics, mildlyinfuriating, facepalm",1.4807
ToxicCooper,164,"interestingasfuck, Damnthatsinteresting, pics, mildlyinfuriating, facepalm",40.8634
MajorTheSecond,107,soccer,0
Raupenpanzer,108,"deutschememes, 20hirnzelle, europe, BUENZLI, askswitzerland",0
R4spberryStr4wberry,1525,"de, Studium, Finanzen, Ratschlag, germany",9.1851
s_copypasta_bot,1480,"csMajors, PhD, ApplyingToCollege, AskAcademia, gradadmissions",60.7273
Prestigious-Pause-17,109,"ukraine, Netherlands",0
Gorzoid,164,"interestingasfuck, Damnthatsinteresting, pics, mildlyinfuriating, facepalm",6.326
team_analysis5,164,"interestingasfuck, Damnthatsinteresting, pics, mildlyinfuriating, facepalm",0.4128
MacBareth,164,"interestingasfuck, Damnthatsinteresting, pics, mildlyinfuriating, facepalm",66.3812
No-Novel-1192,110,"LMUMunich, Damnthatsinteresting, Advice, MapPorn, europe",0
PressureCold,111,gradadmissions,0
Jaded_Hair_2906,112,EPFL,0
Mexifyderstoehnt,164,"interestingasfuck, Damnthatsinteresting, pics, mildlyinfuriating, facepalm",0.8904
lefory538,113,EPFL,0
Financial-Read5053,1480,"csMajors, PhD, ApplyingToCollege, AskAcademia, gradadmissions",0.131
psanchi2,164,"interestingasfuck, Damnthatsinteresting, pics, mildlyinfuriating, facepalm",0.0584
Pael-eSports,164,"interestingasfuck, Damnthatsinteresting, pics, mildlyinfuriating, facepalm",4.2756
dimitriglaukon,164,"interestingasfuck, Damnthatsinteresting, pics, mildlyinfuriating, facepalm",34.6622
CHONO2-CH2ONO2-2,114,AskReddit,0
GaoHAQ,164,"interestingasfuck, Damnthatsinteresting, pics, mildlyinfuriating, facepalm",8.2014
Local_Explorer_595,1480,"csMajors, PhD, ApplyingToCollege, AskAcademia, gradadmissions",0.0286
Electronic_Special48,1601,"NoStupidQuestions, AskReddit, askswitzerland, AITAH, Switzerland",0.6503
Wrong-Adagio-511,1480,"csMajors, PhD, ApplyingToCollege, AskAcademia, gradadmissions",13.0848
Sad-Bit-2234,115,"f1visa, ApplyingToCollege, gradadmissions",0
wheregold,164,"interestingasfuck, Damnthatsinteresting, pics, mildlyinfuriating, facepalm",7.8103
Fa_well,116,Switzerland,0
whitehole_phy,1480,"csMajors, PhD, ApplyingToCollege, AskAcademia, gradadmissions",0.1847
CaptchasSuckAss,1601,"NoStupidQuestions, AskReddit, askswitzerland, AITAH, Switzerland",0.0816
2006boiii,117,college,0
Responsible-War-1179,164,"interestingasfuck, Damnthatsinteresting, pics, mildlyinfuriating, facepalm",58.8258
Senior_Juice5380,164,"interestingasfuck, Damnthatsinteresting, pics, mildlyinfuriating, facepalm",0.2151
hunterdayawife,1480,"csMajors, PhD, ApplyingToCollege, AskAcademia, gradadmissions",0.0486
allornkcor,164,"interestingasfuck, Damnthatsinteresting, pics, mildlyinfuriating, facepalm",0.6147
Simozzzo,1480,"csMajors, PhD, ApplyingToCollege, AskAcademia, gradadmissions",0.1594
lemonhead94,1480,"csMajors, PhD, ApplyingToCollege, AskAcademia, gradadmissions",0.0297
super_kami_1337,1480,"csMajors, PhD, ApplyingToCollege, AskAcademia, gradadmissions",0.1488
zombieslayer124,164,"interestingasfuck, Damnthatsinteresting, pics, mildlyinfuriating, facepalm",50.2862
asdfg_lkjh,1480,"csMajors, PhD, ApplyingToCollege, AskAcademia, gradadmissions",2.2919
gruengle,164,"interestingasfuck, Damnthatsinteresting, pics, mildlyinfuriating, facepalm",21.5722
ConsistentSpare7760,118,digitalnomad,0
Sorry_Warthog_4910,1601,"NoStupidQuestions, AskReddit, askswitzerland, AITAH, Switzerland",1.3996
lownerbeach,1480,"csMajors, PhD, ApplyingToCollege, AskAcademia, gradadmissions",6.7303
Classic_Indication10,1480,"csMajors, PhD, ApplyingToCollege, AskAcademia, gradadmissions",0.2461
Slayer10101,119,Switzerland,0
Miserable_Ad2265,120,CERN,0
ConversationKey8665,1480,"csMajors, PhD, ApplyingToCollege, AskAcademia, gradadmissions",0.0091
Japap_,1601,"NoStupidQuestions, AskReddit, askswitzerland, AITAH, Switzerland",6.0413
reddit_jasper,121,EPFL,0
Barrack_H_Obama_II,122,wallstreetbets,0
Front-Pollution-6673,164,"interestingasfuck, Damnthatsinteresting, pics, mildlyinfuriating, facepalm",0.73
Swiss-Smarties,1480,"csMajors, PhD, ApplyingToCollege, AskAcademia, gradadmissions",0.0097
Chiron_The_Archer,1601,"NoStupidQuestions, AskReddit, askswitzerland, AITAH, Switzerland",1.4124
EaseOdd5533,123,"CryptoCurrency, askswitzerland, zurich",0
Worried_Guarantee_98,1480,"csMajors, PhD, ApplyingToCollege, AskAcademia, gradadmissions",0.8338
anthunter7,164,"interestingasfuck, Damnthatsinteresting, pics, mildlyinfuriating, facepalm",2.141
HrGSch,1601,"NoStupidQuestions, AskReddit, askswitzerland, AITAH, Switzerland",3.0996
mbo25,1601,"NoStupidQuestions, AskReddit, askswitzerland, AITAH, Switzerland",13.1187
aviviel,164,"interestingasfuck, Damnthatsinteresting, pics, mildlyinfuriating, facepalm",5.6465
Ok_Association_9625,164,"interestingasfuck, Damnthatsinteresting, pics, mildlyinfuriating, facepalm",68.9355
Longjumping-Win6037,1601,"NoStupidQuestions, AskReddit, askswitzerland, AITAH, Switzerland",6.3154
tinatsh,124,"books, berkeley",0
Troste69,1559,"Universitaly, ItaliaPersonalFinance, CasualIT, Italia, ItaliaCareerAdvice",39.2346
Wise_whisper_,125,"changemyview, gradadmissions",0
AdvisorTechnical7732,126,TUDelft,0
Suitable_Anxiety208,1601,"NoStupidQuestions, AskReddit, askswitzerland, AITAH, Switzerland",36.3175
Altruistic_Map_4081,1559,"Universitaly, ItaliaPersonalFinance, CasualIT, Italia, ItaliaCareerAdvice",0.1342
WorthPersonalitys,1480,"csMajors, PhD, ApplyingToCollege, AskAcademia, gradadmissions",17.8496
JohnDonne2913,127,UZH,0
Old_Eggplant4934,128,UniUK,0
Worldly_Mango4543,129,"musicsuggestions, Advice",0
pixusnixus,164,"interestingasfuck, Damnthatsinteresting, pics, mildlyinfuriating, facepalm",0.8585
Such_Negotiation4683,130,"Tokyo, ProgrammerHumor, askswitzerland, Switzerland, zurich",0
Long-Piano1275,1601,"NoStupidQuestions, AskReddit, askswitzerland, AITAH, Switzerland",3.5746
jjjj_83,164,"interestingasfuck, Damnthatsinteresting, pics, mildlyinfuriating, facepalm",21.2812
AmbientOccluder38,1480,"csMajors, PhD, ApplyingToCollege, AskAcademia, gradadmissions",0.4467
MortgageAdventurous8,164,"interestingasfuck, Damnthatsinteresting, pics, mildlyinfuriating, facepalm",42.3269
Silentfoxy,131,Indians_StudyAbroad,0
R4pper1noStu,132,"languagelearning, German, EPFL",0
Dear_Bicycle_5741,133,"startups, learnmachinelearning, zurich",0
CompoteMysterious822,1601,"NoStupidQuestions, AskReddit, askswitzerland, AITAH, Switzerland",1.3062
m_shark,164,"interestingasfuck, Damnthatsinteresting, pics, mildlyinfuriating, facepalm",13.0928
Internal_Leke,1601,"NoStupidQuestions, AskReddit, askswitzerland, AITAH, Switzerland",27.7703
spike-spiegel92,1601,"NoStupidQuestions, AskReddit, askswitzerland, AITAH, Switzerland",13.1788
Background-Fish-8465,134,askswitzerland,0
Odd-Tomatillo4119,164,"interestingasfuck, Damnthatsinteresting, pics, mildlyinfuriating, facepalm",24.5555
hoang252,164,"interestingasfuck, Damnthatsinteresting, pics, mildlyinfuriating, facepalm",36.1926
Ant-One,164,"interestingasfuck, Damnthatsinteresting, pics, mildlyinfuriating, facepalm",1.2179
maronnadituttecose,1559,"Universitaly, ItaliaPersonalFinance, CasualIT, Italia, ItaliaCareerAdvice",5.9218
BeginningSelection57,135,UZH,0
Cyber2rock,136,LinusTechTips,0
Flualiengrind,137,"Bumble, GYM, BUENZLI, zurich",0
Calm_Dust_1007,1601,"NoStupidQuestions, AskReddit, askswitzerland, AITAH, Switzerland",4.8154
BOBBO_WASTER,1480,"csMajors, PhD, ApplyingToCollege, AskAcademia, gradadmissions",0.09
RubenLaorden,138,EPFL,0
Apoorva__a,1480,"csMajors, PhD, ApplyingToCollege, AskAcademia, gradadmissions",0.1956
DDragonn70c,1480,"csMajors, PhD, ApplyingToCollege, AskAcademia, gradadmissions",0.0054
Working_Proposal7261,139,europe,0
SilverBladeCG,1525,"de, Studium, Finanzen, Ratschlag, germany",30.3127
virtualdweller,1480,"csMajors, PhD, ApplyingToCollege, AskAcademia, gradadmissions",0.4751
Appropriate-Still712,140,gradadmissions,0
faranzki,1601,"NoStupidQuestions, AskReddit, askswitzerland, AITAH, Switzerland",0.4483
SlideHammer86,1480,"csMajors, PhD, ApplyingToCollege, AskAcademia, gradadmissions",0.1014
Creepy_Floor_1380,1559,"Universitaly, ItaliaPersonalFinance, CasualIT, Italia, ItaliaCareerAdvice",2.1033
DarkKnight_GMT1,141,"AskMen, Tinder, Interrail, askswitzerland, zurich",0
guiserg,1480,"csMajors, PhD, ApplyingToCollege, AskAcademia, gradadmissions",32.1943
Qu3st10nmark,142,"careerguidance, Studium, zurich",0
academiaswiss,143,"ETHzurich, gradadmissions",0
1maginaryApple,164,"interestingasfuck, Damnthatsinteresting, pics, mildlyinfuriating, facepalm",46.3703
Unhappy_Doubt_355,144,"AmItheAsshole, AITAH, AskReddit, Switzerland, zurich",0
Dajinxed,145,pcmasterrace,0
Ok_Peanut_5685,1480,"csMajors, PhD, ApplyingToCollege, AskAcademia, gradadmissions",1.6882
gsaltintas,146,Flights,0
Responsible-Menu-428,147,"datascience, careerguidance",0
SnooTomatoes8722,1525,"de, Studium, Finanzen, Ratschlag, germany",0.4795
LatterEstimate3027,164,"interestingasfuck, Damnthatsinteresting, pics, mildlyinfuriating, facepalm",10.8739
phicreative1997,1480,"csMajors, PhD, ApplyingToCollege, AskAcademia, gradadmissions",51.5008
Severe_Cookie1567,1480,"csMajors, PhD, ApplyingToCollege, AskAcademia, gradadmissions",0.0051
b3MxZG8R3C9GRTHV,1525,"de, Studium, Finanzen, Ratschlag, germany",0.7411
WhichConcentrate9451,1601,"NoStupidQuestions, AskReddit, askswitzerland, AITAH, Switzerland",0.083
thechickenmaster6000,148,"chemistry, Imperial",0
Lachainone,164,"interestingasfuck, Damnthatsinteresting, pics, mildlyinfuriating, facepalm",17.3325
kasapkapo,1480,"csMajors, PhD, ApplyingToCollege, AskAcademia, gradadmissions",2.85
Ok-Worldliness6287,1480,"csMajors, PhD, ApplyingToCollege, AskAcademia, gradadmissions",0.2834
No-Bat6834,1601,"NoStupidQuestions, AskReddit, askswitzerland, AITAH, Switzerland",5.7508
BinaryBulwark,1480,"csMajors, PhD, ApplyingToCollege, AskAcademia, gradadmissions",0.0172
Zuuuuuuuuuuuuuuuuul,149,"askswitzerland, Switzerland, zurich",0
Nightfurry1997,1480,"csMajors, PhD, ApplyingToCollege, AskAcademia, gradadmissions",4.5594
No_Inflation4169,1480,"csMajors, PhD, ApplyingToCollege, AskAcademia, gradadmissions",19.2887
FunRevolutionary8654,1480,"csMajors, PhD, ApplyingToCollege, AskAcademia, gradadmissions",0.3388
GetOutBasel,1601,"NoStupidQuestions, AskReddit, askswitzerland, AITAH, Switzerland",0.246
Possibly_your_mom,150,"Gifted, cognitiveTesting",0
HighfiveBeast,1480,"csMajors, PhD, ApplyingToCollege, AskAcademia, gradadmissions",0.0037
iAmCatton,151,"German, ETHzurich",0
RodCherokee,164,"interestingasfuck, Damnthatsinteresting, pics, mildlyinfuriating, facepalm",31.8231
jpjbagdi,152,DnD,0
pentesticals,164,"interestingasfuck, Damnthatsinteresting, pics, mildlyinfuriating, facepalm",68.4714
_Swideru,1480,"csMajors, PhD, ApplyingToCollege, AskAcademia, gradadmissions",0.9886
jfang00007,1480,"csMajors, PhD, ApplyingToCollege, AskAcademia, gradadmissions",0.977
fbanis,1480,"csMajors, PhD, ApplyingToCollege, AskAcademia, gradadmissions",0.0162
Panda-Calm,153,"berkeley, PhD, gradadmissions, askswitzerland",0
dinhth,1601,"NoStupidQuestions, AskReddit, askswitzerland, AITAH, Switzerland",2.1509
mohannadhaitham,154,askswitzerland,0
Smephite,155,"ohnePixel, embedded, Switzerland, zurich",0
B1gThro,156,careerguidance,0
TheInebriati,164,"interestingasfuck, Damnthatsinteresting, pics, mildlyinfuriating, facepalm",18.4904
compozitez,157,"Thailand, Lausanne, EPFL, askswitzerland, zurich",0
LP2222,1480,"csMajors, PhD, ApplyingToCollege, AskAcademia, gradadmissions",4.365
PieHistorical30,158,"AskReddit, askswitzerland, Switzerland, zurich",0
Current_Rub_4992,1480,"csMajors, PhD, ApplyingToCollege, AskAcademia, gradadmissions",0.218
Nicolas__97,159,AppleMusic,0
PossibleEntrance7886,160,EPFL,0
OkImprovement8743,1480,"csMajors, PhD, ApplyingToCollege, AskAcademia, gradadmissions",0.1396
eomertherider,164,"interestingasfuck, Damnthatsinteresting, pics, mildlyinfuriating, facepalm",47.3005
Emotional_Hotel6843,161,"CERN, Imperial, EPFL",0
other_users,1480,"csMajors, PhD, ApplyingToCollege, AskAcademia, gradadmissions",6.1918
SofferPsicol,1559,"Universitaly, ItaliaPersonalFinance, CasualIT, Italia, ItaliaCareerAdvice",33.781
Xandalf23,162,"FrugalSwitzerland, aoe2, gaming, AskReddit, EPFL",0
No-Distance3115,163,fashion,0
Armagetton,1559,"Universitaly, ItaliaPersonalFinance, CasualIT, Italia, ItaliaCareerAdvice",4.0164
Time-Comfortable489,164,"interestingasfuck, Damnthatsinteresting, pics, mildlyinfuriating, facepalm",12.2307
Flashy_Help_7356,1480,"csMajors, PhD, ApplyingToCollege, AskAcademia, gradadmissions",0.4138
Beghorangi,1480,"csMajors, PhD, ApplyingToCollege, AskAcademia, gradadmissions",0.0114
Philippe_Z,164,"interestingasfuck, Damnthatsinteresting, pics, mildlyinfuriating, facepalm",12.3432
selenethestar1,1601,"NoStupidQuestions, AskReddit, askswitzerland, AITAH, Switzerland",0.3603
Experimental_Work,1480,"csMajors, PhD, ApplyingToCollege, AskAcademia, gradadmissions",2.1767
River_Raven_Rowee,1601,"NoStupidQuestions, AskReddit, askswitzerland, AITAH, Switzerland",9.9958
DeliriousCakeGobbler,1480,"csMajors, PhD, ApplyingToCollege, AskAcademia, gradadmissions",0.1535
Heizor,1480,"csMajors, PhD, ApplyingToCollege, AskAcademia, gradadmissions",0.0215
Itchy_Technician_216,164,"interestingasfuck, Damnthatsinteresting, pics, mildlyinfuriating, facepalm",7.2639
yhaxxxxxx,164,"interestingasfuck, Damnthatsinteresting, pics, mildlyinfuriating, facepalm",3.2451
KrisseMai,164,"interestingasfuck, Damnthatsinteresting, pics, mildlyinfuriating, facepalm",41.5318
iwontremembr,165,robotics,0
Best_Celebration9790,166,"buildapc, Switzerland, zurich",0
KingQuail89,167,"LinkedInLunatics, cats, schwiiz",0
JakobMeier,168,rust,0
Business_Stress_3306,164,"interestingasfuck, Damnthatsinteresting, pics, mildlyinfuriating, facepalm",0.5787
verilaks,164,"interestingasfuck, Damnthatsinteresting, pics, mildlyinfuriating, facepalm",3.0879
amajusk,1601,"NoStupidQuestions, AskReddit, askswitzerland, AITAH, Switzerland",0.0921
aorozco1996,169,"rolex, SonyHeadphones, gradadmissions",0
rukacheded,170,"Israel, london, zurich",0
HanniBunny007,171,Switzerland,0
Pana_Guiskas,1480,"csMajors, PhD, ApplyingToCollege, AskAcademia, gradadmissions",0.4633
roseyardgraves,1480,"csMajors, PhD, ApplyingToCollege, AskAcademia, gradadmissions",6.4892
Tricky_Poetry847,1480,"csMajors, PhD, ApplyingToCollege, AskAcademia, gradadmissions",14.2406
-_mo_-,164,"interestingasfuck, Damnthatsinteresting, pics, mildlyinfuriating, facepalm",8.0372
CDawn1337,1480,"csMajors, PhD, ApplyingToCollege, AskAcademia, gradadmissions",0.2792
AliveEntertainment45,172,EPFL,0
LiberFriso,1525,"de, Studium, Finanzen, Ratschlag, germany",16.8704
EncelBread,1525,"de, Studium, Finanzen, Ratschlag, germany",4.2957
Wonderful_Setting195,1601,"NoStupidQuestions, AskReddit, askswitzerland, AITAH, Switzerland",3.5533
vltmusic,1480,"csMajors, PhD, ApplyingToCollege, AskAcademia, gradadmissions",0.1531
Spiritual_Tailor7698,1480,"csMajors, PhD, ApplyingToCollege, AskAcademia, gradadmissions",31.5742
kaliumsorbath,1480,"csMajors, PhD, ApplyingToCollege, AskAcademia, gradadmissions",3.3596
BlackCH,1601,"NoStupidQuestions, AskReddit, askswitzerland, AITAH, Switzerland",0.0839
ToxicTop2,1480,"csMajors, PhD, ApplyingToCollege, AskAcademia, gradadmissions",25.8377
justTinkering,1480,"csMajors, PhD, ApplyingToCollege, AskAcademia, gradadmissions",1.4386
Gigo0078,1525,"de, Studium, Finanzen, Ratschlag, germany",1.3793
broesmmeli-99,1525,"de, Studium, Finanzen, Ratschlag, germany",46.3464
Delicious_Ad7123,173,zurich,0
CryptographerTop6264,1525,"de, Studium, Finanzen, Ratschlag, germany",1.9135
ulfOptimism,1525,"de, Studium, Finanzen, Ratschlag, germany",30.9424
rueblimaster,1480,"csMajors, PhD, ApplyingToCollege, AskAcademia, gradadmissions",0.009
suholdmeback,174,gradadmissions,0
cwormer,164,"interestingasfuck, Damnthatsinteresting, pics, mildlyinfuriating, facepalm",9.2481
Opening-Net-4735,175,"Switzerland, zurich",0
JauntyKnight,1480,"csMajors, PhD, ApplyingToCollege, AskAcademia, gradadmissions",0.4388
BuenzliBuex,1601,"NoStupidQuestions, AskReddit, askswitzerland, AITAH, Switzerland",31.9202
eee_bume,1480,"csMajors, PhD, ApplyingToCollege, AskAcademia, gradadmissions",0.0416
rBlu3b0x,176,"physicsmemes, Physics",0
shaolinmasterkiller2,1559,"Universitaly, ItaliaPersonalFinance, CasualIT, Italia, ItaliaCareerAdvice",3.3752
DeadManSitting,164,"interestingasfuck, Damnthatsinteresting, pics, mildlyinfuriating, facepalm",10.0143
q_moonstone,1601,"NoStupidQuestions, AskReddit, askswitzerland, AITAH, Switzerland",0.7069
Lazy-Rate6734,1601,"NoStupidQuestions, AskReddit, askswitzerland, AITAH, Switzerland",6.1477
aparchure,164,"interestingasfuck, Damnthatsinteresting, pics, mildlyinfuriating, facepalm",0.0259
Antique-Jacket8864,1480,"csMajors, PhD, ApplyingToCollege, AskAcademia, gradadmissions",0.3113
Samilainthemirror,1601,"NoStupidQuestions, AskReddit, askswitzerland, AITAH, Switzerland",7.426
Delicious_Mention234,177,"basel, UZH, askswitzerland",0
FairFig5622,1480,"csMajors, PhD, ApplyingToCollege, AskAcademia, gradadmissions",2.0159
Radical_X75,1480,"csMajors, PhD, ApplyingToCollege, AskAcademia, gradadmissions",3.4412
That_Agent1983,1601,"NoStupidQuestions, AskReddit, askswitzerland, AITAH, Switzerland",18.2846
notMeiwakuna,178,TUDelft,0
d3nizy,1480,"csMajors, PhD, ApplyingToCollege, AskAcademia, gradadmissions",0.0821
Jahkral,1601,"NoStupidQuestions, AskReddit, askswitzerland, AITAH, Switzerland",13.7344
halilemreisik,179,"AskIreland, SonyAlpha, zurich",0
x3non_04,164,"interestingasfuck, Damnthatsinteresting, pics, mildlyinfuriating, facepalm",21.5818
Playful-Winner5122,1559,"Universitaly, ItaliaPersonalFinance, CasualIT, Italia, ItaliaCareerAdvice",3.9029
mandoleeeen,1601,"NoStupidQuestions, AskReddit, askswitzerland, AITAH, Switzerland",0.3845
Schuano,164,"interestingasfuck, Damnthatsinteresting, pics, mildlyinfuriating, facepalm",42.2404
Luc2992,164,"interestingasfuck, Damnthatsinteresting, pics, mildlyinfuriating, facepalm",12.86
Glad-Neighborhood500,180,learnmachinelearning,0
meeneemeten,1601,"NoStupidQuestions, AskReddit, askswitzerland, AITAH, Switzerland",2.6077
langkexiaoyi,181,gradadmissions,0
swazilaender,1601,"NoStupidQuestions, AskReddit, askswitzerland, AITAH, Switzerland",34.3011
bafe,164,"interestingasfuck, Damnthatsinteresting, pics, mildlyinfuriating, facepalm",20.2936
MeisterMumpitz,1525,"de, Studium, Finanzen, Ratschlag, germany",2.6207
Artistic-Ad-3794,164,"interestingasfuck, Damnthatsinteresting, pics, mildlyinfuriating, facepalm",0.2898
Helvetia2021,1601,"NoStupidQuestions, AskReddit, askswitzerland, AITAH, Switzerland",6.9825
ektoplazmahhh,182,"AskPhysics, Physics",0
ygtrhos,1525,"de, Studium, Finanzen, Ratschlag, germany",3.8842
ykozyr,183,TUDelft,0
SmoothEnjoyer,184,math,0
redit411,164,"interestingasfuck, Damnthatsinteresting, pics, mildlyinfuriating, facepalm",0.3528
wowmyearhurts,185,"ChineseLanguage, relationship_advice",0
West-Instruction-577,186,"UniUK, Imperial, EPFL",0
cfdismypassion,164,"interestingasfuck, Damnthatsinteresting, pics, mildlyinfuriating, facepalm",2.4705
majestickr2,1601,"NoStupidQuestions, AskReddit, askswitzerland, AITAH, Switzerland",36.1449
schwabbbel,1480,"csMajors, PhD, ApplyingToCollege, AskAcademia, gradadmissions",0.0656
n123k15,187,"UZH, Switzerland, zurich",0
ThrowRA_Paul98,188,"college, ETHzurich, askswitzerland, Switzerland, zurich",0
Sweet_Reach8318,189,musicsuggestions,0
DeezeKnotz,164,"interestingasfuck, Damnthatsinteresting, pics, mildlyinfuriating, facepalm",24.8258
cat_ass_trophy_91,164,"interestingasfuck, Damnthatsinteresting, pics, mildlyinfuriating, facepalm",7.8218
Bastion55420,1601,"NoStupidQuestions, AskReddit, askswitzerland, AITAH, Switzerland",13.3202
__deadpoet__,1480,"csMajors, PhD, ApplyingToCollege, AskAcademia, gradadmissions",1.0799
DooM_SpooN,164,"interestingasfuck, Damnthatsinteresting, pics, mildlyinfuriating, facepalm",43.3474
memetellectual,190,formuladank,0
Capybarapolo,191,EPFL,0
Trzyq0712,192,"SweatyPalms, TUDelft",0
DisasterExisting8141,193,Wellthatsucks,0
Wonderful_Dirt5069,194,"ApplyingToCollege, UniUK, gradadmissions",0
W47erM01e,1480,"csMajors, PhD, ApplyingToCollege, AskAcademia, gradadmissions",0.129
Decent_Brain_542,1525,"de, Studium, Finanzen, Ratschlag, germany",4.2548
Daktus05,164,"interestingasfuck, Damnthatsinteresting, pics, mildlyinfuriating, facepalm",3.3308
iDankYourMemes,195,Switzerland,0
Imaginary_Gift_8533,1480,"csMajors, PhD, ApplyingToCollege, AskAcademia, gradadmissions",0.0849
FriendshipPitiful927,196,"Adulting, labrats",0
Fine-Resident-8157,1601,"NoStupidQuestions, AskReddit, askswitzerland, AITAH, Switzerland",10.3186
Aypnia,1601,"NoStupidQuestions, AskReddit, askswitzerland, AITAH, Switzerland",4.6692
kuaile258890,197,"deeplearning, UZH",0
Simonjhfgh,1480,"csMajors, PhD, ApplyingToCollege, AskAcademia, gradadmissions",0.8728
aedlearndl,1480,"csMajors, PhD, ApplyingToCollege, AskAcademia, gradadmissions",3.227
Bio_silly,198,mentalhealth,0
avonburger,1480,"csMajors, PhD, ApplyingToCollege, AskAcademia, gradadmissions",0.0559
Ok_Journalist_2052,1480,"csMajors, PhD, ApplyingToCollege, AskAcademia, gradadmissions",2.2538
Feuermurmel,164,"interestingasfuck, Damnthatsinteresting, pics, mildlyinfuriating, facepalm",1.0906
Zainto,199,UCL,0
f00ld,200,"PcBuild, SwissPersonalFinance",0
Kogulp,1480,"csMajors, PhD, ApplyingToCollege, AskAcademia, gradadmissions",0.7292
Difficult_Bridge_864,164,"interestingasfuck, Damnthatsinteresting, pics, mildlyinfuriating, facepalm",12.635
adventurousgirl3,1601,"NoStupidQuestions, AskReddit, askswitzerland, AITAH, Switzerland",0.7394
lashiskappa,1525,"de, Studium, Finanzen, Ratschlag, germany",3.3867
Trendios,164,"interestingasfuck, Damnthatsinteresting, pics, mildlyinfuriating, facepalm",9.1266
macdestroe234,201,csMajors,0
SoulOfSword_,1601,"NoStupidQuestions, AskReddit, askswitzerland, AITAH, Switzerland",9.6716
Raetlr,164,"interestingasfuck, Damnthatsinteresting, pics, mildlyinfuriating, facepalm",0.0375
randomelgen,202,"Netherlands, askswitzerland, Switzerland, zurich",0
AppropriatePatience8,164,"interestingasfuck, Damnthatsinteresting, pics, mildlyinfuriating, facepalm",9.6955
Rettiratata,1480,"csMajors, PhD, ApplyingToCollege, AskAcademia, gradadmissions",0.1828
happy_ieng,203,"rwth, careerguidance",0
SCHWIFTY_BURSCH,204,"blender, interestingasfuck, schwiiz, BUENZLI, Switzerland",0
terdinatore,205,"selfhosted, zurich",0
F3367,206,"italy, Italia",0
mkangw,207,AskReddit,0
saint_zeze,164,"interestingasfuck, Damnthatsinteresting, pics, mildlyinfuriating, facepalm",29.4057
Flashy-Weird8715,1480,"csMajors, PhD, ApplyingToCollege, AskAcademia, gradadmissions",0.1163
barthii,164,"interestingasfuck, Damnthatsinteresting, pics, mildlyinfuriating, facepalm",3.5512
Secure-Initial2376,208,"ElectricalEngineering, Switzerland, zurich",0
Many-Beyond6619,209,"EPFL, askswitzerland",0
vantheman0,1480,"csMajors, PhD, ApplyingToCollege, AskAcademia, gradadmissions",0.2926
KrysTallineDream,1525,"de, Studium, Finanzen, Ratschlag, germany",2.3235
Defiant-Dare1223,164,"interestingasfuck, Damnthatsinteresting, pics, mildlyinfuriating, facepalm",66.42
Illustrious_Pound994,210,"mit, gradadmissions",0
No-Start8890,164,"interestingasfuck, Damnthatsinteresting, pics, mildlyinfuriating, facepalm",15.7692
puppetalk,164,"interestingasfuck, Damnthatsinteresting, pics, mildlyinfuriating, facepalm",1.8838
Ansh_3101,211,ApplyingToCollege,0
AstroRoverToday,1601,"NoStupidQuestions, AskReddit, askswitzerland, AITAH, Switzerland",39.8954
ICPT-M-Studie,164,"interestingasfuck, Damnthatsinteresting, pics, mildlyinfuriating, facepalm",0.296
No_Rice_9717,1601,"NoStupidQuestions, AskReddit, askswitzerland, AITAH, Switzerland",4.8207
sneakpeekbot,1480,"csMajors, PhD, ApplyingToCollege, AskAcademia, gradadmissions",49.4322
Easy_Ad_5917,212,canada,0
Mankra23,164,"interestingasfuck, Damnthatsinteresting, pics, mildlyinfuriating, facepalm",0.1298
akhenator,164,"interestingasfuck, Damnthatsinteresting, pics, mildlyinfuriating, facepalm",12.4895
Witty_Reality_7065,213,"motorcycles, Switzerland",0
r_moma,164,"interestingasfuck, Damnthatsinteresting, pics, mildlyinfuriating, facepalm",3.0498
OwnStorm2983,1480,"csMajors, PhD, ApplyingToCollege, AskAcademia, gradadmissions",0.0146
berriesandcigars,1480,"csMajors, PhD, ApplyingToCollege, AskAcademia, gradadmissions",0.649
TheDutchCardist,214,lego,0
ClemensCle,215,mac,0
presentation-chaude,1601,"NoStupidQuestions, AskReddit, askswitzerland, AITAH, Switzerland",60.8234
Key_Flower1793,164,"interestingasfuck, Damnthatsinteresting, pics, mildlyinfuriating, facepalm",2.4133
lars99971,1480,"csMajors, PhD, ApplyingToCollege, AskAcademia, gradadmissions",0.3786
ChopSueyYumm,164,"interestingasfuck, Damnthatsinteresting, pics, mildlyinfuriating, facepalm",47.6408
Che_Buoni_I_Biscotti,216,"italy, EPFL",0
nishhi,217,"basel, askswitzerland, Switzerland, zurich",0
Significant_Way2882,218,"quant, EPFL",0
Karim_acing_it,1525,"de, Studium, Finanzen, Ratschlag, germany",6.0065
MrStroopwafel,219,"HongKong, FinancialCareers, zurich",0
TJuKj7WofKLzBZjt7w9t,164,"interestingasfuck, Damnthatsinteresting, pics, mildlyinfuriating, facepalm",0.7899
patrickgiust,220,zurich,0
Medium-Specific3801,1480,"csMajors, PhD, ApplyingToCollege, AskAcademia, gradadmissions",0.2362
copyrightlover,221,balkans_irl,0
Tiny-Web9536,222,gradadmissions,0
OutrageousAd1101,223,"6thForm, UniUK, EPFL",0
Affectionate-Dot5725,1480,"csMajors, PhD, ApplyingToCollege, AskAcademia, gradadmissions",24.7889
AcanthaceaeQuick9663,1480,"csMajors, PhD, ApplyingToCollege, AskAcademia, gradadmissions",0.19
capital-man,1480,"csMajors, PhD, ApplyingToCollege, AskAcademia, gradadmissions",0.3523
Bottoml1ne,1601,"NoStupidQuestions, AskReddit, askswitzerland, AITAH, Switzerland",0.0259
ExamPrep_Switzerland,224,"studyAbroad, UZH",0
matisbv,1480,"csMajors, PhD, ApplyingToCollege, AskAcademia, gradadmissions",0.0054
steinblitz,1480,"csMajors, PhD, ApplyingToCollege, AskAcademia, gradadmissions",0.0469
YeesusFistus,1525,"de, Studium, Finanzen, Ratschlag, germany",0.8194
trotoka,225,zurich,0
Popular-Traffic967,226,"AskEngineers, france, gradadmissions, EPFL",0
SuccotashCold7114,1601,"NoStupidQuestions, AskReddit, askswitzerland, AITAH, Switzerland",27.5419
Emperror_of_Mankind,1480,"csMajors, PhD, ApplyingToCollege, AskAcademia, gradadmissions",0.0171
whothatboah,1480,"csMajors, PhD, ApplyingToCollege, AskAcademia, gradadmissions",0.1453
Active-Delay-1337,1601,"NoStupidQuestions, AskReddit, askswitzerland, AITAH, Switzerland",5.3889
ExcaliburWontBudge,164,"interestingasfuck, Damnthatsinteresting, pics, mildlyinfuriating, facepalm",1.0641
Other-Elevator3593,1480,"csMajors, PhD, ApplyingToCollege, AskAcademia, gradadmissions",1.5631
niemertweis,164,"interestingasfuck, Damnthatsinteresting, pics, mildlyinfuriating, facepalm",45.6014
ranranrandrand1,1601,"NoStupidQuestions, AskReddit, askswitzerland, AITAH, Switzerland",16.6044
LordAmras,164,"interestingasfuck, Damnthatsinteresting, pics, mildlyinfuriating, facepalm",18.1132
Impossible-Comb-1375,1480,"csMajors, PhD, ApplyingToCollege, AskAcademia, gradadmissions",1.9551
red_tabasco,1480,"csMajors, PhD, ApplyingToCollege, AskAcademia, gradadmissions",2.135
Nebula0375,227,"Notion, Switzerland, zurich",0
Ok-Technician-9704,1601,"NoStupidQuestions, AskReddit, askswitzerland, AITAH, Switzerland",16.1344
anonymous-311,1480,"csMajors, PhD, ApplyingToCollege, AskAcademia, gradadmissions",2.2535
iamsimbaba,1480,"csMajors, PhD, ApplyingToCollege, AskAcademia, gradadmissions",0.6371
Swisscom8940,1601,"NoStupidQuestions, AskReddit, askswitzerland, AITAH, Switzerland",4.1955
big_skapinsky,164,"interestingasfuck, Damnthatsinteresting, pics, mildlyinfuriating, facepalm",5.3237
Curious_Crafter1,228,"Daytrading, askswitzerland, Switzerland",0
dav_the_vader,229,BUENZLI,0
CorgiSecret,230,math,0
White_TCR,231,"HomeNetworking, basel, askswitzerland, Switzerland",0
hotterthanyou69,164,"interestingasfuck, Damnthatsinteresting, pics, mildlyinfuriating, facepalm",8.3397
BleakShawarma,232,"GermanCitizenship, SchengenVisa",0
Ornery-Fisherman2175,233,"unsw, Swimming",0
Flat_Fix9873,1525,"de, Studium, Finanzen, Ratschlag, germany",11.274
gustapa,164,"interestingasfuck, Damnthatsinteresting, pics, mildlyinfuriating, facepalm",3.0051
latticeperson,234,"AskPhysics, Physics",0
sekex,1480,"csMajors, PhD, ApplyingToCollege, AskAcademia, gradadmissions",4.5604
zhdc,1601,"NoStupidQuestions, AskReddit, askswitzerland, AITAH, Switzerland",3.335
JimGHI,1480,"csMajors, PhD, ApplyingToCollege, AskAcademia, gradadmissions",0.1671
chiubicheib,1480,"csMajors, PhD, ApplyingToCollege, AskAcademia, gradadmissions",1.8895
db600db,1525,"de, Studium, Finanzen, Ratschlag, germany",0.1613
softielle,1480,"csMajors, PhD, ApplyingToCollege, AskAcademia, gradadmissions",0.3694
jal1926,235,"boardgames, AskReddit",0
crowchan114514,164,"interestingasfuck, Damnthatsinteresting, pics, mildlyinfuriating, facepalm",8.5845
math_nerd_77,236,"jobs, EngineeringStudents",0
squigguilty,1480,"csMajors, PhD, ApplyingToCollege, AskAcademia, gradadmissions",0.1188
averysaltyburrito,237,Switzerland,0
Obvious-Degree1970,238,"ClashRoyale, NoStupidQuestions, schwiiz, BUENZLI, askswitzerland",0
kriscnik,1601,"NoStupidQuestions, AskReddit, askswitzerland, AITAH, Switzerland",35.5779
frigley1,164,"interestingasfuck, Damnthatsinteresting, pics, mildlyinfuriating, facepalm",28.3076
Competitive-Dot-3333,1601,"NoStupidQuestions, AskReddit, askswitzerland, AITAH, Switzerland",24.064
Stonks71211,1480,"csMajors, PhD, ApplyingToCollege, AskAcademia, gradadmissions",13.5162
GeronimoMoles,164,"interestingasfuck, Damnthatsinteresting, pics, mildlyinfuriating, facepalm",30.42
No-Tip3654,1601,"NoStupidQuestions, AskReddit, askswitzerland, AITAH, Switzerland",64.1541
Medical_Baseball901,239,"oxforduni, csMajors, EPFL",0
ContentOpportunity41,240,UZH,0
gian_69,164,"interestingasfuck, Damnthatsinteresting, pics, mildlyinfuriating, facepalm",23.472
Mirdclawer,164,"interestingasfuck, Damnthatsinteresting, pics, mildlyinfuriating, facepalm",33.2122
myblueear,164,"interestingasfuck, Damnthatsinteresting, pics, mildlyinfuriating, facepalm",46.2445
Zealousideal_Soft298,241,Switzerland,0
mathiswiss,164,"interestingasfuck, Damnthatsinteresting, pics, mildlyinfuriating, facepalm",33.2019
hhoverflow,242,"ufc, mildlyinfuriating, askswitzerland, zurich",0
RosefromB-612,243,"Showerthoughts, Austria, askswitzerland",0
gjarne,244,"FragReddit, NoStupidQuestions, AskReddit, zurich",0
RealPerplexeus,164,"interestingasfuck, Damnthatsinteresting, pics, mildlyinfuriating, facepalm",26.842
furious_sheeps,1480,"csMajors, PhD, ApplyingToCollege, AskAcademia, gradadmissions",0.3591
Fabulous_Ad_5709,164,"interestingasfuck, Damnthatsinteresting, pics, mildlyinfuriating, facepalm",41.0774
yarpen_z,1480,"csMajors, PhD, ApplyingToCollege, AskAcademia, gradadmissions",10.5682
Motor_Worldliness489,245,zurich,0
logishoder,1525,"de, Studium, Finanzen, Ratschlag, germany",9.4222
Old-Cycle-3721,1559,"Universitaly, ItaliaPersonalFinance, CasualIT, Italia, ItaliaCareerAdvice",0.1915
tackslabor,164,"interestingasfuck, Damnthatsinteresting, pics, mildlyinfuriating, facepalm",0.5321
andreas16700,164,"interestingasfuck, Damnthatsinteresting, pics, mildlyinfuriating, facepalm",5.4261
da_f0511,1480,"csMajors, PhD, ApplyingToCollege, AskAcademia, gradadmissions",4.9778
NecessaryFan8396,246,Interrail,0
FlimsyCockroach3,247,ucla,0
the-return-of-amir,1480,"csMajors, PhD, ApplyingToCollege, AskAcademia, gradadmissions",8.8335
shamishami3,164,"interestingasfuck, Damnthatsinteresting, pics, mildlyinfuriating, facepalm",2.8494
OvomatVonBuenzline,164,"interestingasfuck, Damnthatsinteresting, pics, mildlyinfuriating, facepalm",37.0758
Accomplished_Set1872,1601,"NoStupidQuestions, AskReddit, askswitzerland, AITAH, Switzerland",0.0213
PeterGriffinOwO,248,teenagers,0
Pokeristo555,1601,"NoStupidQuestions, AskReddit, askswitzerland, AITAH, Switzerland",12.2117
Snoo40710,249,"VietNam, MachineLearning, gradadmissions, EPFL",0
koki51,1480,"csMajors, PhD, ApplyingToCollege, AskAcademia, gradadmissions",0.0048
szuruburuszuru,1480,"csMajors, PhD, ApplyingToCollege, AskAcademia, gradadmissions",14.1396
Darkmight,1480,"csMajors, PhD, ApplyingToCollege, AskAcademia, gradadmissions",9.5808
Familiar_Cupcake_750,250,ethtrader,0
NomadicContrarian,1601,"NoStupidQuestions, AskReddit, askswitzerland, AITAH, Switzerland",9.7759
Available_War4603,164,"interestingasfuck, Damnthatsinteresting, pics, mildlyinfuriating, facepalm",54.027
Vontaxis,164,"interestingasfuck, Damnthatsinteresting, pics, mildlyinfuriating, facepalm",26.611
Prestigious_Idea4723,251,gradadmissions,0
Dependent_Writing_30,1480,"csMajors, PhD, ApplyingToCollege, AskAcademia, gradadmissions",8.3303
supermag2,164,"interestingasfuck, Damnthatsinteresting, pics, mildlyinfuriating, facepalm",2.7125
FriedBrainCells2401,1480,"csMajors, PhD, ApplyingToCollege, AskAcademia, gradadmissions",3.7877
WorldlyDetective4257,252,EPFL,0
selfentropy,253,"TravelHacks, zurich",0
Chizuru32,164,"interestingasfuck, Damnthatsinteresting, pics, mildlyinfuriating, facepalm",57.8687
Leo1703,1480,"csMajors, PhD, ApplyingToCollege, AskAcademia, gradadmissions",0.0382
Aurilandus,1480,"csMajors, PhD, ApplyingToCollege, AskAcademia, gradadmissions",1.3812
theonewhoask11,1480,"csMajors, PhD, ApplyingToCollege, AskAcademia, gradadmissions",6.5497
acespaceingout,1601,"NoStupidQuestions, AskReddit, askswitzerland, AITAH, Switzerland",0.9434
Scary-Implement-4407,254,"20hirnzelle, eupersonalfinance, schwiiz, askswitzerland",0
Confident_Catch_8641,1480,"csMajors, PhD, ApplyingToCollege, AskAcademia, gradadmissions",0.341
jeanmichelcrapaud,1480,"csMajors, PhD, ApplyingToCollege, AskAcademia, gradadmissions",1.4613
IceChocolateHead,1601,"NoStupidQuestions, AskReddit, askswitzerland, AITAH, Switzerland",4.0878
PlatypusExisting5730,255,"JetLagTheGame, CanyonBikes, mildlyinteresting, AskReddit, askswitzerland",0
TZKP,256,AskReddit,0
DaaneJeff,164,"interestingasfuck, Damnthatsinteresting, pics, mildlyinfuriating, facepalm",42.7614
roy_meraki,1480,"csMajors, PhD, ApplyingToCollege, AskAcademia, gradadmissions",0.364
Misgir,164,"interestingasfuck, Damnthatsinteresting, pics, mildlyinfuriating, facepalm",45.0498
B0tRank,1480,"csMajors, PhD, ApplyingToCollege, AskAcademia, gradadmissions",43.1138
bottle_of_pastas,1480,"csMajors, PhD, ApplyingToCollege, AskAcademia, gradadmissions",0.0849
BouncyPomPom,257,"AITAH, askswitzerland, zurich",0
ImperiaUnum,1480,"csMajors, PhD, ApplyingToCollege, AskAcademia, gradadmissions",5.8161
Wise-Command2807,164,"interestingasfuck, Damnthatsinteresting, pics, mildlyinfuriating, facepalm",0.7758
DarkZoneNinja,258,"leetcode, Netherlands",0
Training-Upstairs518,164,"interestingasfuck, Damnthatsinteresting, pics, mildlyinfuriating, facepalm",3.9195
hot-plato,259,Studium,0
DifferentFroyo1872,260,embedded,0
JimSteak,164,"interestingasfuck, Damnthatsinteresting, pics, mildlyinfuriating, facepalm",53.6721
Livaliv,1480,"csMajors, PhD, ApplyingToCollege, AskAcademia, gradadmissions",0.0088
Deet98,1480,"csMajors, PhD, ApplyingToCollege, AskAcademia, gradadmissions",9.2114
Frosty-Wish-3558,261,"SnapshotHistory, piano",0
Ririri88,262,UZH,0
hallojuhu,263,SwissPersonalFinance,0
TackomeiI,264,"BUENZLI, AskReddit, askswitzerland, Switzerland",0
Emergency-Act8436,265,"MachineLearning, Switzerland",0
TechnoWho,266,"eurovision, gradadmissions, EPFL",0
IocusMoechae,1559,"Universitaly, ItaliaPersonalFinance, CasualIT, Italia, ItaliaCareerAdvice",8.0086
yfsarah,1480,"csMajors, PhD, ApplyingToCollege, AskAcademia, gradadmissions",0.1938
Suspicious-Positive8,267,"PhDAdmissions, EPFL",0
Liquidity_magician,268,"loseit, nba, greece, zurich",0
KPAHK,269,homelab,0
overthrowingdinosaur,1601,"NoStupidQuestions, AskReddit, askswitzerland, AITAH, Switzerland",0.858
Mnkhtuul,1480,"csMajors, PhD, ApplyingToCollege, AskAcademia, gradadmissions",0.6929
StuffOpening9962,270,"istanbul, bern, askswitzerland, Switzerland",0
Bolognese_is_best,164,"interestingasfuck, Damnthatsinteresting, pics, mildlyinfuriating, facepalm",17.7402
wassup369,271,"pakistan, personalfinance, GRE, askswitzerland, Switzerland",0
Legitimate_Date5883,272,EPFL,0
Artistic_Storm4102,273,"LooksmaxingAdvice, startups, SwissPersonalFinance, askswitzerland, Switzerland",0
Hippo_n_Elephant,274,"JapanTravelTips, mcgill",0
Inside-Till3391,1601,"NoStupidQuestions, AskReddit, askswitzerland, AITAH, Switzerland",52.5904
BigDogHenry,275,"ipl, JEENEETards",0
Ukula_69,164,"interestingasfuck, Damnthatsinteresting, pics, mildlyinfuriating, facepalm",0.2114
Nauticat37,276,fpv,0
SmitherCH,1601,"NoStupidQuestions, AskReddit, askswitzerland, AITAH, Switzerland",10.5009
skip-narrative,1480,"csMajors, PhD, ApplyingToCollege, AskAcademia, gradadmissions",0.01
mac4ron,277,"Grimdank, DnD",0
KingDojojoD,278,"Handwerker, AskEngineers, EngineeringStudents, schwiiz, BUENZLI",0
Iksion10,279,"OnePiece, Tunisia",0
Sudden_Shopping_735,1601,"NoStupidQuestions, AskReddit, askswitzerland, AITAH, Switzerland",24.2768
SirDamian,1480,"csMajors, PhD, ApplyingToCollege, AskAcademia, gradadmissions",0.0182
silviacambiago,280,kth,0
kovariantenkaktus,281,de,0
fanconic,1480,"csMajors, PhD, ApplyingToCollege, AskAcademia, gradadmissions",7.3913
Bakeey,164,"interestingasfuck, Damnthatsinteresting, pics, mildlyinfuriating, facepalm",32.725
Chrisstar56,164,"interestingasfuck, Damnthatsinteresting, pics, mildlyinfuriating, facepalm",14.5991
Ok-Investigator-2402,282,"india, languagelearning",0
TiPrincess,1480,"csMajors, PhD, ApplyingToCollege, AskAcademia, gradadmissions",2.8957
arbobendik,164,"interestingasfuck, Damnthatsinteresting, pics, mildlyinfuriating, facepalm",29.3793
Son_of_a-PreacherMan,1601,"NoStupidQuestions, AskReddit, askswitzerland, AITAH, Switzerland",34.0284
dddanielllll,1559,"Universitaly, ItaliaPersonalFinance, CasualIT, Italia, ItaliaCareerAdvice",3.3605
Mortifer_I,164,"interestingasfuck, Damnthatsinteresting, pics, mildlyinfuriating, facepalm",36.1321
Lost-Jello679,283,bioinformatics,0
epfl_person,284,"FinancialCareers, csMajors, SwissPersonalFinance, EPFL",0
ndnator,1601,"NoStupidQuestions, AskReddit, askswitzerland, AITAH, Switzerland",25.2765
Horsepower_7,1480,"csMajors, PhD, ApplyingToCollege, AskAcademia, gradadmissions",5.1329
tagleaf,285,"fragrance, askswitzerland",0
StephWhatever100,1525,"de, Studium, Finanzen, Ratschlag, germany",0.2898
Lvm152coc,1480,"csMajors, PhD, ApplyingToCollege, AskAcademia, gradadmissions",0.4134
Brattley,164,"interestingasfuck, Damnthatsinteresting, pics, mildlyinfuriating, facepalm",5.1193
ItsMagic777,164,"interestingasfuck, Damnthatsinteresting, pics, mildlyinfuriating, facepalm",44.2997
Blobfisch11,1601,"NoStupidQuestions, AskReddit, askswitzerland, AITAH, Switzerland",15.5015
valonistabot,286,Watches,0
Defending_Eagle,287,"Instagram, gradadmissions",0
BiscottiGreat6698,1601,"NoStupidQuestions, AskReddit, askswitzerland, AITAH, Switzerland",0.6077
areomigeo,288,"Polska, EPFL",0
FancyDimension2599,1601,"NoStupidQuestions, AskReddit, askswitzerland, AITAH, Switzerland",36.7671
AdobiWanKenobi,1480,"csMajors, PhD, ApplyingToCollege, AskAcademia, gradadmissions",50.7066
Thresh_will_q_you,289,gaming,0
Tautili,164,"interestingasfuck, Damnthatsinteresting, pics, mildlyinfuriating, facepalm",9.8676
wraith-mayhem,1525,"de, Studium, Finanzen, Ratschlag, germany",2.1764
CompoteSalty3830,1480,"csMajors, PhD, ApplyingToCollege, AskAcademia, gradadmissions",0.0037
Versailles_ro,290,"depression, UniUK, UZH",0
TheTomatoes2,164,"interestingasfuck, Damnthatsinteresting, pics, mildlyinfuriating, facepalm",52.6484
irisosaurus,1480,"csMajors, PhD, ApplyingToCollege, AskAcademia, gradadmissions",0.0937
fabmatazz,291,"BUENZLI, AskReddit, Switzerland, zurich",0
Benedoc,1525,"de, Studium, Finanzen, Ratschlag, germany",29.3415
jeffxxxxx,164,"interestingasfuck, Damnthatsinteresting, pics, mildlyinfuriating, facepalm",0.0522
Riegler77,164,"interestingasfuck, Damnthatsinteresting, pics, mildlyinfuriating, facepalm",31.7383
Ok-Purpose-1822,1601,"NoStupidQuestions, AskReddit, askswitzerland, AITAH, Switzerland",12.934
Aniket_Mhaskar477,292,zurich,0
Zz_TiMeZz,1601,"NoStupidQuestions, AskReddit, askswitzerland, AITAH, Switzerland",14.6308
raviolibuxe,293,"AskWomen, sex, schwiiz, AskReddit, askswitzerland",0
Purple_Passenger_244,294,"relationships, askswitzerland",0
doyoueven1996,1525,"de, Studium, Finanzen, Ratschlag, germany",0.0247
Minute-Court-8785,1480,"csMajors, PhD, ApplyingToCollege, AskAcademia, gradadmissions",0.7671
crispin97,1480,"csMajors, PhD, ApplyingToCollege, AskAcademia, gradadmissions",2.9649
573984729874,164,"interestingasfuck, Damnthatsinteresting, pics, mildlyinfuriating, facepalm",33.1726
Confident_Glove_7189,295,IBO,0
r0kzzzz,296,zurich,0
Capital-Park-2700,297,PhD,0
Hungry-Finding2360,298,"statistics, AskStatistics, greece, gradadmissions, EPFL",0
No-Philosopher-5773,1525,"de, Studium, Finanzen, Ratschlag, germany",0.1188
0rdin,1601,"NoStupidQuestions, AskReddit, askswitzerland, AITAH, Switzerland",10.3871
Druunas,299,"tja, harrypotter, Piracy, AskReddit",0
Revolutionary_Clue59,300,"Bogleheads, Turkey, Switzerland, zurich",0
ThomasJAsimov,301,duolingo,0
RealisticBookWoman,302,"AITAH, askswitzerland, Switzerland",0
lookoutforthetrain_0,164,"interestingasfuck, Damnthatsinteresting, pics, mildlyinfuriating, facepalm",18.1473
kolmiw,164,"interestingasfuck, Damnthatsinteresting, pics, mildlyinfuriating, facepalm",47.6091
a_smilingpsycho,164,"interestingasfuck, Damnthatsinteresting, pics, mildlyinfuriating, facepalm",2.2865
National_Badger8336,303,OMSCS,0
strawberryyymilkkk,1525,"de, Studium, Finanzen, Ratschlag, germany",0.0341
Didiermaoer,1525,"de, Studium, Finanzen, Ratschlag, germany",0.4215
murdercheese,1480,"csMajors, PhD, ApplyingToCollege, AskAcademia, gradadmissions",0.9019
littlemarmmot,1480,"csMajors, PhD, ApplyingToCollege, AskAcademia, gradadmissions",0.0066
tischbombe23,1480,"csMajors, PhD, ApplyingToCollege, AskAcademia, gradadmissions",0.051
TriboarHiking,1601,"NoStupidQuestions, AskReddit, askswitzerland, AITAH, Switzerland",11.2446
mrnacknime,164,"interestingasfuck, Damnthatsinteresting, pics, mildlyinfuriating, facepalm",42.901
Much_Sprinkles_7096,304,"UZH, askswitzerland",0
rezayazdanfar,1480,"csMajors, PhD, ApplyingToCollege, AskAcademia, gradadmissions",17.1444
Fun_Objective_7779,164,"interestingasfuck, Damnthatsinteresting, pics, mildlyinfuriating, facepalm",55.8476
Kindly-Exercise-5134,164,"interestingasfuck, Damnthatsinteresting, pics, mildlyinfuriating, facepalm",0.1659
mlx11,1480,"csMajors, PhD, ApplyingToCollege, AskAcademia, gradadmissions",0.2474
atrusdaskoenig,305,zurich,0
VirtualPanic6798,306,"SipsTea, technology",0
arturoEE,1480,"csMajors, PhD, ApplyingToCollege, AskAcademia, gradadmissions",32.4768
kinkyaboutjewelry,164,"interestingasfuck, Damnthatsinteresting, pics, mildlyinfuriating, facepalm",67.7339
Vergnossworzler,164,"interestingasfuck, Damnthatsinteresting, pics, mildlyinfuriating, facepalm",30.7722
Embarrassed_Gate5495,1480,"csMajors, PhD, ApplyingToCollege, AskAcademia, gradadmissions",0.0167
PeaQueasy9195,307,"quant, UZH, Switzerland",0
Much-Caterpillar1903,1601,"NoStupidQuestions, AskReddit, askswitzerland, AITAH, Switzerland",9.2598
anxious_human_431231,308,"Skigear, SwissFIRE, Switzerland, zurich",0
Gabroxs,309,calculus,0
Fierce_Coffee,1480,"csMajors, PhD, ApplyingToCollege, AskAcademia, gradadmissions",0.0263
2eZ4J,1480,"csMajors, PhD, ApplyingToCollege, AskAcademia, gradadmissions",0.2344
QYbear,310,"classicalmusic, zurich",0
SamaireB,1601,"NoStupidQuestions, AskReddit, askswitzerland, AITAH, Switzerland",58.0449
Soggy-Pin-1936,1480,"csMajors, PhD, ApplyingToCollege, AskAcademia, gradadmissions",15.2467
0attention-span,164,"interestingasfuck, Damnthatsinteresting, pics, mildlyinfuriating, facepalm",5.6192
Spiritual-Freedom-20,311,AskEngineers,0
polissilop,1525,"de, Studium, Finanzen, Ratschlag, germany",1.2381
No_Listen7185,312,IELTS,0
Slim_Jue,1480,"csMajors, PhD, ApplyingToCollege, AskAcademia, gradadmissions",1.1344
Jakey1999,164,"interestingasfuck, Damnthatsinteresting, pics, mildlyinfuriating, facepalm",8.3458
Drunken_Sheep_69,1601,"NoStupidQuestions, AskReddit, askswitzerland, AITAH, Switzerland",63.4646
Equivalent_Low_8350,1601,"NoStupidQuestions, AskReddit, askswitzerland, AITAH, Switzerland",38.5629
Excellent_Avocado485,1601,"NoStupidQuestions, AskReddit, askswitzerland, AITAH, Switzerland",0.4497
nickbob00,1601,"NoStupidQuestions, AskReddit, askswitzerland, AITAH, Switzerland",57.6846
OneRefrigerator8599,313,ChatGPT,0
Happy_Ad_4345,314,tumunich,0
Giggs1986,1480,"csMajors, PhD, ApplyingToCollege, AskAcademia, gradadmissions",0.0037
Brave-Variation-1397,315,"pakistan, islam, askswitzerland",0
No_Pollution_1312,1480,"csMajors, PhD, ApplyingToCollege, AskAcademia, gradadmissions",16.4473
manchmaldrauf,1601,"NoStupidQuestions, AskReddit, askswitzerland, AITAH, Switzerland",32.7784
Curious_Meat_9317,1601,"NoStupidQuestions, AskReddit, askswitzerland, AITAH, Switzerland",32.0739
devshah19,1480,"csMajors, PhD, ApplyingToCollege, AskAcademia, gradadmissions",8.759
hette4,316,"running, geography",0
Then_Magician1002,1480,"csMajors, PhD, ApplyingToCollege, AskAcademia, gradadmissions",0.0037
bsaverio,1559,"Universitaly, ItaliaPersonalFinance, CasualIT, Italia, ItaliaCareerAdvice",0.3196
individualismus,317,zurich,0
Papierkor654,1480,"csMajors, PhD, ApplyingToCollege, AskAcademia, gradadmissions",6.146
Western_Gear5643,318,"etudiants, Universitaly, gradadmissions, EPFL",0
iceby,1525,"de, Studium, Finanzen, Ratschlag, germany",43.8441
SockNecessary9116,319,FluentInFinance,0
Amapocho,21,"ClashRoyale, soccer, MSCS, UofT, gradadmissions",0.5053
Unique_username_7171,320,"ich_iel, Damnthatsinteresting, schwiiz, BUENZLI, Switzerland",0
The_Gobi_1,164,"interestingasfuck, Damnthatsinteresting, pics, mildlyinfuriating, facepalm",35.6303
RedditRule3,164,"interestingasfuck, Damnthatsinteresting, pics, mildlyinfuriating, facepalm",10.2199
h-musicfr,1480,"csMajors, PhD, ApplyingToCollege, AskAcademia, gradadmissions",40.5977
Qverman,321,cyberpunkgame,0
Pleasant_Bug_6121,322,French,0
B_BARTHMAN,164,"interestingasfuck, Damnthatsinteresting, pics, mildlyinfuriating, facepalm",0.1183
gobacktomonke31,1480,"csMajors, PhD, ApplyingToCollege, AskAcademia, gradadmissions",13.1249
chapcoin,1480,"csMajors, PhD, ApplyingToCollege, AskAcademia, gradadmissions",5.9003
CharlyNuggy,323,"ask, relationship_advice",0
Odd_Television_6382,1480,"csMajors, PhD, ApplyingToCollege, AskAcademia, gradadmissions",1.9827
GuiltyConsideration5,1480,"csMajors, PhD, ApplyingToCollege, AskAcademia, gradadmissions",0.0339
Professional_Fig1828,1480,"csMajors, PhD, ApplyingToCollege, AskAcademia, gradadmissions",0.028
Fickle_Knee_106,1480,"csMajors, PhD, ApplyingToCollege, AskAcademia, gradadmissions",4.4028
Galaktische_Gurke,1480,"csMajors, PhD, ApplyingToCollege, AskAcademia, gradadmissions",0.128
Suspicious_Season_26,324,zurich,0
Admirable-Group-1129,325,"HongKong, EPFL",0
Vincenz0ne,326,EPFL,0
an-ordinary-manchild,164,"interestingasfuck, Damnthatsinteresting, pics, mildlyinfuriating, facepalm",23.8269
strawmangva,164,"interestingasfuck, Damnthatsinteresting, pics, mildlyinfuriating, facepalm",35.4494
Flo03DT,1525,"de, Studium, Finanzen, Ratschlag, germany",12.0801
raymondh31lt,164,"interestingasfuck, Damnthatsinteresting, pics, mildlyinfuriating, facepalm",20.4844
Elegant_Ad6405,327,"duolingo, askmath",0
VermicelliStill7625,328,"ucla, Imperial, gradadmissions, zurich",0
ysenngard,329,"google, Switzerland",0
Its_just_a_nerd,1480,"csMajors, PhD, ApplyingToCollege, AskAcademia, gradadmissions",0.0431
SuitableEye4785,330,"AMA, expats, SwissPersonalFinance, askswitzerland, Switzerland",0
Athoak,331,"UkraineWarVideoReport, maybemaybemaybe, MapPorn",0
SnooRadishes3418,332,"geneva, Switzerland",0
Stunning-Scar-9907,333,"deeplearning, MachineLearning, EPFL, Switzerland",0
riceball4real,1480,"csMajors, PhD, ApplyingToCollege, AskAcademia, gradadmissions",0.499
Pynabb,164,"interestingasfuck, Damnthatsinteresting, pics, mildlyinfuriating, facepalm",57.6293
bigfr0g,334,"TwoXChromosomes, RandomThoughts, BUENZLI, AskReddit, askswitzerland",0
beachwavesshrimp,1480,"csMajors, PhD, ApplyingToCollege, AskAcademia, gradadmissions",2.1352
benutzername127,164,"interestingasfuck, Damnthatsinteresting, pics, mildlyinfuriating, facepalm",37.4619
DotNetEvangeliser,1480,"csMajors, PhD, ApplyingToCollege, AskAcademia, gradadmissions",0.1849
hoechsten2,1601,"NoStupidQuestions, AskReddit, askswitzerland, AITAH, Switzerland",3.8081
Psychological-Owl-76,335,zurich,0
rabbitfoot89,1480,"csMajors, PhD, ApplyingToCollege, AskAcademia, gradadmissions",4.7213
SnowflakeGangster,336,zurich,0
CoopPlayerLP,1601,"NoStupidQuestions, AskReddit, askswitzerland, AITAH, Switzerland",0.1263
lamperi-,1480,"csMajors, PhD, ApplyingToCollege, AskAcademia, gradadmissions",6.9084
Ok_Error_4110,1525,"de, Studium, Finanzen, Ratschlag, germany",23.9668
Accept_A_Username,337,architecture,0
evadingagainandagain,1601,"NoStupidQuestions, AskReddit, askswitzerland, AITAH, Switzerland",7.9276
Annual-Advisor-7916,1480,"csMajors, PhD, ApplyingToCollege, AskAcademia, gradadmissions",4.662
bleulivide,338,Morocco,0
user_052525,339,"ADHD, relationships, zurich",0
reisk4nzler,1480,"csMajors, PhD, ApplyingToCollege, AskAcademia, gradadmissions",0.1203
septimius42,340,"Futurology, BUENZLI",0
Left_Ferret1542,1601,"NoStupidQuestions, AskReddit, askswitzerland, AITAH, Switzerland",0.5187
Odd_Raspberry_2402,1480,"csMajors, PhD, ApplyingToCollege, AskAcademia, gradadmissions",39.4169
throaway_ch,341,"Israel, askswitzerland, Switzerland",0
zarkonnen,164,"interestingasfuck, Damnthatsinteresting, pics, mildlyinfuriating, facepalm",0.0535
Brilliant-Word2927,1601,"NoStupidQuestions, AskReddit, askswitzerland, AITAH, Switzerland",0.5861
Ginerbreadman,164,"interestingasfuck, Damnthatsinteresting, pics, mildlyinfuriating, facepalm",42.5246
Significant_Gap_4788,1601,"NoStupidQuestions, AskReddit, askswitzerland, AITAH, Switzerland",1.3541
luckyvice323,342,"cscareerquestionsEU, EPFL",0
fishbirdsfoxesmoles,1480,"csMajors, PhD, ApplyingToCollege, AskAcademia, gradadmissions",6.2926
Virtual_Yoghurt_5300,343,"AmItheAsshole, askswitzerland",0
thetta-reddast,1480,"csMajors, PhD, ApplyingToCollege, AskAcademia, gradadmissions",0.1362
unknown_qw,1601,"NoStupidQuestions, AskReddit, askswitzerland, AITAH, Switzerland",0.4005
H123G123,1480,"csMajors, PhD, ApplyingToCollege, AskAcademia, gradadmissions",0.0037
Altruistic-Edge-2393,344,"Brawlstars, mathematics, Physics",0
DifficultMouse8428,164,"interestingasfuck, Damnthatsinteresting, pics, mildlyinfuriating, facepalm",18.427
zweiter_mensch,345,"soccer, Switzerland",0
i_see_the_ocean,1480,"csMajors, PhD, ApplyingToCollege, AskAcademia, gradadmissions",0.2518
pferden,1601,"NoStupidQuestions, AskReddit, askswitzerland, AITAH, Switzerland",66.3685
sillyleopard84,346,greece,0
Professional_Ear7173,164,"interestingasfuck, Damnthatsinteresting, pics, mildlyinfuriating, facepalm",8.6058
Fair-Cod7669,1601,"NoStupidQuestions, AskReddit, askswitzerland, AITAH, Switzerland",23.3636
Pretty_Employ_8657,1480,"csMajors, PhD, ApplyingToCollege, AskAcademia, gradadmissions",0.0998
stichtom,1559,"Universitaly, ItaliaPersonalFinance, CasualIT, Italia, ItaliaCareerAdvice",5.6057
haraldfranck,1480,"csMajors, PhD, ApplyingToCollege, AskAcademia, gradadmissions",1.3539
Character-Wedding-56,347,"Indians_StudyAbroad, TUDelft",0
OverallPractice7381,1601,"NoStupidQuestions, AskReddit, askswitzerland, AITAH, Switzerland",13.2568
Obviously_Special,164,"interestingasfuck, Damnthatsinteresting, pics, mildlyinfuriating, facepalm",19.8645
SnooWoofers237,348,"computerscience, berkeley, Switzerland, zurich",0
badUFO,164,"interestingasfuck, Damnthatsinteresting, pics, mildlyinfuriating, facepalm",2.4045
Jonathan--,164,"interestingasfuck, Damnthatsinteresting, pics, mildlyinfuriating, facepalm",1.9547
TheDerplessHerp,164,"interestingasfuck, Damnthatsinteresting, pics, mildlyinfuriating, facepalm",0.1135
Agruesle,1480,"csMajors, PhD, ApplyingToCollege, AskAcademia, gradadmissions",0.0093
_white_noise,1480,"csMajors, PhD, ApplyingToCollege, AskAcademia, gradadmissions",5.8336
blueswancsgo,164,"interestingasfuck, Damnthatsinteresting, pics, mildlyinfuriating, facepalm",0.4033
BANANAT0R,1525,"de, Studium, Finanzen, Ratschlag, germany",9.2327
Macroneconomist,1525,"de, Studium, Finanzen, Ratschlag, germany",8.438
hornystoner161,1480,"csMajors, PhD, ApplyingToCollege, AskAcademia, gradadmissions",0.1279
passificrimjob,1601,"NoStupidQuestions, AskReddit, askswitzerland, AITAH, Switzerland",1.3481
tobevivid,349,"oxforduni, Switzerland, zurich",0
hadronmachinist,164,"interestingasfuck, Damnthatsinteresting, pics, mildlyinfuriating, facepalm",46.6889
milfiway,1480,"csMajors, PhD, ApplyingToCollege, AskAcademia, gradadmissions",0.481
maroonjoggers,1480,"csMajors, PhD, ApplyingToCollege, AskAcademia, gradadmissions",1.3213
ChewieShot,350,"malelivingspace, EPFL, zurich",0
Cattleya123,351,"mildlyinteresting, ETHzurich, askswitzerland",0
Significant_War_2802,352,IELTS,0
light_is_time,353,"ChineseLanguage, BUENZLI",0
Emergency-Shower-205,354,cmu,0
maximilianbernoulli,1601,"NoStupidQuestions, AskReddit, askswitzerland, AITAH, Switzerland",0.1551
Appropriate_You564,1480,"csMajors, PhD, ApplyingToCollege, AskAcademia, gradadmissions",0.3458
CompleteCountry6,1480,"csMajors, PhD, ApplyingToCollege, AskAcademia, gradadmissions",0.0556
Eastern-Rip2821,1480,"csMajors, PhD, ApplyingToCollege, AskAcademia, gradadmissions",0.0295
qra_01516,1525,"de, Studium, Finanzen, Ratschlag, germany",1.2423
dawnstrata1996,1480,"csMajors, PhD, ApplyingToCollege, AskAcademia, gradadmissions",0.0321
Ok-Conference6068,1601,"NoStupidQuestions, AskReddit, askswitzerland, AITAH, Switzerland",51.1671
jujumusk,1601,"NoStupidQuestions, AskReddit, askswitzerland, AITAH, Switzerland",3.2972
studentofbio,355,askswitzerland,0
Acrobatic-Kiwi2045,1601,"NoStupidQuestions, AskReddit, askswitzerland, AITAH, Switzerland",0.0259
Eucheria,356,"AskFrance, france, Switzerland",0
Serious_Reporter950,1601,"NoStupidQuestions, AskReddit, askswitzerland, AITAH, Switzerland",6.9339
MyPunsAreKoalaTea,164,"interestingasfuck, Damnthatsinteresting, pics, mildlyinfuriating, facepalm",62.8353
Prof_Blutfleck,1480,"csMajors, PhD, ApplyingToCollege, AskAcademia, gradadmissions",0.2274
turingawardwinner,357,"stanford, gradadmissions",0
ebes_77,1480,"csMajors, PhD, ApplyingToCollege, AskAcademia, gradadmissions",0.0177
MaleficentAd3783,1601,"NoStupidQuestions, AskReddit, askswitzerland, AITAH, Switzerland",6.5912
Salty_Idea1437,358,Switzerland,0
Any_Permission2555,1480,"csMajors, PhD, ApplyingToCollege, AskAcademia, gradadmissions",0.4179
zoroasterixer,1559,"Universitaly, ItaliaPersonalFinance, CasualIT, Italia, ItaliaCareerAdvice",13.6548
peony2506,1480,"csMajors, PhD, ApplyingToCollege, AskAcademia, gradadmissions",0.0717
reactionchamber,1480,"csMajors, PhD, ApplyingToCollege, AskAcademia, gradadmissions",0.1942
schrieffer321,1559,"Universitaly, ItaliaPersonalFinance, CasualIT, Italia, ItaliaCareerAdvice",10.7449
BNI_sp,1601,"NoStupidQuestions, AskReddit, askswitzerland, AITAH, Switzerland",86.8864
Ok_Construction2330,359,"SonyHeadphones, Switzerland",0
Barinski04,360,"GarminWatches, ClashOfClans",0
DoritoKingpin69,1480,"csMajors, PhD, ApplyingToCollege, AskAcademia, gradadmissions",0.0104
essigguerkli,361,zurich,0
VastStandard6769,1601,"NoStupidQuestions, AskReddit, askswitzerland, AITAH, Switzerland",23.3256
Savings-Ad-5585,1480,"csMajors, PhD, ApplyingToCollege, AskAcademia, gradadmissions",0.0153
biologicalwastehere,1525,"de, Studium, Finanzen, Ratschlag, germany",0.0943
Alex51423,1480,"csMajors, PhD, ApplyingToCollege, AskAcademia, gradadmissions",12.7963
richard--b,1480,"csMajors, PhD, ApplyingToCollege, AskAcademia, gradadmissions",22.378
AffectionateStore225,1480,"csMajors, PhD, ApplyingToCollege, AskAcademia, gradadmissions",7.0797
Commercial-Claim3290,362,"Fire, SwissPersonalFinance, askswitzerland",0
4g4o,363,Munich,0
Anon_cat3563,1480,"csMajors, PhD, ApplyingToCollege, AskAcademia, gradadmissions",5.7856
Vegetable_Meal_1781,364,"askswitzerland, Switzerland",0
hytrax,365,"expats, germany",0
Odd_Student_7313,1525,"de, Studium, Finanzen, Ratschlag, germany",2.8274
Sorry_Mushroom5493,1601,"NoStupidQuestions, AskReddit, askswitzerland, AITAH, Switzerland",30.6014
mrafinch,1601,"NoStupidQuestions, AskReddit, askswitzerland, AITAH, Switzerland",69.2539
AdWitty1713,1525,"de, Studium, Finanzen, Ratschlag, germany",67.1567
toooni,164,"interestingasfuck, Damnthatsinteresting, pics, mildlyinfuriating, facepalm",5.9588
umm_wtf_hey,164,"interestingasfuck, Damnthatsinteresting, pics, mildlyinfuriating, facepalm",0.0496
CaptainLoggy,164,"interestingasfuck, Damnthatsinteresting, pics, mildlyinfuriating, facepalm",33.1145
E715A,1525,"de, Studium, Finanzen, Ratschlag, germany",14.6172
Same-Scholar-8182,366,"Daytrading, Finanzen, SwissPersonalFinance, askswitzerland, Switzerland",0
standermatt,1480,"csMajors, PhD, ApplyingToCollege, AskAcademia, gradadmissions",35.2044
mexican_next_door,1601,"NoStupidQuestions, AskReddit, askswitzerland, AITAH, Switzerland",0.4758
fingerprint187,1480,"csMajors, PhD, ApplyingToCollege, AskAcademia, gradadmissions",0.0037
patatadavinci,367,"Productivitycafe, autism, SwissPersonalFinance, askswitzerland, Switzerland",0
Nick88stam,1480,"csMajors, PhD, ApplyingToCollege, AskAcademia, gradadmissions",0.0054
Wonderful-Train-465,368,offmychest,0
nohatevibez,1480,"csMajors, PhD, ApplyingToCollege, AskAcademia, gradadmissions",0.1343
Dulduls,1480,"csMajors, PhD, ApplyingToCollege, AskAcademia, gradadmissions",7.0563
Small_Telephone_6587,369,cmu,0
PracticeMammoth387,1601,"NoStupidQuestions, AskReddit, askswitzerland, AITAH, Switzerland",6.6965
egiorgis,1559,"Universitaly, ItaliaPersonalFinance, CasualIT, Italia, ItaliaCareerAdvice",0.1724
blvckb1rd,1480,"csMajors, PhD, ApplyingToCollege, AskAcademia, gradadmissions",9.5493
LeaveEffective1581,370,askswitzerland,0
FlounderNecessary729,1601,"NoStupidQuestions, AskReddit, askswitzerland, AITAH, Switzerland",19.1326
peaceradiant,164,"interestingasfuck, Damnthatsinteresting, pics, mildlyinfuriating, facepalm",7.7187
_Hurdy_Gurdy_,164,"interestingasfuck, Damnthatsinteresting, pics, mildlyinfuriating, facepalm",39.4535
Great-Pollution688,371,"REU, cscareerquestionsEU, EPFL",0
Emergency_Mail6848,1480,"csMajors, PhD, ApplyingToCollege, AskAcademia, gradadmissions",1.7162
Thoaishea,372,Switzerland,0
elmeronero,1525,"de, Studium, Finanzen, Ratschlag, germany",4.4109
GaboogAas,373,"DTU, StudyInTheNetherlands",0
AlrikBunseheimer,164,"interestingasfuck, Damnthatsinteresting, pics, mildlyinfuriating, facepalm",65.7465
Appropriate_Spend268,374,"thinkpad, gradadmissions, askswitzerland, Switzerland",0
velirozh,375,"Europetravel, German, askswitzerland, Switzerland, zurich",0
xXVareszXx,164,"interestingasfuck, Damnthatsinteresting, pics, mildlyinfuriating, facepalm",13.1464
it-isss-what-it-isss,1601,"NoStupidQuestions, AskReddit, askswitzerland, AITAH, Switzerland",3.0023
ajnosz120,1601,"NoStupidQuestions, AskReddit, askswitzerland, AITAH, Switzerland",0.0608
FlounderOutrageous42,1525,"de, Studium, Finanzen, Ratschlag, germany",3.8124
No-Supermarket-4378,376,"magicTCG, Eldenring",0
Adarain,164,"interestingasfuck, Damnthatsinteresting, pics, mildlyinfuriating, facepalm",3.2684
Remarkable-Music7684,377,EPFL,0
aieidotch,164,"interestingasfuck, Damnthatsinteresting, pics, mildlyinfuriating, facepalm",15.007
LengthSuch,378,ElectricalEngineering,0
Electrical-Ear5319,379,"bioinformatics, StudyInTheNetherlands",0
myguruedgecom,1480,"csMajors, PhD, ApplyingToCollege, AskAcademia, gradadmissions",1.9905
Th-Eben,1525,"de, Studium, Finanzen, Ratschlag, germany",8.0189
poiuqwer78,380,"factorio, askswitzerland",0
Relative-Ad-3217,381,AskUK,0
Careful_Head_5076,382,EPFL,0
talpazz,1601,"NoStupidQuestions, AskReddit, askswitzerland, AITAH, Switzerland",10.3467
nxx-ch,164,"interestingasfuck, Damnthatsinteresting, pics, mildlyinfuriating, facepalm",32.6828
Such-Emotion3247,1601,"NoStupidQuestions, AskReddit, askswitzerland, AITAH, Switzerland",39.9773
_null__,1480,"csMajors, PhD, ApplyingToCollege, AskAcademia, gradadmissions",2.3489
Reasonable_Yak_526,383,"SwitzerlandIsFake, dji, SwitzerlandFirst, askswitzerland, Switzerland",0
xDerDachDeckerx,1525,"de, Studium, Finanzen, Ratschlag, germany",31.377
Final-Fisherman-7648,1601,"NoStupidQuestions, AskReddit, askswitzerland, AITAH, Switzerland",0.4859
Chemical-Baseball-24,384,"jobs, UZH",0
BusSuch2471,385,"Studium, zurich",0
THE_CODING_ERA3791,1480,"csMajors, PhD, ApplyingToCollege, AskAcademia, gradadmissions",0.8832
KRuss7,1525,"de, Studium, Finanzen, Ratschlag, germany",0.196
0raid,386,"askswitzerland, Switzerland",0
Popular-Art6864,1601,"NoStupidQuestions, AskReddit, askswitzerland, AITAH, Switzerland",0.7042
Dadaman3000,1525,"de, Studium, Finanzen, Ratschlag, germany",16.2463
OperationSalt3860,387,"unpopularopinion, SkincareAddiction, askswitzerland, zurich",0
matt78whoop,1480,"csMajors, PhD, ApplyingToCollege, AskAcademia, gradadmissions",0.0051
PureContext1186,388,Surface,0
Bitter_Clue2400,389,"askswitzerland, zurich",0
erizon,1480,"csMajors, PhD, ApplyingToCollege, AskAcademia, gradadmissions",4.1145
MrMcFreddy,390,Switzerland,0
EmergencyArtistic634,1480,"csMajors, PhD, ApplyingToCollege, AskAcademia, gradadmissions",0.0476
BoSutherland,1480,"csMajors, PhD, ApplyingToCollege, AskAcademia, gradadmissions",2.4475
Automatic_Pear3386,1601,"NoStupidQuestions, AskReddit, askswitzerland, AITAH, Switzerland",0.4926
needyfr,391,"developersIndia, MSCS, gradadmissions, askswitzerland, Switzerland",0
MarioPnt,1480,"csMajors, PhD, ApplyingToCollege, AskAcademia, gradadmissions",4.0388
Lestode,1480,"csMajors, PhD, ApplyingToCollege, AskAcademia, gradadmissions",2.0909
Away_Ad_7316,1480,"csMajors, PhD, ApplyingToCollege, AskAcademia, gradadmissions",9.2634
Kug3lfisch,164,"interestingasfuck, Damnthatsinteresting, pics, mildlyinfuriating, facepalm",0.01
WizardyJohnny,1480,"csMajors, PhD, ApplyingToCollege, AskAcademia, gradadmissions",0.2722
nova_nocturna,1480,"csMajors, PhD, ApplyingToCollege, AskAcademia, gradadmissions",1.9426
AVeryGoofyGoober,164,"interestingasfuck, Damnthatsinteresting, pics, mildlyinfuriating, facepalm",0.0289
quazlyy,164,"interestingasfuck, Damnthatsinteresting, pics, mildlyinfuriating, facepalm",23.2389
oldppd,392,MachineLearning,0
Character_Fail826,393,EPFL,0
OrneryRefrigerator53,1601,"NoStupidQuestions, AskReddit, askswitzerland, AITAH, Switzerland",3.2244
ToshiakiTakenori,1480,"csMajors, PhD, ApplyingToCollege, AskAcademia, gradadmissions",0.6167
trufaluffy,394,askswitzerland,0
TopSoft9645,395,"aww, AskReddit",0
ProfessionalLoad238,1601,"NoStupidQuestions, AskReddit, askswitzerland, AITAH, Switzerland",44.5654
arjuna66671,164,"interestingasfuck, Damnthatsinteresting, pics, mildlyinfuriating, facepalm",43.0623
Peace_and_Joy,1601,"NoStupidQuestions, AskReddit, askswitzerland, AITAH, Switzerland",55.0108
fuckthiscentury175,164,"interestingasfuck, Damnthatsinteresting, pics, mildlyinfuriating, facepalm",26.7962
Mandelmus100,164,"interestingasfuck, Damnthatsinteresting, pics, mildlyinfuriating, facepalm",33.5265
Scypher_Tzu,1480,"csMajors, PhD, ApplyingToCollege, AskAcademia, gradadmissions",14.0693
WindowAromatic6228,1480,"csMajors, PhD, ApplyingToCollege, AskAcademia, gradadmissions",0.9515
ginarrbrik,1480,"csMajors, PhD, ApplyingToCollege, AskAcademia, gradadmissions",0.0053
Yunikk_sc2,396,BaldursGate3,0
AdAccomplished989,164,"interestingasfuck, Damnthatsinteresting, pics, mildlyinfuriating, facepalm",0.059
Matty_Liquor,397,Helldivers,0
LeonUPazz,164,"interestingasfuck, Damnthatsinteresting, pics, mildlyinfuriating, facepalm",26.305
Kindly-Caregiver7197,1525,"de, Studium, Finanzen, Ratschlag, germany",12.3187
Japan-Tokyo-1,1601,"NoStupidQuestions, AskReddit, askswitzerland, AITAH, Switzerland",2.2355
clay_me,1525,"de, Studium, Finanzen, Ratschlag, germany",3.4053
EffectivelyToasted,1601,"NoStupidQuestions, AskReddit, askswitzerland, AITAH, Switzerland",0.2798
kittenkorb,398,"berlin, Switzerland",0
Kindly-Dog1125,399,"stocks, geography, askswitzerland, Switzerland, zurich",0
CauliflowerNormal989,400,"askgaybros, AskReddit, askswitzerland",0
toshass,401,"StableDiffusion, German, MachineLearning, zurich",0
Printadmin,1601,"NoStupidQuestions, AskReddit, askswitzerland, AITAH, Switzerland",0.064
Dazzling_Pie6938,402,EPFL,0
Sebasite,1480,"csMajors, PhD, ApplyingToCollege, AskAcademia, gradadmissions",0.5138
Ribsl,403,zurich,0
user13376942069,1480,"csMajors, PhD, ApplyingToCollege, AskAcademia, gradadmissions",10.6998
Desperate-Mistake611,1601,"NoStupidQuestions, AskReddit, askswitzerland, AITAH, Switzerland",17.3243
No-Grapefruit1341,1525,"de, Studium, Finanzen, Ratschlag, germany",0.218
pointbreak_7,1601,"NoStupidQuestions, AskReddit, askswitzerland, AITAH, Switzerland",7.1099
Foreign_Fun_1196,404,"bioinformatics, gradadmissions",0
Mundane-Carry-6632,405,Switzerland,0
Fit_Entrepreneur_669,1525,"de, Studium, Finanzen, Ratschlag, germany",7.9191
w4lt3rwalter,406,"geography, europe",0
Short_Assignment5601,1601,"NoStupidQuestions, AskReddit, askswitzerland, AITAH, Switzerland",8.7711
Iphilbour,407,askswitzerland,0
Emotional_Jello_2119,408,BaldursGate3,0
Knorpsl,409,"memes, AskPhysics, AskReddit, Switzerland, zurich",0
TheGilrich,164,"interestingasfuck, Damnthatsinteresting, pics, mildlyinfuriating, facepalm",0.8259
tarquasso,410,"funnyvideos, pics, zurich",0
corny96,1525,"de, Studium, Finanzen, Ratschlag, germany",3.2963
Efficient-Day-9662,411,EPFL,0
Reasonable_Duty6013,412,italy,0
v0idness,164,"interestingasfuck, Damnthatsinteresting, pics, mildlyinfuriating, facepalm",8.444
BioTechSweeper,1601,"NoStupidQuestions, AskReddit, askswitzerland, AITAH, Switzerland",0.4117
Brilliant-Job-3784,413,"EngineeringStudents, BUENZLI, askswitzerland",0
Bongo_2020,1480,"csMajors, PhD, ApplyingToCollege, AskAcademia, gradadmissions",0.0218
philkellr,164,"interestingasfuck, Damnthatsinteresting, pics, mildlyinfuriating, facepalm",29.34
_shadow_moon_,1601,"NoStupidQuestions, AskReddit, askswitzerland, AITAH, Switzerland",10.7869
terminal_object,164,"interestingasfuck, Damnthatsinteresting, pics, mildlyinfuriating, facepalm",58.9278
Bitter-Invite7175,1601,"NoStupidQuestions, AskReddit, askswitzerland, AITAH, Switzerland",2.4961
tinytiny_val,1601,"NoStupidQuestions, AskReddit, askswitzerland, AITAH, Switzerland",5.6166
SirJohnSmith,1559,"Universitaly, ItaliaPersonalFinance, CasualIT, Italia, ItaliaCareerAdvice",0.1611
backgammon_no,1601,"NoStupidQuestions, AskReddit, askswitzerland, AITAH, Switzerland",28.2419
jappsugthesorcerer,1480,"csMajors, PhD, ApplyingToCollege, AskAcademia, gradadmissions",1.0973
ET_ON_EARTH,1480,"csMajors, PhD, ApplyingToCollege, AskAcademia, gradadmissions",1.7211
IcePlus489,1525,"de, Studium, Finanzen, Ratschlag, germany",36.9267
DummeStudentin,1525,"de, Studium, Finanzen, Ratschlag, germany",57.9119
ResistAlternative935,1601,"NoStupidQuestions, AskReddit, askswitzerland, AITAH, Switzerland",19.3404
Sploter289,1480,"csMajors, PhD, ApplyingToCollege, AskAcademia, gradadmissions",11.1369
haCKerCK,1480,"csMajors, PhD, ApplyingToCollege, AskAcademia, gradadmissions",0.2499
New-Boysenberry-5125,414,"Switzerland, zurich",0
Prestigious_Road7872,1525,"de, Studium, Finanzen, Ratschlag, germany",15.8246
ComprehensiveWeb6066,1480,"csMajors, PhD, ApplyingToCollege, AskAcademia, gradadmissions",0.2471
Few_Rope611,1480,"csMajors, PhD, ApplyingToCollege, AskAcademia, gradadmissions",0.1253
PyroZy,415,"berkeley, csMajors",0
progressivemonkey,164,"interestingasfuck, Damnthatsinteresting, pics, mildlyinfuriating, facepalm",11.1997
RoastedRhino,164,"interestingasfuck, Damnthatsinteresting, pics, mildlyinfuriating, facepalm",75.5557
hopeful_learner123,1480,"csMajors, PhD, ApplyingToCollege, AskAcademia, gradadmissions",0.0552
PineappleOk3727,1480,"csMajors, PhD, ApplyingToCollege, AskAcademia, gradadmissions",0.1983
supercali_,1601,"NoStupidQuestions, AskReddit, askswitzerland, AITAH, Switzerland",0.3363
UncharteredComic,416,gradadmissions,0
Jollydancer,1601,"NoStupidQuestions, AskReddit, askswitzerland, AITAH, Switzerland",65.2746
ivy_winterborn,1601,"NoStupidQuestions, AskReddit, askswitzerland, AITAH, Switzerland",3.8693
Kepsnyy,1480,"csMajors, PhD, ApplyingToCollege, AskAcademia, gradadmissions",0.0037
asozzi,1480,"csMajors, PhD, ApplyingToCollege, AskAcademia, gradadmissions",0.6878
Fun-Confection1862,417,"fuckcars, trains",0
Stunning_Calendar595,418,zurich,0
Valuable-Still-3187,1480,"csMajors, PhD, ApplyingToCollege, AskAcademia, gradadmissions",32.6325
osteonc,419,"hacking, TrueOffMyChest, NoStupidQuestions",0
randomperson212351,420,"singularity, de, askswitzerland, Switzerland, zurich",0
Eve_Z_,1480,"csMajors, PhD, ApplyingToCollege, AskAcademia, gradadmissions",0.275
of_patrol_bot,1480,"csMajors, PhD, ApplyingToCollege, AskAcademia, gradadmissions",44.1018
Specific-Length-9783,1480,"csMajors, PhD, ApplyingToCollege, AskAcademia, gradadmissions",0.152
SHChan1986,1480,"csMajors, PhD, ApplyingToCollege, AskAcademia, gradadmissions",8.4677
PromptImpossible,421,"CATpreparation, GooglePixel",0
wormyOdyssey,422,askswitzerland,0
pxtrxia,423,"Revolut, EPFL",0
Excellent_Coconut_81,1601,"NoStupidQuestions, AskReddit, askswitzerland, AITAH, Switzerland",48.8796
SamFC,424,"Indians_StudyAbroad, gradadmissions",0
Last_language_bender,1480,"csMajors, PhD, ApplyingToCollege, AskAcademia, gradadmissions",0.0037
DrOeuf,164,"interestingasfuck, Damnthatsinteresting, pics, mildlyinfuriating, facepalm",6.783
T0MOWN,1601,"NoStupidQuestions, AskReddit, askswitzerland, AITAH, Switzerland",0.5442
crimson1206,1480,"csMajors, PhD, ApplyingToCollege, AskAcademia, gradadmissions",16.3961
BozidarIvan,164,"interestingasfuck, Damnthatsinteresting, pics, mildlyinfuriating, facepalm",16.6955
Endivi,1601,"NoStupidQuestions, AskReddit, askswitzerland, AITAH, Switzerland",3.9396
myname_8,425,MapPorn,0
luckystarof2020,1480,"csMajors, PhD, ApplyingToCollege, AskAcademia, gradadmissions",4.0033
browncatnip,426,"euro2024, Switzerland",0
globetrotterdiamond,1601,"NoStupidQuestions, AskReddit, askswitzerland, AITAH, Switzerland",0.4707
Fabian_B_CH,1601,"NoStupidQuestions, AskReddit, askswitzerland, AITAH, Switzerland",14.3893
conradkun,427,"realmadrid, soccer, MapPorn, Switzerland, zurich",0
aebelge1,428,EPFL,0
randomsubaccount,164,"interestingasfuck, Damnthatsinteresting, pics, mildlyinfuriating, facepalm",0.4545
Konayo,164,"interestingasfuck, Damnthatsinteresting, pics, mildlyinfuriating, facepalm",29.8528
Conoodler,1480,"csMajors, PhD, ApplyingToCollege, AskAcademia, gradadmissions",0.0053
Pattt2602,1601,"NoStupidQuestions, AskReddit, askswitzerland, AITAH, Switzerland",1.1881
shekyboms,1480,"csMajors, PhD, ApplyingToCollege, AskAcademia, gradadmissions",1.1692
No-Assumption-6889,1601,"NoStupidQuestions, AskReddit, askswitzerland, AITAH, Switzerland",0.6377
Sufficient-Chef5785,1525,"de, Studium, Finanzen, Ratschlag, germany",0.3999
RomanRiesen,1480,"csMajors, PhD, ApplyingToCollege, AskAcademia, gradadmissions",12.9068
flenkenhues,429,"Luxembourg, AnalogCommunity, europe, Switzerland, zurich",0
OverGoat7,164,"interestingasfuck, Damnthatsinteresting, pics, mildlyinfuriating, facepalm",3.9175
120904,430,APStudents,0
ConfusedEarthDweller,1480,"csMajors, PhD, ApplyingToCollege, AskAcademia, gradadmissions",0.2639
IdealistCat,1480,"csMajors, PhD, ApplyingToCollege, AskAcademia, gradadmissions",0.0167
WiselyIndeed,431,zurich,0
l33dplayer,432,zurich,0
Fabi8086,164,"interestingasfuck, Damnthatsinteresting, pics, mildlyinfuriating, facepalm",9.4011
Cool-Newspaper-1,164,"interestingasfuck, Damnthatsinteresting, pics, mildlyinfuriating, facepalm",62.1785
Fun_Preparation_1372,433,gradadmissions,0
ParfaitFinancial9765,1480,"csMajors, PhD, ApplyingToCollege, AskAcademia, gradadmissions",0.0037
enlightened-sloth,164,"interestingasfuck, Damnthatsinteresting, pics, mildlyinfuriating, facepalm",0.2279
Ok_Revolution3592,1601,"NoStupidQuestions, AskReddit, askswitzerland, AITAH, Switzerland",0.5092
MelonLord25-3,1480,"csMajors, PhD, ApplyingToCollege, AskAcademia, gradadmissions",10.1171
nogoodskeleton,1601,"NoStupidQuestions, AskReddit, askswitzerland, AITAH, Switzerland",0.2968
markus_583,434,MachineLearning,0
DiscountOk830,1480,"csMajors, PhD, ApplyingToCollege, AskAcademia, gradadmissions",2.4448
HappySquid25,1480,"csMajors, PhD, ApplyingToCollege, AskAcademia, gradadmissions",3.8521
bigboy3126,1480,"csMajors, PhD, ApplyingToCollege, AskAcademia, gradadmissions",40.2878
Intelligent-Art4587,435,"UZH, askswitzerland",0
Training-Bake-4004,164,"interestingasfuck, Damnthatsinteresting, pics, mildlyinfuriating, facepalm",20.8269
luky_66,436,"formuladank, BUENZLI, zurich",0
ApprehensiveBack4896,437,EPFL,0
Temporary_Ad2328,1480,"csMajors, PhD, ApplyingToCollege, AskAcademia, gradadmissions",0.4272
lapp3m,1601,"NoStupidQuestions, AskReddit, askswitzerland, AITAH, Switzerland",0.4205
Beneficial_Repeat773,1480,"csMajors, PhD, ApplyingToCollege, AskAcademia, gradadmissions",0.9488
Spare-Twist-9574,438,BUENZLI,0
DaubDavs,1525,"de, Studium, Finanzen, Ratschlag, germany",0.4887
wallexd7,1480,"csMajors, PhD, ApplyingToCollege, AskAcademia, gradadmissions",0.0037
Designer-Tea2092,1601,"NoStupidQuestions, AskReddit, askswitzerland, AITAH, Switzerland",0.1106
Some-Relationship774,439,"Imperial, SwissPersonalFinance",0
redditisgarbage1103,440,"resumes, askswitzerland, Switzerland",0
AcidFreak1424,164,"interestingasfuck, Damnthatsinteresting, pics, mildlyinfuriating, facepalm",27.4906
Ok-Clothes-8833,441,science,0
peyonze,1480,"csMajors, PhD, ApplyingToCollege, AskAcademia, gradadmissions",2.5395
Chemboi69,1525,"de, Studium, Finanzen, Ratschlag, germany",63.49
sleep-deprived16,1601,"NoStupidQuestions, AskReddit, askswitzerland, AITAH, Switzerland",0.5748
mytinyteenieproblem,1480,"csMajors, PhD, ApplyingToCollege, AskAcademia, gradadmissions",0.5991
Chadington1234,1480,"csMajors, PhD, ApplyingToCollege, AskAcademia, gradadmissions",7.3327
Tenn_essee,1601,"NoStupidQuestions, AskReddit, askswitzerland, AITAH, Switzerland",0.4471
ComfortableAd6213,442,pics,0
un-glaublich,164,"interestingasfuck, Damnthatsinteresting, pics, mildlyinfuriating, facepalm",51.7645
Cheap-Cheek8801,164,"interestingasfuck, Damnthatsinteresting, pics, mildlyinfuriating, facepalm",0.0271
weiss_doch_o_ni,1601,"NoStupidQuestions, AskReddit, askswitzerland, AITAH, Switzerland",5.9596
Lulu3454,1525,"de, Studium, Finanzen, Ratschlag, germany",27.0594
Spielopoly,164,"interestingasfuck, Damnthatsinteresting, pics, mildlyinfuriating, facepalm",21.397
Outrageous-Writer935,443,"macbookpro, MSCS",0
Kaptvr,444,"Polska, buildapc",0
jsbi,1601,"NoStupidQuestions, AskReddit, askswitzerland, AITAH, Switzerland",2.6112
InternationalWay3577,164,"interestingasfuck, Damnthatsinteresting, pics, mildlyinfuriating, facepalm",50.0409
Alexa-Klee,445,"autism, canada",0
Kyuki88,1601,"NoStupidQuestions, AskReddit, askswitzerland, AITAH, Switzerland",2.0679
_mostdefinitelynot,446,EPFL,0
RespondSea4861,447,"datascience, ClashRoyale, askswitzerland",0
TittyStClaire,164,"interestingasfuck, Damnthatsinteresting, pics, mildlyinfuriating, facepalm",35.0407
rosealyd,1601,"NoStupidQuestions, AskReddit, askswitzerland, AITAH, Switzerland",4.905
Aalibab,1601,"NoStupidQuestions, AskReddit, askswitzerland, AITAH, Switzerland",1.7042
zinsights19,448,"investing, laptops",0
Geschak,164,"interestingasfuck, Damnthatsinteresting, pics, mildlyinfuriating, facepalm",74.5198
ClassicMurderer,449,math,0
AccomplishedBad1415,450,askswitzerland,0
Cheap_Claim7165,164,"interestingasfuck, Damnthatsinteresting, pics, mildlyinfuriating, facepalm",7.8427
Fun-News2258,1525,"de, Studium, Finanzen, Ratschlag, germany",0.1359
joeboeho,164,"interestingasfuck, Damnthatsinteresting, pics, mildlyinfuriating, facepalm",3.0075
Lukasthuering,1480,"csMajors, PhD, ApplyingToCollege, AskAcademia, gradadmissions",0.168
h3cker999,451,Physics,0
TransportationFast50,1480,"csMajors, PhD, ApplyingToCollege, AskAcademia, gradadmissions",0.1409
DeaZebra,452,"GarminWatches, BeAmazed, askswitzerland, Switzerland",0
IntentionFun4289,453,Switzerland,0
Schwarzwaldstube,1480,"csMajors, PhD, ApplyingToCollege, AskAcademia, gradadmissions",28.5781
OneAboveAll3,454,rwth,0
AdDouble2025,1480,"csMajors, PhD, ApplyingToCollege, AskAcademia, gradadmissions",0.2292
damianUHX,1525,"de, Studium, Finanzen, Ratschlag, germany",3.205
PoqQaz,164,"interestingasfuck, Damnthatsinteresting, pics, mildlyinfuriating, facepalm",24.6572
Emotional-Skirt7855,455,unimelb,0
Sea-Bother-4079,164,"interestingasfuck, Damnthatsinteresting, pics, mildlyinfuriating, facepalm",76.0371
Key-Basket4693,456,"AmItheAsshole, buildapc, suisse",0
drsnoggles,164,"interestingasfuck, Damnthatsinteresting, pics, mildlyinfuriating, facepalm",60.9617
gtancev,457,"wow, OnePiece, MachineLearning, Switzerland",0
2004FBS,1601,"NoStupidQuestions, AskReddit, askswitzerland, AITAH, Switzerland",0.4269
urshootingstar,1480,"csMajors, PhD, ApplyingToCollege, AskAcademia, gradadmissions",5.4755
Ok_Satisfaction448,458,"MSCS, gradadmissions",0
TribeWars,1480,"csMajors, PhD, ApplyingToCollege, AskAcademia, gradadmissions",0.0567
TemirTuran,1480,"csMajors, PhD, ApplyingToCollege, AskAcademia, gradadmissions",7.2882
dumogin,1480,"csMajors, PhD, ApplyingToCollege, AskAcademia, gradadmissions",4.1879
hyperionXO,459,EPFL,0
bringbackDM2,1525,"de, Studium, Finanzen, Ratschlag, germany",33.9311
Leducationth,1525,"de, Studium, Finanzen, Ratschlag, germany",15.4995
therealshunkaido,1480,"csMajors, PhD, ApplyingToCollege, AskAcademia, gradadmissions",0.0857
zzztz,1601,"NoStupidQuestions, AskReddit, askswitzerland, AITAH, Switzerland",25.0539
Sea_Web9898,460,"AmItheAsshole, suisse",0
i_am_bloating,1480,"csMajors, PhD, ApplyingToCollege, AskAcademia, gradadmissions",23.5698
Muoitran,461,"postdoc, DotA2, zurich",0
Wacern,1525,"de, Studium, Finanzen, Ratschlag, germany",0.6636
yungreseller,462,"algotrading, Bitcoin",0
EarDue438,463,gradadmissions,0
bomboloco,464,"AskReddit, zurich",0
WeirdBalloonLights,164,"interestingasfuck, Damnthatsinteresting, pics, mildlyinfuriating, facepalm",2.8687
ArtemisCrusher,465,tumunich,0
Appropriate_Gap_1399,466,"BaldursGate3, ChatGPT, EPFL",0
TheRealEmmek6,1601,"NoStupidQuestions, AskReddit, askswitzerland, AITAH, Switzerland",2.5213
FullWing2690,1480,"csMajors, PhD, ApplyingToCollege, AskAcademia, gradadmissions",0.1865
top_ofthe_morning,164,"interestingasfuck, Damnthatsinteresting, pics, mildlyinfuriating, facepalm",35.5038
Tight_Remote_1571,467,"rwth, TUDelft",0
Scentsuelle,1601,"NoStupidQuestions, AskReddit, askswitzerland, AITAH, Switzerland",16.8382
Christiandus,164,"interestingasfuck, Damnthatsinteresting, pics, mildlyinfuriating, facepalm",3.4569
EyeofEnder,164,"interestingasfuck, Damnthatsinteresting, pics, mildlyinfuriating, facepalm",12.3058
Boosted_Arrow,1525,"de, Studium, Finanzen, Ratschlag, germany",24.1902
tiny_smile_bot,1480,"csMajors, PhD, ApplyingToCollege, AskAcademia, gradadmissions",48.6962
Zenith_Predator,1601,"NoStupidQuestions, AskReddit, askswitzerland, AITAH, Switzerland",15.3509
No_Combination_6429,164,"interestingasfuck, Damnthatsinteresting, pics, mildlyinfuriating, facepalm",51.5285
Janedoe34007,1601,"NoStupidQuestions, AskReddit, askswitzerland, AITAH, Switzerland",5.5914
Weak_Tea_5505,468,Economics,0
nurdagniriel,469,Brazil,0
Proud_Process3548,1525,"de, Studium, Finanzen, Ratschlag, germany",0.7159
ObjectiveMall,1525,"de, Studium, Finanzen, Ratschlag, germany",59.089
Senbean,470,"chessbeginners, chess, AskReddit, Switzerland",0
svensKatten,1480,"csMajors, PhD, ApplyingToCollege, AskAcademia, gradadmissions",15.8913
Expat_zurich,1601,"NoStupidQuestions, AskReddit, askswitzerland, AITAH, Switzerland",0.4638
Nervous-Ear-477,164,"interestingasfuck, Damnthatsinteresting, pics, mildlyinfuriating, facepalm",16.8323
natankastel,471,"quantfinance, zurich",0
Timber_77,472,"ProgrammerHumor, schwiiz, BUENZLI, Switzerland",0
BallsBuster7,164,"interestingasfuck, Damnthatsinteresting, pics, mildlyinfuriating, facepalm",44.5431
artha_penn_,1480,"csMajors, PhD, ApplyingToCollege, AskAcademia, gradadmissions",3.0143
DaDf10,164,"interestingasfuck, Damnthatsinteresting, pics, mildlyinfuriating, facepalm",0.6787
Awkward_Eggplant1234,1480,"csMajors, PhD, ApplyingToCollege, AskAcademia, gradadmissions",1.4703
livelifetodream,1480,"csMajors, PhD, ApplyingToCollege, AskAcademia, gradadmissions",0.6742
_mortal_chaos_,1480,"csMajors, PhD, ApplyingToCollege, AskAcademia, gradadmissions",12.4114
ShadowZpeak,164,"interestingasfuck, Damnthatsinteresting, pics, mildlyinfuriating, facepalm",18.4093
useless_neutrino,1480,"csMajors, PhD, ApplyingToCollege, AskAcademia, gradadmissions",3.9758
WatchmeDoc,473,greece,0
SafeAcademic1544,1480,"csMajors, PhD, ApplyingToCollege, AskAcademia, gradadmissions",0.2471
LordWonker,1525,"de, Studium, Finanzen, Ratschlag, germany",2.3402
Recent_Wrangler_1064,474,"cscareerquestionsEU, europe, Switzerland",0
nervoustwig,475,"FPGA, GlobalOffensive, zurich",0
MangoExciting9169,164,"interestingasfuck, Damnthatsinteresting, pics, mildlyinfuriating, facepalm",0.0543
TurnAdministrative60,476,schwiiz,0
deruben,164,"interestingasfuck, Damnthatsinteresting, pics, mildlyinfuriating, facepalm",56.8425
WolfInner7540,477,"france, AskElectronics, suisse, SwissPersonalFinance, Switzerland",0
Downtown_Ear7915,1480,"csMajors, PhD, ApplyingToCollege, AskAcademia, gradadmissions",0.0577
Low-Opposite-7453,478,"SkincareAddiction, labrats",0
VulpesVulpes001,164,"interestingasfuck, Damnthatsinteresting, pics, mildlyinfuriating, facepalm",0.1143
cryptocrypto0815,164,"interestingasfuck, Damnthatsinteresting, pics, mildlyinfuriating, facepalm",18.4476
135uv,479,"Norway, Switzerland, zurich",0
MaracCabubu,480,"askmath, AskPhysics",0
Visual-Set-2736,481,"FinanzenAT, Finanzen",0
oat_milk_daddy,482,"cambridge_uni, GradSchool, gradadmissions, askswitzerland",0
nibr1609,483,gradadmissions,0
Welcie,484,"ask, GRE",0
exp_max8ion,1601,"NoStupidQuestions, AskReddit, askswitzerland, AITAH, Switzerland",2.6829
ActioContraria,164,"interestingasfuck, Damnthatsinteresting, pics, mildlyinfuriating, facepalm",13.09
Effective-Argument-7,485,"kth, tumunich, gradadmissions",0
aswin997,486,"OMSCS, leetcode, EPFL",0
jusjsndjdhdjd,1525,"de, Studium, Finanzen, Ratschlag, germany",1.872
Rollingblade77,164,"interestingasfuck, Damnthatsinteresting, pics, mildlyinfuriating, facepalm",9.7916
GoblinsGym,1525,"de, Studium, Finanzen, Ratschlag, germany",51.0134
Tajuja5,487,"Brawlstars, ask, AskReddit",0
65289791,488,zurich,0
Significant-Goose120,489,AskPhysics,0
Ill_Brilliant_2650,1480,"csMajors, PhD, ApplyingToCollege, AskAcademia, gradadmissions",0.0248
LeBrun73,164,"interestingasfuck, Damnthatsinteresting, pics, mildlyinfuriating, facepalm",1.1509
SecureStandard3274,1480,"csMajors, PhD, ApplyingToCollege, AskAcademia, gradadmissions",9.6184
Initial_Fig2677,1601,"NoStupidQuestions, AskReddit, askswitzerland, AITAH, Switzerland",5.3659
Bitter_Care1887,1480,"csMajors, PhD, ApplyingToCollege, AskAcademia, gradadmissions",23.1484
1KappaIsLife,1559,"Universitaly, ItaliaPersonalFinance, CasualIT, Italia, ItaliaCareerAdvice",0.1533
_Blurgh_,164,"interestingasfuck, Damnthatsinteresting, pics, mildlyinfuriating, facepalm",9.8443
trufa27,1480,"csMajors, PhD, ApplyingToCollege, AskAcademia, gradadmissions",2.6164
Chocoweetabix,490,academia,0
Maritime_Khan,164,"interestingasfuck, Damnthatsinteresting, pics, mildlyinfuriating, facepalm",23.0601
ANature,491,"quantfinance, europe, Switzerland",0
Correct_Map1057,1559,"Universitaly, ItaliaPersonalFinance, CasualIT, Italia, ItaliaCareerAdvice",1.9703
biggelone,492,"languagelearningjerk, SwissPersonalFinance",0
Hidemitsu26,1601,"NoStupidQuestions, AskReddit, askswitzerland, AITAH, Switzerland",3.0564
geger42,1480,"csMajors, PhD, ApplyingToCollege, AskAcademia, gradadmissions",0.6168
Kaushik2002,1480,"csMajors, PhD, ApplyingToCollege, AskAcademia, gradadmissions",0.0085
Mcwedlav,164,"interestingasfuck, Damnthatsinteresting, pics, mildlyinfuriating, facepalm",15.2797
TGD187,164,"interestingasfuck, Damnthatsinteresting, pics, mildlyinfuriating, facepalm",14.4052
swiss_lt,164,"interestingasfuck, Damnthatsinteresting, pics, mildlyinfuriating, facepalm",4.7113
jojo_504,1525,"de, Studium, Finanzen, Ratschlag, germany",0.4775
Imgayforpectorals,1480,"csMajors, PhD, ApplyingToCollege, AskAcademia, gradadmissions",31.3083
Amazing-Peach8239,1525,"de, Studium, Finanzen, Ratschlag, germany",15.2222
Listen_Itchy,164,"interestingasfuck, Damnthatsinteresting, pics, mildlyinfuriating, facepalm",1.007
_random__redditor,493,running,0
Glittering-Flow6875,1480,"csMajors, PhD, ApplyingToCollege, AskAcademia, gradadmissions",0.9028
BullfrogLeft5403,164,"interestingasfuck, Damnthatsinteresting, pics, mildlyinfuriating, facepalm",13.7753
paul-est,1525,"de, Studium, Finanzen, Ratschlag, germany",0.2227
rapax,1601,"NoStupidQuestions, AskReddit, askswitzerland, AITAH, Switzerland",59.7366
Scott_z_Zueri,1601,"NoStupidQuestions, AskReddit, askswitzerland, AITAH, Switzerland",0.3904
Ok-Post4320,494,"ChatGPT, AskReddit",0
raadim,1480,"csMajors, PhD, ApplyingToCollege, AskAcademia, gradadmissions",0.3815
yesNoIdunnno,495,Morocco,0
Rough-Big-2371,496,"indiasocial, Damnthatsinteresting",0
gfrhFFDF,497,"confidentlyincorrect, Howtolooksmax, mildlyinfuriating",0
Tia_Scholar11,1480,"csMajors, PhD, ApplyingToCollege, AskAcademia, gradadmissions",5.564
Callisto778,1601,"NoStupidQuestions, AskReddit, askswitzerland, AITAH, Switzerland",42.3976
MisterThomas29,1601,"NoStupidQuestions, AskReddit, askswitzerland, AITAH, Switzerland",2.6577
A_Lymphater,164,"interestingasfuck, Damnthatsinteresting, pics, mildlyinfuriating, facepalm",10.3839
maxmellow_9,1601,"NoStupidQuestions, AskReddit, askswitzerland, AITAH, Switzerland",14.0856
GlitteringPhysics02,498,ItaliaPersonalFinance,0
BloodIsRedDidYouKnow,499,"AskReddit, askswitzerland, Switzerland",0
BitterSweetLemonCake,164,"interestingasfuck, Damnthatsinteresting, pics, mildlyinfuriating, facepalm",0.455
Todesnachti,1480,"csMajors, PhD, ApplyingToCollege, AskAcademia, gradadmissions",0.0037
Numerous-Pressure-94,500,UZH,0
ElonMax303,164,"interestingasfuck, Damnthatsinteresting, pics, mildlyinfuriating, facepalm",12.7851
AaronKDinesh,501,"GooglePixel, EPFL",0
rainer_d,1525,"de, Studium, Finanzen, Ratschlag, germany",42.1445
Life_Local168,502,CryptoCurrency,0
Master_Sergeant,1480,"csMajors, PhD, ApplyingToCollege, AskAcademia, gradadmissions",18.0865
infinitedillpickles,503,mentalhealth,0
jerry_22292,504,running,0
Firm_Ad_330,164,"interestingasfuck, Damnthatsinteresting, pics, mildlyinfuriating, facepalm",0.0263
KennyClobers,164,"interestingasfuck, Damnthatsinteresting, pics, mildlyinfuriating, facepalm",28.9713
Hot-Profile-1273,1601,"NoStupidQuestions, AskReddit, askswitzerland, AITAH, Switzerland",3.8054
xelanxxs,164,"interestingasfuck, Damnthatsinteresting, pics, mildlyinfuriating, facepalm",10.1307
Pristine-Author1384,505,"CERN, REU",0
PlayfulPerformance12,1480,"csMajors, PhD, ApplyingToCollege, AskAcademia, gradadmissions",2.0115
marcy818181,506,"SwissPersonalFinance, EPFL, Switzerland",0
SourDough99,164,"interestingasfuck, Damnthatsinteresting, pics, mildlyinfuriating, facepalm",19.4497
Phippe,164,"interestingasfuck, Damnthatsinteresting, pics, mildlyinfuriating, facepalm",6.7158
ecologist23,1525,"de, Studium, Finanzen, Ratschlag, germany",0.1362
OutOfCharm,1480,"csMajors, PhD, ApplyingToCollege, AskAcademia, gradadmissions",0.0844
johnny-T1,164,"interestingasfuck, Damnthatsinteresting, pics, mildlyinfuriating, facepalm",68.1706
Sapperlotta,1601,"NoStupidQuestions, AskReddit, askswitzerland, AITAH, Switzerland",8.4917
ComplexWelcome2761,164,"interestingasfuck, Damnthatsinteresting, pics, mildlyinfuriating, facepalm",33.9648
GayBitchJuice,164,"interestingasfuck, Damnthatsinteresting, pics, mildlyinfuriating, facepalm",0.444
Thiagoalbu,1480,"csMajors, PhD, ApplyingToCollege, AskAcademia, gradadmissions",18.9366
alberet06,1601,"NoStupidQuestions, AskReddit, askswitzerland, AITAH, Switzerland",2.77
Ok-Dependent8357,507,TUDelft,0
Repulsive_Break9856,508,"cscareerquestions, MachineLearning",0
CannibalDan,1480,"csMajors, PhD, ApplyingToCollege, AskAcademia, gradadmissions",0.0054
teig123,509,"20hirnzelle, GooglePixel, askswitzerland, Switzerland, zurich",0
No-Pineapple-5318,1480,"csMajors, PhD, ApplyingToCollege, AskAcademia, gradadmissions",31.11
OverallFood8550,1480,"csMajors, PhD, ApplyingToCollege, AskAcademia, gradadmissions",2.7215
mangozeroice,164,"interestingasfuck, Damnthatsinteresting, pics, mildlyinfuriating, facepalm",2.8012
WeightPurple4515,1480,"csMajors, PhD, ApplyingToCollege, AskAcademia, gradadmissions",10.6963
ForeignLoquat2346,1559,"Universitaly, ItaliaPersonalFinance, CasualIT, Italia, ItaliaCareerAdvice",12.8795
Al141974,510,"bern, suisse, askswitzerland, Switzerland",0
Conscious_Party9019,511,"Ticino, IBO, askswitzerland, Switzerland",0
sarcastosaurus,1559,"Universitaly, ItaliaPersonalFinance, CasualIT, Italia, ItaliaCareerAdvice",42.6097
hyperswiss,1601,"NoStupidQuestions, AskReddit, askswitzerland, AITAH, Switzerland",9.9316
asianpeoplesinging,512,"NonCredibleDefense, aviation, europe, Switzerland",0
The_Ph03n1x_F1r3,164,"interestingasfuck, Damnthatsinteresting, pics, mildlyinfuriating, facepalm",20.6376
Consistent_Pen7016,513,"Satisfyingasfuck, Italia",0
UnluckyInvestment893,1480,"csMajors, PhD, ApplyingToCollege, AskAcademia, gradadmissions",4.0246
Advanced_Dance1853,514,oxforduni,0
TheJoyfulEccentric,515,"nus, AskReddit",0
thelambdamale,516,"apple, worldnews",0
Dolores_Bush,517,"aww, solana",0
ShadowVerses,518,"personalfinance, whatcarshouldIbuy",0
Numerous_Current892,1480,"csMajors, PhD, ApplyingToCollege, AskAcademia, gradadmissions",0.0114
PersonX132,1480,"csMajors, PhD, ApplyingToCollege, AskAcademia, gradadmissions",3.7362
Apart-Efficiency-248,519,headphones,0
Fit-Philosophy-2261,520,"MakeupAddiction, apple, askswitzerland, zurich",0
Philfreeze,164,"interestingasfuck, Damnthatsinteresting, pics, mildlyinfuriating, facepalm",12.0585
parcerodelwettstein,164,"interestingasfuck, Damnthatsinteresting, pics, mildlyinfuriating, facepalm",0.0329
cyrilp21,1601,"NoStupidQuestions, AskReddit, askswitzerland, AITAH, Switzerland",15.9917
gojir0,1480,"csMajors, PhD, ApplyingToCollege, AskAcademia, gradadmissions",0.0077
CountGinko,521,Letterboxd,0
crashwinston,522,"schwiiz, SwissPersonalFinance, Switzerland",0
back_again13,164,"interestingasfuck, Damnthatsinteresting, pics, mildlyinfuriating, facepalm",68.3462
Shoddy_Map5575,1480,"csMajors, PhD, ApplyingToCollege, AskAcademia, gradadmissions",0.2659
hellbanan,1525,"de, Studium, Finanzen, Ratschlag, germany",13.061
Sexy_M_F,1525,"de, Studium, Finanzen, Ratschlag, germany",0.2576
Laschibaschi,1480,"csMajors, PhD, ApplyingToCollege, AskAcademia, gradadmissions",0.2507
SuspiciousTea4224,1601,"NoStupidQuestions, AskReddit, askswitzerland, AITAH, Switzerland",43.107
Critical-Ostrich-884,523,zurich,0
AppleBanter,524,"Ticino, MapPorn, europe, BUENZLI, askswitzerland",0
SeaworthinessNo6435,525,zurich,0
Low_Pudding_8204,526,gradadmissions,0
Tenebraxis,164,"interestingasfuck, Damnthatsinteresting, pics, mildlyinfuriating, facepalm",12.8421
FlounderStill,1480,"csMajors, PhD, ApplyingToCollege, AskAcademia, gradadmissions",0.6806
No-Two-4337,1480,"csMajors, PhD, ApplyingToCollege, AskAcademia, gradadmissions",0.0053
Fair_Rhubarb3249,164,"interestingasfuck, Damnthatsinteresting, pics, mildlyinfuriating, facepalm",0.1471
truthwwmm,164,"interestingasfuck, Damnthatsinteresting, pics, mildlyinfuriating, facepalm",2.1742
Liwi-,1601,"NoStupidQuestions, AskReddit, askswitzerland, AITAH, Switzerland",10.1528
Icy-Adhesiveness-833,1480,"csMajors, PhD, ApplyingToCollege, AskAcademia, gradadmissions",0.2859
Rekhyt24,527,"gameofthrones, SwitzerlandFirst, mapporncirclejerk",0
jacobinsilico,528,"computervision, ElectricalEngineering",0
Exumax,164,"interestingasfuck, Damnthatsinteresting, pics, mildlyinfuriating, facepalm",0.0969
Appropriate_Waltz431,529,"GRE, ETHzurich, PhD",0
BrocolliCCR5,530,"tragedeigh, REU",0
FickleAssistant7095,531,ThailandTourism,0
Mocha-Mona,1480,"csMajors, PhD, ApplyingToCollege, AskAcademia, gradadmissions",0.559
anoymous_dreamer,532,"QuantumComputing, PhD, AskReddit, gradadmissions",0
licheyyyy,533,offmychest,0
rhorho22,534,"studytips, solotravel, RandomThoughts",0
Possible-Trip-6645,1601,"NoStupidQuestions, AskReddit, askswitzerland, AITAH, Switzerland",29.5417
hans_wie_heiri,1525,"de, Studium, Finanzen, Ratschlag, germany",5.3094
bitchmuchannon_,535,"Lausanne, suisse, askswitzerland",0
LumosDRSG,1480,"csMajors, PhD, ApplyingToCollege, AskAcademia, gradadmissions",3.3259
Cupcake-Full,536,GRE,0
Valuevow,1480,"csMajors, PhD, ApplyingToCollege, AskAcademia, gradadmissions",41.1388
Celopeelo_nut,1601,"NoStupidQuestions, AskReddit, askswitzerland, AITAH, Switzerland",1.9011
avgnamasendaenjoyer,537,"FinancialCareers, europe, Switzerland",0
Joekosler,538,Switzerland,0
MailWide5861,1480,"csMajors, PhD, ApplyingToCollege, AskAcademia, gradadmissions",0.2235
quitProgGetLife,539,pcmasterrace,0
Kangaruan,1525,"de, Studium, Finanzen, Ratschlag, germany",0.3499
misplacedlion,1480,"csMajors, PhD, ApplyingToCollege, AskAcademia, gradadmissions",5.8236
Yogurt_Motor,540,AskReddit,0
Apprehensive_Ice_412,1525,"de, Studium, Finanzen, Ratschlag, germany",61.8185
doudoualexou,541,geneva,0
Sad-Macaroon-7577,542,"robotics, zurich",0
Longjumping_Sky_6440,164,"interestingasfuck, Damnthatsinteresting, pics, mildlyinfuriating, facepalm",39.7699
mrrossiontravel,543,Thailand,0
Tentacled_Whisperer,1601,"NoStupidQuestions, AskReddit, askswitzerland, AITAH, Switzerland",20.0089
ImportanceSquare1321,544,"MSCS, gradadmissions",0
microtherion,164,"interestingasfuck, Damnthatsinteresting, pics, mildlyinfuriating, facepalm",74.8224
r_card_,1480,"csMajors, PhD, ApplyingToCollege, AskAcademia, gradadmissions",0.0137
skeptic234234,1480,"csMajors, PhD, ApplyingToCollege, AskAcademia, gradadmissions",2.467
Humbletr33s,1525,"de, Studium, Finanzen, Ratschlag, germany",9.0684
SnooTomatoes5729,1480,"csMajors, PhD, ApplyingToCollege, AskAcademia, gradadmissions",5.3217
VeterinarianOk6275,545,"fashion, fpv",0
microwavedsalad69,546,motorcycles,0
dimsum69420,547,"clevercomebacks, math, SwissPersonalFinance, EPFL, askswitzerland",0
Adventurous_Ruin_919,548,ChatGPT,0
Glittering-Deer-2679,549,"informatik, Python",0
Fun_Cranberry3479,1480,"csMajors, PhD, ApplyingToCollege, AskAcademia, gradadmissions",3.2842
Virtual_Decision_898,1525,"de, Studium, Finanzen, Ratschlag, germany",0.2264
Ke_vi_n,1480,"csMajors, PhD, ApplyingToCollege, AskAcademia, gradadmissions",0.0236
WhyNotCollegeBoard,1480,"csMajors, PhD, ApplyingToCollege, AskAcademia, gradadmissions",46.1514
Pargona,550,"Funnymemes, whatcarshouldIbuy, schwiiz, BUENZLI, askswitzerland",0
Efficient-Song-7978,551,ChatGPT,0
TheRealSaerileth,164,"interestingasfuck, Damnthatsinteresting, pics, mildlyinfuriating, facepalm",49.8647
ecchi4ever,552,Imperial,0
opinionated_exciton,553,wohnen,0
Tobyey,164,"interestingasfuck, Damnthatsinteresting, pics, mildlyinfuriating, facepalm",42.4162
dinimuetterrr,554,UZH,0
Laraaaa2002,555,"geneva, BUENZLI, askswitzerland",0
TheVivek,1480,"csMajors, PhD, ApplyingToCollege, AskAcademia, gradadmissions",0.0037
Moefeee,556,"skiing, AskReddit, askswitzerland, Switzerland",0
Ok_Establishment4432,557,"ProgrammerHumor, zurich",0
Separate_Walrus119,1601,"NoStupidQuestions, AskReddit, askswitzerland, AITAH, Switzerland",25.8056
Fly_GP,558,"solana, soccer, SwissPersonalFinance, EPFL",0
Purple_p0tat059,559,"EPFL, Switzerland",0
AnNiE01518,560,immigration,0
cwinparr,1601,"NoStupidQuestions, AskReddit, askswitzerland, AITAH, Switzerland",3.9729
Eisenfuss19,164,"interestingasfuck, Damnthatsinteresting, pics, mildlyinfuriating, facepalm",18.8998
its-focking-me,561,unimelb,0
priscala,164,"interestingasfuck, Damnthatsinteresting, pics, mildlyinfuriating, facepalm",56.9057
Eli_229,1525,"de, Studium, Finanzen, Ratschlag, germany",16.1691
Louis020520,562,"China, Imperial",0
monkey_work,1525,"de, Studium, Finanzen, Ratschlag, germany",29.4673
CineLP,164,"interestingasfuck, Damnthatsinteresting, pics, mildlyinfuriating, facepalm",0.0304
sharenogulub4e,563,AskAGerman,0
Maddox_1503,564,"berkeley, TUDelft, gradadmissions",0
True_Cupcake2634,1525,"de, Studium, Finanzen, Ratschlag, germany",0.7579
philwen,1525,"de, Studium, Finanzen, Ratschlag, germany",4.5935
Street-Difficulty-42,1525,"de, Studium, Finanzen, Ratschlag, germany",1.8138
ParticularEmu4420,1525,"de, Studium, Finanzen, Ratschlag, germany",9.7847
Mobile-Bid-9848,1480,"csMajors, PhD, ApplyingToCollege, AskAcademia, gradadmissions",16.4409
lukee910,164,"interestingasfuck, Damnthatsinteresting, pics, mildlyinfuriating, facepalm",26.0755
PoxControl,164,"interestingasfuck, Damnthatsinteresting, pics, mildlyinfuriating, facepalm",17.3527
prince_Vegeta___,565,zurich,0
No_Interest_1285,1601,"NoStupidQuestions, AskReddit, askswitzerland, AITAH, Switzerland",8.7941
_blueye_,164,"interestingasfuck, Damnthatsinteresting, pics, mildlyinfuriating, facepalm",18.4549
ilvetikos,566,"20hirnzelle, askswitzerland",0
Sparomat,1525,"de, Studium, Finanzen, Ratschlag, germany",19.0756
CementoArmato,1480,"csMajors, PhD, ApplyingToCollege, AskAcademia, gradadmissions",32.8742
kekwwwww999665,1601,"NoStupidQuestions, AskReddit, askswitzerland, AITAH, Switzerland",0.1076
recently_banned,1601,"NoStupidQuestions, AskReddit, askswitzerland, AITAH, Switzerland",55.5319
Freljord2,164,"interestingasfuck, Damnthatsinteresting, pics, mildlyinfuriating, facepalm",0.2623
ExaBast,164,"interestingasfuck, Damnthatsinteresting, pics, mildlyinfuriating, facepalm",75.6142
LightDrago,1480,"csMajors, PhD, ApplyingToCollege, AskAcademia, gradadmissions",16.9191
0b00000110,164,"interestingasfuck, Damnthatsinteresting, pics, mildlyinfuriating, facepalm",28.1632
iam_thedoctor,164,"interestingasfuck, Damnthatsinteresting, pics, mildlyinfuriating, facepalm",8.8524
sortikova,1601,"NoStupidQuestions, AskReddit, askswitzerland, AITAH, Switzerland",7.1144
githubrepo,567,"politics, suisse, MapPorn, SwissPersonalFinance, askswitzerland",0
SuisseTea,164,"interestingasfuck, Damnthatsinteresting, pics, mildlyinfuriating, facepalm",26.3807
TheJacksy,568,"REU, EPFL",0
yaxir,164,"interestingasfuck, Damnthatsinteresting, pics, mildlyinfuriating, facepalm",64.3976
gantii,164,"interestingasfuck, Damnthatsinteresting, pics, mildlyinfuriating, facepalm",1.0435
Imax1003,1480,"csMajors, PhD, ApplyingToCollege, AskAcademia, gradadmissions",0.0311
dust-and-disquiet,569,"Netherlands, TUDelft",0
FederalBrick,1480,"csMajors, PhD, ApplyingToCollege, AskAcademia, gradadmissions",0.0707
hainb,1480,"csMajors, PhD, ApplyingToCollege, AskAcademia, gradadmissions",0.0077
malake44,1480,"csMajors, PhD, ApplyingToCollege, AskAcademia, gradadmissions",2.8942
minusmode,164,"interestingasfuck, Damnthatsinteresting, pics, mildlyinfuriating, facepalm",2.8558
TheQuantixXx,164,"interestingasfuck, Damnthatsinteresting, pics, mildlyinfuriating, facepalm",49.7411
New_Individual_8679,1480,"csMajors, PhD, ApplyingToCollege, AskAcademia, gradadmissions",0.5543
elsbergs,570,"DotA2, AskAcademia, cscareerquestionsEU, SwissPersonalFinance, Switzerland",0
Nauckle225,571,"BeAmazed, eupersonalfinance, Switzerland",0
PizzaPartyBro,1480,"csMajors, PhD, ApplyingToCollege, AskAcademia, gradadmissions",0.026
uenuifah,1601,"NoStupidQuestions, AskReddit, askswitzerland, AITAH, Switzerland",10.5697
Royal-Librarian-7825,1480,"csMajors, PhD, ApplyingToCollege, AskAcademia, gradadmissions",4.9929
Swissaliciouse,1480,"csMajors, PhD, ApplyingToCollege, AskAcademia, gradadmissions",0.902
pesce36,572,"degoogle, Luzern",0
KeyLab3958,573,depression,0
mathguy59,1480,"csMajors, PhD, ApplyingToCollege, AskAcademia, gradadmissions",3.9332
Fritzbombur,164,"interestingasfuck, Damnthatsinteresting, pics, mildlyinfuriating, facepalm",0.8082
dead_by_aprl,1480,"csMajors, PhD, ApplyingToCollege, AskAcademia, gradadmissions",0.0804
anonymous3953294,1480,"csMajors, PhD, ApplyingToCollege, AskAcademia, gradadmissions",0.7892
Cistude,1601,"NoStupidQuestions, AskReddit, askswitzerland, AITAH, Switzerland",7.5952
SadlyASpring,574,unimelb,0
Consistent-Welcome43,1601,"NoStupidQuestions, AskReddit, askswitzerland, AITAH, Switzerland",14.2734
neo2551,1601,"NoStupidQuestions, AskReddit, askswitzerland, AITAH, Switzerland",60.8704
No-Still-7020,575,"macbookpro, China",0
C_Brick_yt,164,"interestingasfuck, Damnthatsinteresting, pics, mildlyinfuriating, facepalm",0.1273
Puubuu,164,"interestingasfuck, Damnthatsinteresting, pics, mildlyinfuriating, facepalm",55.6308
BarbellJuggler,576,"SwissPersonalFinance, zurich",0
tinkerthinker1337,1601,"NoStupidQuestions, AskReddit, askswitzerland, AITAH, Switzerland",2.057
RedRuhm101,164,"interestingasfuck, Damnthatsinteresting, pics, mildlyinfuriating, facepalm",9.6388
Ythion,1480,"csMajors, PhD, ApplyingToCollege, AskAcademia, gradadmissions",0.0769
TemporaryConfusion53,577,"ASUS, canada, selfhosted, askswitzerland, zurich",0
C_L42,164,"interestingasfuck, Damnthatsinteresting, pics, mildlyinfuriating, facepalm",2.6315
One_Tap_2244,578,math,0
Albastru-Aib,164,"interestingasfuck, Damnthatsinteresting, pics, mildlyinfuriating, facepalm",44.9651
No-Significance779,579,"geneva, suisse, askswitzerland",0
Bamboleo_bambolea,1480,"csMajors, PhD, ApplyingToCollege, AskAcademia, gradadmissions",0.6978
RoosterPrevious7856,1480,"csMajors, PhD, ApplyingToCollege, AskAcademia, gradadmissions",4.0523
Express_Outside4580,164,"interestingasfuck, Damnthatsinteresting, pics, mildlyinfuriating, facepalm",0.2341
Bottom-CH,164,"interestingasfuck, Damnthatsinteresting, pics, mildlyinfuriating, facepalm",1.6257
Ad-Cod-2504,580,"askswitzerland, zurich",0
ProjectDaBu,581,PhD,0
Dartze695,164,"interestingasfuck, Damnthatsinteresting, pics, mildlyinfuriating, facepalm",0.6485
Medical-Detective-33,164,"interestingasfuck, Damnthatsinteresting, pics, mildlyinfuriating, facepalm",15.1811
pineapple-account-00,582,"academiceconomics, statistics, gradadmissions, askswitzerland",0
More_Minimum6145,1601,"NoStupidQuestions, AskReddit, askswitzerland, AITAH, Switzerland",0.9126
Comprehensive-Chard9,164,"interestingasfuck, Damnthatsinteresting, pics, mildlyinfuriating, facepalm",42.1891
StationNo6708,1601,"NoStupidQuestions, AskReddit, askswitzerland, AITAH, Switzerland",33.4013
mihai_mc98,583,Switzerland,0
Lord_uWu_OkO,1480,"csMajors, PhD, ApplyingToCollege, AskAcademia, gradadmissions",2.7654
aspa34,1480,"csMajors, PhD, ApplyingToCollege, AskAcademia, gradadmissions",0.0363
Lukeskykaiser,1480,"csMajors, PhD, ApplyingToCollege, AskAcademia, gradadmissions",11.8076
mr_stargazer,1480,"csMajors, PhD, ApplyingToCollege, AskAcademia, gradadmissions",4.6379
WishboneNo4583,1480,"csMajors, PhD, ApplyingToCollege, AskAcademia, gradadmissions",0.0569
nilsbenswiss,584,"CanyonBikes, Switzerland",0
luxumb,1480,"csMajors, PhD, ApplyingToCollege, AskAcademia, gradadmissions",1.1453
Due-Cardiologist-802,1480,"csMajors, PhD, ApplyingToCollege, AskAcademia, gradadmissions",0.5012
suinodivino33,1559,"Universitaly, ItaliaPersonalFinance, CasualIT, Italia, ItaliaCareerAdvice",0.3609
decaillv,1601,"NoStupidQuestions, AskReddit, askswitzerland, AITAH, Switzerland",1.3098
mapa33,1601,"NoStupidQuestions, AskReddit, askswitzerland, AITAH, Switzerland",0.0796
daromz_,1559,"Universitaly, ItaliaPersonalFinance, CasualIT, Italia, ItaliaCareerAdvice",12.4401
Leptonne,1480,"csMajors, PhD, ApplyingToCollege, AskAcademia, gradadmissions",0.4281
MeatLasers,164,"interestingasfuck, Damnthatsinteresting, pics, mildlyinfuriating, facepalm",0.2262
Get_that_A,1480,"csMajors, PhD, ApplyingToCollege, AskAcademia, gradadmissions",0.044
thatchemist96,1601,"NoStupidQuestions, AskReddit, askswitzerland, AITAH, Switzerland",1.1465
MrHippo17,585,"BaldursGate3, askswitzerland",0
cratstatna,1480,"csMajors, PhD, ApplyingToCollege, AskAcademia, gradadmissions",0.0623
arisaurusrex,1525,"de, Studium, Finanzen, Ratschlag, germany",36.4652
undigestedFiD,164,"interestingasfuck, Damnthatsinteresting, pics, mildlyinfuriating, facepalm",23.7147
BadBoy_3371,1480,"csMajors, PhD, ApplyingToCollege, AskAcademia, gradadmissions",10.816
FamousDeer4131,1480,"csMajors, PhD, ApplyingToCollege, AskAcademia, gradadmissions",0.0769
askswitzerland,1601,"NoStupidQuestions, AskReddit, askswitzerland, AITAH, Switzerland",7.8864
UnableLettuce344,1601,"NoStupidQuestions, AskReddit, askswitzerland, AITAH, Switzerland",5.341
Great_River_Bear,586,"iphone, askswitzerland",0
mdkovachev,1525,"de, Studium, Finanzen, Ratschlag, germany",13.7206
BrachiumX,1480,"csMajors, PhD, ApplyingToCollege, AskAcademia, gradadmissions",0.7448
intimate_economics,1480,"csMajors, PhD, ApplyingToCollege, AskAcademia, gradadmissions",0.2378
JustF1tAGauss1an,1525,"de, Studium, Finanzen, Ratschlag, germany",14.4275
RaresDerBares,587,"ElectricalEngineering, Studium",0
Typical_North5046,164,"interestingasfuck, Damnthatsinteresting, pics, mildlyinfuriating, facepalm",21.5332
phonybelle,1601,"NoStupidQuestions, AskReddit, askswitzerland, AITAH, Switzerland",43.4749
Oligu,164,"interestingasfuck, Damnthatsinteresting, pics, mildlyinfuriating, facepalm",0.4515
iesterdai,164,"interestingasfuck, Damnthatsinteresting, pics, mildlyinfuriating, facepalm",17.2857
sedemokiN,588,"LeagueOfMemes, youtube, anime, BUENZLI",0
Zestyclose_Taro_136,589,EPFL,0
Aggravating_Tone9541,1480,"csMajors, PhD, ApplyingToCollege, AskAcademia, gradadmissions",0.6157
alexfuchs2020,1601,"NoStupidQuestions, AskReddit, askswitzerland, AITAH, Switzerland",5.3117
danholics,164,"interestingasfuck, Damnthatsinteresting, pics, mildlyinfuriating, facepalm",0.8114
random_fr_username,164,"interestingasfuck, Damnthatsinteresting, pics, mildlyinfuriating, facepalm",1.2905
robikgrin,590,AskARussian,0
churel98,1559,"Universitaly, ItaliaPersonalFinance, CasualIT, Italia, ItaliaCareerAdvice",0.6118
Legitimate-Let-5008,1480,"csMajors, PhD, ApplyingToCollege, AskAcademia, gradadmissions",0.0053
chuchupic,591,"loseit, nba",0
Swissgank,164,"interestingasfuck, Damnthatsinteresting, pics, mildlyinfuriating, facepalm",22.2123
Ossigen,164,"interestingasfuck, Damnthatsinteresting, pics, mildlyinfuriating, facepalm",32.4987
No-Cardiologist8473,1480,"csMajors, PhD, ApplyingToCollege, AskAcademia, gradadmissions",3.8235
fi-le,592,"opensource, math",0
Justmyoponionman,164,"interestingasfuck, Damnthatsinteresting, pics, mildlyinfuriating, facepalm",70.8977
pseudogelber,1525,"de, Studium, Finanzen, Ratschlag, germany",2.4664
felixcra,1480,"csMajors, PhD, ApplyingToCollege, AskAcademia, gradadmissions",1.803
LuckyNumber-Bot,1480,"csMajors, PhD, ApplyingToCollege, AskAcademia, gradadmissions",45.9896
Musixen_,593,"askswitzerland, Switzerland",0
Guilty-Mirror628,594,"AskStatistics, askswitzerland, Switzerland",0
-ColaZero,164,"interestingasfuck, Damnthatsinteresting, pics, mildlyinfuriating, facepalm",52.4873
specijalan,595,"AskSerbia, Flights, EPFL",0
pekopeko-ch,596,"Switzerland, zurich",0
Zankoku96,164,"interestingasfuck, Damnthatsinteresting, pics, mildlyinfuriating, facepalm",6.8549
WZZ410A,1601,"NoStupidQuestions, AskReddit, askswitzerland, AITAH, Switzerland",2.8973
RossYT,597,PrideAndPinion,0
Ericdergrosse,164,"interestingasfuck, Damnthatsinteresting, pics, mildlyinfuriating, facepalm",11.2477
IkeaCreamCheese,164,"interestingasfuck, Damnthatsinteresting, pics, mildlyinfuriating, facepalm",49.994
Training-Argument-58,1601,"NoStupidQuestions, AskReddit, askswitzerland, AITAH, Switzerland",0.0252
AutomaticAccount6832,164,"interestingasfuck, Damnthatsinteresting, pics, mildlyinfuriating, facepalm",51.4138
Independent-Cat-8551,1601,"NoStupidQuestions, AskReddit, askswitzerland, AITAH, Switzerland",0.2092
NoahIH,598,"askswitzerland, Switzerland, zurich",0
mensii,599,"techsupport, SwissPersonalFinance, askswitzerland, Switzerland, zurich",0
PedroJOSH,600,ClashRoyale,0
Hot-Leg-2434,601,bocconi,0
TrickyBench,602,soccer,0
Dry_Rabbit_1123,603,"StableDiffusion, LocalLLaMA, EPFL",0
curiossceptic,164,"interestingasfuck, Damnthatsinteresting, pics, mildlyinfuriating, facepalm",72.1338
LesserValkyrie,1601,"NoStupidQuestions, AskReddit, askswitzerland, AITAH, Switzerland",28.929
Virgilontheway,604,FashionReps,0
chrisly227,605,selfimprovement,0
theoconomist,1601,"NoStupidQuestions, AskReddit, askswitzerland, AITAH, Switzerland",8.9263
SwissGifted,164,"interestingasfuck, Damnthatsinteresting, pics, mildlyinfuriating, facepalm",0.6245
Ok-Upstairs-131,606,UZH,0
Little_Writing_3171,607,ETHzurich,0
Fornitiedde,1480,"csMajors, PhD, ApplyingToCollege, AskAcademia, gradadmissions",0.0296
Quiet_Difference7658,1480,"csMajors, PhD, ApplyingToCollege, AskAcademia, gradadmissions",7.2148
RoundUpGaming,164,"interestingasfuck, Damnthatsinteresting, pics, mildlyinfuriating, facepalm",0.8467
ida63838991,1525,"de, Studium, Finanzen, Ratschlag, germany",3.341
Seven_Over_Four,1480,"csMajors, PhD, ApplyingToCollege, AskAcademia, gradadmissions",14.4177
scorpion-hamfish,164,"interestingasfuck, Damnthatsinteresting, pics, mildlyinfuriating, facepalm",3.2879
Wew1800,1480,"csMajors, PhD, ApplyingToCollege, AskAcademia, gradadmissions",5.0914
AdeptusDankanicus,608,Helldivers,0
East_Earth_920,1601,"NoStupidQuestions, AskReddit, askswitzerland, AITAH, Switzerland",11.0398
Street-Cover-2874,609,askswitzerland,0
damanfordajobb,1480,"csMajors, PhD, ApplyingToCollege, AskAcademia, gradadmissions",10.3967
Electronic_Tea_914,1525,"de, Studium, Finanzen, Ratschlag, germany",6.3338
godly_carpet,164,"interestingasfuck, Damnthatsinteresting, pics, mildlyinfuriating, facepalm",0.191
Infamous-Audience-45,610,"mildlyinfuriating, schwiiz, askswitzerland",0
ZeoChill,1480,"csMajors, PhD, ApplyingToCollege, AskAcademia, gradadmissions",2.74
yulindu,611,"jobs, askswitzerland",0
Dante_van_Heiko,164,"interestingasfuck, Damnthatsinteresting, pics, mildlyinfuriating, facepalm",11.2674
nilsleum,1480,"csMajors, PhD, ApplyingToCollege, AskAcademia, gradadmissions",10.797
Aglar253,612,"euro2024, Lausanne",0
MoonKnight99,164,"interestingasfuck, Damnthatsinteresting, pics, mildlyinfuriating, facepalm",0.1583
exclaim_bot,1480,"csMajors, PhD, ApplyingToCollege, AskAcademia, gradadmissions",53.1416
SnooRobots582,1480,"csMajors, PhD, ApplyingToCollege, AskAcademia, gradadmissions",5.0376
CucumberMore7943,613,GetStudying,0
kmader,614,"Swimming, MachineLearning",0
ws11235,1525,"de, Studium, Finanzen, Ratschlag, germany",8.5938
Fun_Abbreviations477,615,AskReddit,0
Bouxxi,164,"interestingasfuck, Damnthatsinteresting, pics, mildlyinfuriating, facepalm",28.2658
DocKla,1480,"csMajors, PhD, ApplyingToCollege, AskAcademia, gradadmissions",50.5963
ale_skrt,616,zurich,0
kriegshuehnchen,617,"Whatcouldgowrong, LeagueOfMemes, schwiiz, BUENZLI, askswitzerland",0
Brief_Valuable4482,164,"interestingasfuck, Damnthatsinteresting, pics, mildlyinfuriating, facepalm",12.1538
zhantongz,1601,"NoStupidQuestions, AskReddit, askswitzerland, AITAH, Switzerland",16.1297
Aniruddhb16,1480,"csMajors, PhD, ApplyingToCollege, AskAcademia, gradadmissions",7.6139
No_Tough_4172,1601,"NoStupidQuestions, AskReddit, askswitzerland, AITAH, Switzerland",0.3091
x_AdvaitD_x,618,"ipad, GYM",0
Own_Relationship9794,619,"EPFL, Switzerland",0
HideousHades,620,"BUENZLI, askswitzerland, Switzerland, zurich",0
lotformulas,1480,"csMajors, PhD, ApplyingToCollege, AskAcademia, gradadmissions",0.0085
Forsaken_Bid927,1480,"csMajors, PhD, ApplyingToCollege, AskAcademia, gradadmissions",2.1052
sah10406,1480,"csMajors, PhD, ApplyingToCollege, AskAcademia, gradadmissions",5.7968
Liquid_Cascabel,1601,"NoStupidQuestions, AskReddit, askswitzerland, AITAH, Switzerland",46.8893
skarros,164,"interestingasfuck, Damnthatsinteresting, pics, mildlyinfuriating, facepalm",56.9305
Tomisido,1559,"Universitaly, ItaliaPersonalFinance, CasualIT, Italia, ItaliaCareerAdvice",0.7022
Delicious-Dot8458,621,"college, UZH, askswitzerland",0
Nurnstatist,164,"interestingasfuck, Damnthatsinteresting, pics, mildlyinfuriating, facepalm",32.9093
Martha_007,1480,"csMajors, PhD, ApplyingToCollege, AskAcademia, gradadmissions",0.0142
LongBit,1525,"de, Studium, Finanzen, Ratschlag, germany",3.4842
fuckyou12342023,622,"schwiiz, BUENZLI, SwissPersonalFinance, askswitzerland, Switzerland",0
username6056,164,"interestingasfuck, Damnthatsinteresting, pics, mildlyinfuriating, facepalm",22.5283
F-_-_-_-_-_-_-_-_-_-,1601,"NoStupidQuestions, AskReddit, askswitzerland, AITAH, Switzerland",2.3868
Pigna099,1480,"csMajors, PhD, ApplyingToCollege, AskAcademia, gradadmissions",0.1155
The_Reto,1480,"csMajors, PhD, ApplyingToCollege, AskAcademia, gradadmissions",0.5943
Artistic_Slide2345,1480,"csMajors, PhD, ApplyingToCollege, AskAcademia, gradadmissions",10.8583
Electrical_Lecture87,623,dating,0
Prestigious-Pair-785,624,LaTeX,0
Big_Position2697,164,"interestingasfuck, Damnthatsinteresting, pics, mildlyinfuriating, facepalm",62.3276
Status_Emu_5142,625,"RandomThoughts, wien, schwiiz, BUENZLI, AskReddit",0
opanguete,626,"RepTime, SwissPersonalFinance",0
Impressive-Bar-2030,627,"Lausanne, EPFL",0
Die_2,628,"Destiny, Damnthatsinteresting, europe, askswitzerland, Switzerland",0
relativisticcobalt,164,"interestingasfuck, Damnthatsinteresting, pics, mildlyinfuriating, facepalm",3.9643
stefan2017ch,629,"bern, Switzerland",0
manwendi_,1525,"de, Studium, Finanzen, Ratschlag, germany",25.3142
Cristian369369,1480,"csMajors, PhD, ApplyingToCollege, AskAcademia, gradadmissions",37.5068
gyoza__fairy,630,"offmychest, relationship_advice, zurich",0
BergUndChocoCH,1480,"csMajors, PhD, ApplyingToCollege, AskAcademia, gradadmissions",5.983
LordVectron,164,"interestingasfuck, Damnthatsinteresting, pics, mildlyinfuriating, facepalm",11.7496
RealNPCDuude,164,"interestingasfuck, Damnthatsinteresting, pics, mildlyinfuriating, facepalm",22.4038
Spiritual-Hat0,1480,"csMajors, PhD, ApplyingToCollege, AskAcademia, gradadmissions",0.0162
Key-Agency-2643,631,"VeganDE, Switzerland",0
04whizkid,1480,"csMajors, PhD, ApplyingToCollege, AskAcademia, gradadmissions",1.5149
BobbyBryson,1480,"csMajors, PhD, ApplyingToCollege, AskAcademia, gradadmissions",0.0077
RumaliRotii,632,ApplyingToCollege,0
SupposedToBeInTheLab,1559,"Universitaly, ItaliaPersonalFinance, CasualIT, Italia, ItaliaCareerAdvice",5.0452
nGaggi,164,"interestingasfuck, Damnthatsinteresting, pics, mildlyinfuriating, facepalm",0.2155
nubpod23,1601,"NoStupidQuestions, AskReddit, askswitzerland, AITAH, Switzerland",3.2671
renens_reditor1020,1480,"csMajors, PhD, ApplyingToCollege, AskAcademia, gradadmissions",0.0051
Nizza99,633,"mildlyinteresting, schwiiz, BUENZLI, SwissPersonalFinance, askswitzerland",0
razenmaeher,634,"sports, skiing",0
TeeMug__,164,"interestingasfuck, Damnthatsinteresting, pics, mildlyinfuriating, facepalm",0.7376
snowmandala,164,"interestingasfuck, Damnthatsinteresting, pics, mildlyinfuriating, facepalm",2.2765
Tsgoat,1480,"csMajors, PhD, ApplyingToCollege, AskAcademia, gradadmissions",3.7255
Runaaan,1601,"NoStupidQuestions, AskReddit, askswitzerland, AITAH, Switzerland",18.7035
randommofo3369,1480,"csMajors, PhD, ApplyingToCollege, AskAcademia, gradadmissions",0.1054
Defiant_Gap5862,635,"StatementOfPurpose, gradadmissions",0
fennecfoxxx123,164,"interestingasfuck, Damnthatsinteresting, pics, mildlyinfuriating, facepalm",37.0714
SuperstarRockYou,1480,"csMajors, PhD, ApplyingToCollege, AskAcademia, gradadmissions",17.7994
inainam,636,EPFL,0
JunoKreisler,164,"interestingasfuck, Damnthatsinteresting, pics, mildlyinfuriating, facepalm",19.1202
csueiras,164,"interestingasfuck, Damnthatsinteresting, pics, mildlyinfuriating, facepalm",19.0689
Traditional_Pen_3698,164,"interestingasfuck, Damnthatsinteresting, pics, mildlyinfuriating, facepalm",38.2832
LeCholax,1480,"csMajors, PhD, ApplyingToCollege, AskAcademia, gradadmissions",20.9865
Aster1xch,637,"2westerneurope4u, AITAH",0
Lumpy_Award3793,638,EPFL,0
Jolieblabla,1601,"NoStupidQuestions, AskReddit, askswitzerland, AITAH, Switzerland",8.3941
IKnowMeNotYou,1601,"NoStupidQuestions, AskReddit, askswitzerland, AITAH, Switzerland",16.1892
raefoo,1601,"NoStupidQuestions, AskReddit, askswitzerland, AITAH, Switzerland",0.5834
LG193,164,"interestingasfuck, Damnthatsinteresting, pics, mildlyinfuriating, facepalm",4.0748
pokku3,164,"interestingasfuck, Damnthatsinteresting, pics, mildlyinfuriating, facepalm",2.9169
Training-Area6316,1480,"csMajors, PhD, ApplyingToCollege, AskAcademia, gradadmissions",10.1323
LanguageGlobal2338,1480,"csMajors, PhD, ApplyingToCollege, AskAcademia, gradadmissions",0.3136
ba-13,639,CreditCardsIndia,0
TheRealDeal2024,1601,"NoStupidQuestions, AskReddit, askswitzerland, AITAH, Switzerland",0.0715
No_Writing_7050,1480,"csMajors, PhD, ApplyingToCollege, AskAcademia, gradadmissions",10.3352
brg119,640,"jobs, sex, zurich",0
Interesting_Area3828,1480,"csMajors, PhD, ApplyingToCollege, AskAcademia, gradadmissions",0.2024
Helenke_Dame,164,"interestingasfuck, Damnthatsinteresting, pics, mildlyinfuriating, facepalm",0.4283
Automatic-Water2325,164,"interestingasfuck, Damnthatsinteresting, pics, mildlyinfuriating, facepalm",28.1625
Agreeable_Addition84,1559,"Universitaly, ItaliaPersonalFinance, CasualIT, Italia, ItaliaCareerAdvice",8.2625
Amazillon,164,"interestingasfuck, Damnthatsinteresting, pics, mildlyinfuriating, facepalm",6.1108
Available-Job2201,164,"interestingasfuck, Damnthatsinteresting, pics, mildlyinfuriating, facepalm",61.3931
Ashamed-Birthday-887,641,"CasualConversation, paris",0
-___-_-_--,1480,"csMajors, PhD, ApplyingToCollege, AskAcademia, gradadmissions",23.1712
MLThottrap,1601,"NoStupidQuestions, AskReddit, askswitzerland, AITAH, Switzerland",14.1932
Fallap90,1601,"NoStupidQuestions, AskReddit, askswitzerland, AITAH, Switzerland",5.0804
OmaMorkie,1480,"csMajors, PhD, ApplyingToCollege, AskAcademia, gradadmissions",0.0097
tym0704,1480,"csMajors, PhD, ApplyingToCollege, AskAcademia, gradadmissions",0.1227
flower-999,642,EPFL,0
HATECELL,164,"interestingasfuck, Damnthatsinteresting, pics, mildlyinfuriating, facepalm",66.1541
dilutedblacktea,643,"SteamDeck, realmadrid, BUENZLI, askswitzerland, Switzerland",0
Even-Cod8017,164,"interestingasfuck, Damnthatsinteresting, pics, mildlyinfuriating, facepalm",0.4411
tibetatakan,1480,"csMajors, PhD, ApplyingToCollege, AskAcademia, gradadmissions",0.0198
Hello_PleaseAnswer,1480,"csMajors, PhD, ApplyingToCollege, AskAcademia, gradadmissions",0.0974
Suspicious_Self8332,1480,"csMajors, PhD, ApplyingToCollege, AskAcademia, gradadmissions",1.5308
swiss_boy_128,644,"algotrading, quant",0
0x-Error,164,"interestingasfuck, Damnthatsinteresting, pics, mildlyinfuriating, facepalm",12.5212
HerpaderpAldent,645,"DIY, mildlyinfuriating, schwiiz, askswitzerland, Switzerland",0
Aark95,1480,"csMajors, PhD, ApplyingToCollege, AskAcademia, gradadmissions",0.2793
greenappleFF,646,Bard,0
spacedario,164,"interestingasfuck, Damnthatsinteresting, pics, mildlyinfuriating, facepalm",0.5504
Standard_Talk_4670,647,"relationship_advice, askswitzerland, Switzerland",0
K1sh1-Onepiece,164,"interestingasfuck, Damnthatsinteresting, pics, mildlyinfuriating, facepalm",3.4183
Fyuryy,648,"stupidquestions, suisse, EPFL",0
Alendion_TLG,649,"StudyInTheNetherlands, relationship_advice, Indians_StudyAbroad",0
redytusr123,650,"pcgaming, LaTeX, soccer",0
Ciiceeroo,1480,"csMajors, PhD, ApplyingToCollege, AskAcademia, gradadmissions",4.7356
Impressive-Gap7138,164,"interestingasfuck, Damnthatsinteresting, pics, mildlyinfuriating, facepalm",1.4183
Bettgsteu,164,"interestingasfuck, Damnthatsinteresting, pics, mildlyinfuriating, facepalm",7.3874
VeganBaguette,1601,"NoStupidQuestions, AskReddit, askswitzerland, AITAH, Switzerland",9.5145
Skairin,651,anime,0
TrainerCivil,1525,"de, Studium, Finanzen, Ratschlag, germany",6.8568
kamiem123,652,"AskHistorians, eurovision, Switzerland",0
Ok-Objective-7506,653,AmItheAsshole,0
passsion66,654,Imperial,0
Fuzzy_Box_9138,655,"mexico, GenZ, gradadmissions",0
Objective-Web7083,656,askswitzerland,0
Apprehensive-Ice2576,1480,"csMajors, PhD, ApplyingToCollege, AskAcademia, gradadmissions",0.0671
Dark1000,164,"interestingasfuck, Damnthatsinteresting, pics, mildlyinfuriating, facepalm",17.715
Automatic-Tax-7414,657,"beauty, bioinformatics",0
NikolNikopoulou,1480,"csMajors, PhD, ApplyingToCollege, AskAcademia, gradadmissions",2.1645
Zealousideal-Dog1156,1480,"csMajors, PhD, ApplyingToCollege, AskAcademia, gradadmissions",0.009
kvutxdy,658,"anime, Netherlands, EPFL",0
ScrapAccountLad,659,buildapc,0
KatAddicted69,660,"Rainbow6, zurich",0
No_Carpenter7252,164,"interestingasfuck, Damnthatsinteresting, pics, mildlyinfuriating, facepalm",0.27
CrashingBrain,164,"interestingasfuck, Damnthatsinteresting, pics, mildlyinfuriating, facepalm",0.2931
JCur24,661,"MSCS, EPFL, askswitzerland",0
your_curious_guy,1480,"csMajors, PhD, ApplyingToCollege, AskAcademia, gradadmissions",0.0178
AffectionateRange673,1480,"csMajors, PhD, ApplyingToCollege, AskAcademia, gradadmissions",0.1039
employeenumber1359,1480,"csMajors, PhD, ApplyingToCollege, AskAcademia, gradadmissions",0.0246
vocdex,1480,"csMajors, PhD, ApplyingToCollege, AskAcademia, gradadmissions",2.3999
Usual_Opposite_5022,662,"MacOS, zurich",0
Sauron_78,164,"interestingasfuck, Damnthatsinteresting, pics, mildlyinfuriating, facepalm",11.7824
Constant_Medicine_85,1480,"csMajors, PhD, ApplyingToCollege, AskAcademia, gradadmissions",2.0679
Upstairs-Chipmunk579,663,zurich,0
Raskolnikov98,164,"interestingasfuck, Damnthatsinteresting, pics, mildlyinfuriating, facepalm",25.3398
hellvetic147,164,"interestingasfuck, Damnthatsinteresting, pics, mildlyinfuriating, facepalm",0.0337
Arsh90786,1601,"NoStupidQuestions, AskReddit, askswitzerland, AITAH, Switzerland",1.9819
MantisPymp,1480,"csMajors, PhD, ApplyingToCollege, AskAcademia, gradadmissions",0.1012
MalaMuerteSCN,1559,"Universitaly, ItaliaPersonalFinance, CasualIT, Italia, ItaliaCareerAdvice",0.3359
Paid-Not-Payed-Bot,1480,"csMajors, PhD, ApplyingToCollege, AskAcademia, gradadmissions",50.4834
SenpaiKai,164,"interestingasfuck, Damnthatsinteresting, pics, mildlyinfuriating, facepalm",3.2548
chrismclp,164,"interestingasfuck, Damnthatsinteresting, pics, mildlyinfuriating, facepalm",5.3567
Ivan_pk5,1601,"NoStupidQuestions, AskReddit, askswitzerland, AITAH, Switzerland",31.0753
Hzlqrtz,164,"interestingasfuck, Damnthatsinteresting, pics, mildlyinfuriating, facepalm",30.8456
sumik02,664,eurovision,0
-Ritsar-,665,AbsoluteUnits,0
pleasemore05,164,"interestingasfuck, Damnthatsinteresting, pics, mildlyinfuriating, facepalm",25.3422
einsJannis,164,"interestingasfuck, Damnthatsinteresting, pics, mildlyinfuriating, facepalm",9.838
Standard_Monitor4291,164,"interestingasfuck, Damnthatsinteresting, pics, mildlyinfuriating, facepalm",59.45
Jafonsoo,666,askswitzerland,0
BakrTT,667,"chipdesign, expats",0
abcdefmoi,1601,"NoStupidQuestions, AskReddit, askswitzerland, AITAH, Switzerland",11.135
Individual_Print7350,1480,"csMajors, PhD, ApplyingToCollege, AskAcademia, gradadmissions",5.5443
That_Walrus3455,164,"interestingasfuck, Damnthatsinteresting, pics, mildlyinfuriating, facepalm",41.7746
ksjwo,668,"tennis, running, askswitzerland, Switzerland, zurich",0
tarudesu,669,MachineLearning,0
OkBlacksmith4013,1601,"NoStupidQuestions, AskReddit, askswitzerland, AITAH, Switzerland",0.0334
crunshysalt,1601,"NoStupidQuestions, AskReddit, askswitzerland, AITAH, Switzerland",4.4406
RushDvd,164,"interestingasfuck, Damnthatsinteresting, pics, mildlyinfuriating, facepalm",2.8451
N8_90,164,"interestingasfuck, Damnthatsinteresting, pics, mildlyinfuriating, facepalm",4.3333
Cursed1978,164,"interestingasfuck, Damnthatsinteresting, pics, mildlyinfuriating, facepalm",46.7802
feelingalive99,670,"leetcode, SwissPersonalFinance, zurich",0
MoridinB,164,"interestingasfuck, Damnthatsinteresting, pics, mildlyinfuriating, facepalm",57.7713
AleCar07,1480,"csMajors, PhD, ApplyingToCollege, AskAcademia, gradadmissions",4.5314
raumdeuter255,1480,"csMajors, PhD, ApplyingToCollege, AskAcademia, gradadmissions",0.7067
ivica555,164,"interestingasfuck, Damnthatsinteresting, pics, mildlyinfuriating, facepalm",1.1929
Naive-Mechanic4683,1601,"NoStupidQuestions, AskReddit, askswitzerland, AITAH, Switzerland",55.6198
Thomas_KT,164,"interestingasfuck, Damnthatsinteresting, pics, mildlyinfuriating, facepalm",54.0278
EngineeringFlop,164,"interestingasfuck, Damnthatsinteresting, pics, mildlyinfuriating, facepalm",6.3847
Initial_Ad3554,1525,"de, Studium, Finanzen, Ratschlag, germany",6.4284
mitsuki666,671,"ipad, Watches, AskReddit",0
Sharanbasav,1480,"csMajors, PhD, ApplyingToCollege, AskAcademia, gradadmissions",0.8819
Sufficient-Wave1132,672,"Rich, ireland, dataisbeautiful, greece, europe",0
BarFun9487,673,"Letterboxd, zurich",0
WildlifePhysics,164,"interestingasfuck, Damnthatsinteresting, pics, mildlyinfuriating, facepalm",32.9319
Xenon_Vrykolakas,1601,"NoStupidQuestions, AskReddit, askswitzerland, AITAH, Switzerland",2.0114
MundaneJudgment3491,674,"leagueoflegends, askswitzerland, Switzerland",0
No_Excitement7991,675,"ADHD, askswitzerland, Switzerland, zurich",0
LueddeFromTheBack,676,BUENZLI,0
Aware-Cauliflower-25,677,ios,0
BeyondCurrent5754,1601,"NoStupidQuestions, AskReddit, askswitzerland, AITAH, Switzerland",3.8496
MikeDoesDo,1480,"csMajors, PhD, ApplyingToCollege, AskAcademia, gradadmissions",0.546
ikamran_khan,678,"ChineseLanguage, PhD",0
Lower_Proposal_8646,1480,"csMajors, PhD, ApplyingToCollege, AskAcademia, gradadmissions",0.065
TiSapph,1525,"de, Studium, Finanzen, Ratschlag, germany",9.3481
xiikjuy,164,"interestingasfuck, Damnthatsinteresting, pics, mildlyinfuriating, facepalm",58.7604
strame3,679,"MechanicalKeyboards, EPFL",0
gcalligher,680,Switzerland,0
Smart_Idea9035,1601,"NoStupidQuestions, AskReddit, askswitzerland, AITAH, Switzerland",0.3322
EducationOk5938,1525,"de, Studium, Finanzen, Ratschlag, germany",1.0031
Popular_Ad1466,681,"skiingcirclejerk, mildlyinteresting, askswitzerland",0
showingsmthing,682,"DeepThoughts, AmIOverreacting",0
ForzaCharles16,1601,"NoStupidQuestions, AskReddit, askswitzerland, AITAH, Switzerland",17.7527
Complex-Vanilla-2746,683,"meirl, AskReddit",0
Hex30_03,1559,"Universitaly, ItaliaPersonalFinance, CasualIT, Italia, ItaliaCareerAdvice",7.4438
free_kmart36,1480,"csMajors, PhD, ApplyingToCollege, AskAcademia, gradadmissions",0.0213
thedolfiin,1480,"csMajors, PhD, ApplyingToCollege, AskAcademia, gradadmissions",0.0054
terminal__object,1559,"Universitaly, ItaliaPersonalFinance, CasualIT, Italia, ItaliaCareerAdvice",18.4313
Common-Frosting-9434,164,"interestingasfuck, Damnthatsinteresting, pics, mildlyinfuriating, facepalm",61.2431
alpisgood,1480,"csMajors, PhD, ApplyingToCollege, AskAcademia, gradadmissions",4.0992
Anfphrodite,684,"mumbai, UZH, askswitzerland, zurich",0
blooming_edelweiss,1480,"csMajors, PhD, ApplyingToCollege, AskAcademia, gradadmissions",1.7956
iterative_iteration,164,"interestingasfuck, Damnthatsinteresting, pics, mildlyinfuriating, facepalm",1.2517
ReverseElectron,164,"interestingasfuck, Damnthatsinteresting, pics, mildlyinfuriating, facepalm",5.7144
newname_tabitha,1525,"de, Studium, Finanzen, Ratschlag, germany",0.6228
CopiumCatboy,164,"interestingasfuck, Damnthatsinteresting, pics, mildlyinfuriating, facepalm",40.1475
Obvious_Bit7674,685,"EPFL, Switzerland, zurich",0
AlphaAlex1_,1480,"csMajors, PhD, ApplyingToCollege, AskAcademia, gradadmissions",6.011
sixdayspizza,164,"interestingasfuck, Damnthatsinteresting, pics, mildlyinfuriating, facepalm",9.8966
AnishAndTheBoys,1480,"csMajors, PhD, ApplyingToCollege, AskAcademia, gradadmissions",2.0399
tigrayt2,164,"interestingasfuck, Damnthatsinteresting, pics, mildlyinfuriating, facepalm",8.6851
speedbumpee,1601,"NoStupidQuestions, AskReddit, askswitzerland, AITAH, Switzerland",5.0831
Junior_Sign7223,1480,"csMajors, PhD, ApplyingToCollege, AskAcademia, gradadmissions",0.0193
-SAMV-,1480,"csMajors, PhD, ApplyingToCollege, AskAcademia, gradadmissions",0.0148
KlingonTranslator,1601,"NoStupidQuestions, AskReddit, askswitzerland, AITAH, Switzerland",42.8041
qaywsxqaywsxqay,1601,"NoStupidQuestions, AskReddit, askswitzerland, AITAH, Switzerland",4.7793
naratcis,1601,"NoStupidQuestions, AskReddit, askswitzerland, AITAH, Switzerland",13.4174
zeytonx_,686,macbook,0
Eskapismus,1601,"NoStupidQuestions, AskReddit, askswitzerland, AITAH, Switzerland",56.1073
herbertdm,687,bald,0
Benzene_Vapour,688,SwissPersonalFinance,0
Separate_Football_20,689,"basel, schwiiz, BUENZLI, askswitzerland, Switzerland",0
menthol-squirrel,164,"interestingasfuck, Damnthatsinteresting, pics, mildlyinfuriating, facepalm",2.098
Best-Customer4288,1525,"de, Studium, Finanzen, Ratschlag, germany",0.0378
Mihalis_balts,690,"Naruto, GRE, gradadmissions",0
Beginning_Path_3735,1480,"csMajors, PhD, ApplyingToCollege, AskAcademia, gradadmissions",4.5853
Olivia-2021,691,"askswitzerland, Switzerland",0
Former-Ad-9278,1480,"csMajors, PhD, ApplyingToCollege, AskAcademia, gradadmissions",0.0102
Electronic-Olive9411,692,"cscareerquestions, MachineLearning, gradadmissions",0
ssamuel558,693,"askswitzerland, Switzerland",0
fduct,694,Indians_StudyAbroad,0
AdrianWasTaken,695,Garmin,0
Queku08,1525,"de, Studium, Finanzen, Ratschlag, germany",0.0547
Zestyclose-Ice-3434,164,"interestingasfuck, Damnthatsinteresting, pics, mildlyinfuriating, facepalm",10.8074
devangm,1480,"csMajors, PhD, ApplyingToCollege, AskAcademia, gradadmissions",33.9168
BroadComb6309,696,"FPGA, unimelb",0
OwIts4AM,164,"interestingasfuck, Damnthatsinteresting, pics, mildlyinfuriating, facepalm",0.327
arst289,697,robotics,0
crack_cocain,698,zurich,0
AlfCarison,1525,"de, Studium, Finanzen, Ratschlag, germany",20.3884
denfaina__,164,"interestingasfuck, Damnthatsinteresting, pics, mildlyinfuriating, facepalm",50.071
IntelligentGur9638,1601,"NoStupidQuestions, AskReddit, askswitzerland, AITAH, Switzerland",34.7467
ElectronicCountry701,699,"AITAH, germany, BUENZLI, askswitzerland, Switzerland",0
anprme,1601,"NoStupidQuestions, AskReddit, askswitzerland, AITAH, Switzerland",53.109
Reporte219,1601,"NoStupidQuestions, AskReddit, askswitzerland, AITAH, Switzerland",40.8127
Relvind,164,"interestingasfuck, Damnthatsinteresting, pics, mildlyinfuriating, facepalm",1.1206
Eggsy_x,700,"KeineDummenFragen, quant",0
Ok_Bat4262,701,"learnmachinelearning, MSCS, gradadmissions",0
MarsBoy_2,702,"embedded, unimelb",0
PhoebusAbel,1601,"NoStupidQuestions, AskReddit, askswitzerland, AITAH, Switzerland",69.9579
Outrageous-Boot7092,1480,"csMajors, PhD, ApplyingToCollege, AskAcademia, gradadmissions",1.3145
envyyeet,1480,"csMajors, PhD, ApplyingToCollege, AskAcademia, gradadmissions",0.5345
BullyNGL,1559,"Universitaly, ItaliaPersonalFinance, CasualIT, Italia, ItaliaCareerAdvice",3.5391
SeaworthinessPale733,703,tumunich,0
probably_random,704,zurich,0
TwoJarl7,705,aoe2,0
autizmisreel,706,"maybemaybemaybe, Lenovo, Switzerland",0
My-gel-is-leaking,707,"bioinformatics, labrats, Switzerland, zurich",0
Slingshot_42,1480,"csMajors, PhD, ApplyingToCollege, AskAcademia, gradadmissions",0.4992
Ancient-Job-4911,708,"CoinBase, whatsapp, solana, ledgerwallet, csgo",0.7857
RevolutionFull111,1480,"csMajors, PhD, ApplyingToCollege, AskAcademia, gradadmissions",0.0554
freebullshitaccount,164,"interestingasfuck, Damnthatsinteresting, pics, mildlyinfuriating, facepalm",20.8388
InspectorUnlikely595,164,"interestingasfuck, Damnthatsinteresting, pics, mildlyinfuriating, facepalm",33.1389
HTMLator,709,"Physics, quant",0
Successful_Elk_3011,710,"BreakUps, relationship_advice, askswitzerland, Switzerland",0
wasserkonfetti,1601,"NoStupidQuestions, AskReddit, askswitzerland, AITAH, Switzerland",1.1049
Entsche1dungsproblem,711,schwiiz,0
pelfet,1601,"NoStupidQuestions, AskReddit, askswitzerland, AITAH, Switzerland",19.6893
Outrageous-Lake-2950,1480,"csMajors, PhD, ApplyingToCollege, AskAcademia, gradadmissions",29.0597
Lumpy-Lock-5429,1601,"NoStupidQuestions, AskReddit, askswitzerland, AITAH, Switzerland",11.0103
Phoenix-fn1zx,1559,"Universitaly, ItaliaPersonalFinance, CasualIT, Italia, ItaliaCareerAdvice",15.9653
opensourceartwork,712,berlin,0
Specialist_Pop6500,713,geneva,0
Ok-Mathematician1294,714,AnarchyChess,0
des_illusion,715,"AppleMusic, autism",0
KeyFroyo1153,1480,"csMajors, PhD, ApplyingToCollege, AskAcademia, gradadmissions",0.0167
CardiologistKlutzy39,716,"immigration, f1visa",0
Calugorron,1480,"csMajors, PhD, ApplyingToCollege, AskAcademia, gradadmissions",0.035
Excellent_Skin9697,1480,"csMajors, PhD, ApplyingToCollege, AskAcademia, gradadmissions",0.6495
ImportanceKey5304,717,"quant, EPFL",0
Fri3ndlymushroom,718,"formula1, pcmasterrace",0
SoZur,164,"interestingasfuck, Damnthatsinteresting, pics, mildlyinfuriating, facepalm",54.3256
Moist_Horror_7627,719,zurich,0
Hairyjoes,720,pics,0
meagainstmyselff,1559,"Universitaly, ItaliaPersonalFinance, CasualIT, Italia, ItaliaCareerAdvice",4.951
kloodarmstium,721,"PhD, askswitzerland",0
Illustrious_List7717,1601,"NoStupidQuestions, AskReddit, askswitzerland, AITAH, Switzerland",0.2706
nerdie16,722,chemhelp,0
pang-zorgon,1601,"NoStupidQuestions, AskReddit, askswitzerland, AITAH, Switzerland",27.4802
SeltenerPeter,1525,"de, Studium, Finanzen, Ratschlag, germany",0.1247
General_T42,723,"Steam, askswitzerland, zurich",0
BenchExpress8242,1601,"NoStupidQuestions, AskReddit, askswitzerland, AITAH, Switzerland",5.999
sweet_selection_1996,1601,"NoStupidQuestions, AskReddit, askswitzerland, AITAH, Switzerland",21.5928
genauerstrasse,724,india,0
_urmumlol_,1480,"csMajors, PhD, ApplyingToCollege, AskAcademia, gradadmissions",0.0684
Zoesan,164,"interestingasfuck, Damnthatsinteresting, pics, mildlyinfuriating, facepalm",35.4742
Mission-Mushroom902,725,"EPFL, askswitzerland",0
Professional_boffin,1480,"csMajors, PhD, ApplyingToCollege, AskAcademia, gradadmissions",0.0346
ConsequenceOk3058,726,"DunderMifflin, inthenews",0
MustBeNiceToBeHappy,1525,"de, Studium, Finanzen, Ratschlag, germany",47.727
Btrabus,727,"Luzern, schwiiz, BUENZLI, SwissPersonalFinance, askswitzerland",0
Due-Level1978,728,GradSchool,0
egbreo,729,"ItaliaPersonalFinance, tressless",0
Sciencescience_1,164,"interestingasfuck, Damnthatsinteresting, pics, mildlyinfuriating, facepalm",25.0723
Emergency-Horse6928,730,"SwissFIRE, csMajors, SwissPersonalFinance, EPFL",0
StatisticianBusy5416,1480,"csMajors, PhD, ApplyingToCollege, AskAcademia, gradadmissions",0.1447
In_Zyzz_We_Trust,1480,"csMajors, PhD, ApplyingToCollege, AskAcademia, gradadmissions",0.1419
shirogeek,731,"3Dprinting, LocalLLaMA, askswitzerland, Switzerland, zurich",0
Master-Self-6760,1525,"de, Studium, Finanzen, Ratschlag, germany",0.9833
AdCalm9578,1525,"de, Studium, Finanzen, Ratschlag, germany",9.8582
InsuranceHonest2230,732,TwoXChromosomes,0
Full_Patience5734,1480,"csMajors, PhD, ApplyingToCollege, AskAcademia, gradadmissions",0.0425
Tom1380,1480,"csMajors, PhD, ApplyingToCollege, AskAcademia, gradadmissions",49.8937
Alkeryn,164,"interestingasfuck, Damnthatsinteresting, pics, mildlyinfuriating, facepalm",44.7112
Lucky_Lettuce5384,733,"relationships, relationship_advice",0
CharlieLee666,1480,"csMajors, PhD, ApplyingToCollege, AskAcademia, gradadmissions",4.1372
blupilobup,734,"interestingasfuck, zurich",0
Ashamed_Baker_3568,735,"BambuLab, CatAdvice, cats, BUENZLI, zurich",0
MTG_Lukas,736,bern,0
ondasboy1,1480,"csMajors, PhD, ApplyingToCollege, AskAcademia, gradadmissions",1.7466
giantZorg,1480,"csMajors, PhD, ApplyingToCollege, AskAcademia, gradadmissions",12.1949
deuduze,737,"compsci, Morocco, Switzerland, zurich",0
Significance-Far,738,"formuladank, math",0
Upset_Appointment_89,739,EPFL,0
Ashamed-Simple-8303,164,"interestingasfuck, Damnthatsinteresting, pics, mildlyinfuriating, facepalm",20.6747
Shanilkagimhan,1480,"csMajors, PhD, ApplyingToCollege, AskAcademia, gradadmissions",1.8306
mmmmmmmmmkm,740,Norway,0
Niduck,1480,"csMajors, PhD, ApplyingToCollege, AskAcademia, gradadmissions",14.7953
Ok_Abbreviations7805,1480,"csMajors, PhD, ApplyingToCollege, AskAcademia, gradadmissions",0.0152
Beach_Outrageous,1480,"csMajors, PhD, ApplyingToCollege, AskAcademia, gradadmissions",0.1112
Frequent_Ad8876,741,Brawlstars,0
Any-Cause-374,164,"interestingasfuck, Damnthatsinteresting, pics, mildlyinfuriating, facepalm",69.1855
Street-Passenger8497,1480,"csMajors, PhD, ApplyingToCollege, AskAcademia, gradadmissions",0.0118
LeBronTheGreatest31,742,"AskMenAdvice, europe, schwiiz, BUENZLI, askswitzerland",0
No_Pop8531,743,pokemon,0
MrCreator1002,744,gradadmissions,0
Whole_Entrance7619,745,"PcBuild, buildapc",0
slramuu,746,revancedapp,0
askforward,747,"laptops, UZH, askswitzerland, Switzerland",0
Brilliant_Basil1787,1480,"csMajors, PhD, ApplyingToCollege, AskAcademia, gradadmissions",3.4752
Interesting-Dance911,748,"biology, careerguidance",0
Strong_Individual223,749,realmadrid,0
harryf,164,"interestingasfuck, Damnthatsinteresting, pics, mildlyinfuriating, facepalm",0.4485
Memory4468,1480,"csMajors, PhD, ApplyingToCollege, AskAcademia, gradadmissions",3.5087
RandQuantumMechanic,1480,"csMajors, PhD, ApplyingToCollege, AskAcademia, gradadmissions",0.0037
Firm-Canary-1438,1480,"csMajors, PhD, ApplyingToCollege, AskAcademia, gradadmissions",2.7106
Additional-Ad-1021,1601,"NoStupidQuestions, AskReddit, askswitzerland, AITAH, Switzerland",34.3555
mog-thesify,1480,"csMajors, PhD, ApplyingToCollege, AskAcademia, gradadmissions",5.293
chevyymontecarlo,1601,"NoStupidQuestions, AskReddit, askswitzerland, AITAH, Switzerland",5.7395
monti2510,1480,"csMajors, PhD, ApplyingToCollege, AskAcademia, gradadmissions",0.0531
Consistent_Vehicle88,750,Instagram,0
Glopatchwork,1601,"NoStupidQuestions, AskReddit, askswitzerland, AITAH, Switzerland",4.0939
Female_Silverback,1601,"NoStupidQuestions, AskReddit, askswitzerland, AITAH, Switzerland",0.4478
DjHengel07,751,Physics,0
hazelnussibus,164,"interestingasfuck, Damnthatsinteresting, pics, mildlyinfuriating, facepalm",3.1168
spread_those_flaps,1480,"csMajors, PhD, ApplyingToCollege, AskAcademia, gradadmissions",14.8652
SvrT_3108,1480,"csMajors, PhD, ApplyingToCollege, AskAcademia, gradadmissions",25.1639
Stranger_Dude__,752,"poland, germany, BUENZLI, askswitzerland, Switzerland",0
OhioDeez44,1480,"csMajors, PhD, ApplyingToCollege, AskAcademia, gradadmissions",23.1552
matchy233,1480,"csMajors, PhD, ApplyingToCollege, AskAcademia, gradadmissions",1.6735
Odd_Jellyfish_5710,1480,"csMajors, PhD, ApplyingToCollege, AskAcademia, gradadmissions",4.4737
skeleton_dancer,753,"Lenovo, PhD, askswitzerland, Switzerland, zurich",0
c1u5t3r,1480,"csMajors, PhD, ApplyingToCollege, AskAcademia, gradadmissions",4.5537
kuzzzmina_,1480,"csMajors, PhD, ApplyingToCollege, AskAcademia, gradadmissions",0.0419
zgjs24,1480,"csMajors, PhD, ApplyingToCollege, AskAcademia, gradadmissions",0.0326
Striking-Bank-5760,1559,"Universitaly, ItaliaPersonalFinance, CasualIT, Italia, ItaliaCareerAdvice",5.2969
exp-multicast,754,"UZH, zurich",0
_hat_fish_,755,suggestmeabook,0
RiseWarm,1480,"csMajors, PhD, ApplyingToCollege, AskAcademia, gradadmissions",13.1254
quanganh9900,1480,"csMajors, PhD, ApplyingToCollege, AskAcademia, gradadmissions",1.5025
siriusserious,1525,"de, Studium, Finanzen, Ratschlag, germany",40.8538
SilverDouble7043,756,"tuwien, cscareerquestionsEU",0
Adel_Mustafa,1480,"csMajors, PhD, ApplyingToCollege, AskAcademia, gradadmissions",2.4499
Easy-Explanation1338,1480,"csMajors, PhD, ApplyingToCollege, AskAcademia, gradadmissions",1.3339
Mankus,164,"interestingasfuck, Damnthatsinteresting, pics, mildlyinfuriating, facepalm",0.0796
Lyssa_Lud,1480,"csMajors, PhD, ApplyingToCollege, AskAcademia, gradadmissions",0.4128
badboi86ij99,1480,"csMajors, PhD, ApplyingToCollege, AskAcademia, gradadmissions",53.2281
Loki_is_alive,757,"olympics, truespotify, Switzerland",0
Interesting-Bit6448,758,EPFL,0
Itchy_Muscle_9429,1480,"csMajors, PhD, ApplyingToCollege, AskAcademia, gradadmissions",1.5742
jmesfin,759,zurich,0
Public_Leadership_14,1525,"de, Studium, Finanzen, Ratschlag, germany",0.1573
Foreign-Gap-3283,760,"bern, EPFL, askswitzerland",0
Electronic_Garlic600,1480,"csMajors, PhD, ApplyingToCollege, AskAcademia, gradadmissions",0.0911
Kiloiki,1601,"NoStupidQuestions, AskReddit, askswitzerland, AITAH, Switzerland",13.0395
Connect-Speech-7694,761,"Universitaly, tumunich",0
Feeling-Award6976,1480,"csMajors, PhD, ApplyingToCollege, AskAcademia, gradadmissions",1.1584
BranchAble2648,1525,"de, Studium, Finanzen, Ratschlag, germany",13.9208
Sure-Chocolate-2946,762,Switzerland,0
Nlck0li,164,"interestingasfuck, Damnthatsinteresting, pics, mildlyinfuriating, facepalm",0.2414
ReporterWooden3441,763,"Morocco, MapPorn",0
Noblicke61,1480,"csMajors, PhD, ApplyingToCollege, AskAcademia, gradadmissions",0.0258
Chemical_Freedom_227,1480,"csMajors, PhD, ApplyingToCollege, AskAcademia, gradadmissions",4.9191
Rakru84,164,"interestingasfuck, Damnthatsinteresting, pics, mildlyinfuriating, facepalm",3.9135
bub1q,164,"interestingasfuck, Damnthatsinteresting, pics, mildlyinfuriating, facepalm",8.0547
TomPistola,1480,"csMajors, PhD, ApplyingToCollege, AskAcademia, gradadmissions",0.0037
rj380,1601,"NoStupidQuestions, AskReddit, askswitzerland, AITAH, Switzerland",6.7224
SegfaultSensei,1480,"csMajors, PhD, ApplyingToCollege, AskAcademia, gradadmissions",8.6994
LightQueasy895,1601,"NoStupidQuestions, AskReddit, askswitzerland, AITAH, Switzerland",25.0879
Cultural_Result1317,164,"interestingasfuck, Damnthatsinteresting, pics, mildlyinfuriating, facepalm",50.326
-hexie-,764,"wallstreetbets, MachineLearning, EPFL",0
MedicalPrinciple5042,765,6thForm,0
wild_brocoli37,1601,"NoStupidQuestions, AskReddit, askswitzerland, AITAH, Switzerland",5.053
Ok_Garage_683,1525,"de, Studium, Finanzen, Ratschlag, germany",9.8201
sccy1,1480,"csMajors, PhD, ApplyingToCollege, AskAcademia, gradadmissions",1.7961
Patient-Movie231,766,alevel,0
Asiansugarbabygpt,1480,"csMajors, PhD, ApplyingToCollege, AskAcademia, gradadmissions",0.0349
RelationshipLevel129,767,EPFL,0
Fun_Local800,768,"UZH, askswitzerland",0
carmichaelthe3rd,164,"interestingasfuck, Damnthatsinteresting, pics, mildlyinfuriating, facepalm",0.3498
codeviser,1480,"csMajors, PhD, ApplyingToCollege, AskAcademia, gradadmissions",3.9392
RepulsiveDonkey739,1480,"csMajors, PhD, ApplyingToCollege, AskAcademia, gradadmissions",0.0125
hohenheim5678,769,"dji, EPFL, Switzerland",0
Crafter1515,1480,"csMajors, PhD, ApplyingToCollege, AskAcademia, gradadmissions",0.0292
soviet-seneca,770,computerscience,0
Independent-Lynx-671,771,PhD,0
EatThatPotato,164,"interestingasfuck, Damnthatsinteresting, pics, mildlyinfuriating, facepalm",54.4072
Straight_Turnip7056,1601,"NoStupidQuestions, AskReddit, askswitzerland, AITAH, Switzerland",25.4191
Lontschie,1601,"NoStupidQuestions, AskReddit, askswitzerland, AITAH, Switzerland",0.0649
HonkHonk05,1480,"csMajors, PhD, ApplyingToCollege, AskAcademia, gradadmissions",0.0088
Competitive-Cup-6309,772,relationship_advice,0
ThorusBonus,164,"interestingasfuck, Damnthatsinteresting, pics, mildlyinfuriating, facepalm",18.4797
_saem_,1525,"de, Studium, Finanzen, Ratschlag, germany",12.3488
heresacorrection,1480,"csMajors, PhD, ApplyingToCollege, AskAcademia, gradadmissions",9.0074
RycinCZ,1480,"csMajors, PhD, ApplyingToCollege, AskAcademia, gradadmissions",0.5869
multiversal-citizen,1601,"NoStupidQuestions, AskReddit, askswitzerland, AITAH, Switzerland",0.6383
SmartBeagle,1480,"csMajors, PhD, ApplyingToCollege, AskAcademia, gradadmissions",0.0356
unga_bunga520,1480,"csMajors, PhD, ApplyingToCollege, AskAcademia, gradadmissions",14.2351
Bitter_Pineapple_720,1480,"csMajors, PhD, ApplyingToCollege, AskAcademia, gradadmissions",6.2677
cauchymeanvalue,1601,"NoStupidQuestions, AskReddit, askswitzerland, AITAH, Switzerland",0.5904
PLS_SEND_TRAIN_PICS,1601,"NoStupidQuestions, AskReddit, askswitzerland, AITAH, Switzerland",0.6355
-Tobito,164,"interestingasfuck, Damnthatsinteresting, pics, mildlyinfuriating, facepalm",0.019
mercykanaiza,773,"GRE, MSCS",0
Sorcumalot,774,zurich,0
DrNio1313,775,"askswitzerland, Switzerland",0
Anonymous234910,164,"interestingasfuck, Damnthatsinteresting, pics, mildlyinfuriating, facepalm",0.4602
Upper-State-1003,1480,"csMajors, PhD, ApplyingToCollege, AskAcademia, gradadmissions",16.5373
chewie_42,1559,"Universitaly, ItaliaPersonalFinance, CasualIT, Italia, ItaliaCareerAdvice",0.9524
Time-Measurement-778,776,"askswitzerland, Switzerland",0
NovikovMorseHorse,1480,"csMajors, PhD, ApplyingToCollege, AskAcademia, gradadmissions",2.2902
KATCHAW9,777,"PcBuild, Lausanne, EPFL",0
flowtuz,1525,"de, Studium, Finanzen, Ratschlag, germany",7.1684
Tatay_17,1601,"NoStupidQuestions, AskReddit, askswitzerland, AITAH, Switzerland",1.5571
Lower_Fig_3085,1525,"de, Studium, Finanzen, Ratschlag, germany",0.1534
SMTP2024,1480,"csMajors, PhD, ApplyingToCollege, AskAcademia, gradadmissions",17.1657
PJannis,778,AskPhysics,0
Emergency_Coffee_829,779,"askswitzerland, Switzerland, zurich",0
Chemist-Nerd,1480,"csMajors, PhD, ApplyingToCollege, AskAcademia, gradadmissions",2.7549
Henzo26,164,"interestingasfuck, Damnthatsinteresting, pics, mildlyinfuriating, facepalm",0.1331
Shoggyhaze,780,"memes, AskReddit",0
Acrobatic-Giraffe-65,1525,"de, Studium, Finanzen, Ratschlag, germany",0.5298
PPTTRRKK,1601,"NoStupidQuestions, AskReddit, askswitzerland, AITAH, Switzerland",4.8304
SirDrystan,781,"CasualConversation, DnD, BUENZLI, askswitzerland",0
Fndundai,782,"bikewrench, CanyonBikes, ClashOfClans, mildlyinfuriating, zurich",0
Purpose_roam,1601,"NoStupidQuestions, AskReddit, askswitzerland, AITAH, Switzerland",17.0062
Hour-Hope7559,1601,"NoStupidQuestions, AskReddit, askswitzerland, AITAH, Switzerland",0.6351
nanotechmama,1601,"NoStupidQuestions, AskReddit, askswitzerland, AITAH, Switzerland",40.5362
Castles_Caves,783,"hiking, RandomThoughts, AskReddit",0
Petingo,1559,"Universitaly, ItaliaPersonalFinance, CasualIT, Italia, ItaliaCareerAdvice",0.2096
zonamoroza,1480,"csMajors, PhD, ApplyingToCollege, AskAcademia, gradadmissions",0.3725
scrapyscrape,784,"MachineLearning, Switzerland",0
Plane_Space_1635,785,"universityofamsterdam, TUDelft, EPFL",0
java-the-alien,786,Switzerland,0
CryptographerVast379,787,"engineeringmemes, Universitaly",0
-name-user-,164,"interestingasfuck, Damnthatsinteresting, pics, mildlyinfuriating, facepalm",19.9165
lemonadexpert,788,"SchengenVisa, AskPhysics, askswitzerland",0
ConsistentMessage547,1601,"NoStupidQuestions, AskReddit, askswitzerland, AITAH, Switzerland",0.074
Open_Ad_8599,789,"askswitzerland, Switzerland",0
Dipak1337,1601,"NoStupidQuestions, AskReddit, askswitzerland, AITAH, Switzerland",3.2555
splishsplashdrop,790,"de, PhD, zurich",0
MehImages,164,"interestingasfuck, Damnthatsinteresting, pics, mildlyinfuriating, facepalm",72.2897
Much_Philosophy9946,791,"Studium, UZH, Switzerland",0
Skejdisisiwuej,1480,"csMajors, PhD, ApplyingToCollege, AskAcademia, gradadmissions",15.4053
TwoAffectionate2965,1480,"csMajors, PhD, ApplyingToCollege, AskAcademia, gradadmissions",2.8121
archiebirtles0,1480,"csMajors, PhD, ApplyingToCollege, AskAcademia, gradadmissions",0.8303
Perun01,792,"options, worldnews, AskReddit, Switzerland",0
Double_Wishbone_1932,1480,"csMajors, PhD, ApplyingToCollege, AskAcademia, gradadmissions",10.1005
intrepidlady97,793,"canada, SchengenVisa",0
Stuff_I_Made,1525,"de, Studium, Finanzen, Ratschlag, germany",47.4611
fifibg,794,"MadeMeSmile, Awww, AskReddit",0
brateboi,795,"Interrail, leagueoflegends, Switzerland",0
Ciridussy,164,"interestingasfuck, Damnthatsinteresting, pics, mildlyinfuriating, facepalm",8.4641
back-stabbath,164,"interestingasfuck, Damnthatsinteresting, pics, mildlyinfuriating, facepalm",0.1021
Swimming_Ride_1143,796,"AskReddit, askswitzerland",0
Alternative-Fact6209,164,"interestingasfuck, Damnthatsinteresting, pics, mildlyinfuriating, facepalm",2.6981
aramkrat,164,"interestingasfuck, Damnthatsinteresting, pics, mildlyinfuriating, facepalm",3.9016
ComprehensiveType907,1525,"de, Studium, Finanzen, Ratschlag, germany",0.0214
PaneSborraSalsiccia,1559,"Universitaly, ItaliaPersonalFinance, CasualIT, Italia, ItaliaCareerAdvice",11.376
gurji123,797,"embedded, ElectricalEngineering, gradadmissions",0
paaaaattttttt,1559,"Universitaly, ItaliaPersonalFinance, CasualIT, Italia, ItaliaCareerAdvice",1.2218
UC-Cali05,798,sex,0
Diarrhea-Spritz,799,"singularity, schwiiz, BUENZLI, Switzerland",0
junionpect1,1525,"de, Studium, Finanzen, Ratschlag, germany",0.4444
Safe-Heron-195,1480,"csMajors, PhD, ApplyingToCollege, AskAcademia, gradadmissions",5.0961
2colombia4u,800,"Noses, AITAH, BUENZLI",0
Not_Voyeur,801,"ipl, moviecritic, formula1, zurich",0
Complete-Morning4179,164,"interestingasfuck, Damnthatsinteresting, pics, mildlyinfuriating, facepalm",0.1002
Bad-Gloomy,1480,"csMajors, PhD, ApplyingToCollege, AskAcademia, gradadmissions",0.0053
Ok_Night3075,1480,"csMajors, PhD, ApplyingToCollege, AskAcademia, gradadmissions",3.5836
goldfischglas79,802,"reisende, Austria, schwiiz",0
ilikethelettery,164,"interestingasfuck, Damnthatsinteresting, pics, mildlyinfuriating, facepalm",0.1705
procrastomaster,1480,"csMajors, PhD, ApplyingToCollege, AskAcademia, gradadmissions",0.0053
Adorable_Position_34,803,"lotr, quantfinance, Studium",0
walter3white,804,"FinanzenAT, Austria",0
csman86,805,"HongKong, canada",0
daniele_danielo,1480,"csMajors, PhD, ApplyingToCollege, AskAcademia, gradadmissions",3.6163
inkognitro90,1601,"NoStupidQuestions, AskReddit, askswitzerland, AITAH, Switzerland",9.8425
14372_Ritabrata,806,"StatementOfPurpose, EPFL",0
Xentoxus,1525,"de, Studium, Finanzen, Ratschlag, germany",0.2209
Equal_Many_6750,1525,"de, Studium, Finanzen, Ratschlag, germany",3.5141
cozy_mike,807,"askswitzerland, Switzerland",0
This_One_Guy2,164,"interestingasfuck, Damnthatsinteresting, pics, mildlyinfuriating, facepalm",0.1561
ApprehensiveInside13,1601,"NoStupidQuestions, AskReddit, askswitzerland, AITAH, Switzerland",2.6506
maybeincoherent,808,"theydidthemath, geography",0
Reactive-Battery,1525,"de, Studium, Finanzen, Ratschlag, germany",1.9967
czee96,809,"learnmath, math, askswitzerland, zurich",0
ltsaNewDay,1525,"de, Studium, Finanzen, Ratschlag, germany",21.4536
PintoCH,810,Ticino,0
lelezorm,1480,"csMajors, PhD, ApplyingToCollege, AskAcademia, gradadmissions",0.0569
GoldenKiwi69,811,zurich,0
urgent-lost,1480,"csMajors, PhD, ApplyingToCollege, AskAcademia, gradadmissions",6.5231
michu050696,812,AskEconomics,0
rzaytsev,813,youtube,0
disciples_of_Seitan,164,"interestingasfuck, Damnthatsinteresting, pics, mildlyinfuriating, facepalm",2.1566
Remote_Magician_5448,814,"MBA, greece",0
Grand_Expert_1278,1480,"csMajors, PhD, ApplyingToCollege, AskAcademia, gradadmissions",1.114
Stats_are_hard,164,"interestingasfuck, Damnthatsinteresting, pics, mildlyinfuriating, facepalm",7.4375
flammkuch,815,ask,0
kingb134p,816,"SwissPersonalFinance, zurich",0
t0t0zenerd,1601,"NoStupidQuestions, AskReddit, askswitzerland, AITAH, Switzerland",19.4457
Ok-Pattern-9588,817,"architecture, EPFL",0
mrahab100,164,"interestingasfuck, Damnthatsinteresting, pics, mildlyinfuriating, facepalm",9.0966
Cumburucum,818,Switzerland,0
tobisaurier,1480,"csMajors, PhD, ApplyingToCollege, AskAcademia, gradadmissions",0.0148
ArmadaLimmat,1601,"NoStupidQuestions, AskReddit, askswitzerland, AITAH, Switzerland",0.2068
barfbutler,164,"interestingasfuck, Damnthatsinteresting, pics, mildlyinfuriating, facepalm",58.6205
Odd_Instruction_1440,819,"internships, cscareerquestionsEU",0
astkaera_ylhyra,1525,"de, Studium, Finanzen, Ratschlag, germany",28.9275
tojig,164,"interestingasfuck, Damnthatsinteresting, pics, mildlyinfuriating, facepalm",36.0104
Gghg625,820,"Advice, zurich",0
Technical_Spell2870,1601,"NoStupidQuestions, AskReddit, askswitzerland, AITAH, Switzerland",0.0485
Jaeger-Eren69,1480,"csMajors, PhD, ApplyingToCollege, AskAcademia, gradadmissions",0.2838
cavallo_impazzito,1559,"Universitaly, ItaliaPersonalFinance, CasualIT, Italia, ItaliaCareerAdvice",1.4024
fkb089,1525,"de, Studium, Finanzen, Ratschlag, germany",8.5446
ElonMask123,164,"interestingasfuck, Damnthatsinteresting, pics, mildlyinfuriating, facepalm",0.4241
LuoBiDaFaZeWeiDa,164,"interestingasfuck, Damnthatsinteresting, pics, mildlyinfuriating, facepalm",13.4159
zacyivk,821,"Erasmus, learnmachinelearning",0
Redouantoukani,822,"Lausanne, zurich",0
Banana_with_benefits,164,"interestingasfuck, Damnthatsinteresting, pics, mildlyinfuriating, facepalm",4.4826
-_-_-_JOKER_-_-_-,823,"AskPhysics, ElectricalEngineering",0
Dear_Duty_1893,164,"interestingasfuck, Damnthatsinteresting, pics, mildlyinfuriating, facepalm",19.1114
Weirdoonline42,824,mathmemes,0
Boring_Focus_9710,164,"interestingasfuck, Damnthatsinteresting, pics, mildlyinfuriating, facepalm",1.2495
CranberryKindly8432,825,EPFL,0
CHKiri,1525,"de, Studium, Finanzen, Ratschlag, germany",7.3327
KaleidoscopeApart802,826,teenagers,0
Poodina,164,"interestingasfuck, Damnthatsinteresting, pics, mildlyinfuriating, facepalm",56.5935
Longjumping-Welder62,164,"interestingasfuck, Damnthatsinteresting, pics, mildlyinfuriating, facepalm",4.9206
Dave_1412,827,"StatementOfPurpose, AskReddit, UZH",0
meancream_ow,1525,"de, Studium, Finanzen, Ratschlag, germany",0.093
ETHEREVM,164,"interestingasfuck, Damnthatsinteresting, pics, mildlyinfuriating, facepalm",19.4053
RemindMeBot,1480,"csMajors, PhD, ApplyingToCollege, AskAcademia, gradadmissions",57.5132
FastLegEnte,828,"changemyview, chess, Switzerland",0
Coolmargarita,829,"reisende, Europetravel, askswitzerland, Switzerland, zurich",0
phystrol,1480,"csMajors, PhD, ApplyingToCollege, AskAcademia, gradadmissions",0.4266
700iholleh,164,"interestingasfuck, Damnthatsinteresting, pics, mildlyinfuriating, facepalm",22.8279
skolemiz,830,"SteamDeck, Italia, German, europe, ObsidianMD",0.2345
Adventurous_End_8227,1480,"csMajors, PhD, ApplyingToCollege, AskAcademia, gradadmissions",1.6904
Alexx_FF,164,"interestingasfuck, Damnthatsinteresting, pics, mildlyinfuriating, facepalm",19.3383
okiharaherbst,1601,"NoStupidQuestions, AskReddit, askswitzerland, AITAH, Switzerland",4.3084
Positive-Crab00,831,"KULeuven, geography, gradadmissions",0
NYCooookie,832,"rust, askswitzerland",0
opopoca,1601,"NoStupidQuestions, AskReddit, askswitzerland, AITAH, Switzerland",0.0986
gorkia,833,FinancialCareers,0
Suspicious-Form8724,834,Switzerland,0
chemape876,164,"interestingasfuck, Damnthatsinteresting, pics, mildlyinfuriating, facepalm",57.5297
Distorted-Nick,835,EPFL,0
cyao12,164,"interestingasfuck, Damnthatsinteresting, pics, mildlyinfuriating, facepalm",5.2529
CannibalEmpire,164,"interestingasfuck, Damnthatsinteresting, pics, mildlyinfuriating, facepalm",2.1838
Which_Guess_2429,1601,"NoStupidQuestions, AskReddit, askswitzerland, AITAH, Switzerland",0.7645
Every_County4301,836,Flights,0
ilovejesus1234,1480,"csMajors, PhD, ApplyingToCollege, AskAcademia, gradadmissions",8.5161
Geekwalker374,1480,"csMajors, PhD, ApplyingToCollege, AskAcademia, gradadmissions",52.5257
Electronic_Sink26,837,"Instagram, zurich",0
Carluskk,1480,"csMajors, PhD, ApplyingToCollege, AskAcademia, gradadmissions",0.0037
Hot_Cattle8579,1601,"NoStupidQuestions, AskReddit, askswitzerland, AITAH, Switzerland",18.9134
evian_water,164,"interestingasfuck, Damnthatsinteresting, pics, mildlyinfuriating, facepalm",3.2207
lookatyou23,838,zurich,0
Ok_Nail7169,839,"Studium, SwissPersonalFinance",0
OldSeries256,1480,"csMajors, PhD, ApplyingToCollege, AskAcademia, gradadmissions",0.0248
lazy_warlord,1480,"csMajors, PhD, ApplyingToCollege, AskAcademia, gradadmissions",0.0497
zhsrd,840,Switzerland,0
NaturalAd4151,1480,"csMajors, PhD, ApplyingToCollege, AskAcademia, gradadmissions",0.6767
pup_k,841,EPFL,0
Quixiote,842,"sciencefiction, Fantasy, Switzerland",0
DreamBussyBoi,164,"interestingasfuck, Damnthatsinteresting, pics, mildlyinfuriating, facepalm",24.7649
HeftyBreakfast1631,1559,"Universitaly, ItaliaPersonalFinance, CasualIT, Italia, ItaliaCareerAdvice",5.9685
QuArKzzz01,1480,"csMajors, PhD, ApplyingToCollege, AskAcademia, gradadmissions",4.0119
oaschlurch,1525,"de, Studium, Finanzen, Ratschlag, germany",1.163
sakuragaoka2001,843,"Music, askswitzerland",0
No-Fill9172,844,unsw,0
Jeffery_113,845,taiwan,0
yassin_01_,1525,"de, Studium, Finanzen, Ratschlag, germany",12.8818
Vashym,846,"GlobalOffensive, PhD",0
Puzzleheaded_Sail729,1480,"csMajors, PhD, ApplyingToCollege, AskAcademia, gradadmissions",9.6087
Apprehensive_Arm_493,1601,"NoStupidQuestions, AskReddit, askswitzerland, AITAH, Switzerland",0.3613
Confident_Bug_1833,1601,"NoStupidQuestions, AskReddit, askswitzerland, AITAH, Switzerland",0.2398
Old_Acanthocephala75,1480,"csMajors, PhD, ApplyingToCollege, AskAcademia, gradadmissions",6.4734
Hot_Construction7690,847,"UIUC, dji",0
Background-Pin3960,1480,"csMajors, PhD, ApplyingToCollege, AskAcademia, gradadmissions",35.2192
OkEconomy9512,848,gradadmissions,0
10nosaure,849,"UZH, zurich",0
boredDODO,1480,"csMajors, PhD, ApplyingToCollege, AskAcademia, gradadmissions",9.5923
Left_Studio_7022,1480,"csMajors, PhD, ApplyingToCollege, AskAcademia, gradadmissions",0.0114
carb0nyl3,164,"interestingasfuck, Damnthatsinteresting, pics, mildlyinfuriating, facepalm",47.5493
Impossible_Union4049,1480,"csMajors, PhD, ApplyingToCollege, AskAcademia, gradadmissions",1.1155
mygrannyhascancer,1601,"NoStupidQuestions, AskReddit, askswitzerland, AITAH, Switzerland",5.8869
NameofMineisThisOne,850,"etudiants, EPFL",0
mildm1nd,1480,"csMajors, PhD, ApplyingToCollege, AskAcademia, gradadmissions",0.3137
Fearless-Car9206,851,EPFL,0
Smart_Rooster_9687,1525,"de, Studium, Finanzen, Ratschlag, germany",2.0192
MundaneAdeptness4024,852,"socialskills, lego, Advice",0
taenyfan95,1480,"csMajors, PhD, ApplyingToCollege, AskAcademia, gradadmissions",4.1076
faboo811,853,"basel, zurich",0
thenakednucleus,1525,"de, Studium, Finanzen, Ratschlag, germany",34.4809
marin246,854,"BUENZLI, SwissPersonalFinance",0
Excellent_Tourist980,1601,"NoStupidQuestions, AskReddit, askswitzerland, AITAH, Switzerland",18.6828
Weird_Internal9607,1601,"NoStupidQuestions, AskReddit, askswitzerland, AITAH, Switzerland",0.1949
RipParty6055,1480,"csMajors, PhD, ApplyingToCollege, AskAcademia, gradadmissions",0.3293
ica94,164,"interestingasfuck, Damnthatsinteresting, pics, mildlyinfuriating, facepalm",5.5242
Remarkable-Minute171,1480,"csMajors, PhD, ApplyingToCollege, AskAcademia, gradadmissions",4.7126
twm2718,855,AskReddit,0
Intrepid_Map_6540,1480,"csMajors, PhD, ApplyingToCollege, AskAcademia, gradadmissions",0.0632
Gragy_0,1480,"csMajors, PhD, ApplyingToCollege, AskAcademia, gradadmissions",0.0389
Consistent-Piglet695,856,zurich,0
East-Ad5173,1601,"NoStupidQuestions, AskReddit, askswitzerland, AITAH, Switzerland",36.8903
Atalantius,164,"interestingasfuck, Damnthatsinteresting, pics, mildlyinfuriating, facepalm",41.3095
zambaros,1601,"NoStupidQuestions, AskReddit, askswitzerland, AITAH, Switzerland",3.5917
5Lick,1480,"csMajors, PhD, ApplyingToCollege, AskAcademia, gradadmissions",1.0398
RelevantAgency7979,857,zurich,0
Patient-Winter2719,858,"buildapc, GradSchool, gradadmissions",0
nobblebox,164,"interestingasfuck, Damnthatsinteresting, pics, mildlyinfuriating, facepalm",0.2687
serialkiller03,1480,"csMajors, PhD, ApplyingToCollege, AskAcademia, gradadmissions",0.2677
Emergency-Month967,859,"Music, macbookpro, StudyInTheNetherlands, AskReddit, Switzerland",0
Focus-Proof,1559,"Universitaly, ItaliaPersonalFinance, CasualIT, Italia, ItaliaCareerAdvice",2.3836
der-wixer,1480,"csMajors, PhD, ApplyingToCollege, AskAcademia, gradadmissions",0.825
Tired_science_gal_61,860,"labrats, gradadmissions",0
complexJoey,164,"interestingasfuck, Damnthatsinteresting, pics, mildlyinfuriating, facepalm",4.9542
giacomomaggiore,861,UZH,0
nomadkomo,1525,"de, Studium, Finanzen, Ratschlag, germany",6.2786
Viking_Chemist,1525,"de, Studium, Finanzen, Ratschlag, germany",14.1352
Dry-Abbreviations-92,862,"PoliticalCompassMemes, MacOS, SwissPersonalFinance, askswitzerland, Switzerland",0
Lemon-Federal,1480,"csMajors, PhD, ApplyingToCollege, AskAcademia, gradadmissions",0.9008
Different_Scholar548,1480,"csMajors, PhD, ApplyingToCollege, AskAcademia, gradadmissions",2.1957
lilordeo,1601,"NoStupidQuestions, AskReddit, askswitzerland, AITAH, Switzerland",7.2942
fcgjgjdfjdahdjfddg,863,Eldenring,0
tpauss,1480,"csMajors, PhD, ApplyingToCollege, AskAcademia, gradadmissions",8.5516
donutfruit,864,"askSingapore, 3Dprinting, askswitzerland",0
rather_pass_by,1601,"NoStupidQuestions, AskReddit, askswitzerland, AITAH, Switzerland",0.713
Happy-Apartment9829,865,EPFL,0
__D3U5__,866,zurich,0
flute-man,1480,"csMajors, PhD, ApplyingToCollege, AskAcademia, gradadmissions",0.377
MajesticCow9622,1480,"csMajors, PhD, ApplyingToCollege, AskAcademia, gradadmissions",0.7307
DELTA84N,164,"interestingasfuck, Damnthatsinteresting, pics, mildlyinfuriating, facepalm",0.6065
Strong-Usual-6077,867,zurich,0
PartyConnection1,1601,"NoStupidQuestions, AskReddit, askswitzerland, AITAH, Switzerland",5.5375
PullyLutry,1601,"NoStupidQuestions, AskReddit, askswitzerland, AITAH, Switzerland",3.0195
VINX1988,1601,"NoStupidQuestions, AskReddit, askswitzerland, AITAH, Switzerland",9.8624
Fit_Spot_4679,1601,"NoStupidQuestions, AskReddit, askswitzerland, AITAH, Switzerland",0.5238
Substantial-Plate433,1480,"csMajors, PhD, ApplyingToCollege, AskAcademia, gradadmissions",6.6219
lilsosa23,868,gradadmissions,0
Ok_Effect666,869,academiceconomics,0
LaufenKopf,870,MapPorn,0
Szuchy666,871,meme,0
equin_x,1480,"csMajors, PhD, ApplyingToCollege, AskAcademia, gradadmissions",0.2762
Available_Heart5556,1480,"csMajors, PhD, ApplyingToCollege, AskAcademia, gradadmissions",0.8128
Aggravating-Face7375,872,UZH,0
Wavernky,1480,"csMajors, PhD, ApplyingToCollege, AskAcademia, gradadmissions",0.0077
Heathergrey_7654,164,"interestingasfuck, Damnthatsinteresting, pics, mildlyinfuriating, facepalm",0.0405
MariGabay,873,"languagelearning, mildlyinteresting, interestingasfuck",0
Street_Corgi2610,1601,"NoStupidQuestions, AskReddit, askswitzerland, AITAH, Switzerland",9.3073
Kongzillaaaa,164,"interestingasfuck, Damnthatsinteresting, pics, mildlyinfuriating, facepalm",0.4604
Cold_Age_535,874,"GRE, gradadmissions",0
Positive_Diamond_300,875,"Norway, Switzerland",0
Key-Clothes1258,1480,"csMajors, PhD, ApplyingToCollege, AskAcademia, gradadmissions",1.7558
architectureNomad,1525,"de, Studium, Finanzen, Ratschlag, germany",2.8126
Elric_the_seafarer,1559,"Universitaly, ItaliaPersonalFinance, CasualIT, Italia, ItaliaCareerAdvice",30.9083
IndependenceAlert495,876,zurich,0
_HGWXX7,1601,"NoStupidQuestions, AskReddit, askswitzerland, AITAH, Switzerland",0.7008
CoocooKitten,164,"interestingasfuck, Damnthatsinteresting, pics, mildlyinfuriating, facepalm",18.4812
Reasonable_Swim3339,877,"SchengenVisa, AskReddit",0
Taikutsu4567,1480,"csMajors, PhD, ApplyingToCollege, AskAcademia, gradadmissions",10.7564
Rude-Pressure6256,1559,"Universitaly, ItaliaPersonalFinance, CasualIT, Italia, ItaliaCareerAdvice",5.0824
Ka5cHt3,164,"interestingasfuck, Damnthatsinteresting, pics, mildlyinfuriating, facepalm",0.1481
SoothingRain35,1480,"csMajors, PhD, ApplyingToCollege, AskAcademia, gradadmissions",0.1261
Tiiimmoo,878,JapanTravelTips,0
Secure_Cress7206,879,zurich,0
AmityRule63,164,"interestingasfuck, Damnthatsinteresting, pics, mildlyinfuriating, facepalm",18.3508
-stab-,164,"interestingasfuck, Damnthatsinteresting, pics, mildlyinfuriating, facepalm",8.2177
Haunting-Bet-2491,1480,"csMajors, PhD, ApplyingToCollege, AskAcademia, gradadmissions",0.4648
HeisHim7,164,"interestingasfuck, Damnthatsinteresting, pics, mildlyinfuriating, facepalm",39.1277
Chaingang132,164,"interestingasfuck, Damnthatsinteresting, pics, mildlyinfuriating, facepalm",0.7808
Minute-Watercress-55,880,csMajors,0
Chance-Ad3993,1480,"csMajors, PhD, ApplyingToCollege, AskAcademia, gradadmissions",5.6302
pfyffervonaltishofen,1601,"NoStupidQuestions, AskReddit, askswitzerland, AITAH, Switzerland",6.5282
FoxLast947,1480,"csMajors, PhD, ApplyingToCollege, AskAcademia, gradadmissions",31.8141
HeftyIntroduction644,1480,"csMajors, PhD, ApplyingToCollege, AskAcademia, gradadmissions",0.8987
harryethzurich,881,sciencememes,0
Ant_of_Colonies,882,"ObsidianMD, Switzerland",0
ClimbRunRide,1601,"NoStupidQuestions, AskReddit, askswitzerland, AITAH, Switzerland",4.9474
Efficient_Algae_4057,1480,"csMajors, PhD, ApplyingToCollege, AskAcademia, gradadmissions",34.451
raulo1998,1480,"csMajors, PhD, ApplyingToCollege, AskAcademia, gradadmissions",9.0624
gangster4-ever09,883,AskIndia,0
Hesiodix,164,"interestingasfuck, Damnthatsinteresting, pics, mildlyinfuriating, facepalm",10.1608
ZookeepergameBig7491,1480,"csMajors, PhD, ApplyingToCollege, AskAcademia, gradadmissions",39.7559
Hurbig,164,"interestingasfuck, Damnthatsinteresting, pics, mildlyinfuriating, facepalm",5.1789
Several-Programmer68,884,"MSCS, gradadmissions, EPFL",0
Lazy-Unit-2281,885,"relationships, dating_advice, zurich",0
ObscureOmen,886,"PedroPeepos, gradadmissions, EPFL",0
Pixelheini,887,de,0
Haldenbach,164,"interestingasfuck, Damnthatsinteresting, pics, mildlyinfuriating, facepalm",35.3432
trip_tripp,1525,"de, Studium, Finanzen, Ratschlag, germany",0.2623
Xx_SHINJINN_LP_HD_xX,1525,"de, Studium, Finanzen, Ratschlag, germany",4.4361
kisa-male,1601,"NoStupidQuestions, AskReddit, askswitzerland, AITAH, Switzerland",0.807
deathcoder727,1480,"csMajors, PhD, ApplyingToCollege, AskAcademia, gradadmissions",21.0474
kitten_twinkletoes,1601,"NoStupidQuestions, AskReddit, askswitzerland, AITAH, Switzerland",42.5086
Money-Total,888,"gaming, suggestmeabook, mildlyinfuriating, BUENZLI, askswitzerland",0
Ausverkauf,1601,"NoStupidQuestions, AskReddit, askswitzerland, AITAH, Switzerland",4.0237
andreaaazo,889,"OLED_Gaming, MechanicalKeyboards, zurich",0
New-Interest-8020,1480,"csMajors, PhD, ApplyingToCollege, AskAcademia, gradadmissions",7.4346
htcu11,890,"IBO, EPFL",0
ceesqo,891,"TUDelft, PhD",0
DRay6t,1601,"NoStupidQuestions, AskReddit, askswitzerland, AITAH, Switzerland",1.3794
bobbyfischerchic,892,"VindictaRateCelebs, MBA, gradadmissions",0
Top_Budget_9947,893,"sanfrancisco, askswitzerland, zurich",0
Emeth839,894,ItalyInformatica,0
antCABBAG3,1480,"csMajors, PhD, ApplyingToCollege, AskAcademia, gradadmissions",1.0875
ProfessionalSmoker69,1480,"csMajors, PhD, ApplyingToCollege, AskAcademia, gradadmissions",7.2624
SeveralConcert,1601,"NoStupidQuestions, AskReddit, askswitzerland, AITAH, Switzerland",31.5416
Buzz_Cut,1480,"csMajors, PhD, ApplyingToCollege, AskAcademia, gradadmissions",0.579
YoghurtCompetitive10,895,cmu,0
Old_Opening9822,896,EPFL,0
AdeptnessLatter78,164,"interestingasfuck, Damnthatsinteresting, pics, mildlyinfuriating, facepalm",0.9268
HeatEffective1698,897,"economy, GradSchool, gradadmissions",0
Thebosonsword,1601,"NoStupidQuestions, AskReddit, askswitzerland, AITAH, Switzerland",21.6951
Aite13,1601,"NoStupidQuestions, AskReddit, askswitzerland, AITAH, Switzerland",10.2822
Slimmanoman,164,"interestingasfuck, Damnthatsinteresting, pics, mildlyinfuriating, facepalm",40.9107
Nomenbeb,898,askswitzerland,0
bbalazs721,164,"interestingasfuck, Damnthatsinteresting, pics, mildlyinfuriating, facepalm",20.0038
Arushh42,1480,"csMajors, PhD, ApplyingToCollege, AskAcademia, gradadmissions",2.8188
terraformerre,1480,"csMajors, PhD, ApplyingToCollege, AskAcademia, gradadmissions",0.0577
Tony0695,164,"interestingasfuck, Damnthatsinteresting, pics, mildlyinfuriating, facepalm",12.9088
Remarkable_Garden477,899,martialarts,0
kamsariii,900,"Watches, Switzerland",0
VegetableSea7044,1601,"NoStupidQuestions, AskReddit, askswitzerland, AITAH, Switzerland",6.9793
Queasy-Sundae-1201,901,UZH,0
FlatwormNo3465,164,"interestingasfuck, Damnthatsinteresting, pics, mildlyinfuriating, facepalm",6.13
Few-Vegetable-3814,902,China,0
Cryanek,1480,"csMajors, PhD, ApplyingToCollege, AskAcademia, gradadmissions",0.5451
DarioSidd,1480,"csMajors, PhD, ApplyingToCollege, AskAcademia, gradadmissions",0.5473
EarlyArcher2584,903,FinancialCareers,0
dgarcia_eu,904,Switzerland,0
Kaylculus,164,"interestingasfuck, Damnthatsinteresting, pics, mildlyinfuriating, facepalm",0.4988
matu1234567,1480,"csMajors, PhD, ApplyingToCollege, AskAcademia, gradadmissions",0.0085
VonDueCH,905,"Bitcoin, schwiiz, BUENZLI, SwissPersonalFinance, askswitzerland",0
LSB06,1525,"de, Studium, Finanzen, Ratschlag, germany",0.0586
Any-Patient5051,164,"interestingasfuck, Damnthatsinteresting, pics, mildlyinfuriating, facepalm",10.177
Glum_Commission358,164,"interestingasfuck, Damnthatsinteresting, pics, mildlyinfuriating, facepalm",2.2196
cipri_tom,1601,"NoStupidQuestions, AskReddit, askswitzerland, AITAH, Switzerland",10.0008
Recent-Special-109,906,tumunich,0
SwissNationalist48,164,"interestingasfuck, Damnthatsinteresting, pics, mildlyinfuriating, facepalm",3.9383
PussyOnDaChainwax-,1601,"NoStupidQuestions, AskReddit, askswitzerland, AITAH, Switzerland",8.1071
pV-ZnRT,164,"interestingasfuck, Damnthatsinteresting, pics, mildlyinfuriating, facepalm",0.3896
Hrafnafloki,907,worldnews,0
Complex-Water-3876,908,writing,0
desperatelamp74,1525,"de, Studium, Finanzen, Ratschlag, germany",5.527
Reasonable_Sundae333,909,Gifted,0
TheAthleticDiabetic,1601,"NoStupidQuestions, AskReddit, askswitzerland, AITAH, Switzerland",0.3893
TrofimS,164,"interestingasfuck, Damnthatsinteresting, pics, mildlyinfuriating, facepalm",6.0442
NRGNTRO,910,duolingo,0
Witty-Tie4172,1601,"NoStupidQuestions, AskReddit, askswitzerland, AITAH, Switzerland",0.1974
Creative-Fig-1499,911,pcmasterrace,0
wolfstettler,1601,"NoStupidQuestions, AskReddit, askswitzerland, AITAH, Switzerland",0.3382
Odd_Bridge_1863,1480,"csMajors, PhD, ApplyingToCollege, AskAcademia, gradadmissions",2.2237
1ksassa,1601,"NoStupidQuestions, AskReddit, askswitzerland, AITAH, Switzerland",53.4514
Quirky-spaghet,912,UZH,0
itsleis,1601,"NoStupidQuestions, AskReddit, askswitzerland, AITAH, Switzerland",3.1241
McLovin_reformed,1525,"de, Studium, Finanzen, Ratschlag, germany",11.5768
Sweet-Rutabaga-2606,1601,"NoStupidQuestions, AskReddit, askswitzerland, AITAH, Switzerland",2.4548
EmongLusk,1525,"de, Studium, Finanzen, Ratschlag, germany",12.1807
Admirable_Towel8693,913,"Switzerland, zurich",0
Mhaupt23,914,"Switzerland, zurich",0
kr_store,1601,"NoStupidQuestions, AskReddit, askswitzerland, AITAH, Switzerland",0.1723
asdfmoon2012,1480,"csMajors, PhD, ApplyingToCollege, AskAcademia, gradadmissions",0.0168
lukebeckcg,915,"SwissPersonalFinance, askswitzerland",0
ligregni,164,"interestingasfuck, Damnthatsinteresting, pics, mildlyinfuriating, facepalm",21.0623
Goldesel97,916,"Ratschlag, askswitzerland",0
lobstaAr,917,"PhD, AskReddit, gradadmissions",0
dreameroutloud,918,academia,0
PinsAndGambits,164,"interestingasfuck, Damnthatsinteresting, pics, mildlyinfuriating, facepalm",0.6167
Reasonable_Road5842,1480,"csMajors, PhD, ApplyingToCollege, AskAcademia, gradadmissions",2.51
Trick_Horse_13,1601,"NoStupidQuestions, AskReddit, askswitzerland, AITAH, Switzerland",31.1541
Primary_Drive_3359,708,"CoinBase, whatsapp, solana, ledgerwallet, csgo",1.1185
therage_,919,Switzerland,0
JurgenEins,920,"askswitzerland, Switzerland, zurich",0
nicobonacorsi,921,"MITAdmissions, StatementOfPurpose, gradadmissions",0
No-Heat517,1480,"csMajors, PhD, ApplyingToCollege, AskAcademia, gradadmissions",0.1695
a2biR,922,"mildlyinteresting, GradSchool, EPFL",0
LeonardoS2,1559,"Universitaly, ItaliaPersonalFinance, CasualIT, Italia, ItaliaCareerAdvice",5.397
More_Wave6548,923,suisse,0
J3TTpt,1480,"csMajors, PhD, ApplyingToCollege, AskAcademia, gradadmissions",0.0214
ka2753,1480,"csMajors, PhD, ApplyingToCollege, AskAcademia, gradadmissions",9.9505
Nck____a,924,Advice,0
lucas_critique,925,"basel, Switzerland",0
Elegant_Salt8138,1480,"csMajors, PhD, ApplyingToCollege, AskAcademia, gradadmissions",0.2037
OfficialOnix,164,"interestingasfuck, Damnthatsinteresting, pics, mildlyinfuriating, facepalm",3.5172
ChezDudu,1601,"NoStupidQuestions, AskReddit, askswitzerland, AITAH, Switzerland",33.2592
Albi_Sup,926,"UIUC, math",0
HuustxD,164,"interestingasfuck, Damnthatsinteresting, pics, mildlyinfuriating, facepalm",0.7571
friendslikeapplepies,927,"solotravel, zurich",0
Marsbars_xxxxxxxxx,928,"travel, AskUK, 6thForm, AskReddit",0
AntiqueLifeguard5696,929,running,0
Few_Mulberry_8254,930,"OrganicChemistry, askswitzerland, Switzerland, zurich",0
Distinct_Maximum3028,1480,"csMajors, PhD, ApplyingToCollege, AskAcademia, gradadmissions",0.6411
Pb_Plumbum,931,PhD,0
AirSubstantial1376,164,"interestingasfuck, Damnthatsinteresting, pics, mildlyinfuriating, facepalm",0.1184
the-medium-cheese,164,"interestingasfuck, Damnthatsinteresting, pics, mildlyinfuriating, facepalm",58.6516
markus_b,1601,"NoStupidQuestions, AskReddit, askswitzerland, AITAH, Switzerland",10.1881
Zymonick,1601,"NoStupidQuestions, AskReddit, askswitzerland, AITAH, Switzerland",9.9825
HolidayOptimal,1480,"csMajors, PhD, ApplyingToCollege, AskAcademia, gradadmissions",22.3868
MOCingbird,1480,"csMajors, PhD, ApplyingToCollege, AskAcademia, gradadmissions",22.5346
__laeri,932,anime,0
turtulin,933,Universitaly,0
xLexip,1601,"NoStupidQuestions, AskReddit, askswitzerland, AITAH, Switzerland",0.2196
Crazy-Fly-9464,1480,"csMajors, PhD, ApplyingToCollege, AskAcademia, gradadmissions",0.6906
ComeToTheDark_,934,German,0
nicpssd,164,"interestingasfuck, Damnthatsinteresting, pics, mildlyinfuriating, facepalm",53.4666
Narrow-Funny-1741,935,"TUDelft, EPFL",0
radioactivegoddes,936,internships,0
Seni_draws,164,"interestingasfuck, Damnthatsinteresting, pics, mildlyinfuriating, facepalm",3.2978
Mckax1942,937,"espresso, basel",0
lisf666,164,"interestingasfuck, Damnthatsinteresting, pics, mildlyinfuriating, facepalm",1.7612
EngineerNo2650,164,"interestingasfuck, Damnthatsinteresting, pics, mildlyinfuriating, facepalm",49.5254
cmnemeth,164,"interestingasfuck, Damnthatsinteresting, pics, mildlyinfuriating, facepalm",13.923
fruppster,938,"PoliticalCompassMemes, linux_gaming",0
Ok_Addendum6295,939,GRE,0
Intelligent-Put1607,1480,"csMajors, PhD, ApplyingToCollege, AskAcademia, gradadmissions",14.9501
krokoloco,940,"Luzern, AskReddit, askswitzerland",0
i_would_say_so,1601,"NoStupidQuestions, AskReddit, askswitzerland, AITAH, Switzerland",21.8326
durandal,1525,"de, Studium, Finanzen, Ratschlag, germany",0.1897
kephyrion,1601,"NoStupidQuestions, AskReddit, askswitzerland, AITAH, Switzerland",19.1746
martinbk5,164,"interestingasfuck, Damnthatsinteresting, pics, mildlyinfuriating, facepalm",0.7191
zirande,1601,"NoStupidQuestions, AskReddit, askswitzerland, AITAH, Switzerland",0.1621
randelung,164,"interestingasfuck, Damnthatsinteresting, pics, mildlyinfuriating, facepalm",48.9632
Unconv_mob_24,164,"interestingasfuck, Damnthatsinteresting, pics, mildlyinfuriating, facepalm",11.6237
HealthScienceClub,941,UZH,0
rd211x,164,"interestingasfuck, Damnthatsinteresting, pics, mildlyinfuriating, facepalm",2.2113
shaquilleoatmeal477,942,"6thForm, AskPhysics",0
irago_,164,"interestingasfuck, Damnthatsinteresting, pics, mildlyinfuriating, facepalm",44.1436
wylde_d7,1480,"csMajors, PhD, ApplyingToCollege, AskAcademia, gradadmissions",2.3516
moldersmut,943,"flightradar24, PhD, Switzerland, zurich",0
BackgroundLow1438,944,"exmuslim, Morocco, EPFL",0
External_Welcome_225,945,"askswitzerland, Switzerland, zurich",0
SammyWo,1601,"NoStupidQuestions, AskReddit, askswitzerland, AITAH, Switzerland",0.0287
SnooObjections6532,946,zurich,0
Altruistic-Buy-3458,947,AskMenAdvice,0
fast_zh,948,"Handwerker, schwiiz, SwissPersonalFinance, Switzerland, zurich",0
neurophotoblast,1601,"NoStupidQuestions, AskReddit, askswitzerland, AITAH, Switzerland",25.1569
Available-Bus-9562,949,"csMajors, zurich",0
Imaginary_Paper9578,1480,"csMajors, PhD, ApplyingToCollege, AskAcademia, gradadmissions",2.4116
impulserave,950,OnePiece,0
kyurigang,1480,"csMajors, PhD, ApplyingToCollege, AskAcademia, gradadmissions",0.4142
por135,1601,"NoStupidQuestions, AskReddit, askswitzerland, AITAH, Switzerland",2.1331
KekkoMV,1559,"Universitaly, ItaliaPersonalFinance, CasualIT, Italia, ItaliaCareerAdvice",4.06
DearLeek1822,1480,"csMajors, PhD, ApplyingToCollege, AskAcademia, gradadmissions",0.0051
amigdala21,1601,"NoStupidQuestions, AskReddit, askswitzerland, AITAH, Switzerland",65.3517
Comfortable_Leek3617,1601,"NoStupidQuestions, AskReddit, askswitzerland, AITAH, Switzerland",19.7192
Substantial_Mud7026,164,"interestingasfuck, Damnthatsinteresting, pics, mildlyinfuriating, facepalm",41.9244
konsuli7,951,"UZH, askswitzerland, zurich",0
Acanthiisitta21,1480,"csMajors, PhD, ApplyingToCollege, AskAcademia, gradadmissions",0.0037
caexial,952,FashionReps,0
Honest-Cow1411,953,EPFL,0
Complete-Budget-9512,954,"manhwa, anime",0
Top_Technician7675,955,"Audi, AskARussian, SwissPersonalFinance, askswitzerland, Switzerland",0
Original-Ad-3674,164,"interestingasfuck, Damnthatsinteresting, pics, mildlyinfuriating, facepalm",2.9173
Own-Fee-4752,1480,"csMajors, PhD, ApplyingToCollege, AskAcademia, gradadmissions",0.2621
LeadingAd7963,1480,"csMajors, PhD, ApplyingToCollege, AskAcademia, gradadmissions",3.9706
FriedrichQuecksilber,1480,"csMajors, PhD, ApplyingToCollege, AskAcademia, gradadmissions",0.5739
Hariueli69,956,bioinformatics,0
WonderProud8512,957,"Btechtards, Indians_StudyAbroad",0
Suspicious-Ask-7231,958,GetStudying,0
Saegmers,959,"Swimming, askswitzerland, Switzerland, zurich",0
ExtremeCat6613,1601,"NoStupidQuestions, AskReddit, askswitzerland, AITAH, Switzerland",12.0937
InterestEmpty6876,960,tumunich,0
gloriad00,1480,"csMajors, PhD, ApplyingToCollege, AskAcademia, gradadmissions",0.0152
LionLu6,961,"KaIT, Studium",0
timee_bot,1480,"csMajors, PhD, ApplyingToCollege, AskAcademia, gradadmissions",33.7625
isam2k,962,Switzerland,0
Signal_Egg_5360,963,DTU,0
ReactionOk3609,1525,"de, Studium, Finanzen, Ratschlag, germany",15.7077
BoAnZu,964,"conspiracy, worldnews, AskReddit, askswitzerland, Switzerland",0
cmdPixel,1601,"NoStupidQuestions, AskReddit, askswitzerland, AITAH, Switzerland",13.9844
Kc_bu_eze,965,relationship_advice,0
Born-Fan-9628,966,askswitzerland,0
StEvUgnIn,1480,"csMajors, PhD, ApplyingToCollege, AskAcademia, gradadmissions",16.1496
Aggressive_Life3654,967,movies,0
Yinggggg_,968,"UniUK, tumunich",0
PlaneStrawberry6640,164,"interestingasfuck, Damnthatsinteresting, pics, mildlyinfuriating, facepalm",32.3809
kermittheelfo,164,"interestingasfuck, Damnthatsinteresting, pics, mildlyinfuriating, facepalm",8.0746
centrevia,969,UZH,0
Dear_Helicopter_4006,970,"chanceme, bocconi, EPFL",0
Jolly_Cow1006,971,gradadmissions,0
majimearun,1480,"csMajors, PhD, ApplyingToCollege, AskAcademia, gradadmissions",0.0506
kidastray,972,intj,0
Inevitable_Finish941,973,"ItalyTravel, UZH",0
Ultimate260,974,dataisbeautiful,0
Aiyimitzweii,975,Switzerland,0
bacan2,976,"cscareerquestions, cscareerquestionsEU",0
SerRacelot,977,meme,0
TheMehGamer,1601,"NoStupidQuestions, AskReddit, askswitzerland, AITAH, Switzerland",7.2796
Sleien,978,"facepalm, BeAmazed",0
keskec,979,"buildapc, Switzerland",0
markojoke,164,"interestingasfuck, Damnthatsinteresting, pics, mildlyinfuriating, facepalm",2.2991
depressedandpsycho,1525,"de, Studium, Finanzen, Ratschlag, germany",0.0269
aerialbubble,1601,"NoStupidQuestions, AskReddit, askswitzerland, AITAH, Switzerland",3.4369
jpeg11111010001,1525,"de, Studium, Finanzen, Ratschlag, germany",0.1186
geniusdeath,164,"interestingasfuck, Damnthatsinteresting, pics, mildlyinfuriating, facepalm",28.5442
East_Finance2203,980,askswitzerland,0
CapitalAd5339,1601,"NoStupidQuestions, AskReddit, askswitzerland, AITAH, Switzerland",47.3295
Huge-Literature-5978,981,PhD,0
HotDogQaz,982,"learnmath, mildlyinteresting, EPFL",0
11undsiebzig,983,"AskOuija, AskMenAdvice, askswitzerland, zurich",0
Strivingformoretoday,164,"interestingasfuck, Damnthatsinteresting, pics, mildlyinfuriating, facepalm",18.9076
DefKatsuki,984,UZH,0
Adorable_Bottle8557,1480,"csMajors, PhD, ApplyingToCollege, AskAcademia, gradadmissions",3.6112
lswans,164,"interestingasfuck, Damnthatsinteresting, pics, mildlyinfuriating, facepalm",0.1184
rlyehiangabriel,985,"bald, askspain, MapPorn",0
bl0mb0r,1525,"de, Studium, Finanzen, Ratschlag, germany",2.7119
hitemth,986,AskARussian,0
PuzzleheadedWind5806,987,EPFL,0
mekkim,1525,"de, Studium, Finanzen, Ratschlag, germany",0.1454
akshith_rao1623,1480,"csMajors, PhD, ApplyingToCollege, AskAcademia, gradadmissions",7.7042
Intelligent-Dot-4926,1601,"NoStupidQuestions, AskReddit, askswitzerland, AITAH, Switzerland",0.2307
Upset_Quiet_8907,1480,"csMajors, PhD, ApplyingToCollege, AskAcademia, gradadmissions",0.3895
Due-Butterfly-5790,1601,"NoStupidQuestions, AskReddit, askswitzerland, AITAH, Switzerland",5.0853
Educational-Bite3961,988,"StatementOfPurpose, gradadmissions",0
LaCasaDeiGatti,164,"interestingasfuck, Damnthatsinteresting, pics, mildlyinfuriating, facepalm",17.5109
bonnet666,989,"interesting, Switzerland",0
emoceanally,990,"running, Switzerland, zurich",0
Other-Smile600,1525,"de, Studium, Finanzen, Ratschlag, germany",0.892
luvsemih,1601,"NoStupidQuestions, AskReddit, askswitzerland, AITAH, Switzerland",1.0144
Waste-Rope-9724,1480,"csMajors, PhD, ApplyingToCollege, AskAcademia, gradadmissions",1.8848
Here0s0Johnny,164,"interestingasfuck, Damnthatsinteresting, pics, mildlyinfuriating, facepalm",5.3352
goremagalafan,1525,"de, Studium, Finanzen, Ratschlag, germany",9.5712
Best_Toster,164,"interestingasfuck, Damnthatsinteresting, pics, mildlyinfuriating, facepalm",34.766
Bozza36,1480,"csMajors, PhD, ApplyingToCollege, AskAcademia, gradadmissions",1.5932
DudeFromMiami,1480,"csMajors, PhD, ApplyingToCollege, AskAcademia, gradadmissions",1.528
Brave_Negotiation_63,1601,"NoStupidQuestions, AskReddit, askswitzerland, AITAH, Switzerland",28.5602
Sufficient-History71,1480,"csMajors, PhD, ApplyingToCollege, AskAcademia, gradadmissions",7.2841
ShepherdDesign,1480,"csMajors, PhD, ApplyingToCollege, AskAcademia, gradadmissions",0.7028
ScratchAccurate7044,991,EPFL,0
Eu8bckAr1,164,"interestingasfuck, Damnthatsinteresting, pics, mildlyinfuriating, facepalm",0.1385
bawbaw1,1601,"NoStupidQuestions, AskReddit, askswitzerland, AITAH, Switzerland",8.0017
SnooSprouts9384,1480,"csMajors, PhD, ApplyingToCollege, AskAcademia, gradadmissions",0.0166
trembel12,992,"fujifilm, embedded, math",0
doppio280,1525,"de, Studium, Finanzen, Ratschlag, germany",34.3303
Black1451,164,"interestingasfuck, Damnthatsinteresting, pics, mildlyinfuriating, facepalm",31.4398
University_Routine,993,"SwissPersonalFinance, askswitzerland, zurich",0
bluelight_dogmatix,994,"wallstreetbets, AskReddit",0
halzhang,995,unpopularopinion,0
Loner_Cat,1559,"Universitaly, ItaliaPersonalFinance, CasualIT, Italia, ItaliaCareerAdvice",13.3659
GermanGodfather,996,"hypotheticalsituation, cycling, mildlyinfuriating, Switzerland",0
Vast-Signature-8138,1480,"csMajors, PhD, ApplyingToCollege, AskAcademia, gradadmissions",2.2846
Necessary_One_2590,164,"interestingasfuck, Damnthatsinteresting, pics, mildlyinfuriating, facepalm",0.6969
elber3th,997,"DeepThoughts, learnmachinelearning, SwissPersonalFinance, zurich",0
redditboy117,1480,"csMajors, PhD, ApplyingToCollege, AskAcademia, gradadmissions",40.1187
Ill-Split-672,1601,"NoStupidQuestions, AskReddit, askswitzerland, AITAH, Switzerland",8.5505
Huge-Neighborhood675,998,"UniUK, Imperial",0
Gabimariza,1480,"csMajors, PhD, ApplyingToCollege, AskAcademia, gradadmissions",3.1535
ButtYKnot,164,"interestingasfuck, Damnthatsinteresting, pics, mildlyinfuriating, facepalm",47.4869
Grapefruitlover19,1601,"NoStupidQuestions, AskReddit, askswitzerland, AITAH, Switzerland",2.4886
AppropriateDoctor725,999,worldnews,0
Final_Gift8813,1601,"NoStupidQuestions, AskReddit, askswitzerland, AITAH, Switzerland",1.5352
Globalbeauty,1601,"NoStupidQuestions, AskReddit, askswitzerland, AITAH, Switzerland",1.9469
fjxif,1000,askswitzerland,0
Henry-T-01,1480,"csMajors, PhD, ApplyingToCollege, AskAcademia, gradadmissions",0.5464
clickchem,1601,"NoStupidQuestions, AskReddit, askswitzerland, AITAH, Switzerland",0.0773
thbaloo,1001,dataisbeautiful,0
CallExner,1480,"csMajors, PhD, ApplyingToCollege, AskAcademia, gradadmissions",0.0104
Lexi_lys,1002,PhD,0
Whole_Bad_3819,1003,EPFL,0
Privatewanker,1601,"NoStupidQuestions, AskReddit, askswitzerland, AITAH, Switzerland",0.2414
Informal_Welcome97,1004,UZH,0
highlevel_fucko,164,"interestingasfuck, Damnthatsinteresting, pics, mildlyinfuriating, facepalm",12.3871
MommySlayer699,164,"interestingasfuck, Damnthatsinteresting, pics, mildlyinfuriating, facepalm",0.1526
Existing-Escape6320,1005,Netherlands,0
Jaded-Attempt4739,1480,"csMajors, PhD, ApplyingToCollege, AskAcademia, gradadmissions",0.0056
sankleta,1006,"askswitzerland, Switzerland, zurich",0
Sesquilinear,1007,webdev,0
Brpro16,1480,"csMajors, PhD, ApplyingToCollege, AskAcademia, gradadmissions",0.009
Doughnut_Potato,1601,"NoStupidQuestions, AskReddit, askswitzerland, AITAH, Switzerland",4.566
moripaa,1480,"csMajors, PhD, ApplyingToCollege, AskAcademia, gradadmissions",8.71
Current-Baseball193,1008,"SwissPersonalFinance, askswitzerland, Switzerland, zurich",0
ahmetfirat,1480,"csMajors, PhD, ApplyingToCollege, AskAcademia, gradadmissions",14.0941
Born_Swiss,1601,"NoStupidQuestions, AskReddit, askswitzerland, AITAH, Switzerland",25.2419
Hidden_user2000,1480,"csMajors, PhD, ApplyingToCollege, AskAcademia, gradadmissions",0.998
SpiritArchitect12,1009,Studium,0
throwawayacc42424242,1010,"college, EPFL",0
Process0331,1011,zurich,0
TheCoffeeNB,164,"interestingasfuck, Damnthatsinteresting, pics, mildlyinfuriating, facepalm",7.952
--Ano--,164,"interestingasfuck, Damnthatsinteresting, pics, mildlyinfuriating, facepalm",16.8627
laura8m,1012,UZH,0
Lasermuffel,1013,math,0
Odd_Permission8373,1480,"csMajors, PhD, ApplyingToCollege, AskAcademia, gradadmissions",0.1265
Diligent-Floor-156,1601,"NoStupidQuestions, AskReddit, askswitzerland, AITAH, Switzerland",36.8321
ak_karuna,1014,IndiaSpeaks,0
Kakashiiiy,1525,"de, Studium, Finanzen, Ratschlag, germany",0.6565
Educational_Tooth560,1480,"csMajors, PhD, ApplyingToCollege, AskAcademia, gradadmissions",0.5304
MuffinKingStudios,1601,"NoStupidQuestions, AskReddit, askswitzerland, AITAH, Switzerland",4.2575
Marchel1234,164,"interestingasfuck, Damnthatsinteresting, pics, mildlyinfuriating, facepalm",0.462
CriticalComfortable,1525,"de, Studium, Finanzen, Ratschlag, germany",0.0747
rillaboom3,1601,"NoStupidQuestions, AskReddit, askswitzerland, AITAH, Switzerland",12.5774
strugglin4adoctorat,1480,"csMajors, PhD, ApplyingToCollege, AskAcademia, gradadmissions",3.5094
SellSideShort,1601,"NoStupidQuestions, AskReddit, askswitzerland, AITAH, Switzerland",45.1869
taurjr,1015,"interactivebrokers, zurich",0
cookiemonster671939,1016,"ElectricalEngineering, zurich",0
Mysterious_Lab_9043,1480,"csMajors, PhD, ApplyingToCollege, AskAcademia, gradadmissions",1.4561
Clean-Wolverine-1337,1601,"NoStupidQuestions, AskReddit, askswitzerland, AITAH, Switzerland",9.0327
Manvav,1480,"csMajors, PhD, ApplyingToCollege, AskAcademia, gradadmissions",0.0997
NecessaryAd5562,1480,"csMajors, PhD, ApplyingToCollege, AskAcademia, gradadmissions",1.9116
Beautiful_Spare_6489,1017,gradadmissions,0
ExplanationEnough295,1601,"NoStupidQuestions, AskReddit, askswitzerland, AITAH, Switzerland",5.3629
unsuspiciousprofile,1480,"csMajors, PhD, ApplyingToCollege, AskAcademia, gradadmissions",16.4325
Dungeness-Crab,1018,TUDelft,0
PrestigiousCamp5169,1019,"AITAH, schwiiz, zurich",0
Cortana_CH,1601,"NoStupidQuestions, AskReddit, askswitzerland, AITAH, Switzerland",20.1544
Stefaniie0612,1020,Switzerland,0
Free_Needleworker532,1525,"de, Studium, Finanzen, Ratschlag, germany",44.7646
RareswanX,1480,"csMajors, PhD, ApplyingToCollege, AskAcademia, gradadmissions",0.3219
CornelioPandolf,1021,"computervision, robotics",0
Front_Discussion_343,1480,"csMajors, PhD, ApplyingToCollege, AskAcademia, gradadmissions",0.3564
Nag_143,1480,"csMajors, PhD, ApplyingToCollege, AskAcademia, gradadmissions",0.1445
IpJ_exe,1022,mit,0
z3iah,164,"interestingasfuck, Damnthatsinteresting, pics, mildlyinfuriating, facepalm",0.0637
Alert-Fill2998,1023,"RandomThoughts, dating_advice",0
kindermd,1024,iphone,0
_conspicuous_avocado,1025,askswitzerland,0
MUCU-,1480,"csMajors, PhD, ApplyingToCollege, AskAcademia, gradadmissions",0.0054
LeJanbandhu,1480,"csMajors, PhD, ApplyingToCollege, AskAcademia, gradadmissions",2.6348
Ancient-Athlete106,1026,StudyInTheNetherlands,0
WiseSpread4435,1601,"NoStupidQuestions, AskReddit, askswitzerland, AITAH, Switzerland",2.304
elpapac,1480,"csMajors, PhD, ApplyingToCollege, AskAcademia, gradadmissions",0.016
AnonC951,1027,GRE,0
safflower23,164,"interestingasfuck, Damnthatsinteresting, pics, mildlyinfuriating, facepalm",0.1278
Quantum-Scribe1011,1028,"AmItheAsshole, NoStupidQuestions, zurich",0
Traumbaguette2,1601,"NoStupidQuestions, AskReddit, askswitzerland, AITAH, Switzerland",4.3747
MoreLingonberry8630,1029,"intj, Switzerland",0
ListenWhich1775,164,"interestingasfuck, Damnthatsinteresting, pics, mildlyinfuriating, facepalm",5.4107
Youshoudntlookthere,1030,"Skigear, EPFL",0
numericalclerk,1525,"de, Studium, Finanzen, Ratschlag, germany",39.841
Kahzu0,164,"interestingasfuck, Damnthatsinteresting, pics, mildlyinfuriating, facepalm",16.0451
Far-Communication886,1601,"NoStupidQuestions, AskReddit, askswitzerland, AITAH, Switzerland",18.7367
dayanadaway,1031,"Lausanne, suisse",0
getMewRONGg,1559,"Universitaly, ItaliaPersonalFinance, CasualIT, Italia, ItaliaCareerAdvice",13.4773
jkflying,1480,"csMajors, PhD, ApplyingToCollege, AskAcademia, gradadmissions",15.338
-chinoiserie,164,"interestingasfuck, Damnthatsinteresting, pics, mildlyinfuriating, facepalm",19.9812
xcxzero,1601,"NoStupidQuestions, AskReddit, askswitzerland, AITAH, Switzerland",0.1474
Full-Wonder8906,1032,"Munich, relationship_advice",0
dheeman_roy,1480,"csMajors, PhD, ApplyingToCollege, AskAcademia, gradadmissions",19.6712
Representative-Tea57,1525,"de, Studium, Finanzen, Ratschlag, germany",1.9057
No_bitches_but_f1fan,1033,UCL,0
VanDerRohesome,1034,ADHD,0
cyk_cky,1035,ChatGPT,0
UsualPhysics8462,1559,"Universitaly, ItaliaPersonalFinance, CasualIT, Italia, ItaliaCareerAdvice",2.1613
Individual-Potato-44,1036,AskOuija,0
Dangerous_Arm887,1525,"de, Studium, Finanzen, Ratschlag, germany",0.0485
radfemagogo,1601,"NoStupidQuestions, AskReddit, askswitzerland, AITAH, Switzerland",4.5309
Wayne-420,1480,"csMajors, PhD, ApplyingToCollege, AskAcademia, gradadmissions",2.618
Virtual-Hold5099,1601,"NoStupidQuestions, AskReddit, askswitzerland, AITAH, Switzerland",0.2088
BenefitNew867,1037,Studium,0
recklessproceeding,1480,"csMajors, PhD, ApplyingToCollege, AskAcademia, gradadmissions",4.0535
Patient-Breakfast310,1525,"de, Studium, Finanzen, Ratschlag, germany",10.8766
Old-Membership7415,1038,EPFL,0
dogancemd,1039,EPFL,0
AndromedaStrange369,1601,"NoStupidQuestions, AskReddit, askswitzerland, AITAH, Switzerland",0.1901
BlueNanny,1040,"AskAChinese, OMSCS, AskWomen, EPFL, askswitzerland",0
ForeignUniStudent,1041,"leagueoflegends, relationship_advice",0
TaskUnlikely99,1042,"Studium, UZH, gradadmissions",0
NoFlounder5177,1480,"csMajors, PhD, ApplyingToCollege, AskAcademia, gradadmissions",1.4062
underthebanyantree,1043,"SwissPersonalFinance, askswitzerland, Switzerland",0
Glittering_Map1710,1601,"NoStupidQuestions, AskReddit, askswitzerland, AITAH, Switzerland",44.893
Eddos3,1044,gradadmissions,0
Unusual-Hippo1,1045,"ItaliaCareerAdvice, Italia, askswitzerland, Switzerland, zurich",0
tawayforsadvice,1480,"csMajors, PhD, ApplyingToCollege, AskAcademia, gradadmissions",4.6864
These-Machine-253,1046,Cameras,0
SatisfactionMany5171,1480,"csMajors, PhD, ApplyingToCollege, AskAcademia, gradadmissions",17.7638
pingpongtiddly,1047,"CasualUK, ChatGPT, europe",0
MonkeyIslandWizzard1,1525,"de, Studium, Finanzen, Ratschlag, germany",4.8801
ExtensionDowntown177,708,"CoinBase, whatsapp, solana, ledgerwallet, csgo",1.0728
OhMySBI,164,"interestingasfuck, Damnthatsinteresting, pics, mildlyinfuriating, facepalm",11.2964
mr5400,1048,Professors,0
Murtaza_Nomani,1049,EngineeringStudents,0
user365710,1480,"csMajors, PhD, ApplyingToCollege, AskAcademia, gradadmissions",0.0077
Horror_Job_566,1480,"csMajors, PhD, ApplyingToCollege, AskAcademia, gradadmissions",15.8598
Ok-Painter573,1480,"csMajors, PhD, ApplyingToCollege, AskAcademia, gradadmissions",35.6058
ConfusionNo4339,1480,"csMajors, PhD, ApplyingToCollege, AskAcademia, gradadmissions",18.5293
spooky_strawberri04,1480,"csMajors, PhD, ApplyingToCollege, AskAcademia, gradadmissions",0.0343
Pinoletto,1050,"boardgames, DnD, Switzerland",0
nikolastefan,164,"interestingasfuck, Damnthatsinteresting, pics, mildlyinfuriating, facepalm",1.9972
PsychologyEast7457,1559,"Universitaly, ItaliaPersonalFinance, CasualIT, Italia, ItaliaCareerAdvice",2.9948
Sufficient-Treat-846,1480,"csMajors, PhD, ApplyingToCollege, AskAcademia, gradadmissions",23.5601
Different_Half_9990,1051,Polska,0
Zuriquois,1601,"NoStupidQuestions, AskReddit, askswitzerland, AITAH, Switzerland",7.8464
PeteZahad,164,"interestingasfuck, Damnthatsinteresting, pics, mildlyinfuriating, facepalm",26.6701
Fl0oW,164,"interestingasfuck, Damnthatsinteresting, pics, mildlyinfuriating, facepalm",12.375
Upper_Poem_3237,1480,"csMajors, PhD, ApplyingToCollege, AskAcademia, gradadmissions",27.4403
simplyyAL,1525,"de, Studium, Finanzen, Ratschlag, germany",39.5688
GarlicThread,164,"interestingasfuck, Damnthatsinteresting, pics, mildlyinfuriating, facepalm",61.8815
Sufficient-Stay-7358,1601,"NoStupidQuestions, AskReddit, askswitzerland, AITAH, Switzerland",26.5329
7o5aN0,1601,"NoStupidQuestions, AskReddit, askswitzerland, AITAH, Switzerland",5.4296
Beduines123,1052,AskDocs,0
Temporary-Contest-20,164,"interestingasfuck, Damnthatsinteresting, pics, mildlyinfuriating, facepalm",17.6594
StationSad1229,1053,AskPhysics,0
davethehacker,1054,"selfhosted, SwissPersonalFinance",0
iRobi8,1525,"de, Studium, Finanzen, Ratschlag, germany",62.0094
siorge,1601,"NoStupidQuestions, AskReddit, askswitzerland, AITAH, Switzerland",36.6043
BeOSu,1055,"github, zurich",0
FCCheIsea,164,"interestingasfuck, Damnthatsinteresting, pics, mildlyinfuriating, facepalm",17.727
keplerian01,1601,"NoStupidQuestions, AskReddit, askswitzerland, AITAH, Switzerland",1.0742
gil0999,1480,"csMajors, PhD, ApplyingToCollege, AskAcademia, gradadmissions",0.0097
paradisesadness,1525,"de, Studium, Finanzen, Ratschlag, germany",47.883
Adorable_Arugula_499,1601,"NoStupidQuestions, AskReddit, askswitzerland, AITAH, Switzerland",5.4655
Icy-Piglet-2536,1601,"NoStupidQuestions, AskReddit, askswitzerland, AITAH, Switzerland",36.0988
No-Faithlessness7246,1480,"csMajors, PhD, ApplyingToCollege, AskAcademia, gradadmissions",4.1228
tamantiga,1056,"biology, sex, NoStupidQuestions, Switzerland",0
ManaNeko,1601,"NoStupidQuestions, AskReddit, askswitzerland, AITAH, Switzerland",11.7855
EducationalAppDev,1057,German,0
Financial_Camp517,164,"interestingasfuck, Damnthatsinteresting, pics, mildlyinfuriating, facepalm",0.8977
Varun5621,1480,"csMajors, PhD, ApplyingToCollege, AskAcademia, gradadmissions",15.6382
y0xi,1480,"csMajors, PhD, ApplyingToCollege, AskAcademia, gradadmissions",2.3052
MasterYoda0207,1058,zurich,0
PresentationHot7059,164,"interestingasfuck, Damnthatsinteresting, pics, mildlyinfuriating, facepalm",18.8602
123photography,1601,"NoStupidQuestions, AskReddit, askswitzerland, AITAH, Switzerland",42.1532
Ploviee,1059,"learnpython, ireland",0
Otherwise_Internet71,164,"interestingasfuck, Damnthatsinteresting, pics, mildlyinfuriating, facepalm",27.143
Much-Acanthaceae3312,1060,AskAcademia,0
New_Highway_2898,1480,"csMajors, PhD, ApplyingToCollege, AskAcademia, gradadmissions",7.0562
bogdanTNT,1480,"csMajors, PhD, ApplyingToCollege, AskAcademia, gradadmissions",7.1283
diocane04,1559,"Universitaly, ItaliaPersonalFinance, CasualIT, Italia, ItaliaCareerAdvice",0.161
MattSymetry,1061,"gamedev, tuwien",0
pointermess,164,"interestingasfuck, Damnthatsinteresting, pics, mildlyinfuriating, facepalm",7.1844
les-alpes,1062,"greece, EPFL, Switzerland",0
LifeBus2707,1525,"de, Studium, Finanzen, Ratschlag, germany",0.0416
Additional-Eye-1413,1063,"AskAcademia, gradadmissions, EPFL",0
beyhai,1064,"YUROP, quant",0
Forward-Feed-1759,1065,IELTS,0
meppel,164,"interestingasfuck, Damnthatsinteresting, pics, mildlyinfuriating, facepalm",0.9548
Ill-Perspective-7190,1480,"csMajors, PhD, ApplyingToCollege, AskAcademia, gradadmissions",0.1479
Glad_Department_9318,1066,EuroSkincare,0
BrekfestLanchDenner,1480,"csMajors, PhD, ApplyingToCollege, AskAcademia, gradadmissions",0.0123
MediocreNickname,1601,"NoStupidQuestions, AskReddit, askswitzerland, AITAH, Switzerland",24.6266
mymathsucksbigtime,1601,"NoStupidQuestions, AskReddit, askswitzerland, AITAH, Switzerland",5.604
KalekTheDalek,1067,ElectricalEngineering,0
Dry-Huckleberry-3979,1068,OrganicChemistry,0
SnooPies7301,1069,"KULeuven, GradSchool",0
Flippperboy,1070,"PCBaumeister, wirklichgutefrage, schwiiz, BUENZLI, AskReddit",0
Michaelson57,1480,"csMajors, PhD, ApplyingToCollege, AskAcademia, gradadmissions",0.0584
cjncbhxx,1071,UZH,0
nalliable,164,"interestingasfuck, Damnthatsinteresting, pics, mildlyinfuriating, facepalm",48.0779
pussydestroyer42069l,164,"interestingasfuck, Damnthatsinteresting, pics, mildlyinfuriating, facepalm",8.792
GowthamR10,1480,"csMajors, PhD, ApplyingToCollege, AskAcademia, gradadmissions",0.0894
pleda_,164,"interestingasfuck, Damnthatsinteresting, pics, mildlyinfuriating, facepalm",10.9463
cirehw,1072,TheBoys,0
AnarchyKing50192,1480,"csMajors, PhD, ApplyingToCollege, AskAcademia, gradadmissions",0.6682
Festus-Potter,1601,"NoStupidQuestions, AskReddit, askswitzerland, AITAH, Switzerland",43.7458
Deathfighter2017,1480,"csMajors, PhD, ApplyingToCollege, AskAcademia, gradadmissions",0.041
megamaracuja,1073,"PhD, askswitzerland, Switzerland",0
chandaliergalaxy,164,"interestingasfuck, Damnthatsinteresting, pics, mildlyinfuriating, facepalm",57.7081
MessageBeneficial790,1074,AskProgramming,0
Puzzleheaded-Law34,1601,"NoStupidQuestions, AskReddit, askswitzerland, AITAH, Switzerland",7.6791
TankiniLx,164,"interestingasfuck, Damnthatsinteresting, pics, mildlyinfuriating, facepalm",24.9446
Beginning_Vast_4780,1480,"csMajors, PhD, ApplyingToCollege, AskAcademia, gradadmissions",0.0512
Mundane-Map6686,1601,"NoStupidQuestions, AskReddit, askswitzerland, AITAH, Switzerland",40.2461
Present_Investment14,1075,delta,0
Tasty-Bat9953,1525,"de, Studium, Finanzen, Ratschlag, germany",4.564
Ev3rm0re,1525,"de, Studium, Finanzen, Ratschlag, germany",3.1783
FengCR,1076,"bocconi, 6thForm",0
OneTip5351,1077,"askswitzerland, Switzerland, zurich",0
BidKey1431,1480,"csMajors, PhD, ApplyingToCollege, AskAcademia, gradadmissions",7.5864
AlternisHS,164,"interestingasfuck, Damnthatsinteresting, pics, mildlyinfuriating, facepalm",0.4695
AdhesivenessOk457,1078,reinforcementlearning,0
LusineAd,1480,"csMajors, PhD, ApplyingToCollege, AskAcademia, gradadmissions",1.9455
Frequent_Ranger_709,1601,"NoStupidQuestions, AskReddit, askswitzerland, AITAH, Switzerland",0.1302
IQisMySenpai,1480,"csMajors, PhD, ApplyingToCollege, AskAcademia, gradadmissions",0.0077
indizonen,1525,"de, Studium, Finanzen, Ratschlag, germany",0.2859
screwBrexit,1601,"NoStupidQuestions, AskReddit, askswitzerland, AITAH, Switzerland",1.7823
little__riddle,1480,"csMajors, PhD, ApplyingToCollege, AskAcademia, gradadmissions",0.7784
Simple_Rope2969,1079,"Howtolooksmax, PhD, gradadmissions, EPFL",0
Dovah_120,1480,"csMajors, PhD, ApplyingToCollege, AskAcademia, gradadmissions",0.0145
No_Second1489,1480,"csMajors, PhD, ApplyingToCollege, AskAcademia, gradadmissions",5.0937
Negative_Republic973,1480,"csMajors, PhD, ApplyingToCollege, AskAcademia, gradadmissions",0.1716
StuffPuzzleheaded689,1080,"QuantumComputing, Switzerland",0
AliAhmet1903,1480,"csMajors, PhD, ApplyingToCollege, AskAcademia, gradadmissions",0.3216
cyberpunk00c,1480,"csMajors, PhD, ApplyingToCollege, AskAcademia, gradadmissions",2.3699
lela2011,1081,Interrail,0
AquaHornet08,1480,"csMajors, PhD, ApplyingToCollege, AskAcademia, gradadmissions",0.0915
21022018,164,"interestingasfuck, Damnthatsinteresting, pics, mildlyinfuriating, facepalm",48.9603
Plane_Inevitable2329,1082,"learnmath, askmath",0
Alrex_G,1083,"iphone, gradadmissions",0
gluons48,1480,"csMajors, PhD, ApplyingToCollege, AskAcademia, gradadmissions",0.0037
weRborg,164,"interestingasfuck, Damnthatsinteresting, pics, mildlyinfuriating, facepalm",26.8117
Irgendwer99,1084,tumunich,0
Heenassr,1601,"NoStupidQuestions, AskReddit, askswitzerland, AITAH, Switzerland",17.7703
lordjamie666,164,"interestingasfuck, Damnthatsinteresting, pics, mildlyinfuriating, facepalm",37.5518
Ok-Sea-8139,1085,UZH,0
18carriages,1480,"csMajors, PhD, ApplyingToCollege, AskAcademia, gradadmissions",5.4446
CoachFormer7305,1086,"GradSchool, gradadmissions",0
Crafty_Effort_8500,1087,labrats,0
bitulator,1088,"SwissPersonalFinance, askswitzerland, Switzerland",0
Appropriate-Cup9335,1089,"stocks, Daytrading, MapPorn",0
Ok_Actuary8,164,"interestingasfuck, Damnthatsinteresting, pics, mildlyinfuriating, facepalm",41.9532
personaDisguised,1090,UZH,0
jkochh,1091,askswitzerland,0
Fun-Exit7474,1480,"csMajors, PhD, ApplyingToCollege, AskAcademia, gradadmissions",2.0402
BearSEO,1559,"Universitaly, ItaliaPersonalFinance, CasualIT, Italia, ItaliaCareerAdvice",0.3086
supermarkio-,164,"interestingasfuck, Damnthatsinteresting, pics, mildlyinfuriating, facepalm",1.2928
bullpup1337,164,"interestingasfuck, Damnthatsinteresting, pics, mildlyinfuriating, facepalm",36.0232
gheimifurt,1092,"Economics, interestingasfuck, bern, schwiiz, SwissPersonalFinance",0
Really-hot-soup,1480,"csMajors, PhD, ApplyingToCollege, AskAcademia, gradadmissions",0.0097
visciousblack,1093,"basel, AskReddit, askswitzerland, Switzerland, zurich",0
TotallyNotVikiNg,1480,"csMajors, PhD, ApplyingToCollege, AskAcademia, gradadmissions",0.8133
Kleysley,1094,theydidthemath,0
MarinatedPickachu,164,"interestingasfuck, Damnthatsinteresting, pics, mildlyinfuriating, facepalm",9.129
AbdullahFarghaly,1095,tuberlin,0
IAmHereForTheStories,1525,"de, Studium, Finanzen, Ratschlag, germany",13.8855
BestStonks,1480,"csMajors, PhD, ApplyingToCollege, AskAcademia, gradadmissions",0.8735
Jazzlike-Box6788,1096,collegeresults,0
Spirited_Scallion971,1525,"de, Studium, Finanzen, Ratschlag, germany",1.5529
palatiz,1097,SwissPersonalFinance,0
Alpajio,1098,"balkans_irl, europe",0
Internal-Bet3910,1480,"csMajors, PhD, ApplyingToCollege, AskAcademia, gradadmissions",0.1297
Thomas_Steiner_1978,164,"interestingasfuck, Damnthatsinteresting, pics, mildlyinfuriating, facepalm",13.6933
dobrimoj,1480,"csMajors, PhD, ApplyingToCollege, AskAcademia, gradadmissions",2.1537
ciracam,1099,"firefox, Switzerland",0
WesternMost993,1601,"NoStupidQuestions, AskReddit, askswitzerland, AITAH, Switzerland",31.1764
Legndj,1480,"csMajors, PhD, ApplyingToCollege, AskAcademia, gradadmissions",4.3763
AP11997,1480,"csMajors, PhD, ApplyingToCollege, AskAcademia, gradadmissions",0.059
BatteryMaxx,1100,"fujifilm, gameofthrones",0
Intellectualweeber99,1101,"StatementOfPurpose, MSCS, gradadmissions",0
PassAppropriate5891,1601,"NoStupidQuestions, AskReddit, askswitzerland, AITAH, Switzerland",3.3247
SwissLover2004,1525,"de, Studium, Finanzen, Ratschlag, germany",2.9353
thvgfcghfh,164,"interestingasfuck, Damnthatsinteresting, pics, mildlyinfuriating, facepalm",0.7465
rteasghnwmyksrx,1480,"csMajors, PhD, ApplyingToCollege, AskAcademia, gradadmissions",0.0037
Professional_Bus_574,1480,"csMajors, PhD, ApplyingToCollege, AskAcademia, gradadmissions",0.2701
sernameistaken4,164,"interestingasfuck, Damnthatsinteresting, pics, mildlyinfuriating, facepalm",1.7586
Pitiful-Situation494,164,"interestingasfuck, Damnthatsinteresting, pics, mildlyinfuriating, facepalm",0.8952
_quantum_girl_,1559,"Universitaly, ItaliaPersonalFinance, CasualIT, Italia, ItaliaCareerAdvice",33.9987
PseudoRandomStudent,1480,"csMajors, PhD, ApplyingToCollege, AskAcademia, gradadmissions",14.435
Alternative-Spot5016,1601,"NoStupidQuestions, AskReddit, askswitzerland, AITAH, Switzerland",0.6652
vermee,1480,"csMajors, PhD, ApplyingToCollege, AskAcademia, gradadmissions",0.0604
Wichu04,164,"interestingasfuck, Damnthatsinteresting, pics, mildlyinfuriating, facepalm",2.8393
riomaxx,1480,"csMajors, PhD, ApplyingToCollege, AskAcademia, gradadmissions",16.23
total_desaster,164,"interestingasfuck, Damnthatsinteresting, pics, mildlyinfuriating, facepalm",38.9649
WorkSuspicious4916,1102,UZH,0
Tottybox,1601,"NoStupidQuestions, AskReddit, askswitzerland, AITAH, Switzerland",1.2773
PianistWinter8293,1480,"csMajors, PhD, ApplyingToCollege, AskAcademia, gradadmissions",25.5555
GraciaK03,1480,"csMajors, PhD, ApplyingToCollege, AskAcademia, gradadmissions",0.0574
Filthykun,1103,"IELTS, GRE",0
ttthhheeeoooooo,1480,"csMajors, PhD, ApplyingToCollege, AskAcademia, gradadmissions",0.3697
SnowEmbarrassed6407,1104,schwiiz,0
MyColaZero,164,"interestingasfuck, Damnthatsinteresting, pics, mildlyinfuriating, facepalm",25.5405
Ok_Mistake1498,1105,"UZH, Switzerland, zurich",0
No_Bodybuilder7446,1480,"csMajors, PhD, ApplyingToCollege, AskAcademia, gradadmissions",9.8442
litbizwiz,1480,"csMajors, PhD, ApplyingToCollege, AskAcademia, gradadmissions",6.2157
Arin_Pali,1480,"csMajors, PhD, ApplyingToCollege, AskAcademia, gradadmissions",19.8988
SpeedCuber69,1480,"csMajors, PhD, ApplyingToCollege, AskAcademia, gradadmissions",7.7685
Lirionex,1525,"de, Studium, Finanzen, Ratschlag, germany",9.3938
RexBadger,1106,askswitzerland,0
Forsaken_Jewel,1107,EPFL,0
Successful_Bill_4607,1108,"ipad, AskReddit",0
Phocasola,1480,"csMajors, PhD, ApplyingToCollege, AskAcademia, gradadmissions",9.7104
super-servant,1109,Fantasy,0
Traveller-2001,1110,"ETHzurich, askswitzerland, zurich",0
Br0wnHammer,1480,"csMajors, PhD, ApplyingToCollege, AskAcademia, gradadmissions",0.0037
bongosformongos,164,"interestingasfuck, Damnthatsinteresting, pics, mildlyinfuriating, facepalm",13.1776
ywecur,1601,"NoStupidQuestions, AskReddit, askswitzerland, AITAH, Switzerland",4.0671
Bubbly_Cellist_6802,1480,"csMajors, PhD, ApplyingToCollege, AskAcademia, gradadmissions",0.7747
FuzzyGrizz,164,"interestingasfuck, Damnthatsinteresting, pics, mildlyinfuriating, facepalm",5.5573
ginsunuva,1601,"NoStupidQuestions, AskReddit, askswitzerland, AITAH, Switzerland",35.3403
Old-Initiative-6373,1480,"csMajors, PhD, ApplyingToCollege, AskAcademia, gradadmissions",3.7211
AimingforGreatness,1480,"csMajors, PhD, ApplyingToCollege, AskAcademia, gradadmissions",2.3429
Warm_Tough_4290,1111,EPFL,0
lordgthegreat,1112,"mauerstrassenwetten, Finanzen, askswitzerland, Switzerland",0
botulrich,1113,"fuckcars, zurich",0
QuestioningMyLifeJa,1480,"csMajors, PhD, ApplyingToCollege, AskAcademia, gradadmissions",25.8846
TouchGrasso,1601,"NoStupidQuestions, AskReddit, askswitzerland, AITAH, Switzerland",0.7185
_Zinio_,1114,selfhosted,0
jj_HeRo,164,"interestingasfuck, Damnthatsinteresting, pics, mildlyinfuriating, facepalm",54.5226
softgale,1525,"de, Studium, Finanzen, Ratschlag, germany",2.1941
vocalproletariat28,1480,"csMajors, PhD, ApplyingToCollege, AskAcademia, gradadmissions",43.1232
Minimum_Parsnip165,1480,"csMajors, PhD, ApplyingToCollege, AskAcademia, gradadmissions",0.0408
moiwantkwason,1601,"NoStupidQuestions, AskReddit, askswitzerland, AITAH, Switzerland",53.698
BlockOfSwissCheese,164,"interestingasfuck, Damnthatsinteresting, pics, mildlyinfuriating, facepalm",1.3553
CaptainNanon,1115,"pics, Finanzen, askswitzerland, Switzerland",0
SiNoName101,1116,"Norway, ChatGPT",0
ShotSmile169,1480,"csMajors, PhD, ApplyingToCollege, AskAcademia, gradadmissions",0.032
cactii281,1117,academia,0
absolutely__no,1118,"google, macbookpro",0
nikki4716,1119,Advice,0
CricketWide8581,1120,"whatsapp, GooglePixel",0
Ordinary_Ad_9838,1121,zurich,0
dpaleka,1122,"math, MachineLearning",0
slippery_slimy_fish,1123,"badroommates, ireland, UniUK",0
Expensive-Mix-9687,1124,"DIY, 3Dprinting, tumunich, EPFL, Switzerland",0
Broad_Warning_2886,1525,"de, Studium, Finanzen, Ratschlag, germany",19.6803
Beautiful_Welder_919,1480,"csMajors, PhD, ApplyingToCollege, AskAcademia, gradadmissions",0.048
Living_Substance_487,164,"interestingasfuck, Damnthatsinteresting, pics, mildlyinfuriating, facepalm",38.2791
imbaldcuzbetteraero,1480,"csMajors, PhD, ApplyingToCollege, AskAcademia, gradadmissions",30.7373
bschne1,1125,"AskOuija, piano, AskReddit, zurich",0
constar93,1525,"de, Studium, Finanzen, Ratschlag, germany",0.0929
im_person_nate,1126,"ExperiencedDevs, cscareerquestions, askswitzerland, Switzerland, zurich",0
Front-Photo-7166,1480,"csMajors, PhD, ApplyingToCollege, AskAcademia, gradadmissions",0.0093
outsidethecave,164,"interestingasfuck, Damnthatsinteresting, pics, mildlyinfuriating, facepalm",14.3378
ReaperDaemon666,164,"interestingasfuck, Damnthatsinteresting, pics, mildlyinfuriating, facepalm",25.859
riptorial,1127,"Finanzen, soccer, AskReddit, Switzerland",0
Electrical_Ad_4848,1128,"SchengenVisa, cscareerquestionsEU",0
Available-Maize1493,1601,"NoStupidQuestions, AskReddit, askswitzerland, AITAH, Switzerland",9.9326
Possible_Bike7252,1480,"csMajors, PhD, ApplyingToCollege, AskAcademia, gradadmissions",1.84
Tomurs,1129,"MITAdmissions, EPFL",0
servant_ch,1480,"csMajors, PhD, ApplyingToCollege, AskAcademia, gradadmissions",1.8201
Electronic_Collar931,1130,tumunich,0
SidereusEques,1480,"csMajors, PhD, ApplyingToCollege, AskAcademia, gradadmissions",10.6966
sense8__,1131,"germany, zurich",0
PetitArvine,164,"interestingasfuck, Damnthatsinteresting, pics, mildlyinfuriating, facepalm",53.8666
forallem,1525,"de, Studium, Finanzen, Ratschlag, germany",0.0874
Potential-Sea3260,1132,"rwth, Indians_StudyAbroad",0
sweet_potato_elsisi,1480,"csMajors, PhD, ApplyingToCollege, AskAcademia, gradadmissions",4.4826
SnackettiXD,164,"interestingasfuck, Damnthatsinteresting, pics, mildlyinfuriating, facepalm",0.1154
Old-Feed1306,1133,SwissPersonalFinance,0
Kikujiroo,164,"interestingasfuck, Damnthatsinteresting, pics, mildlyinfuriating, facepalm",16.4382
Mykoliux-1,1480,"csMajors, PhD, ApplyingToCollege, AskAcademia, gradadmissions",9.7087
Swiss_wow,1134,"football, basel, europe, SwissPersonalFinance, askswitzerland",0
Salty-Traffic-7202,1135,"UCL, Imperial",0
Open-Farmer-7285,1136,"gradadmissions, zurich",0
After-Lengthiness720,1137,UZH,0
AdolphSilvia,164,"interestingasfuck, Damnthatsinteresting, pics, mildlyinfuriating, facepalm",8.6121
dstemcel,1480,"csMajors, PhD, ApplyingToCollege, AskAcademia, gradadmissions",31.7154
neilus03,1480,"csMajors, PhD, ApplyingToCollege, AskAcademia, gradadmissions",3.2115
Nick224,1138,formuladank,0
deception2022,164,"interestingasfuck, Damnthatsinteresting, pics, mildlyinfuriating, facepalm",38.4605
Classic-Break5888,164,"interestingasfuck, Damnthatsinteresting, pics, mildlyinfuriating, facepalm",58.6235
deragent,1525,"de, Studium, Finanzen, Ratschlag, germany",0.5629
Nicopavo,1480,"csMajors, PhD, ApplyingToCollege, AskAcademia, gradadmissions",0.0538
Positive-Strategy161,164,"interestingasfuck, Damnthatsinteresting, pics, mildlyinfuriating, facepalm",52.364
eternalpanic,1525,"de, Studium, Finanzen, Ratschlag, germany",17.3513
Poppyseeds369,1480,"csMajors, PhD, ApplyingToCollege, AskAcademia, gradadmissions",2.2655
Federal_Subject_6797,1601,"NoStupidQuestions, AskReddit, askswitzerland, AITAH, Switzerland",18.2659
FunnyPocketBook,1480,"csMajors, PhD, ApplyingToCollege, AskAcademia, gradadmissions",12.7961
Newton-Leibniz,164,"interestingasfuck, Damnthatsinteresting, pics, mildlyinfuriating, facepalm",7.5974
mou-no_pep-si,1139,"PedroPeepos, leagueoflegends, LeagueOfMemes, soccer, LegaladviceGerman",1.5385
Due_Wallaby_3643,1480,"csMajors, PhD, ApplyingToCollege, AskAcademia, gradadmissions",5.8165
Majestic_Example2529,1140,"mit, gradadmissions",0
Moisty_Amphibian,1480,"csMajors, PhD, ApplyingToCollege, AskAcademia, gradadmissions",0.0597
Hairy-Peace-9390,1480,"csMajors, PhD, ApplyingToCollege, AskAcademia, gradadmissions",0.8732
OsakaTosuto,1480,"csMajors, PhD, ApplyingToCollege, AskAcademia, gradadmissions",0.4963
Norby314,164,"interestingasfuck, Damnthatsinteresting, pics, mildlyinfuriating, facepalm",40.206
Money-Panda9038,1141,archlinux,0
Good_Choice_4722,1142,Switzerland,0
BeStoopid,1601,"NoStupidQuestions, AskReddit, askswitzerland, AITAH, Switzerland",8.7779
Y_mc,1480,"csMajors, PhD, ApplyingToCollege, AskAcademia, gradadmissions",1.2724
Friendly-Nose4060,1143,UniUK,0
IsengardMordor,1601,"NoStupidQuestions, AskReddit, askswitzerland, AITAH, Switzerland",6.5907
Lolekkkkkkk,164,"interestingasfuck, Damnthatsinteresting, pics, mildlyinfuriating, facepalm",2.1191
Warm-Discipline6414,1144,"paris, askswitzerland, Switzerland, zurich",0
moormaster73,164,"interestingasfuck, Damnthatsinteresting, pics, mildlyinfuriating, facepalm",15.6456
rosavb,1145,askswitzerland,0
pranavadvani2003,1480,"csMajors, PhD, ApplyingToCollege, AskAcademia, gradadmissions",1.3011
AutomaticOrder3635,1525,"de, Studium, Finanzen, Ratschlag, germany",2.8969
1234VICE,164,"interestingasfuck, Damnthatsinteresting, pics, mildlyinfuriating, facepalm",5.0613
L0VESTHE0CEAN,1146,zurich,0
Maurice1001,1147,Switzerland,0
QuietOtherwise7530,1480,"csMajors, PhD, ApplyingToCollege, AskAcademia, gradadmissions",0.06
ReputationFull4819,1148,"stocks, tressless",0
Interesting_Coast279,1480,"csMajors, PhD, ApplyingToCollege, AskAcademia, gradadmissions",3.7088
justonesharkie,1601,"NoStupidQuestions, AskReddit, askswitzerland, AITAH, Switzerland",20.4063
Romerini81,1480,"csMajors, PhD, ApplyingToCollege, AskAcademia, gradadmissions",0.0048
katzenliegestuetze,1149,Howtolooksmax,0
stereosteam,1480,"csMajors, PhD, ApplyingToCollege, AskAcademia, gradadmissions",0.0077
Hairy_Spirit1636,164,"interestingasfuck, Damnthatsinteresting, pics, mildlyinfuriating, facepalm",24.7923
fishanddipflip,1601,"NoStupidQuestions, AskReddit, askswitzerland, AITAH, Switzerland",9.2155
Latter_Minute_1395,1480,"csMajors, PhD, ApplyingToCollege, AskAcademia, gradadmissions",6.8797
brunnertu,1150,"gradadmissions, zurich",0
Curious-Average-1706,1480,"csMajors, PhD, ApplyingToCollege, AskAcademia, gradadmissions",0.0142
Double_Vacation545,1480,"csMajors, PhD, ApplyingToCollege, AskAcademia, gradadmissions",15.3355
Laokon96,1151,"Finland, SwissPersonalFinance, askswitzerland",0
Outside_Long5907,1480,"csMajors, PhD, ApplyingToCollege, AskAcademia, gradadmissions",4.1667
Several_Falcon_7005,1601,"NoStupidQuestions, AskReddit, askswitzerland, AITAH, Switzerland",9.1908
fabkosta,164,"interestingasfuck, Damnthatsinteresting, pics, mildlyinfuriating, facepalm",70.0019
Legal-Pear-6497,1152,"askswitzerland, Switzerland, zurich",0
C0R0NA_CHAN,164,"interestingasfuck, Damnthatsinteresting, pics, mildlyinfuriating, facepalm",44.5954
nauhgc,1153,askswitzerland,0
Aggressive_Battle727,1154,"ParisTravelGuide, FinancialCareers, Switzerland",0
FerrousThing,164,"interestingasfuck, Damnthatsinteresting, pics, mildlyinfuriating, facepalm",6.8662
icwkdzajz,1155,"Studium, AskReddit, UZH, Switzerland, zurich",0
Hopeful-Database-221,1156,"productivity, mathmemes, askswitzerland, zurich",0
kanoa_riddle,1157,"AskElectronics, robotics",0
AlFatalGast,1158,Israel,0
Katniped_,1480,"csMajors, PhD, ApplyingToCollege, AskAcademia, gradadmissions",2.4831
polapix,1159,"oddlyterrifying, AskElectronics, basel, askswitzerland, Switzerland",0
LeonardoPinna,1160,cscareerquestionsEU,0
choconutz_coco,164,"interestingasfuck, Damnthatsinteresting, pics, mildlyinfuriating, facepalm",2.9409
alsbos1,164,"interestingasfuck, Damnthatsinteresting, pics, mildlyinfuriating, facepalm",62.1365
HeLst3n1,1525,"de, Studium, Finanzen, Ratschlag, germany",7.2385
Tomlishorn2128,1525,"de, Studium, Finanzen, Ratschlag, germany",0.5283
vrwv,1480,"csMajors, PhD, ApplyingToCollege, AskAcademia, gradadmissions",0.0091
Informal-Way9158,1161,math,0
AbCi16,1480,"csMajors, PhD, ApplyingToCollege, AskAcademia, gradadmissions",8.3241
hitzgi,1525,"de, Studium, Finanzen, Ratschlag, germany",1.7044
SaPpHiReFlAmEs99,1559,"Universitaly, ItaliaPersonalFinance, CasualIT, Italia, ItaliaCareerAdvice",11.6612
Competitive-Song5961,1480,"csMajors, PhD, ApplyingToCollege, AskAcademia, gradadmissions",0.0409
kylinandy,1162,deeplearning,0
unknownstudentoflife,1480,"csMajors, PhD, ApplyingToCollege, AskAcademia, gradadmissions",41.6198
tiddlywinks_truth,1163,USCIS,0
Rollstein_,1164,uwaterloo,0
PoignantPoison,1601,"NoStupidQuestions, AskReddit, askswitzerland, AITAH, Switzerland",11.1326
guemeller,1165,"politics, geneva, SwissPersonalFinance, askswitzerland, Switzerland",0
Training_Listen_1449,1166,csMajors,0
Euphoric-Present2208,1480,"csMajors, PhD, ApplyingToCollege, AskAcademia, gradadmissions",1.808
anothers0meone,1480,"csMajors, PhD, ApplyingToCollege, AskAcademia, gradadmissions",0.7866
DifficultyTricky7779,164,"interestingasfuck, Damnthatsinteresting, pics, mildlyinfuriating, facepalm",28.1835
tenzinleila,1167,"Fantasy, Switzerland",0
shineme26,1168,"EuroSkincare, Imperial",0
FishyFrie,1169,"greentext, CrazyFuckingVideos, dataisbeautiful, MapPorn, europe",0
hann953,1480,"csMajors, PhD, ApplyingToCollege, AskAcademia, gradadmissions",15.193
CaptainCuddles17,1601,"NoStupidQuestions, AskReddit, askswitzerland, AITAH, Switzerland",0.4264
Famous-Exercise6091,1170,"studyAbroad, askswitzerland",0
ignorantgal5,1480,"csMajors, PhD, ApplyingToCollege, AskAcademia, gradadmissions",9.4844
Shining_star_875,1480,"csMajors, PhD, ApplyingToCollege, AskAcademia, gradadmissions",6.2557
ounipeperouni,164,"interestingasfuck, Damnthatsinteresting, pics, mildlyinfuriating, facepalm",0.7312
EdoBirelART27,164,"interestingasfuck, Damnthatsinteresting, pics, mildlyinfuriating, facepalm",0.0909
Ittybittykittypi,164,"interestingasfuck, Damnthatsinteresting, pics, mildlyinfuriating, facepalm",0.914
UphillTowardsTheSun,1601,"NoStupidQuestions, AskReddit, askswitzerland, AITAH, Switzerland",25.6146
endtoabeginning,1480,"csMajors, PhD, ApplyingToCollege, AskAcademia, gradadmissions",6.6351
EmbarrassedAd7823,1601,"NoStupidQuestions, AskReddit, askswitzerland, AITAH, Switzerland",0.2515
Lumpy_Leg_1826,1480,"csMajors, PhD, ApplyingToCollege, AskAcademia, gradadmissions",0.1766
Idontlikecancer0,1525,"de, Studium, Finanzen, Ratschlag, germany",35.892
TortoisesSlap,164,"interestingasfuck, Damnthatsinteresting, pics, mildlyinfuriating, facepalm",13.86
dplume,1601,"NoStupidQuestions, AskReddit, askswitzerland, AITAH, Switzerland",0.7395
nzflmc,1480,"csMajors, PhD, ApplyingToCollege, AskAcademia, gradadmissions",2.9938
LysanderStorm,164,"interestingasfuck, Damnthatsinteresting, pics, mildlyinfuriating, facepalm",1.5257
Mouschi_,1480,"csMajors, PhD, ApplyingToCollege, AskAcademia, gradadmissions",2.7238
souhhcong,1171,Switzerland,0
Flockifox,1172,selfhosted,0
polypancake,1601,"NoStupidQuestions, AskReddit, askswitzerland, AITAH, Switzerland",4.4196
Cedi26,1480,"csMajors, PhD, ApplyingToCollege, AskAcademia, gradadmissions",0.0499
Ornery_Cake_9864,1525,"de, Studium, Finanzen, Ratschlag, germany",0.0415
Flat_End4624,1173,"Tunisia, Lausanne, EPFL, zurich",0
Diligent-Ant-2269,1174,"basel, zurich",0
StrictRelationship52,1175,aoe2,0
Typical-Weather1254,1176,"CasualIT, Italia, AskReddit, askswitzerland",0
No-Animator-7931,164,"interestingasfuck, Damnthatsinteresting, pics, mildlyinfuriating, facepalm",0.1066
Fine-Cat4708,1177,askswitzerland,0
SeaCompetitive6806,1525,"de, Studium, Finanzen, Ratschlag, germany",51.296
Sideralis_,1559,"Universitaly, ItaliaPersonalFinance, CasualIT, Italia, ItaliaCareerAdvice",12.5847
Gazellu,1178,"ichbin14unddasisttief, trains, Switzerland, zurich",0
SkyNo234,1601,"NoStupidQuestions, AskReddit, askswitzerland, AITAH, Switzerland",33.8903
Accurate_Stay_5058,1480,"csMajors, PhD, ApplyingToCollege, AskAcademia, gradadmissions",0.0153
Wonderful-Friend8815,1480,"csMajors, PhD, ApplyingToCollege, AskAcademia, gradadmissions",0.1111
Low_Objective_1040,1179,wallstreetbets,0
Lingon_Berry548,1180,"Eldenring, ETHzurich",0
Alternative-Yak-6990,1601,"NoStupidQuestions, AskReddit, askswitzerland, AITAH, Switzerland",5.8232
Purple-Peak-6487,1181,German,0
Barnariks,164,"interestingasfuck, Damnthatsinteresting, pics, mildlyinfuriating, facepalm",46.7313
rachelKD637,1480,"csMajors, PhD, ApplyingToCollege, AskAcademia, gradadmissions",0.1242
thetaharvest,1182,MechanicalKeyboards,0
Head_Pollution_7193,1480,"csMajors, PhD, ApplyingToCollege, AskAcademia, gradadmissions",0.5232
No-Citron8371,1183,istanbul,0
woozy_1729,1480,"csMajors, PhD, ApplyingToCollege, AskAcademia, gradadmissions",0.0085
Proof-Wafer9199,1184,FashionReps,0
New_Release6355,1185,UZH,0
DenimSilver,1480,"csMajors, PhD, ApplyingToCollege, AskAcademia, gradadmissions",20.6676
Ok-Bottle-1341,1601,"NoStupidQuestions, AskReddit, askswitzerland, AITAH, Switzerland",33.3746
alinary2222,1186,"ask, computerscience",0
Able_Stretch4800,1187,zurich,0
YigitDemirag,1188,tressless,0
LLBeep,1480,"csMajors, PhD, ApplyingToCollege, AskAcademia, gradadmissions",1.0446
MeNamem-me,1189,zurich,0
Suspicious_Lawyer272,1601,"NoStupidQuestions, AskReddit, askswitzerland, AITAH, Switzerland",0.2042
cryptofreedoom,1190,EPFL,0
HYSTERYON,1191,PhD,0
PrestigiousAssist689,164,"interestingasfuck, Damnthatsinteresting, pics, mildlyinfuriating, facepalm",8.595
bi7worker,164,"interestingasfuck, Damnthatsinteresting, pics, mildlyinfuriating, facepalm",37.4375
Swi_Pol_Eng_guy,164,"interestingasfuck, Damnthatsinteresting, pics, mildlyinfuriating, facepalm",18.38
Morqz,1480,"csMajors, PhD, ApplyingToCollege, AskAcademia, gradadmissions",1.2355
OziAviator,1601,"NoStupidQuestions, AskReddit, askswitzerland, AITAH, Switzerland",17.0902
Senshi988,1192,"MovieSuggestions, self, SwissPersonalFinance, askswitzerland, Switzerland",0
FilthyRubber,1193,"flightradar24, truespotify, MapPorn, schwiiz, askswitzerland",0
rio_gambles,1601,"NoStupidQuestions, AskReddit, askswitzerland, AITAH, Switzerland",0.8593
shrawnschone,1194,Teachers,0
DistributionGreedy32,1480,"csMajors, PhD, ApplyingToCollege, AskAcademia, gradadmissions",0.0461
RadishRocket,164,"interestingasfuck, Damnthatsinteresting, pics, mildlyinfuriating, facepalm",0.3561
Adventurous-Race5478,164,"interestingasfuck, Damnthatsinteresting, pics, mildlyinfuriating, facepalm",0.2786
NeatSolid6535,1195,BUENZLI,0
Electrical-Pie925,1196,"loseit, NoStupidQuestions, AskReddit, Switzerland, zurich",0
bert1808,1480,"csMajors, PhD, ApplyingToCollege, AskAcademia, gradadmissions",0.0048
Downtown_Brother6308,1480,"csMajors, PhD, ApplyingToCollege, AskAcademia, gradadmissions",4.7681
geigergopp,1480,"csMajors, PhD, ApplyingToCollege, AskAcademia, gradadmissions",0.808
randomUser539123,1480,"csMajors, PhD, ApplyingToCollege, AskAcademia, gradadmissions",10.3279
jrsowa,1480,"csMajors, PhD, ApplyingToCollege, AskAcademia, gradadmissions",25.7429
FewBlacksmith6399,1197,"Switzerland, zurich",0
finanzgipfel,1198,"EuropeFIRE, eupersonalfinance, SwissPersonalFinance, askswitzerland, Switzerland",0
ResearcherNo4681,1601,"NoStupidQuestions, AskReddit, askswitzerland, AITAH, Switzerland",31.4532
TheseHoesAintLoyal01,1480,"csMajors, PhD, ApplyingToCollege, AskAcademia, gradadmissions",0.0198
Miserable-Whale,1199,"coolguides, labrats, MapPorn, Switzerland, zurich",0
Active-Diamond-7555,1480,"csMajors, PhD, ApplyingToCollege, AskAcademia, gradadmissions",0.2559
Accomplished-War1971,1601,"NoStupidQuestions, AskReddit, askswitzerland, AITAH, Switzerland",27.1208
Mobile-Hospital-1025,1200,"MachineLearning, MSCS, gradadmissions, EPFL",0
HorrorRemove6851,1201,"ipl, EPFL",0
Filippo295,1480,"csMajors, PhD, ApplyingToCollege, AskAcademia, gradadmissions",19.2821
red_eyed_devil,1480,"csMajors, PhD, ApplyingToCollege, AskAcademia, gradadmissions",10.8498
preetesque,1480,"csMajors, PhD, ApplyingToCollege, AskAcademia, gradadmissions",1.7954
Physical_Sleep_9918,1480,"csMajors, PhD, ApplyingToCollege, AskAcademia, gradadmissions",0.8624
retermist,1202,AskAcademia,0
LivingIntention6882,1203,Sat,0
Uranium_Donut_,1525,"de, Studium, Finanzen, Ratschlag, germany",6.2505
Zombie46,1204,"askSingapore, schwiiz, BUENZLI, askswitzerland, zurich",0
AleLuke,1205,EPFL,0
StationDeer,1480,"csMajors, PhD, ApplyingToCollege, AskAcademia, gradadmissions",0.0643
Little_Biscotti_9134,1480,"csMajors, PhD, ApplyingToCollege, AskAcademia, gradadmissions",4.3602
Sure_Neighborhood_79,1206,"olympics, euro2024",0
Fuzzy_Ad_8448,1207,"etudiants, quantfinance",0
styl5apofis,1208,"Vent, PhD, gradadmissions",0
USRplusFan,164,"interestingasfuck, Damnthatsinteresting, pics, mildlyinfuriating, facepalm",42.0513
nebulous_crab,1480,"csMajors, PhD, ApplyingToCollege, AskAcademia, gradadmissions",0.0037
Neat-Assignment5940,1480,"csMajors, PhD, ApplyingToCollege, AskAcademia, gradadmissions",0.2767
Cute_Chemical_7714,1601,"NoStupidQuestions, AskReddit, askswitzerland, AITAH, Switzerland",28.8346
TitanTraffic,164,"interestingasfuck, Damnthatsinteresting, pics, mildlyinfuriating, facepalm",1.0045
Prestigious-Key-8948,1209,"LegalAdviceEurope, UZH",0
Apart_Direction5852,1210,"ParisTravelGuide, Notion, EPFL",0
ipokestuff,164,"interestingasfuck, Damnthatsinteresting, pics, mildlyinfuriating, facepalm",25.2001
Desperate-Papaya3017,1211,"AskPhysics, math",0
ajisuntihoe,1480,"csMajors, PhD, ApplyingToCollege, AskAcademia, gradadmissions",8.0291
Dense-Document5596,1212,csMajors,0
Whole_Chemical_6470,1213,"Luxembourg, jobs",0
NewCoddder,1214,"askswitzerland, Switzerland, zurich",0
marcogaudenzi,1559,"Universitaly, ItaliaPersonalFinance, CasualIT, Italia, ItaliaCareerAdvice",0.4254
pasturaboy,164,"interestingasfuck, Damnthatsinteresting, pics, mildlyinfuriating, facepalm",2.1759
tioskott,1215,"Ratschlag, bern, Switzerland, zurich",0
LateParsley2574,1216,JEENEETards,0
Shidoni,1601,"NoStupidQuestions, AskReddit, askswitzerland, AITAH, Switzerland",6.3285
Spielername124,164,"interestingasfuck, Damnthatsinteresting, pics, mildlyinfuriating, facepalm",23.0689
FuturecashEth,1601,"NoStupidQuestions, AskReddit, askswitzerland, AITAH, Switzerland",15.3437
BarNext625,164,"interestingasfuck, Damnthatsinteresting, pics, mildlyinfuriating, facepalm",8.3286
mlgngrlbs,1525,"de, Studium, Finanzen, Ratschlag, germany",0.3433
rakk109,1480,"csMajors, PhD, ApplyingToCollege, AskAcademia, gradadmissions",4.3843
Swiffertoy,1217,hiking,0
TheSK_001,1480,"csMajors, PhD, ApplyingToCollege, AskAcademia, gradadmissions",0.382
Difficult_Mulberry20,1218,"csMajors, cscareerquestionsEU, EPFL",0
mintwurm,1219,SaaS,0
Virtual-Emergency737,1601,"NoStupidQuestions, AskReddit, askswitzerland, AITAH, Switzerland",10.4472
Due-Kangaroo863,1220,"csMajors, EPFL",0
Superultra_,164,"interestingasfuck, Damnthatsinteresting, pics, mildlyinfuriating, facepalm",4.4198
divind1115,1221,"PedroPeepos, MechanicalKeyboards, zurich",0
sas1111344,1222,"bern, Switzerland, zurich",0
Objective-Ad-2643,1480,"csMajors, PhD, ApplyingToCollege, AskAcademia, gradadmissions",16.8394
Real_Principle_8446,1223,Switzerland,0
recursive_tree,1525,"de, Studium, Finanzen, Ratschlag, germany",0.3894
Glum-Commercial1920,1601,"NoStupidQuestions, AskReddit, askswitzerland, AITAH, Switzerland",0.7271
Important_Bass2711,1224,"askswitzerland, Switzerland",0
Sea-Flower5108,1480,"csMajors, PhD, ApplyingToCollege, AskAcademia, gradadmissions",0.0279
iamnogoodatthis,1601,"NoStupidQuestions, AskReddit, askswitzerland, AITAH, Switzerland",74.4483
lovro_nigel,1225,"EPFL, zurich",0
Salt_Mushroom_4608,1226,"AskDocs, UZH, Switzerland, zurich",0
SnooSquirrels3902,1227,interestingasfuck,0
Tough-Celebration-80,1480,"csMajors, PhD, ApplyingToCollege, AskAcademia, gradadmissions",9.0598
kart0ffel12,1601,"NoStupidQuestions, AskReddit, askswitzerland, AITAH, Switzerland",32.8556
JuktNichtBesonders,1228,"TeenagersButBetter, teenagers, AskReddit",0
hopefulbrownies,1229,"Helldivers, berkeley",0
Organic_Hovercraft77,164,"interestingasfuck, Damnthatsinteresting, pics, mildlyinfuriating, facepalm",1.6732
Minute-Preference383,1480,"csMajors, PhD, ApplyingToCollege, AskAcademia, gradadmissions",1.0497
Student_Hacks,2191,"UniSG, Studium, UZH, askswitzerland",0.8189
sousex_007,1480,"csMajors, PhD, ApplyingToCollege, AskAcademia, gradadmissions",1.267
moritzmadafaka,1230,"tennis, zurich",0
Halterchronicle,164,"interestingasfuck, Damnthatsinteresting, pics, mildlyinfuriating, facepalm",21.0526
deepshark14,1231,zurich,0
octo_mann,1601,"NoStupidQuestions, AskReddit, askswitzerland, AITAH, Switzerland",12.7072
Extension-Reading106,1480,"csMajors, PhD, ApplyingToCollege, AskAcademia, gradadmissions",0.0484
Kawakzaky,1232,"math, EPFL",0
makaros622,1601,"NoStupidQuestions, AskReddit, askswitzerland, AITAH, Switzerland",15.786
throwawayrotterdam2,1480,"csMajors, PhD, ApplyingToCollege, AskAcademia, gradadmissions",31.7573
SakuraTheCatLady,1233,"UniversityTR, Luzern, relationship_advice, zurich",0
MagicianPale9562,1480,"csMajors, PhD, ApplyingToCollege, AskAcademia, gradadmissions",11.2965
TheRealRyuuko,1234,MechanicalKeyboards,0
deekachuu,1235,"mildlyinfuriating, geneva",0
BeautifulTennis3524,1601,"NoStupidQuestions, AskReddit, askswitzerland, AITAH, Switzerland",6.1154
rhl,1480,"csMajors, PhD, ApplyingToCollege, AskAcademia, gradadmissions",0.8079
BorderGood8431,1601,"NoStupidQuestions, AskReddit, askswitzerland, AITAH, Switzerland",9.0364
ToboPotato,1480,"csMajors, PhD, ApplyingToCollege, AskAcademia, gradadmissions",0.0142
MarcoBernet,1236,"lego, PhD, schwiiz, Switzerland",0
bobijntje,1601,"NoStupidQuestions, AskReddit, askswitzerland, AITAH, Switzerland",49.9809
f3fff2f2f2f,1237,"chess, Watches",0
Beginning-Initial-56,1238,"Harvard, berkeley, EPFL",0
mfroyo9086,1239,"cscareerquestionsEU, zurich",0
Mourdine,1480,"csMajors, PhD, ApplyingToCollege, AskAcademia, gradadmissions",2.7232
lucidgazorpazorp,1480,"csMajors, PhD, ApplyingToCollege, AskAcademia, gradadmissions",0.0424
Marinegr,1601,"NoStupidQuestions, AskReddit, askswitzerland, AITAH, Switzerland",0.8731
GYN-k4H-Q3z-75B,164,"interestingasfuck, Damnthatsinteresting, pics, mildlyinfuriating, facepalm",66.0138
MrTroll420,1480,"csMajors, PhD, ApplyingToCollege, AskAcademia, gradadmissions",6.9883
Fearless-Chip6937,164,"interestingasfuck, Damnthatsinteresting, pics, mildlyinfuriating, facepalm",38.946
DonKajit,164,"interestingasfuck, Damnthatsinteresting, pics, mildlyinfuriating, facepalm",0.4657
Bitter-Estimate4667,1525,"de, Studium, Finanzen, Ratschlag, germany",0.0515
xschunka,1601,"NoStupidQuestions, AskReddit, askswitzerland, AITAH, Switzerland",2.325
SevereMushroom5592,164,"interestingasfuck, Damnthatsinteresting, pics, mildlyinfuriating, facepalm",5.331
Ordinary-Annual1429,1601,"NoStupidQuestions, AskReddit, askswitzerland, AITAH, Switzerland",8.5342
undefined0326,1240,EPFL,0
HongkongKings,1601,"NoStupidQuestions, AskReddit, askswitzerland, AITAH, Switzerland",4.4064
Green_Philosophy_301,1480,"csMajors, PhD, ApplyingToCollege, AskAcademia, gradadmissions",0.219
voldemort9289,1241,"CreditCardsIndia, travel, SwissPersonalFinance, Switzerland, zurich",0
SlipObjective5846,1242,"malehairadvice, science, Physics",0
AtwoZ139,164,"interestingasfuck, Damnthatsinteresting, pics, mildlyinfuriating, facepalm",0.2239
flipper-1703,164,"interestingasfuck, Damnthatsinteresting, pics, mildlyinfuriating, facepalm",1.0877
cami_banani,1243,"unpopularopinion, Switzerland",0
Euphoric-Momo-7,1244,"stanford, Indians_StudyAbroad, gradadmissions, EPFL",0
SignificantBluejay11,1245,quantfinance,0
chridii,1525,"de, Studium, Finanzen, Ratschlag, germany",14.0854
Unlucky-Camp-7668,1480,"csMajors, PhD, ApplyingToCollege, AskAcademia, gradadmissions",0.0284
WorldinessSuch998,1480,"csMajors, PhD, ApplyingToCollege, AskAcademia, gradadmissions",0.2415
Square_Target8391,164,"interestingasfuck, Damnthatsinteresting, pics, mildlyinfuriating, facepalm",17.0406
getshreckdindeass,1246,zurich,0
Fit-Frosting-7144,164,"interestingasfuck, Damnthatsinteresting, pics, mildlyinfuriating, facepalm",35.5057
mike445545,1247,SaaS,0
Outside_Strategy_563,1248,"paris, MachineLearning",0
Ok-Event-8709,1249,"Surface, Switzerland",0
Alarmed-Ad6452,1480,"csMajors, PhD, ApplyingToCollege, AskAcademia, gradadmissions",19.7104
PM_ME_YOUR_ANUS_PIC,1601,"NoStupidQuestions, AskReddit, askswitzerland, AITAH, Switzerland",64.3075
loitremac,1250,AnalogCommunity,0
Mishanya_lt,1251,"GenZ, gradadmissions",0
FirefighterLast6984,1601,"NoStupidQuestions, AskReddit, askswitzerland, AITAH, Switzerland",0.1094
Key_Study_1491,1252,"SwissFIRE, pcmasterrace, BUENZLI, SwissPersonalFinance, Switzerland",0
vac-ation,1601,"NoStupidQuestions, AskReddit, askswitzerland, AITAH, Switzerland",24.3881
Fabulous-Pen-6249,1253,college,0
Book_Dragon_24,1601,"NoStupidQuestions, AskReddit, askswitzerland, AITAH, Switzerland",24.8956
Midshipfilly913,1254,"labrats, zurich",0
octahedralcomplex,1255,"london, formula1",0
Kartium,1256,"20hirnzelle, basel, schwiiz, BUENZLI, askswitzerland",0
Adept-Slice,1601,"NoStupidQuestions, AskReddit, askswitzerland, AITAH, Switzerland",27.3161
itisamariel,1525,"de, Studium, Finanzen, Ratschlag, germany",0.3524
trafik_canavari,1480,"csMajors, PhD, ApplyingToCollege, AskAcademia, gradadmissions",0.1071
rocket-alpha,164,"interestingasfuck, Damnthatsinteresting, pics, mildlyinfuriating, facepalm",47.7971
Impossible_Coyote980,1480,"csMajors, PhD, ApplyingToCollege, AskAcademia, gradadmissions",1.4746
Muri_bei_Bern,1601,"NoStupidQuestions, AskReddit, askswitzerland, AITAH, Switzerland",7.069
nicolaswiths,1257,sysadmin,0
AmputatorBot,1480,"csMajors, PhD, ApplyingToCollege, AskAcademia, gradadmissions",51.9282
Unnaturalempathy,1258,"CatAdvice, germany",0
HamsterMaster355,1480,"csMajors, PhD, ApplyingToCollege, AskAcademia, gradadmissions",17.449
Friendly_Weakness_82,1259,BUENZLI,0
Common_Letterhead423,164,"interestingasfuck, Damnthatsinteresting, pics, mildlyinfuriating, facepalm",5.544
red0101blue,1601,"NoStupidQuestions, AskReddit, askswitzerland, AITAH, Switzerland",0.2959
MissCat667,1480,"csMajors, PhD, ApplyingToCollege, AskAcademia, gradadmissions",0.1671
Shaneberlin,1260,"FragReddit, StudyInTheNetherlands",0
Blimeyitsflying,164,"interestingasfuck, Damnthatsinteresting, pics, mildlyinfuriating, facepalm",0.3292
Ok_Editor8942,1480,"csMajors, PhD, ApplyingToCollege, AskAcademia, gradadmissions",13.0352
Ursm0ll,1261,"basel, UZH, Switzerland, zurich",0
OneEnvironmental9222,164,"interestingasfuck, Damnthatsinteresting, pics, mildlyinfuriating, facepalm",27.2301
Exciting_Fondant_531,1262,EPFL,0
Worried_Level_7964,1601,"NoStupidQuestions, AskReddit, askswitzerland, AITAH, Switzerland",9.1239
Delivery_all_day,1263,EPFL,0
Affectionate-Body487,1480,"csMajors, PhD, ApplyingToCollege, AskAcademia, gradadmissions",14.1258
Present_Difficulty35,1264,"OMSCS, tumunich",0
hustener,1480,"csMajors, PhD, ApplyingToCollege, AskAcademia, gradadmissions",7.7921
Blinkinage,1480,"csMajors, PhD, ApplyingToCollege, AskAcademia, gradadmissions",0.0037
Physical-Sector7854,1265,"ClaudeAI, learnmath",0
observereth,1266,askswitzerland,0
wkwkmwk,1267,BUENZLI,0
Peterjardin,1268,"askswitzerland, Switzerland",0
kaixenly,1269,gradadmissions,0
Moist_Bit_7958,1270,zurich,0
Ok-Shoe4800,1271,"quantfinance, EPFL",0
Mephisto6,1525,"de, Studium, Finanzen, Ratschlag, germany",33.4977
LePtitSuisse22,1272,"deutschememes, thinkpad",0
Grand-Swim-6210,1273,Entrepreneur,0
HarbringerOfDeath007,1480,"csMajors, PhD, ApplyingToCollege, AskAcademia, gradadmissions",0.4054
BarnabasMcTruddy,1480,"csMajors, PhD, ApplyingToCollege, AskAcademia, gradadmissions",0.8278
Hackjack619,1274,DotA2,0
Adequate_Caesar,1480,"csMajors, PhD, ApplyingToCollege, AskAcademia, gradadmissions",0.3361
iZafiro,1480,"csMajors, PhD, ApplyingToCollege, AskAcademia, gradadmissions",11.444
NextInvestigator6585,1275,EPFL,0
dushmanim,164,"interestingasfuck, Damnthatsinteresting, pics, mildlyinfuriating, facepalm",25.7795
wxc3,164,"interestingasfuck, Damnthatsinteresting, pics, mildlyinfuriating, facepalm",28.1632
Just_Brilliant8893,1276,"ClaudeAI, ChatGPT",0
blueminerva,1277,"OpenAI, linkedin",0
Personal-Part2465,1278,"Big4, askswitzerland",0
trustedexecutor,830,"SteamDeck, Italia, German, europe, ObsidianMD",0.3409
Koordinate_,1525,"de, Studium, Finanzen, Ratschlag, germany",0.461
LudovicoLax,1480,"csMajors, PhD, ApplyingToCollege, AskAcademia, gradadmissions",0.1596
dr_jan_itor,1601,"NoStupidQuestions, AskReddit, askswitzerland, AITAH, Switzerland",10.5367
Pitiful_Tell_8967,1480,"csMajors, PhD, ApplyingToCollege, AskAcademia, gradadmissions",0.3907
Kickback476,1480,"csMajors, PhD, ApplyingToCollege, AskAcademia, gradadmissions",11.6473
alantima25,1601,"NoStupidQuestions, AskReddit, askswitzerland, AITAH, Switzerland",0.0271
MainDance8530,1279,UZH,0
Ok_Schedule_4396,1525,"de, Studium, Finanzen, Ratschlag, germany",0.0657
DejectedWindex,1280,IBO,0
bvllss,1281,German,0
Lovetrickychannels10,1282,Brazil,0
tech4throwaway1,1480,"csMajors, PhD, ApplyingToCollege, AskAcademia, gradadmissions",30.0768
salibas,1283,cscareerquestionsEU,0
SilverThunderbolt,1480,"csMajors, PhD, ApplyingToCollege, AskAcademia, gradadmissions",0.0338
Ready_Suggestion_265,1480,"csMajors, PhD, ApplyingToCollege, AskAcademia, gradadmissions",0.1282
Artistic-Ad6384,1284,"KaIT, studying_in_germany",0
ComposerDizzy1246,1480,"csMajors, PhD, ApplyingToCollege, AskAcademia, gradadmissions",7.2787
Chiny_M47,1480,"csMajors, PhD, ApplyingToCollege, AskAcademia, gradadmissions",0.0158
Cautious-Eagle2577,1285,"funnyvideos, mapporncirclejerk, SwissPersonalFinance, Switzerland, zurich",0
Ok-Paleontologist878,1286,pics,0
Away_Investigator784,1287,"chipdesign, ECE, gradadmissions",0
Willing_Ad_9955,1288,EPFL,0
ReliefTypical4407,1525,"de, Studium, Finanzen, Ratschlag, germany",5.5766
Individual_Yak_1176,1289,math,0
AdventurousDrummer97,1480,"csMajors, PhD, ApplyingToCollege, AskAcademia, gradadmissions",11.8186
IIIIIIove,1480,"csMajors, PhD, ApplyingToCollege, AskAcademia, gradadmissions",3.6295
Cyberspace_Sorcerer,164,"interestingasfuck, Damnthatsinteresting, pics, mildlyinfuriating, facepalm",32.2426
puffVortex,164,"interestingasfuck, Damnthatsinteresting, pics, mildlyinfuriating, facepalm",0.4629
TimeTeleporter,1290,"dankmemes, ObsidianMD, BUENZLI, Switzerland",0
SLAVUNVISC,1525,"de, Studium, Finanzen, Ratschlag, germany",21.3674
niiiils,1480,"csMajors, PhD, ApplyingToCollege, AskAcademia, gradadmissions",0.8455
MySuperCooki,1480,"csMajors, PhD, ApplyingToCollege, AskAcademia, gradadmissions",0.388
Capable_Spare_7464,1291,"gradadmissions, EPFL",0
First-Page-9296,1292,Morocco,0
Alarming_Intern8713,1293,"gradadmissions, zurich",0
Ripjaw9745,164,"interestingasfuck, Damnthatsinteresting, pics, mildlyinfuriating, facepalm",0.0305
chiragshetty1509,1480,"csMajors, PhD, ApplyingToCollege, AskAcademia, gradadmissions",7.1871
Fit_Outcome5051,1294,zurich,0
Euphoric-Raise2978,1295,EPFL,0
matiss29,1601,"NoStupidQuestions, AskReddit, askswitzerland, AITAH, Switzerland",0.0173
Rock_on717,1296,EPFL,0
Yggdrasil703,1297,"6thForm, interestingasfuck, FinancialCareers",0
Zealousideal-Gap-407,1298,"basel, UZH",0
Ill_Examination_2648,1480,"csMajors, PhD, ApplyingToCollege, AskAcademia, gradadmissions",10.4455
GigioBigio777,1480,"csMajors, PhD, ApplyingToCollege, AskAcademia, gradadmissions",0.1727
Infamous-Reaction647,1299,EPFL,0
Advanced-Emphasis223,1300,tumunich,0
Headz0r,1301,"computerscience, BUENZLI, Switzerland",0
hyperfinesplitting,1480,"csMajors, PhD, ApplyingToCollege, AskAcademia, gradadmissions",0.0695
West_Animal_4455,1480,"csMajors, PhD, ApplyingToCollege, AskAcademia, gradadmissions",4.5305
LitoBrooks,1601,"NoStupidQuestions, AskReddit, askswitzerland, AITAH, Switzerland",35.3758
Peschinator,164,"interestingasfuck, Damnthatsinteresting, pics, mildlyinfuriating, facepalm",2.6
Left_Illustrator_743,1302,"suisse, askswitzerland",0
lilisushi,1303,"cscareerquestionsEU, EPFL",0
Sure_Selection_9944,1480,"csMajors, PhD, ApplyingToCollege, AskAcademia, gradadmissions",2.4139
Sudden-Paramedic-137,1304,samsunggalaxy,0
Dull_Block5054,1305,"books, suggestmeabook, gradadmissions",0
VXNquire,1306,quant,0
Goat_grove,1307,harrypotter,0
MadridISC,1525,"de, Studium, Finanzen, Ratschlag, germany",1.1699
Klutzy_Supermarket87,1308,"recruitinghell, StudyInTheNetherlands, askswitzerland, Switzerland, zurich",0
GalacticNova360,1480,"csMajors, PhD, ApplyingToCollege, AskAcademia, gradadmissions",3.7917
Spiky-Penguin2023,1480,"csMajors, PhD, ApplyingToCollege, AskAcademia, gradadmissions",8.0202
nilsw99,1309,"Colognes, FinancialCareers",0
Aira_Gaira,164,"interestingasfuck, Damnthatsinteresting, pics, mildlyinfuriating, facepalm",0.4751
JvM_Photography,1525,"de, Studium, Finanzen, Ratschlag, germany",0.2601
Glad-Stand,1310,"Switzerland, zurich",0
haffi112,1311,"ClaudeAI, AskReddit",0
Independent_Algae358,1480,"csMajors, PhD, ApplyingToCollege, AskAcademia, gradadmissions",1.3167
Sad_Humor_5306,1480,"csMajors, PhD, ApplyingToCollege, AskAcademia, gradadmissions",1.8904
lordnacho666,164,"interestingasfuck, Damnthatsinteresting, pics, mildlyinfuriating, facepalm",56.8425
PeePeePooPoo-12,1480,"csMajors, PhD, ApplyingToCollege, AskAcademia, gradadmissions",5.5258
Charming_Stable4481,1480,"csMajors, PhD, ApplyingToCollege, AskAcademia, gradadmissions",0.0037
cryptoislife_k,1601,"NoStupidQuestions, AskReddit, askswitzerland, AITAH, Switzerland",63.6359
ShotAd7037,1480,"csMajors, PhD, ApplyingToCollege, AskAcademia, gradadmissions",3.6377
BossBobsBaby,164,"interestingasfuck, Damnthatsinteresting, pics, mildlyinfuriating, facepalm",7.0328
peynirlibaklava31,1312,liseliler,0
Ok-Independent-6167,164,"interestingasfuck, Damnthatsinteresting, pics, mildlyinfuriating, facepalm",0.2716
Playful_Beat_808,1313,"greece, UZH, zurich",0
Fantastic_Okra_5315,1314,kth,0
endlezzfacepalm,1480,"csMajors, PhD, ApplyingToCollege, AskAcademia, gradadmissions",6.3199
Odd-Cat1028,1315,EPFL,0
TripMajestic8053,1601,"NoStupidQuestions, AskReddit, askswitzerland, AITAH, Switzerland",26.6846
Old-Daikon7545,1316,EPFL,0
External-Ostrich-328,1480,"csMajors, PhD, ApplyingToCollege, AskAcademia, gradadmissions",8.0346
iMadz13,1559,"Universitaly, ItaliaPersonalFinance, CasualIT, Italia, ItaliaCareerAdvice",2.2696
ConfidentUsual8992,1601,"NoStupidQuestions, AskReddit, askswitzerland, AITAH, Switzerland",10.14
CrawlyCrawler999,164,"interestingasfuck, Damnthatsinteresting, pics, mildlyinfuriating, facepalm",0.6086
Titlerguy,1317,"JEENEETards, askswitzerland, Switzerland, zurich",0
Strong-Boat-4942,1318,TUDelft,0
Vampienne,1319,SteamDeck,0
MuffinPurperGuk,164,"interestingasfuck, Damnthatsinteresting, pics, mildlyinfuriating, facepalm",0.1801
LomboCom,1559,"Universitaly, ItaliaPersonalFinance, CasualIT, Italia, ItaliaCareerAdvice",0.266
HEIG-VD,1601,"NoStupidQuestions, AskReddit, askswitzerland, AITAH, Switzerland",0.4067
Diligent-Pear815,1480,"csMajors, PhD, ApplyingToCollege, AskAcademia, gradadmissions",3.122
dormalin,1320,Finanzen,0
chronoslayerss,164,"interestingasfuck, Damnthatsinteresting, pics, mildlyinfuriating, facepalm",23.3807
MongeringMongoose,1559,"Universitaly, ItaliaPersonalFinance, CasualIT, Italia, ItaliaCareerAdvice",4.0968
theSSDON,1480,"csMajors, PhD, ApplyingToCollege, AskAcademia, gradadmissions",0.0091
Quinlin65,1601,"NoStupidQuestions, AskReddit, askswitzerland, AITAH, Switzerland",2.5688
Patient-Potential-22,1525,"de, Studium, Finanzen, Ratschlag, germany",12.8026
Beorn504,1321,ChatGPT,0
bib_sca,1322,autism,0
Professional_Cod_371,1480,"csMajors, PhD, ApplyingToCollege, AskAcademia, gradadmissions",0.6206
Playful-Swing-8530,1323,studying_in_germany,0
melodyfeng2019,1324,"AskFrance, PhD, gradadmissions",0
tropical_waterfall,164,"interestingasfuck, Damnthatsinteresting, pics, mildlyinfuriating, facepalm",11.3321
Adylala,1601,"NoStupidQuestions, AskReddit, askswitzerland, AITAH, Switzerland",0.1534
5w49m4573r,1325,PcBuildHelp,0
Ok-Environment8730,1480,"csMajors, PhD, ApplyingToCollege, AskAcademia, gradadmissions",8.5899
Acceptable_Brain_405,1480,"csMajors, PhD, ApplyingToCollege, AskAcademia, gradadmissions",0.0238
Gray32339,1326,playstation,0
Swimming_Cherry_8046,1327,zurich,0
bdotpeach,1601,"NoStupidQuestions, AskReddit, askswitzerland, AITAH, Switzerland",1.0887
Humble_Revason,1601,"NoStupidQuestions, AskReddit, askswitzerland, AITAH, Switzerland",7.0562
MatejMecka,1328,EPFL,0
No_Responsibility316,1329,"dating, dating_advice",0
EugenExplosive,1480,"csMajors, PhD, ApplyingToCollege, AskAcademia, gradadmissions",4.1024
Squirrel7361,1480,"csMajors, PhD, ApplyingToCollege, AskAcademia, gradadmissions",0.0281
dunaskdunyou,1330,askgaybros,0
amyipdev,1601,"NoStupidQuestions, AskReddit, askswitzerland, AITAH, Switzerland",0.3929
bosonsXfermions,1480,"csMajors, PhD, ApplyingToCollege, AskAcademia, gradadmissions",22.9587
Trick-Abies9254,1331,"BreakUps, askswitzerland, Switzerland",0
LowKeyTree28,1480,"csMajors, PhD, ApplyingToCollege, AskAcademia, gradadmissions",1.3949
ExpertPainting4300,1332,"GradSchool, EPFL",0
Round-Transition-150,1480,"csMajors, PhD, ApplyingToCollege, AskAcademia, gradadmissions",10.0601
donotdrugs,1525,"de, Studium, Finanzen, Ratschlag, germany",37.515
4Dort,1480,"csMajors, PhD, ApplyingToCollege, AskAcademia, gradadmissions",0.0254
Upstairs_Being290,164,"interestingasfuck, Damnthatsinteresting, pics, mildlyinfuriating, facepalm",13.6619
Grozfroz,1480,"csMajors, PhD, ApplyingToCollege, AskAcademia, gradadmissions",10.1722
iYolik,1333,"DTU, bern, EPFL",0
LivingFarmer3239,1480,"csMajors, PhD, ApplyingToCollege, AskAcademia, gradadmissions",0.2712
paegrampaging,1334,"uwaterloo, ElectricalEngineering",0
DigCreative4961,164,"interestingasfuck, Damnthatsinteresting, pics, mildlyinfuriating, facepalm",0.0894
I-need-answers_0,1525,"de, Studium, Finanzen, Ratschlag, germany",3.5094
gregpr07,1480,"csMajors, PhD, ApplyingToCollege, AskAcademia, gradadmissions",0.262
Due-Cabinet9016,1480,"csMajors, PhD, ApplyingToCollege, AskAcademia, gradadmissions",5.7339
sir_ipad_newton,1480,"csMajors, PhD, ApplyingToCollege, AskAcademia, gradadmissions",6.8141
Emotional_Ad7055,1480,"csMajors, PhD, ApplyingToCollege, AskAcademia, gradadmissions",15.786
ololtsg,1525,"de, Studium, Finanzen, Ratschlag, germany",42.5077
DragonfruitFinal5550,1335,"gradadmissions, EPFL",0
Jaded_Spot2527,1336,askswitzerland,0
24kvolt,1337,"UofT, csMajors",0
SwissFinances,1338,askswitzerland,0
drakanoy,1339,mapporncirclejerk,0
Vivid-Somewhere-736,1340,MSCS,0
FruitProfessional599,1480,"csMajors, PhD, ApplyingToCollege, AskAcademia, gradadmissions",13.5504
DanilloElPillo,1341,geneva,0
Kind-Health9211,1342,EPFL,0
Sudden_Necessary_517,1480,"csMajors, PhD, ApplyingToCollege, AskAcademia, gradadmissions",16.835
Individual-Arm-6229,1343,UniSG,0
stirnerssohn,1344,askswitzerland,0
Chobibubu,1345,SideProject,0
Fit-Pineapple3569,1346,"ETFs, quantfinance",0
Secure-Resident-7772,1480,"csMajors, PhD, ApplyingToCollege, AskAcademia, gradadmissions",7.0714
Fluffy_Addendum5441,1347,Netherlands,0
Mindless_Seesaw5688,1601,"NoStupidQuestions, AskReddit, askswitzerland, AITAH, Switzerland",4.2003
partTime-alcoholic,1348,"eurovision, teenagers",0
internaut401,1480,"csMajors, PhD, ApplyingToCollege, AskAcademia, gradadmissions",6.0187
shirohigeAni,1480,"csMajors, PhD, ApplyingToCollege, AskAcademia, gradadmissions",0.2809
TheRogoc,1349,"AppleWatch, zurich",0
Dull_Blueberry2315,1350,REU,0
Super-Ant-3662,1351,quant,0
fullybearded_,1352,"Python, passive_income",0
LucaDarioBuetzberger,164,"interestingasfuck, Damnthatsinteresting, pics, mildlyinfuriating, facepalm",30.2313
Impressive-Desk2576,1525,"de, Studium, Finanzen, Ratschlag, germany",5.0694
Other_Theory2845,1353,Switzerland,0
Haunting_Lake2391,1354,"quantfinance, MSCS",0
angremaruu,1601,"NoStupidQuestions, AskReddit, askswitzerland, AITAH, Switzerland",4.0684
ze_euler,1355,EPFL,0
Swiss-Name,164,"interestingasfuck, Damnthatsinteresting, pics, mildlyinfuriating, facepalm",11.6705
rober_tone,1356,zurich,0
Lonely-Mountain104,164,"interestingasfuck, Damnthatsinteresting, pics, mildlyinfuriating, facepalm",27.4582
Naleed69,1357,FinanzenAT,0
pastaisyellow,1358,"labrats, AskAcademia",0
username1234abcaq,1359,"IWantOut, AskEurope, MapPorn",0
ohmymind_123,1525,"de, Studium, Finanzen, Ratschlag, germany",17.0285
Successful-Refuse-65,1360,EPFL,0
Direct_Web5159,1361,gradadmissions,0
ComfortableHell,1525,"de, Studium, Finanzen, Ratschlag, germany",5.7315
AllFinator,1362,"MMORPG, 2westerneurope4u, buildapc",0
Disastrous-Prompt-65,1480,"csMajors, PhD, ApplyingToCollege, AskAcademia, gradadmissions",1.004
Jazzlike_Writing_473,1363,arbeitsleben,0
Vono_,1601,"NoStupidQuestions, AskReddit, askswitzerland, AITAH, Switzerland",1.016
ifarahat,1480,"csMajors, PhD, ApplyingToCollege, AskAcademia, gradadmissions",4.5902
Numerous_Holiday_257,1364,"tennis, Morocco",0
Historical_Link_142,1365,"MITAdmissions, REU",0
laurenzlrz,1366,Studium,0
Proud-Anywhere5916,1525,"de, Studium, Finanzen, Ratschlag, germany",18.151
freechoice,1480,"csMajors, PhD, ApplyingToCollege, AskAcademia, gradadmissions",4.4127
la_catwalker,164,"interestingasfuck, Damnthatsinteresting, pics, mildlyinfuriating, facepalm",5.6133
Loginhe,1367,EPFL,0
Even-Lingonberry1308,1368,"popculture, interestingasfuck, suisse, SwissPersonalFinance, Switzerland",0
dubidu1212,1369,physicsmemes,0
D-Tie1981,164,"interestingasfuck, Damnthatsinteresting, pics, mildlyinfuriating, facepalm",0.0531
InevitableAd7554,1601,"NoStupidQuestions, AskReddit, askswitzerland, AITAH, Switzerland",4.8374
justforfunbruh,1370,nba,0
jziauz82,1480,"csMajors, PhD, ApplyingToCollege, AskAcademia, gradadmissions",2.1714
levu12,1480,"csMajors, PhD, ApplyingToCollege, AskAcademia, gradadmissions",14.6925
Additional-Maybe7788,1371,"PhDAdmissions, PhD",0
thayla00,1372,"chemistry, SwissPersonalFinance, askswitzerland",0
cheesecake_lover0,1480,"csMajors, PhD, ApplyingToCollege, AskAcademia, gradadmissions",12.7685
flup52,164,"interestingasfuck, Damnthatsinteresting, pics, mildlyinfuriating, facepalm",0.1592
ScuttleScrub,164,"interestingasfuck, Damnthatsinteresting, pics, mildlyinfuriating, facepalm",1.4706
Subject-Version404,1373,"LMUMunich, EPFL",0
Fun-Researcher-1983,1374,"tuberlin, cscareerquestionsEU",0
Dazzling_Push3769,1375,stanford,0
Eeeaeeeeie,1376,zurich,0
swissplantdaddy,1601,"NoStupidQuestions, AskReddit, askswitzerland, AITAH, Switzerland",40.5526
Winter_Ambassador967,1377,UZH,0
ConfidenceUnited3757,1480,"csMajors, PhD, ApplyingToCollege, AskAcademia, gradadmissions",11.5455
Ok_Jellyfish_1691,1378,"Erasmus, UZH, EPFL",0
Internal-Attitude449,1379,"bikewrench, CERN",0
Connect-Ad8454,1480,"csMajors, PhD, ApplyingToCollege, AskAcademia, gradadmissions",0.5252
West-Tradition-200,1380,"gradadmissions, EPFL",0
Informal-Doubt-862,1525,"de, Studium, Finanzen, Ratschlag, germany",4.7731
kpdecosta,1381,"tumunich, gradadmissions",0
Ok_Criticism_1290,1382,TUDelft,0
Not-A-Barbie-Girl,1383,"TUDelft, gradadmissions",0
FewDiver9642,1480,"csMajors, PhD, ApplyingToCollege, AskAcademia, gradadmissions",0.0077
seaurchin2009,1384,"Revolut, AskUK",0
butterbur-shoot,1385,"UZH, zurich",0
Intelligent-Cry1284,1386,AskFrance,0
choccaramel,1480,"csMajors, PhD, ApplyingToCollege, AskAcademia, gradadmissions",2.2867
Only-Mistake-2796,1387,"alevel, askswitzerland",0
Legitimate-Bit-5745,1480,"csMajors, PhD, ApplyingToCollege, AskAcademia, gradadmissions",0.4389
Prudent_healing,1480,"csMajors, PhD, ApplyingToCollege, AskAcademia, gradadmissions",25.6967
zomb1,1601,"NoStupidQuestions, AskReddit, askswitzerland, AITAH, Switzerland",8.5703
JainiPatel,1388,"leetcode, cscareerquestionsEU",0
Moteke,1480,"csMajors, PhD, ApplyingToCollege, AskAcademia, gradadmissions",0.0037
Leading-Ad-9772,1480,"csMajors, PhD, ApplyingToCollege, AskAcademia, gradadmissions",0.8374
Neuronous01,1480,"csMajors, PhD, ApplyingToCollege, AskAcademia, gradadmissions",15.7404
Suspicious_March_849,1389,"PcBuild, pcmasterrace, Switzerland, zurich",0
Swarilord,1390,askswitzerland,0
Brilliant_Soft_2878,1391,UZH,0
Difficult_Ask_1253,1392,OrganicChemistry,0
Next-Case-9923,1393,zurich,0
SurroundUnlucky2011,1394,zurich,0
Puzzleheaded_Work191,1395,"schwiiz, Switzerland",0
Particular_Total_662,1396,"PassportPorn, UZH, Switzerland",0
Lucky-Locksmith6115,1397,MachineLearning,0
Plastic_Base_8823,1398,"GlowUps, zurich",0
robob0i,1399,robotics,0
GimmeGimme2323,1480,"csMajors, PhD, ApplyingToCollege, AskAcademia, gradadmissions",0.0526
Electrical-Round-724,1480,"csMajors, PhD, ApplyingToCollege, AskAcademia, gradadmissions",13.3898
Longjumping_Drink124,1400,ApplyingToCollege,0
GaptistePlayer,164,"interestingasfuck, Damnthatsinteresting, pics, mildlyinfuriating, facepalm",64.2828
Alifia_Fowl,1401,"nus, gradadmissions",0
AdBitter7690,1480,"csMajors, PhD, ApplyingToCollege, AskAcademia, gradadmissions",0.1774
Jezza1337,1480,"csMajors, PhD, ApplyingToCollege, AskAcademia, gradadmissions",12.2136
WrongSir6729,164,"interestingasfuck, Damnthatsinteresting, pics, mildlyinfuriating, facepalm",0.3165
FirefighterFar3147,1480,"csMajors, PhD, ApplyingToCollege, AskAcademia, gradadmissions",0.1841
CarpenterJust9001,1402,"CATpreparation, SchengenVisa",0
AdvantageStunning568,1601,"NoStupidQuestions, AskReddit, askswitzerland, AITAH, Switzerland",0.3696
TheRealDatapunk,1480,"csMajors, PhD, ApplyingToCollege, AskAcademia, gradadmissions",0.3798
Minimum_Blueberry311,1480,"csMajors, PhD, ApplyingToCollege, AskAcademia, gradadmissions",2.2864
CommunicationLow3434,1403,"books, suggestmeabook, mildlyinfuriating, BUENZLI",0
dada_georges360,164,"interestingasfuck, Damnthatsinteresting, pics, mildlyinfuriating, facepalm",17.2463
Exotic_Zucchini9311,164,"interestingasfuck, Damnthatsinteresting, pics, mildlyinfuriating, facepalm",46.4844
PenombraET,1404,Universitaly,0
Electronic-Mouse-312,1405,"taiwan, kth, gradadmissions",0
AloneEmploy150,1480,"csMajors, PhD, ApplyingToCollege, AskAcademia, gradadmissions",0.3146
yachall007,1480,"csMajors, PhD, ApplyingToCollege, AskAcademia, gradadmissions",0.3352
ObjectComfortable988,1525,"de, Studium, Finanzen, Ratschlag, germany",1.5545
OneMacADay,1601,"NoStupidQuestions, AskReddit, askswitzerland, AITAH, Switzerland",0.7399
Elsonbat,1480,"csMajors, PhD, ApplyingToCollege, AskAcademia, gradadmissions",1.9704
Citrus_Singer,1525,"de, Studium, Finanzen, Ratschlag, germany",0.6519
alani_11,1406,"cmu, CERN",0
Basic-Pay-9535,1480,"csMajors, PhD, ApplyingToCollege, AskAcademia, gradadmissions",0.9377
Actual-Gas-9156,1407,tumunich,0
Comfortable-Low3018,1408,germany,0
Soggy-Shape-8283,1409,"pcmasterrace, suisse, zurich",0
Ok_Firefighter_2828,164,"interestingasfuck, Damnthatsinteresting, pics, mildlyinfuriating, facepalm",0.8012
Intelligent-Roll2833,1410,productivity,0
ThatAlexGuy5,1411,gradadmissions,0
biochemistryislife1,1480,"csMajors, PhD, ApplyingToCollege, AskAcademia, gradadmissions",1.4328
WeakOpening6695,1412,Italia,0
Delicious-Tea-4614,1525,"de, Studium, Finanzen, Ratschlag, germany",7.6093
Total_Goose6756,1525,"de, Studium, Finanzen, Ratschlag, germany",0.5097
swissmoneydude,1601,"NoStupidQuestions, AskReddit, askswitzerland, AITAH, Switzerland",10.7766
ObviousScience293,1413,"Austria, wien",0
Tschoesi,1525,"de, Studium, Finanzen, Ratschlag, germany",2.4621
Pristine_Recording97,1480,"csMajors, PhD, ApplyingToCollege, AskAcademia, gradadmissions",1.3265
Practical-Tip-5146,1414,CERN,0
The_mad_Raccon,1525,"de, Studium, Finanzen, Ratschlag, germany",57.9763
Alone-Ad-8524,1415,"europe, askswitzerland, zurich",0
MikeDLother,1416,"istanbul, basel, askswitzerland, Switzerland",0
GlassCommercial7105,1601,"NoStupidQuestions, AskReddit, askswitzerland, AITAH, Switzerland",69.4123
Mean_Spinach_8721,1480,"csMajors, PhD, ApplyingToCollege, AskAcademia, gradadmissions",10.3933
Ecstatic-Traffic-118,1480,"csMajors, PhD, ApplyingToCollege, AskAcademia, gradadmissions",26.9895
eesaa_ag,1417,PcBuild,0
simoneTBIR,1480,"csMajors, PhD, ApplyingToCollege, AskAcademia, gradadmissions",0.3779
M-E_Ration4004,1480,"csMajors, PhD, ApplyingToCollege, AskAcademia, gradadmissions",2.3169
Automatic_Balance_39,1418,"QuantumComputing, ElectricalEngineering",0
Mobile_Metal_7418,1480,"csMajors, PhD, ApplyingToCollege, AskAcademia, gradadmissions",0.4833
NedoKun,1419,"SwissPersonalFinance, zurich",0
TheSavageEelke,1420,moviecritic,0
Cano2744,1480,"csMajors, PhD, ApplyingToCollege, AskAcademia, gradadmissions",0.0349
S_rto,1421,"Universitaly, EPFL",0
marc-kl,1480,"csMajors, PhD, ApplyingToCollege, AskAcademia, gradadmissions",0.0552
hey515,1601,"NoStupidQuestions, AskReddit, askswitzerland, AITAH, Switzerland",0.0772
EntertainmentFit5682,1480,"csMajors, PhD, ApplyingToCollege, AskAcademia, gradadmissions",0.7234
Able-Dot8892,1480,"csMajors, PhD, ApplyingToCollege, AskAcademia, gradadmissions",0.2477
Fun_Cupcake1032,1422,france,0
UpstairsTaxi,1480,"csMajors, PhD, ApplyingToCollege, AskAcademia, gradadmissions",0.0358
OG-ogguo,1480,"csMajors, PhD, ApplyingToCollege, AskAcademia, gradadmissions",10.0694
ecco256,1601,"NoStupidQuestions, AskReddit, askswitzerland, AITAH, Switzerland",4.8268
justyannicc,164,"interestingasfuck, Damnthatsinteresting, pics, mildlyinfuriating, facepalm",34.2754
sudoPURGE,1423,"Entrepreneur, expats, askswitzerland, Switzerland, zurich",0
Feeling_Door1063,1480,"csMajors, PhD, ApplyingToCollege, AskAcademia, gradadmissions",0.3237
FunnyExcellent707,1601,"NoStupidQuestions, AskReddit, askswitzerland, AITAH, Switzerland",60.8614
Complete-Product5589,1424,gradadmissions,0
GloveZealousideal458,1525,"de, Studium, Finanzen, Ratschlag, germany",2.0077
Rusty5th,1601,"NoStupidQuestions, AskReddit, askswitzerland, AITAH, Switzerland",21.225
EmbarrassedSpace4526,1425,EPFL,0
Capital_Climate8709,1426,"Indians_StudyAbroad, gradadmissions",0
michisgouro9,164,"interestingasfuck, Damnthatsinteresting, pics, mildlyinfuriating, facepalm",0.1847
ThirdCaptain,1427,"onebag, hiking, ireland, askswitzerland, Switzerland",0
Terrible-Chicken-426,1428,"sysadmin, FPGA, MachineLearning, askswitzerland, Switzerland",0
EmploymentTough4172,1480,"csMajors, PhD, ApplyingToCollege, AskAcademia, gradadmissions",0.1195
Hnriek,1429,"japan, Tokyo, SwissPersonalFinance, Switzerland",0
yannynotlaurel,164,"interestingasfuck, Damnthatsinteresting, pics, mildlyinfuriating, facepalm",63.5078
ProfessionalOdd4696,1430,Imperial,0
Careful-Load9813,1559,"Universitaly, ItaliaPersonalFinance, CasualIT, Italia, ItaliaCareerAdvice",8.3654
SnooComics836,1431,statistics,0
Extension-Economy-78,1480,"csMajors, PhD, ApplyingToCollege, AskAcademia, gradadmissions",0.1436
Jaegerhell,1432,greece,0
Feeling-Sea-4103,1433,"TrueOffMyChest, suggestmeabook, AskReddit",0
Abject_Pie5984,1434,"UZH, askswitzerland, Switzerland, zurich",0
Opening-Phrase9680,1435,"CFA, zurich",0
anfneub,1436,"Universitaly, EPFL, askswitzerland",0
Vansh_Deep1206,1437,Indians_StudyAbroad,0
Ambitious_Bite_4075,1438,"AskMenAdvice, EPFL",0
Ok-Spread-4817,1439,"Turkey, europe",0
FreeCryptographer467,1480,"csMajors, PhD, ApplyingToCollege, AskAcademia, gradadmissions",0.4488
Emotional_Bird2660,1440,germany,0
cheerfulbrownies,1441,Switzerland,0
Open-Inflation-796,1442,"LMUMunich, tumunich, EPFL",0
Potential_Pepper6873,1443,Indians_StudyAbroad,0
Xhyshi,1444,"bocconi, interestingasfuck, zurich",0
12thingsilove,1445,"PhD, tumunich",0
IMJorose,1480,"csMajors, PhD, ApplyingToCollege, AskAcademia, gradadmissions",20.4489
nruqr,1446,gradadmissions,0
Yeetymcyeetface6969,1447,"PokemonTCG, chess",0
LegitimateTruth1778,1525,"de, Studium, Finanzen, Ratschlag, germany",2.9226
winter_cockroach_99,1480,"csMajors, PhD, ApplyingToCollege, AskAcademia, gradadmissions",16.9478
Admirable-Key-6935,1448,mcgill,0
Any-Sea264,1480,"csMajors, PhD, ApplyingToCollege, AskAcademia, gradadmissions",7.7484
Superb-Donut1181,1449,"quantfinance, EPFL",0
SizzleFassizzle,1525,"de, Studium, Finanzen, Ratschlag, germany",0.567
BlockOfASeagull,164,"interestingasfuck, Damnthatsinteresting, pics, mildlyinfuriating, facepalm",63.1828
Alternative_Wave793,164,"interestingasfuck, Damnthatsinteresting, pics, mildlyinfuriating, facepalm",1.9888
ItsAllGoodMannnnn,1480,"csMajors, PhD, ApplyingToCollege, AskAcademia, gradadmissions",3.1598
Dry_Negotiation_6993,1450,"TUDelft, gradadmissions",0
CarthagoEagle,1480,"csMajors, PhD, ApplyingToCollege, AskAcademia, gradadmissions",0.2134
Motor-Lime-5344,1559,"Universitaly, ItaliaPersonalFinance, CasualIT, Italia, ItaliaCareerAdvice",0.4204
AlKa9_,164,"interestingasfuck, Damnthatsinteresting, pics, mildlyinfuriating, facepalm",19.5412
huntsalone01,1451,"AnalogCommunity, gradadmissions",0
BusyBees426,1452,EPFL,0
ale3006,1453,EPFL,0
Hot_Elevator_8986,1454,zurich,0
PazzoDiPizza44,164,"interestingasfuck, Damnthatsinteresting, pics, mildlyinfuriating, facepalm",0.5798
immabefine999,1455,"wallstreetbets, AITAH",0
shenanigabs,1480,"csMajors, PhD, ApplyingToCollege, AskAcademia, gradadmissions",2.708
Otto_von_Boismarck,1601,"NoStupidQuestions, AskReddit, askswitzerland, AITAH, Switzerland",40.4467
Appropriate_Ad7075,1480,"csMajors, PhD, ApplyingToCollege, AskAcademia, gradadmissions",0.087
Signal-Brief-284,1456,"tuberlin, Indians_StudyAbroad",0
Weak_Welder3328,1457,EPFL,0
Sure_Manner_7248,1480,"csMajors, PhD, ApplyingToCollege, AskAcademia, gradadmissions",1.5526
imsorryken,164,"interestingasfuck, Damnthatsinteresting, pics, mildlyinfuriating, facepalm",38.8981
MourdineTheViking,1480,"csMajors, PhD, ApplyingToCollege, AskAcademia, gradadmissions",0.5541
NotmyyUsername95,1458,ItaliaCareerAdvice,0
secPunizzl,1459,confession,0
Chiefrockano1,164,"interestingasfuck, Damnthatsinteresting, pics, mildlyinfuriating, facepalm",0.5084
Moon_003,1460,"Studium, askswitzerland, Switzerland",0
Humble-Drop129,1461,Universitaly,0
M4a1x,1462,AskReddit,0
B_L_G_2005,1480,"csMajors, PhD, ApplyingToCollege, AskAcademia, gradadmissions",0.1051
Legitimate-Boss-6658,1480,"csMajors, PhD, ApplyingToCollege, AskAcademia, gradadmissions",3.3495
Otherwise_Lychee_33,164,"interestingasfuck, Damnthatsinteresting, pics, mildlyinfuriating, facepalm",30.8946
FaithlessnessDry4267,1463,gradadmissions,0
CompetitiveKey7023,1464,Indians_StudyAbroad,0
vanamerongen,164,"interestingasfuck, Damnthatsinteresting, pics, mildlyinfuriating, facepalm",50.8966
cmonosh,1480,"csMajors, PhD, ApplyingToCollege, AskAcademia, gradadmissions",4.806
Due_Ordinary_7962,1465,zurich,0
No_Pea_2838,1480,"csMajors, PhD, ApplyingToCollege, AskAcademia, gradadmissions",0.5427
zeoNoeN,1525,"de, Studium, Finanzen, Ratschlag, germany",20.3837
Glittering-Cycle4118,1525,"de, Studium, Finanzen, Ratschlag, germany",8.5515
Dry_Date_6462,164,"interestingasfuck, Damnthatsinteresting, pics, mildlyinfuriating, facepalm",6.6539
floppypoppyl,164,"interestingasfuck, Damnthatsinteresting, pics, mildlyinfuriating, facepalm",5.9566
Helpful_Emergency_70,1480,"csMajors, PhD, ApplyingToCollege, AskAcademia, gradadmissions",0.6687
Tiny-Cup-9122,164,"interestingasfuck, Damnthatsinteresting, pics, mildlyinfuriating, facepalm",41.3566
ProperMerlin,1466,"AITAH, Switzerland",0
jingyenn,1467,"macbook, cscareerquestions",0
weedinmyblunt,1525,"de, Studium, Finanzen, Ratschlag, germany",2.7025
ExpensiveRead,1480,"csMajors, PhD, ApplyingToCollege, AskAcademia, gradadmissions",0.514
nizzybad,1480,"csMajors, PhD, ApplyingToCollege, AskAcademia, gradadmissions",9.0412
Chance-Program1488,1468,gradadmissions,0
Jubijub,164,"interestingasfuck, Damnthatsinteresting, pics, mildlyinfuriating, facepalm",37.1079
AlperParlak2009,1480,"csMajors, PhD, ApplyingToCollege, AskAcademia, gradadmissions",6.2714
Southern_Milk_2913,1559,"Universitaly, ItaliaPersonalFinance, CasualIT, Italia, ItaliaCareerAdvice",0.4115
RoIf,164,"interestingasfuck, Damnthatsinteresting, pics, mildlyinfuriating, facepalm",52.3797
Crazy_Logician,1469,"LaTeX, EPFL",0
Username396,164,"interestingasfuck, Damnthatsinteresting, pics, mildlyinfuriating, facepalm",2.988
S_L_U_SH,1470,LooksmaxingAdvice,0
Puzzleheaded-Cell523,1559,"Universitaly, ItaliaPersonalFinance, CasualIT, Italia, ItaliaCareerAdvice",10.5565
Jazzlike_Rock_1985,1471,"UZH, askswitzerland, zurich",0
Equivalent_Ship_1379,1472,"AskReddit, gradadmissions",0
zenAndYogui,1480,"csMajors, PhD, ApplyingToCollege, AskAcademia, gradadmissions",0.0203
x_XWrEnChX_x,1473,EPFL,0
Next_Positive_6363,1480,"csMajors, PhD, ApplyingToCollege, AskAcademia, gradadmissions",0.0037
Pure_Improvement9808,1474,"theydidthemath, Physics",0
CameraFinancial2298,1601,"NoStupidQuestions, AskReddit, askswitzerland, AITAH, Switzerland",5.9705
CallMeWhatever22,164,"interestingasfuck, Damnthatsinteresting, pics, mildlyinfuriating, facepalm",8.1232
timtamtum0040,1475,gradadmissions,0
malulu88,1480,"csMajors, PhD, ApplyingToCollege, AskAcademia, gradadmissions",0.0193
Remarkable_Field7304,1480,"csMajors, PhD, ApplyingToCollege, AskAcademia, gradadmissions",0.1629
Several-Ad-7486,1480,"csMajors, PhD, ApplyingToCollege, AskAcademia, gradadmissions",0.0085
igorsusmelj,1480,"csMajors, PhD, ApplyingToCollege, AskAcademia, gradadmissions",0.4907
Tyler-Seguin,164,"interestingasfuck, Damnthatsinteresting, pics, mildlyinfuriating, facepalm",0.3604
liamsed,1476,math,0
Confident-Celery-29,1477,"biotech, mildlyinteresting, PhD, AskReddit, askswitzerland",0
NatsuZG,1559,"Universitaly, ItaliaPersonalFinance, CasualIT, Italia, ItaliaCareerAdvice",0.1591
Affectionate-Pace377,1601,"NoStupidQuestions, AskReddit, askswitzerland, AITAH, Switzerland",13.7056
EntropyChaser999,1480,"csMajors, PhD, ApplyingToCollege, AskAcademia, gradadmissions",1.6158
Bladekuro,1478,"askswitzerland, Switzerland",0
igor_kasyanchuk,1479,PhysicsStudents,0
SuperScallion1998,1480,"csMajors, PhD, ApplyingToCollege, AskAcademia, gradadmissions",1.1229
Yalandil,164,"interestingasfuck, Damnthatsinteresting, pics, mildlyinfuriating, facepalm",10.6765
Barnacle_Vast,1601,"NoStupidQuestions, AskReddit, askswitzerland, AITAH, Switzerland",0.2166
yo_mama_69_24_7,1480,"csMajors, PhD, ApplyingToCollege, AskAcademia, gradadmissions",14.0193
Street_Holiday_5740,1601,"NoStupidQuestions, AskReddit, askswitzerland, AITAH, Switzerland",0.3301
OnTheGoAlways1111,1481,"SchengenVisa, askswitzerland",0
chansolation,1482,"IBO, EPFL",0
ExtraTNT,164,"interestingasfuck, Damnthatsinteresting, pics, mildlyinfuriating, facepalm",50.6499
Silent_Yard_7835,1483,MachineLearning,0
Ok-Woodpecker5105,1484,"EPFL, askswitzerland, Switzerland",0
StandardMark,1485,"tuwien, MachineLearning, EPFL",0
mamaguire14,1525,"de, Studium, Finanzen, Ratschlag, germany",0.4834
ivansstyle,1486,"PcBuildHelp, linux, AppleWatch, interestingasfuck",0
PotUMust,1601,"NoStupidQuestions, AskReddit, askswitzerland, AITAH, Switzerland",47.925
nickuls,1487,zurich,0
Neat-Artichoke7781,1601,"NoStupidQuestions, AskReddit, askswitzerland, AITAH, Switzerland",0.6731
Alert_Owl_6519,1488,learnmachinelearning,0
Aggravating-Turn3656,1489,arbeitsleben,0
Worldly-Phase-2461,1490,"SkincareAddiction, Italia",0
InternationalOne2610,1601,"NoStupidQuestions, AskReddit, askswitzerland, AITAH, Switzerland",12.4335
47Neel47,1491,bioinformatics,0
Isidora33,1492,"AskSerbia, Switzerland",0
catchmeifyoucan_12,1493,"politics, schwiiz, askswitzerland, Switzerland, zurich",0
Otherwise_Key593,1494,askswitzerland,0
Upbeat-Particular861,1480,"csMajors, PhD, ApplyingToCollege, AskAcademia, gradadmissions",7.7612
Michaelpolerman,1480,"csMajors, PhD, ApplyingToCollege, AskAcademia, gradadmissions",0.6139
Top_Recognition_81,1559,"Universitaly, ItaliaPersonalFinance, CasualIT, Italia, ItaliaCareerAdvice",1.6515
Automatic-Garbage-33,1480,"csMajors, PhD, ApplyingToCollege, AskAcademia, gradadmissions",0.475
mathpoly,1495,"cambridge_uni, gradadmissions",0
lunaphirm,1480,"csMajors, PhD, ApplyingToCollege, AskAcademia, gradadmissions",10.8711
Waste_Rutabaga5444,1496,changemyview,0
agilewriter4254,1497,"college, PhD",0
Asleep_Ad7694,1498,"Erasmus, IELTS, gradadmissions",0
MinuteJealous1630,1499,"Universitaly, EPFL",0
0bjective-Guest,1601,"NoStupidQuestions, AskReddit, askswitzerland, AITAH, Switzerland",2.5728
jayys02,1601,"NoStupidQuestions, AskReddit, askswitzerland, AITAH, Switzerland",0.8053
lsparki,164,"interestingasfuck, Damnthatsinteresting, pics, mildlyinfuriating, facepalm",2.699
tken3,1480,"csMajors, PhD, ApplyingToCollege, AskAcademia, gradadmissions",4.9971
Saad_4085,1500,"UAE, gradadmissions",0
Why_Bother333,1480,"csMajors, PhD, ApplyingToCollege, AskAcademia, gradadmissions",0.1072
Resarox_,1480,"csMajors, PhD, ApplyingToCollege, AskAcademia, gradadmissions",0.207
funuhun,1601,"NoStupidQuestions, AskReddit, askswitzerland, AITAH, Switzerland",2.7975
Weidendorf,1501,Austria,0
New_Definitions,1502,"ethtrader, solana",0
Vivid_League5368,1503,NTU,0
LowB0b,1480,"csMajors, PhD, ApplyingToCollege, AskAcademia, gradadmissions",39.4212
mariammm82,1504,"Howtolooksmax, memes, EPFL",0
Strong-Natural-3401,1525,"de, Studium, Finanzen, Ratschlag, germany",0.0478
LegitimateParking366,1505,gradadmissions,0
Just_Avocado_1787,1506,EPFL,0
retardedSoothsayer,1507,cscareerquestionsEU,0
Top_Tumbleweed6854,1480,"csMajors, PhD, ApplyingToCollege, AskAcademia, gradadmissions",0.0037
T0P_NOTCH,1508,askmath,0
Chefseiler,1525,"de, Studium, Finanzen, Ratschlag, germany",37.4782
tigger_six,1509,"ukraine, lego, Skigear",0
Pepper_Indigo,1480,"csMajors, PhD, ApplyingToCollege, AskAcademia, gradadmissions",10.9861
birdcooler_,1480,"csMajors, PhD, ApplyingToCollege, AskAcademia, gradadmissions",1.9359
yn-laflame,1480,"csMajors, PhD, ApplyingToCollege, AskAcademia, gradadmissions",0.0037
Artosirak,164,"interestingasfuck, Damnthatsinteresting, pics, mildlyinfuriating, facepalm",5.8884
Swiss_uni_person,1510,"postdoc, askswitzerland",0
obaananana,164,"interestingasfuck, Damnthatsinteresting, pics, mildlyinfuriating, facepalm",54.7448
Soft_Shake8766,1480,"csMajors, PhD, ApplyingToCollege, AskAcademia, gradadmissions",32.7182
Historical_Cicada_17,1511,"de_IAmA, CryptoMarkets",0
MegaYannis,1512,"ClashOfClans, Switzerland",0
AgSh1304,1480,"csMajors, PhD, ApplyingToCollege, AskAcademia, gradadmissions",10.4842
blueraspberryzz,1513,EPFL,0
Additional-Ad-1035,1514,mathmemes,0
gundilareine,1525,"de, Studium, Finanzen, Ratschlag, germany",1.2407
Zealousideal-Lie1587,1480,"csMajors, PhD, ApplyingToCollege, AskAcademia, gradadmissions",5.2231
Sheaty111,1515,Brawlstars,0
deeplearning666,164,"interestingasfuck, Damnthatsinteresting, pics, mildlyinfuriating, facepalm",0.8997
Long_Live_CR7,1516,careerguidance,0
_lenni,164,"interestingasfuck, Damnthatsinteresting, pics, mildlyinfuriating, facepalm",0.783
Competitive_Hair_773,1480,"csMajors, PhD, ApplyingToCollege, AskAcademia, gradadmissions",0.6486
Graciellamk,1517,CleaningTips,0
Ravenclaw9347,1518,"oxforduni, berkeley, gradadmissions",0
nsfamous,1519,EPFL,0
jxszmx,1520,gradadmissions,0
cigarettesaftersushi,1521,"TooAfraidToAsk, askgaybros",0
TechnicalMaize6326,1525,"de, Studium, Finanzen, Ratschlag, germany",4.2692
ClarinetteSib,1522,"suisse, EPFL, askswitzerland, Switzerland",0
Effective_Caregiver,1523,"UZH, zurich",0
thawnesnips,1480,"csMajors, PhD, ApplyingToCollege, AskAcademia, gradadmissions",0.1108
Tobo_Baldo,1559,"Universitaly, ItaliaPersonalFinance, CasualIT, Italia, ItaliaCareerAdvice",0.2053
tiny_kazoo,1601,"NoStupidQuestions, AskReddit, askswitzerland, AITAH, Switzerland",0.0423
SexySisyphus,1601,"NoStupidQuestions, AskReddit, askswitzerland, AITAH, Switzerland",5.3486
javiergui,1524,espresso,0
xCrushedIcex,1525,"de, Studium, Finanzen, Ratschlag, germany",14.8447
coverlaguerradipiero,1480,"csMajors, PhD, ApplyingToCollege, AskAcademia, gradadmissions",42.4528
Mindless_Bullfrog147,1526,"namenerds, suggestmeabook, AskReddit",0
H-bonding,1480,"csMajors, PhD, ApplyingToCollege, AskAcademia, gradadmissions",0.0053
anacyberspy,1527,"askswitzerland, Switzerland",0
bigfoe_,1480,"csMajors, PhD, ApplyingToCollege, AskAcademia, gradadmissions",0.0383
_alba4k,164,"interestingasfuck, Damnthatsinteresting, pics, mildlyinfuriating, facepalm",32.0422
sjwprc,1528,"AskAChinese, China, SwissPersonalFinance, askswitzerland, Switzerland",0
Top-Process4790,1480,"csMajors, PhD, ApplyingToCollege, AskAcademia, gradadmissions",1.6626
freericky,164,"interestingasfuck, Damnthatsinteresting, pics, mildlyinfuriating, facepalm",48.9292
I_am_JoZ,164,"interestingasfuck, Damnthatsinteresting, pics, mildlyinfuriating, facepalm",0.8464
mara_pts,1529,Switzerland,0
Automatic-Farm-6130,1530,ItaliaPersonalFinance,0
HumorGullible6771,1480,"csMajors, PhD, ApplyingToCollege, AskAcademia, gradadmissions",0.6351
rowHammer5,1531,zurich,0
NegotiationCalm4615,1601,"NoStupidQuestions, AskReddit, askswitzerland, AITAH, Switzerland",0.1445
Fixmyn26issue,1480,"csMajors, PhD, ApplyingToCollege, AskAcademia, gradadmissions",3.1004
Joel_Masc,1532,PhD,0
OutrageousClue9883,1480,"csMajors, PhD, ApplyingToCollege, AskAcademia, gradadmissions",3.8358
timothy-256,1480,"csMajors, PhD, ApplyingToCollege, AskAcademia, gradadmissions",1.1996
Fast-Cut6347,164,"interestingasfuck, Damnthatsinteresting, pics, mildlyinfuriating, facepalm",8.1377
i-var,1601,"NoStupidQuestions, AskReddit, askswitzerland, AITAH, Switzerland",10.9981
vin2thecent,1480,"csMajors, PhD, ApplyingToCollege, AskAcademia, gradadmissions",0.0139
hihihahahahah,1480,"csMajors, PhD, ApplyingToCollege, AskAcademia, gradadmissions",4.4965
andre_nicky,1601,"NoStupidQuestions, AskReddit, askswitzerland, AITAH, Switzerland",0.0376
Relative_Skirt_1402,1480,"csMajors, PhD, ApplyingToCollege, AskAcademia, gradadmissions",8.5156
Tavi_Ray,1533,"askswitzerland, Switzerland",0
BlacksmithNo7341,1601,"NoStupidQuestions, AskReddit, askswitzerland, AITAH, Switzerland",11.2803
Own-Job8850,1534,CFA,0
LoweringPass,1480,"csMajors, PhD, ApplyingToCollege, AskAcademia, gradadmissions",25.9471
Extension_Fly_104,1480,"csMajors, PhD, ApplyingToCollege, AskAcademia, gradadmissions",0.2624
Flaky_Significance13,1480,"csMajors, PhD, ApplyingToCollege, AskAcademia, gradadmissions",0.7303
CodWagnerian,1480,"csMajors, PhD, ApplyingToCollege, AskAcademia, gradadmissions",2.5692
Cold_Ice9206,1480,"csMajors, PhD, ApplyingToCollege, AskAcademia, gradadmissions",0.2708
jeje17j,1535,mathmemes,0
NewDayEditing,1480,"csMajors, PhD, ApplyingToCollege, AskAcademia, gradadmissions",0.1866
Half_D3ad,1536,gradadmissions,0
ihaveatalkingtree,1537,"tumunich, gradadmissions",0
TheWanderingOvas,1538,Physics,0
kosmyl,1601,"NoStupidQuestions, AskReddit, askswitzerland, AITAH, Switzerland",0.0451
Beneficial-Hippo-341,1539,"chinalife, cambridge_uni",0
breadxxxxx,1540,"TUDelft, gradadmissions",0
loflamel03,1541,OrganicChemistry,0
territrades,1525,"de, Studium, Finanzen, Ratschlag, germany",63.7681
lostsoul4ever_,1480,"csMajors, PhD, ApplyingToCollege, AskAcademia, gradadmissions",10.1919
Personal-Peace8819,1480,"csMajors, PhD, ApplyingToCollege, AskAcademia, gradadmissions",0.6183
Huge-Pen1918,1480,"csMajors, PhD, ApplyingToCollege, AskAcademia, gradadmissions",5.0629
Unusual-SuspectBoing,1542,mathematics,0
Altruistic-Sea6277,1480,"csMajors, PhD, ApplyingToCollege, AskAcademia, gradadmissions",0.0102
International-Tie-67,1543,zurich,0
Afraid-Abies-6507,1480,"csMajors, PhD, ApplyingToCollege, AskAcademia, gradadmissions",9.9801
MrThePinkEagle,1601,"NoStupidQuestions, AskReddit, askswitzerland, AITAH, Switzerland",2.1613
chrisswillss98,1525,"de, Studium, Finanzen, Ratschlag, germany",0.0474
Bobjohndud,164,"interestingasfuck, Damnthatsinteresting, pics, mildlyinfuriating, facepalm",5.2085
Teddeh03,1544,"CERN, gradadmissions, EPFL",0
AureoEsha,1545,"carscirclejerk, UniUK",0
a7exus,164,"interestingasfuck, Damnthatsinteresting, pics, mildlyinfuriating, facepalm",0.1535
OnlyEarth76,1546,Switzerland,0
hugsond,1525,"de, Studium, Finanzen, Ratschlag, germany",13.1156
Mithrand-ir,164,"interestingasfuck, Damnthatsinteresting, pics, mildlyinfuriating, facepalm",27.0372
Loner_0112,1480,"csMajors, PhD, ApplyingToCollege, AskAcademia, gradadmissions",14.2428
Rash_04,164,"interestingasfuck, Damnthatsinteresting, pics, mildlyinfuriating, facepalm",8.4679
Sea-Elephant7953,1547,studytips,0
Elegant_Sugar_6023,1548,Imperial,0
maxab27,1480,"csMajors, PhD, ApplyingToCollege, AskAcademia, gradadmissions",6.4059
_Voxanimus_,1601,"NoStupidQuestions, AskReddit, askswitzerland, AITAH, Switzerland",13.508
Negative_Charity_195,1601,"NoStupidQuestions, AskReddit, askswitzerland, AITAH, Switzerland",2.7571
Time_Active2625,1601,"NoStupidQuestions, AskReddit, askswitzerland, AITAH, Switzerland",2.6803
Ok_Significance_1410,1549,LMUMunich,0
Icy-Trust-8563,1480,"csMajors, PhD, ApplyingToCollege, AskAcademia, gradadmissions",24.2699
Harwin-,1525,"de, Studium, Finanzen, Ratschlag, germany",4.8693
ArgueObjective5198,1480,"csMajors, PhD, ApplyingToCollege, AskAcademia, gradadmissions",4.3469
Appropriate-Paper-28,1480,"csMajors, PhD, ApplyingToCollege, AskAcademia, gradadmissions",5.1065
Most_Walk_9499,1480,"csMajors, PhD, ApplyingToCollege, AskAcademia, gradadmissions",6.6769
JohnGaltW,1550,archlinux,0
noemie_j_,1551,UZH,0
euclidslastprime,1480,"csMajors, PhD, ApplyingToCollege, AskAcademia, gradadmissions",0.6829
jaskier89,1601,"NoStupidQuestions, AskReddit, askswitzerland, AITAH, Switzerland",34.7959
foooder,1601,"NoStupidQuestions, AskReddit, askswitzerland, AITAH, Switzerland",7.6402
ExcellentCorner6937,1552,TUDelft,0
Lejeune_Dirichelet,1601,"NoStupidQuestions, AskReddit, askswitzerland, AITAH, Switzerland",2.5149
adotononi,164,"interestingasfuck, Damnthatsinteresting, pics, mildlyinfuriating, facepalm",33.8157
Fancy_Policy_92,1480,"csMajors, PhD, ApplyingToCollege, AskAcademia, gradadmissions",0.0037
Front_Drawer_4317,1553,"studying_in_germany, MachineLearning, gradadmissions",0
Worth_Inflation_2104,164,"interestingasfuck, Damnthatsinteresting, pics, mildlyinfuriating, facepalm",74.1087
Top_Cartographer7245,1480,"csMajors, PhD, ApplyingToCollege, AskAcademia, gradadmissions",5.6935
zoki_zo,1480,"csMajors, PhD, ApplyingToCollege, AskAcademia, gradadmissions",1.8884
Freedy_das_Fiiisch,1554,"Overwatch, Switzerland",0
studying247allday,1555,"learnprogramming, offmychest",0
Just_A_Random_Dudu,1139,"PedroPeepos, leagueoflegends, LeagueOfMemes, soccer, LegaladviceGerman",0.5232
AllthewaymyG,1525,"de, Studium, Finanzen, Ratschlag, germany",0.6938
Grand_Research_7253,1556,"EPFL, askswitzerland",0
marschmallowfellow,1557,"BuyFromEU, Switzerland",0
TechnologySubject111,1480,"csMajors, PhD, ApplyingToCollege, AskAcademia, gradadmissions",7.0314
angel_of_darknesss,164,"interestingasfuck, Damnthatsinteresting, pics, mildlyinfuriating, facepalm",0.324
Double_Shacker,1558,"JackSucksAtGeography, AlignmentChartFills",0
Resident-Theme8413,1480,"csMajors, PhD, ApplyingToCollege, AskAcademia, gradadmissions",6.3199
Noodle--Monster,164,"interestingasfuck, Damnthatsinteresting, pics, mildlyinfuriating, facepalm",5.4473
goRobo14,1560,"MechanicalEngineering, robotics, EPFL",0
Acrobatic-Bill1366,1480,"csMajors, PhD, ApplyingToCollege, AskAcademia, gradadmissions",8.0514
Material_East4866,1480,"csMajors, PhD, ApplyingToCollege, AskAcademia, gradadmissions",0.0037
MaxPower19997,1525,"de, Studium, Finanzen, Ratschlag, germany",2.7237
Flimsy-Industry-4973,1480,"csMajors, PhD, ApplyingToCollege, AskAcademia, gradadmissions",11.5174
CEO_of_FISH,164,"interestingasfuck, Damnthatsinteresting, pics, mildlyinfuriating, facepalm",0.6356
OneEyedHokage,1561,"MemePiece, OnePiece",0
Neuronous,1480,"csMajors, PhD, ApplyingToCollege, AskAcademia, gradadmissions",0.0085
Top-Huckleberry-9654,1562,"UniSG, German, askswitzerland",0
viviviwi,1601,"NoStupidQuestions, AskReddit, askswitzerland, AITAH, Switzerland",0.0949
NomDeiX,1480,"csMajors, PhD, ApplyingToCollege, AskAcademia, gradadmissions",6.478
mywhatisthis,164,"interestingasfuck, Damnthatsinteresting, pics, mildlyinfuriating, facepalm",6.1622
Historical_Buddy935,1563,Aalto,0
ParsleyObjective3387,1480,"csMajors, PhD, ApplyingToCollege, AskAcademia, gradadmissions",0.0254
OkLengthiness8315,1564,"Damnthatsinteresting, formula1, EPFL, zurich",0
SignificanceOk279,1565,IBO,0
strawberry2507,1566,unimelb,0
fanny-dtz1121,1567,suisse,0
Flimsy_Bluebird_4668,1525,"de, Studium, Finanzen, Ratschlag, germany",5.1153
ClemRRay,164,"interestingasfuck, Damnthatsinteresting, pics, mildlyinfuriating, facepalm",56.2892
FifaPointsMan,1601,"NoStupidQuestions, AskReddit, askswitzerland, AITAH, Switzerland",7.6501
Diamondspensbags,1601,"NoStupidQuestions, AskReddit, askswitzerland, AITAH, Switzerland",1.0349
TrdNugget,1568,espresso,0
Palladium_2k,1480,"csMajors, PhD, ApplyingToCollege, AskAcademia, gradadmissions",2.0876
Thog78,164,"interestingasfuck, Damnthatsinteresting, pics, mildlyinfuriating, facepalm",53.8167
Competitive_Way6772,1480,"csMajors, PhD, ApplyingToCollege, AskAcademia, gradadmissions",4.159
Puzzleheaded-Pen4413,164,"interestingasfuck, Damnthatsinteresting, pics, mildlyinfuriating, facepalm",46.3383
Eris_sama_,1569,askswitzerland,0
Immediate_Belt_3802,1570,zurich,0
Dull_Aardvark1776,1571,MITAdmissions,0
Accomplished-Face524,1572,"handbags, bern, askswitzerland, Switzerland, zurich",0
Icy-Ease1464,1573,"selfimprovement, Erasmus",0
beij4-fl0r,1574,"mcgill, gradadmissions, EPFL",0
SleakStick,164,"interestingasfuck, Damnthatsinteresting, pics, mildlyinfuriating, facepalm",22.3125
ClientLive5774,1575,ApplyingToCollege,0
HydrogenTank,1525,"de, Studium, Finanzen, Ratschlag, germany",0.2122
Fantastic_Ebb_3397,164,"interestingasfuck, Damnthatsinteresting, pics, mildlyinfuriating, facepalm",2.7242
NotHighFiveGuy,1576,"geoguessr, zurich",0
OkaTeluguAbbayi,164,"interestingasfuck, Damnthatsinteresting, pics, mildlyinfuriating, facepalm",42.4141
Ok_Adagio_1515,1577,"geneva, SwissPersonalFinance, EPFL, askswitzerland, Switzerland",0
Pdiddydondidit,164,"interestingasfuck, Damnthatsinteresting, pics, mildlyinfuriating, facepalm",54.9675
lava_0106,1578,"delhi, Indians_StudyAbroad",0
negr88,1480,"csMajors, PhD, ApplyingToCollege, AskAcademia, gradadmissions",1.5667
church_physicist,1601,"NoStupidQuestions, AskReddit, askswitzerland, AITAH, Switzerland",0.0408
Quivnite,1480,"csMajors, PhD, ApplyingToCollege, AskAcademia, gradadmissions",5.4398
Zealousideal-Car6235,1480,"csMajors, PhD, ApplyingToCollege, AskAcademia, gradadmissions",0.0097
ElkNo1077,1480,"csMajors, PhD, ApplyingToCollege, AskAcademia, gradadmissions",1.1999
Alsoce,1525,"de, Studium, Finanzen, Ratschlag, germany",1.2564
Candle_No,1579,mcgill,0
ajackcola,1601,"NoStupidQuestions, AskReddit, askswitzerland, AITAH, Switzerland",5.4982
Savings-Caregiver332,1580,photography,0
Any_Cod_8565,1581,TUDelft,0
Vss11,1582,TUDelft,0
theamidamaru,1480,"csMajors, PhD, ApplyingToCollege, AskAcademia, gradadmissions",0.0399
Particular_Bid_806,1583,EPFL,0
Azmort1293,1601,"NoStupidQuestions, AskReddit, askswitzerland, AITAH, Switzerland",26.899
gabsmora,1601,"NoStupidQuestions, AskReddit, askswitzerland, AITAH, Switzerland",0.373
khaxaan,1584,"askswitzerland, Switzerland",0
Odd_Calligrapher8826,1585,gradadmissions,0
Zealousideal_Ad7602,164,"interestingasfuck, Damnthatsinteresting, pics, mildlyinfuriating, facepalm",8.5143
Entjic,1586,AskAcademia,0
EnthusiasmOld3622,1587,"askswitzerland, zurich",0
hey_its_meeeeeeeee,1588,basel,0
avocadoman231,1525,"de, Studium, Finanzen, Ratschlag, germany",6.2959
Upbeat_Initial_5343,1589,"Switzerland, zurich",0
True-Warthog-1892,1601,"NoStupidQuestions, AskReddit, askswitzerland, AITAH, Switzerland",27.8666
the_other_Scaevitas,164,"interestingasfuck, Damnthatsinteresting, pics, mildlyinfuriating, facepalm",42.251
Ivandre,1525,"de, Studium, Finanzen, Ratschlag, germany",0.8801
Dizzy-Economist-474,1590,"computervision, kth, EPFL",0
Extreme-Air-7714,1591,"ycombinator, German, gradadmissions, zurich",0
Apprehensive-Hat7602,1592,"italy, Italia, mildlyinfuriating",0
Limp-Promise989,1480,"csMajors, PhD, ApplyingToCollege, AskAcademia, gradadmissions",0.0085
Lazy_Cardiologist704,1593,askswitzerland,0
sebob0,1480,"csMajors, PhD, ApplyingToCollege, AskAcademia, gradadmissions",0.5812
Biggie_Nuf,164,"interestingasfuck, Damnthatsinteresting, pics, mildlyinfuriating, facepalm",48.6456
Fit_Interview_566,1601,"NoStupidQuestions, AskReddit, askswitzerland, AITAH, Switzerland",12.5828
father-of-theseus,1594,"PublicFreakout, Turkey, europe, EPFL, askswitzerland",0
adnan_3071,1480,"csMajors, PhD, ApplyingToCollege, AskAcademia, gradadmissions",0.0146
barbu8,1595,ASUS,0
ThrowawayAdvice-293,1480,"csMajors, PhD, ApplyingToCollege, AskAcademia, gradadmissions",28.3101
phi_curious,1559,"Universitaly, ItaliaPersonalFinance, CasualIT, Italia, ItaliaCareerAdvice",3.9768
MKNarek,1480,"csMajors, PhD, ApplyingToCollege, AskAcademia, gradadmissions",0.8736
Rafael_18,1596,"ClashOfClans, CERN",0
MrManNumber2,1597,"NoStupidQuestions, AskReddit",0
Express-Map-8965,1598,"workout, basel",0
Dramatic-Signal-3123,1599,"gradadmissions, EPFL",0
lapqnco,1600,Switzerland,0
Poujh1,1601,"NoStupidQuestions, AskReddit, askswitzerland, AITAH, Switzerland",7.5143
YakKey6933,1480,"csMajors, PhD, ApplyingToCollege, AskAcademia, gradadmissions",0.0085
numanballi,1602,Steam,0
Substantial-Pie289,1480,"csMajors, PhD, ApplyingToCollege, AskAcademia, gradadmissions",3.8435
Livid-Spray-2502,1603,"KULeuven, PhD",0
Impressive-Test-2484,1604,"Instagram, recruitinghell, Switzerland",0
Sad-Marionberry5359,1605,teenagers,0
DAR6969,1480,"csMajors, PhD, ApplyingToCollege, AskAcademia, gradadmissions",0.2365
objcmm,164,"interestingasfuck, Damnthatsinteresting, pics, mildlyinfuriating, facepalm",3.1898
chafporte,164,"interestingasfuck, Damnthatsinteresting, pics, mildlyinfuriating, facepalm",40.1242
Superb_Education9051,1606,"bangalore, Munich, germany, SwissPersonalFinance, zurich",0
Impossible_Roll_2382,1607,JEENEETards,0
Definixislive,1608,"fpv, Studium, SwissPersonalFinance, askswitzerland, Switzerland",0
plasyon33,1609,German,0
Aure20,164,"interestingasfuck, Damnthatsinteresting, pics, mildlyinfuriating, facepalm",1.9828
xerotor,1559,"Universitaly, ItaliaPersonalFinance, CasualIT, Italia, ItaliaCareerAdvice",18.5705
Noway721,164,"interestingasfuck, Damnthatsinteresting, pics, mildlyinfuriating, facepalm",23.4172
TenthBox,1480,"csMajors, PhD, ApplyingToCollege, AskAcademia, gradadmissions",0.0536
Assido,1610,ichbin14unddasisttief,0
Ambitious-Year5154,1611,zurich,0
No-Razzmatazz7688,1601,"NoStupidQuestions, AskReddit, askswitzerland, AITAH, Switzerland",12.4635
asiof3d,164,"interestingasfuck, Damnthatsinteresting, pics, mildlyinfuriating, facepalm",0.1003
becoming_stoic,1480,"csMajors, PhD, ApplyingToCollege, AskAcademia, gradadmissions",1.7515
LockandLoadyeet,1612,"LSD, selfhosted",0
Ok_Ask_1604,1480,"csMajors, PhD, ApplyingToCollege, AskAcademia, gradadmissions",3.2451
Independent_Fly_7721,1613,suisse,0
Hallobanana,1480,"csMajors, PhD, ApplyingToCollege, AskAcademia, gradadmissions",0.1209
ChadiusTheMighty,1525,"de, Studium, Finanzen, Ratschlag, germany",57.0406
Efficient_Builder923,1480,"csMajors, PhD, ApplyingToCollege, AskAcademia, gradadmissions",38.4
MintakaMinthara,1601,"NoStupidQuestions, AskReddit, askswitzerland, AITAH, Switzerland",8.828
boipls,1480,"csMajors, PhD, ApplyingToCollege, AskAcademia, gradadmissions",7.1169
rebelfriend,1614,skiing,0
eneepic,1615,"EngineeringStudents, gradadmissions, EPFL",0
Repulsive_Award_3416,1480,"csMajors, PhD, ApplyingToCollege, AskAcademia, gradadmissions",3.9172
Longjumping_Push_555,1559,"Universitaly, ItaliaPersonalFinance, CasualIT, Italia, ItaliaCareerAdvice",1.1862
Aggravating_Oil383,1559,"Universitaly, ItaliaPersonalFinance, CasualIT, Italia, ItaliaCareerAdvice",15.3147
Ayonx,1559,"Universitaly, ItaliaPersonalFinance, CasualIT, Italia, ItaliaCareerAdvice",3.197
Zealousideal_Might84,1616,"gradadmissions, EPFL",0
ElenElinova,1617,Physics,0
markov_mongoose13,1618,"singularity, EPFL",0
AccurateRock9412,1480,"csMajors, PhD, ApplyingToCollege, AskAcademia, gradadmissions",0.0342
Obvious-Objective525,1601,"NoStupidQuestions, AskReddit, askswitzerland, AITAH, Switzerland",3.6656
Far_Fig_7416,1619,"travel, SchengenVisa",0
breakdancebeb,1480,"csMajors, PhD, ApplyingToCollege, AskAcademia, gradadmissions",2.5187
ade_zoe_2107,1620,"beziehungen, cscareerquestionsEU, zurich",0
snugglezqq,1525,"de, Studium, Finanzen, Ratschlag, germany",2.7351
Plant-Millie,1621,"IBO, tumunich",0
WatercressOk5275,1622,"Life, EPFL",0
Inevitable_Friend_22,1623,"internships, EPFL",0
tchtchtchboom,1525,"de, Studium, Finanzen, Ratschlag, germany",0.2443
Ill_Engineering_8779,1601,"NoStupidQuestions, AskReddit, askswitzerland, AITAH, Switzerland",1.107
Ambitious_Lie_7664,1624,"soccercirclejerk, UniSG",0
cutiePatwotie,164,"interestingasfuck, Damnthatsinteresting, pics, mildlyinfuriating, facepalm",6.1035
Educational_Word_633,1525,"de, Studium, Finanzen, Ratschlag, germany",44.0802
glatzplatz,1480,"csMajors, PhD, ApplyingToCollege, AskAcademia, gradadmissions",11.9116
Invinciblebro_2209,1480,"csMajors, PhD, ApplyingToCollege, AskAcademia, gradadmissions",0.98
DentistOwn2575,1480,"csMajors, PhD, ApplyingToCollege, AskAcademia, gradadmissions",0.4754
Kindly_Release_834,1625,PhD,0
JoJoModding,1525,"de, Studium, Finanzen, Ratschlag, germany",59.153
honeytrap93,1626,"eurovision, Switzerland",0
lioekst,1601,"NoStupidQuestions, AskReddit, askswitzerland, AITAH, Switzerland",0.8315
Difficult-Tie-9764,1525,"de, Studium, Finanzen, Ratschlag, germany",5.9373
Ihatemyboom,1627,EPFL,0
Opening-Tart-7475,1601,"NoStupidQuestions, AskReddit, askswitzerland, AITAH, Switzerland",2.8136
UselessAsAqua,1628,"Gamingcirclejerk, UofT, MSCS, gradadmissions",0
Next_Novel7092,1480,"csMajors, PhD, ApplyingToCollege, AskAcademia, gradadmissions",0.2426
Ok_Cake_6280,164,"interestingasfuck, Damnthatsinteresting, pics, mildlyinfuriating, facepalm",0.2435
Straight-Regular3841,1480,"csMajors, PhD, ApplyingToCollege, AskAcademia, gradadmissions",1.1158
Ike11000,164,"interestingasfuck, Damnthatsinteresting, pics, mildlyinfuriating, facepalm",1.6072
CaregiverNice7347,1480,"csMajors, PhD, ApplyingToCollege, AskAcademia, gradadmissions",0.0037
CopyIndependent4212,1480,"csMajors, PhD, ApplyingToCollege, AskAcademia, gradadmissions",0.0037
Macaroon-Bulky,1629,"PassportPorn, Tunisia",0
MitjaKobal,164,"interestingasfuck, Damnthatsinteresting, pics, mildlyinfuriating, facepalm",2.9158
freedomenjoyr,1525,"de, Studium, Finanzen, Ratschlag, germany",1.1483
Relevant-Cry-6722,1630,Switzerland,0
fruity_cupcake56,1631,"memes, GradSchool, geneva, gradadmissions, EPFL",0
stuckinswitzerland,1632,zurich,0
kalashnikovgobrrrr,164,"interestingasfuck, Damnthatsinteresting, pics, mildlyinfuriating, facepalm",14.152
Electronic-Will-2233,1601,"NoStupidQuestions, AskReddit, askswitzerland, AITAH, Switzerland",42.3894
Namratha_v_patil,1480,"csMajors, PhD, ApplyingToCollege, AskAcademia, gradadmissions",3.5274
Southern_Professor69,1633,"ichbin40undSchwurbler, animequestions, HolUp, Switzerland",0
Arman-12345,1634,"UZH, Switzerland",0
No_Builder_9312,1480,"csMajors, PhD, ApplyingToCollege, AskAcademia, gradadmissions",16.0295
Silver_Exam4489,164,"interestingasfuck, Damnthatsinteresting, pics, mildlyinfuriating, facepalm",1.4916
Accomplished-Creme-9,1635,"PhotoshopRequest, askswitzerland",0
Oxymoron089,1636,Studium,0
No_Shape9838,1637,"StatementOfPurpose, MSCS, gradadmissions",0
Pibagirlie,1480,"csMajors, PhD, ApplyingToCollege, AskAcademia, gradadmissions",0.0104
Krofnica18,1525,"de, Studium, Finanzen, Ratschlag, germany",0.2819
SignificantArmy9546,164,"interestingasfuck, Damnthatsinteresting, pics, mildlyinfuriating, facepalm",1.4126
Outrageous-Balance40,1638,"me_irl, Switzerland",0
Arsiesis,164,"interestingasfuck, Damnthatsinteresting, pics, mildlyinfuriating, facepalm",8.0267
Maleficent-Tea-2336,1639,chinalife,0
pauerranger,1640,nba,0
biotech_junky,1641,Mountaineering,0
RoseDaddy513,1642,"NTU, TUDelft, EPFL",0
OrangeBiskit,1643,"EDH, leagueoflegends, AmItheAsshole, zurich",0
No-Establishment2902,1601,"NoStupidQuestions, AskReddit, askswitzerland, AITAH, Switzerland",0.5417
Rabid_Mexican,164,"interestingasfuck, Damnthatsinteresting, pics, mildlyinfuriating, facepalm",29.3745
dalekfodder,1480,"csMajors, PhD, ApplyingToCollege, AskAcademia, gradadmissions",1.944
super_foo,1644,Switzerland,0
LackBig1647,1525,"de, Studium, Finanzen, Ratschlag, germany",0.2889
Powerful_Broccolio,1645,"mathematics, Switzerland",0
krakenGT,1646,"AnalogCommunity, EngineeringStudents",0
Rediculie20000,1480,"csMajors, PhD, ApplyingToCollege, AskAcademia, gradadmissions",0.329
cosmic_2000,1480,"csMajors, PhD, ApplyingToCollege, AskAcademia, gradadmissions",0.1943
Folkenstal,1647,"skyrim, Eldenring",0
Critical_Pie7311,1648,"learnpython, UZH",0
FaboulsCaramel,1649,MachineLearning,0
Nexgan,1650,"moviecritic, quantfinance, EPFL",0
WildH10,1651,"AskWomen, labrats, GradSchool, zurich",0
Spikeymon,164,"interestingasfuck, Damnthatsinteresting, pics, mildlyinfuriating, facepalm",0.316
Sassewere,1480,"csMajors, PhD, ApplyingToCollege, AskAcademia, gradadmissions",0.2263
Huge_Ad_8201,1525,"de, Studium, Finanzen, Ratschlag, germany",2.0471
Ok-Equipment2817,1652,"chanceme, cmu, gradadmissions",0
randomrizz,1653,gradadmissions,0
Fun-Reference7143,1480,"csMajors, PhD, ApplyingToCollege, AskAcademia, gradadmissions",0.1426
polyakovnameste,1480,"csMajors, PhD, ApplyingToCollege, AskAcademia, gradadmissions",14.0754
xenuniz,1480,"csMajors, PhD, ApplyingToCollege, AskAcademia, gradadmissions",0.1381
Remarkable-Fun7562,1480,"csMajors, PhD, ApplyingToCollege, AskAcademia, gradadmissions",0.0339
srf3_for_you,1601,"NoStupidQuestions, AskReddit, askswitzerland, AITAH, Switzerland",44.6359
emily83629,1480,"csMajors, PhD, ApplyingToCollege, AskAcademia, gradadmissions",0.1643
Live_Yak_1711,1654,"6thForm, askswitzerland, Switzerland",0
Glum-Obligation-921,1655,gradadmissions,0
symbolic-autoencoder,1601,"NoStupidQuestions, AskReddit, askswitzerland, AITAH, Switzerland",0.2243
WeakIndependent4072,1656,"GoingToSpain, askspain",0
not_so_lean,1480,"csMajors, PhD, ApplyingToCollege, AskAcademia, gradadmissions",0.4622
Colon_78Lu,1525,"de, Studium, Finanzen, Ratschlag, germany",3.2821
Muffygamer123,1480,"csMajors, PhD, ApplyingToCollege, AskAcademia, gradadmissions",11.6819
notanimposterr,1480,"csMajors, PhD, ApplyingToCollege, AskAcademia, gradadmissions",0.1698
VEGETA_911,1480,"csMajors, PhD, ApplyingToCollege, AskAcademia, gradadmissions",0.313
TinyNinja888,1657,Switzerland,0
Tight-Wolverine-5171,1658,MSCS,0
Choice-Drawer3981,1480,"csMajors, PhD, ApplyingToCollege, AskAcademia, gradadmissions",0.5679
Wiitchblades,1659,"UZH, EPFL",0
Exotic-Housing-4179,1660,"CreditCardsIndia, delhi",0
LuckyParty2994,1480,"csMajors, PhD, ApplyingToCollege, AskAcademia, gradadmissions",0.5944
albasili,1480,"csMajors, PhD, ApplyingToCollege, AskAcademia, gradadmissions",0.3515
Vegetable-Moose916,1480,"csMajors, PhD, ApplyingToCollege, AskAcademia, gradadmissions",0.6686
obolli,164,"interestingasfuck, Damnthatsinteresting, pics, mildlyinfuriating, facepalm",42.8156
kokokoman,1601,"NoStupidQuestions, AskReddit, askswitzerland, AITAH, Switzerland",0.5002
Storm_chaser2252,1661,chipdesign,0
North_Dinner_8946,1525,"de, Studium, Finanzen, Ratschlag, germany",6.6721
Zboubard,1662,"islam, GermanCitizenship, MapPorn",0
theonelostTaco,1480,"csMajors, PhD, ApplyingToCollege, AskAcademia, gradadmissions",2.6618
SignificanceOk7417,1663,"nus, gradadmissions",0
Rude_Revenue_6131,1664,"MSCS, gradadmissions",0
Ok_Carrot_366,1665,UZH,0
doniael91102,1666,"Morocco, zurich",0
Serious_Soft_9293,1480,"csMajors, PhD, ApplyingToCollege, AskAcademia, gradadmissions",0.093
la_linea_scura,1480,"csMajors, PhD, ApplyingToCollege, AskAcademia, gradadmissions",0.2196
BaseballWorldly6151,1667,"ETHzurich, askswitzerland",0
EfficiencyHuge4811,1668,"classicalmusic, gradadmissions",0
Prestigious-Yellow38,1669,schwiiz,0
Disastrous-Desk6322,1480,"csMajors, PhD, ApplyingToCollege, AskAcademia, gradadmissions",1.3504
Direct_Bunch_486,1670,PhysicsStudents,0
Pieceofshit78,164,"interestingasfuck, Damnthatsinteresting, pics, mildlyinfuriating, facepalm",0.2218
Gluflex,1671,SwitzerlandFirst,0
Ok-Muffin6779,1672,"MSCS, gradadmissions",0
MobyDaDack,164,"interestingasfuck, Damnthatsinteresting, pics, mildlyinfuriating, facepalm",4.2768
Joseph_Statistician-,1480,"csMajors, PhD, ApplyingToCollege, AskAcademia, gradadmissions",2.8308
schwerbherb,1601,"NoStupidQuestions, AskReddit, askswitzerland, AITAH, Switzerland",0.0446
Suitable_Ad7616,1673,"relationship_advice, ETHzurich",0
Pale-Manufacturer151,1674,"WhatShouldIDo, AskMenAdvice",0
Crafty-Ad5230,1675,UZH,0
hrdcore_bkr,1676,"AskReddit, SwissPersonalFinance, askswitzerland, Switzerland",0
Frosty-Breadfruit724,1677,"PhD, EPFL",0
ExtremeHairLoss,1480,"csMajors, PhD, ApplyingToCollege, AskAcademia, gradadmissions",55.348
HiddenShadow7,1480,"csMajors, PhD, ApplyingToCollege, AskAcademia, gradadmissions",0.3538
Competitive_Yam_977,1525,"de, Studium, Finanzen, Ratschlag, germany",35.1708
moviesuggest,1480,"csMajors, PhD, ApplyingToCollege, AskAcademia, gradadmissions",0.3805
XTOPHER93,1678,tuwien,0
No_Listen9747,1679,CERN,0
dapagv,1680,"berlinsocialclub, Finanzen",0
Resident_Iron6701,1525,"de, Studium, Finanzen, Ratschlag, germany",25.3589
Murky_Care2387,1681,"VietNam, AskUK, PhDAdmissions, zurich",0
Conscious_Fox_1338,1682,ApplyingToCollege,0
AlbionToUtopia,1525,"de, Studium, Finanzen, Ratschlag, germany",3.5524
MasterKaelos,1601,"NoStupidQuestions, AskReddit, askswitzerland, AITAH, Switzerland",18.2514
ClassroomIll9038,1480,"csMajors, PhD, ApplyingToCollege, AskAcademia, gradadmissions",0.0951
vin-zzz,164,"interestingasfuck, Damnthatsinteresting, pics, mildlyinfuriating, facepalm",11.6714
zanimljivo123,1601,"NoStupidQuestions, AskReddit, askswitzerland, AITAH, Switzerland",12.0265
cd1f3b41f6fd3140f99c,164,"interestingasfuck, Damnthatsinteresting, pics, mildlyinfuriating, facepalm",8.3607
Tricky-Magazine2303,1480,"csMajors, PhD, ApplyingToCollege, AskAcademia, gradadmissions",0.0165
Healthy-Strain5279,1683,"MechanicalEngineering, EngineeringStudents",0
Dazzling_Patient7209,1480,"csMajors, PhD, ApplyingToCollege, AskAcademia, gradadmissions",0.0273
nooknookbruh,1684,Overwatch,0
Healer_J,1480,"csMajors, PhD, ApplyingToCollege, AskAcademia, gradadmissions",16.5926
BigMechanicBoi,1480,"csMajors, PhD, ApplyingToCollege, AskAcademia, gradadmissions",0.0579
Super_Conflict_8683,1480,"csMajors, PhD, ApplyingToCollege, AskAcademia, gradadmissions",6.4596
Immyisme,1685,unimelb,0
TAKE-IT-UP-THE-BUTT,164,"interestingasfuck, Damnthatsinteresting, pics, mildlyinfuriating, facepalm",13.6128
Realistic-Tonight-29,1686,"CERN, tumunich",0
Exact-Entrepreneur-1,1480,"csMajors, PhD, ApplyingToCollege, AskAcademia, gradadmissions",0.006
Error_401__,1687,Indians_StudyAbroad,0
lordhelmchench,164,"interestingasfuck, Damnthatsinteresting, pics, mildlyinfuriating, facepalm",12.9605
brokenberries,1688,"Instagram, cybersecurity",0
pgsdgrt,1480,"csMajors, PhD, ApplyingToCollege, AskAcademia, gradadmissions",7.0656
covidbryant2407,1480,"csMajors, PhD, ApplyingToCollege, AskAcademia, gradadmissions",5.9924
MasterpieceNo4992,1480,"csMajors, PhD, ApplyingToCollege, AskAcademia, gradadmissions",3.4609
Particular_Share1538,1689,"UZH, gradadmissions",0
Quirky_Tax_6021,164,"interestingasfuck, Damnthatsinteresting, pics, mildlyinfuriating, facepalm",1.2188
Expensive_Peanut2966,1690,"GradSchool, gradadmissions",0
soloraven22,164,"interestingasfuck, Damnthatsinteresting, pics, mildlyinfuriating, facepalm",10.5188
SweetPotato118,1601,"NoStupidQuestions, AskReddit, askswitzerland, AITAH, Switzerland",4.2734
Silly_Diver_3307,1480,"csMajors, PhD, ApplyingToCollege, AskAcademia, gradadmissions",0.0167
Past_Benefit2868,1691,"Palestine, TikTokCringe",0
No_Unit8849,1692,"askswitzerland, zurich",0
SubstantialFan4248,1480,"csMajors, PhD, ApplyingToCollege, AskAcademia, gradadmissions",0.0276
the5november,1693,zurich,0
imaricebucket,1694,"research, AmItheAsshole",0
IndependentBeat2551,1695,"relationships, relationship_advice",0
oolala-oolala,1696,"NoStupidQuestions, askswitzerland, Switzerland, zurich",0
Exotic_Fig_4604,1480,"csMajors, PhD, ApplyingToCollege, AskAcademia, gradadmissions",4.016
Maelstrom-Surfer,1697,"interestingasfuck, Switzerland",0
IrreverentStudent,1698,"suggestmeabook, Switzerland",0
brabetzdoge,1699,shittyfoodporn,0
Separate_Mountain_61,1700,bouldering,0
litrogh,1701,"askswitzerland, Switzerland, zurich",0
Coloneljesus,164,"interestingasfuck, Damnthatsinteresting, pics, mildlyinfuriating, facepalm",11.3765
Diego_0638,164,"interestingasfuck, Damnthatsinteresting, pics, mildlyinfuriating, facepalm",20.9956
Specific-Station-203,1702,ETHzurich,0
scellers,1703,zurich,0
Top_Director_9330,1704,formula1,0
sk214qqa,1705,"PhysicsStudents, AskPhysics",0
OddProposal8097,1706,EPFL,0
Successful-Goal-6387,1707,askswitzerland,0
Dhgno57,1480,"csMajors, PhD, ApplyingToCollege, AskAcademia, gradadmissions",0.0926
OkproOW,164,"interestingasfuck, Damnthatsinteresting, pics, mildlyinfuriating, facepalm",7.166
blackpancakestorm,1708,"Flights, German",0
Sofia_Claymore,1709,Silksong,0
Decent-Clothes-,1710,"Garmin, zurich",0
i_am_da_1_who_knocks,164,"interestingasfuck, Damnthatsinteresting, pics, mildlyinfuriating, facepalm",1.058
DebuggingPanda,1711,"rust, gaming",0
Jaspeey,1601,"NoStupidQuestions, AskReddit, askswitzerland, AITAH, Switzerland",3.8241
Eldan985,164,"interestingasfuck, Damnthatsinteresting, pics, mildlyinfuriating, facepalm",60.3138
Tripledelete,1601,"NoStupidQuestions, AskReddit, askswitzerland, AITAH, Switzerland",15.253
Low-Job4341,164,"interestingasfuck, Damnthatsinteresting, pics, mildlyinfuriating, facepalm",0.2956
Significant_Comfort6,1712,"China, AskElectronics, UniUK, europe",0
dbdang-7,1713,"EPFL, askswitzerland",0
jolomisan-03,1480,"csMajors, PhD, ApplyingToCollege, AskAcademia, gradadmissions",0.4912
Unhappy_Ad309,1714,"Switch, zurich",0
Born_Job_3231,1715,SwissPersonalFinance,0
KewlOBoi,1716,TeenIndia,0
Upset_Replacement684,164,"interestingasfuck, Damnthatsinteresting, pics, mildlyinfuriating, facepalm",3.4658
A_fry_on_top,1480,"csMajors, PhD, ApplyingToCollege, AskAcademia, gradadmissions",0.0077
bad-humoouer,1717,bern,0
Particular_Ad4119,1525,"de, Studium, Finanzen, Ratschlag, germany",0.3124
Few_Ad8913,1559,"Universitaly, ItaliaPersonalFinance, CasualIT, Italia, ItaliaCareerAdvice",0.8236
Knetsli,1718,Luxembourg,0
JatWise,1601,"NoStupidQuestions, AskReddit, askswitzerland, AITAH, Switzerland",16.5752
occassionalreddit,1719,EPFL,0
DataDuchesss,1720,"Norway, bern, Switzerland, zurich",0
YellowTech,164,"interestingasfuck, Damnthatsinteresting, pics, mildlyinfuriating, facepalm",0.9954
iamstudent_DACH,1721,"Studium, UZH",0
Redditedito,1525,"de, Studium, Finanzen, Ratschlag, germany",0.148
2racest333,1480,"csMajors, PhD, ApplyingToCollege, AskAcademia, gradadmissions",1.8393
Hollooo,1601,"NoStupidQuestions, AskReddit, askswitzerland, AITAH, Switzerland",13.0708
_Vxndetta,1601,"NoStupidQuestions, AskReddit, askswitzerland, AITAH, Switzerland",18.5352
Due-Butterfly-8276,1722,UZH,0
holy_slop,1480,"csMajors, PhD, ApplyingToCollege, AskAcademia, gradadmissions",0.0327
Big_Dimension_4637,1480,"csMajors, PhD, ApplyingToCollege, AskAcademia, gradadmissions",0.8074
Fast-Garden-8162,1723,"studyAbroad, gradadmissions",0
Outrageous-Sun3203,1480,"csMajors, PhD, ApplyingToCollege, AskAcademia, gradadmissions",10.9454
clumsy_ira,1724,studyAbroad,0
AdditionalWishbone16,1480,"csMajors, PhD, ApplyingToCollege, AskAcademia, gradadmissions",2.5722
macchine_brum,1725,"MBA, dating_advice, askswitzerland, Switzerland, zurich",0
insanityinathrowaway,164,"interestingasfuck, Damnthatsinteresting, pics, mildlyinfuriating, facepalm",0.232
Kylinny-YJY,1726,cscareerquestions,0
EuropeIsMight,164,"interestingasfuck, Damnthatsinteresting, pics, mildlyinfuriating, facepalm",41.0838
Capital-Cat4898,164,"interestingasfuck, Damnthatsinteresting, pics, mildlyinfuriating, facepalm",0.3951
Deschwa92,1480,"csMajors, PhD, ApplyingToCollege, AskAcademia, gradadmissions",0.0037
Appymon,1480,"csMajors, PhD, ApplyingToCollege, AskAcademia, gradadmissions",39.0798
Odd_Try5499,1525,"de, Studium, Finanzen, Ratschlag, germany",12.6357
LinkyMD,1727,headphones,0
P1r4nha,164,"interestingasfuck, Damnthatsinteresting, pics, mildlyinfuriating, facepalm",37.7808
Accomplished-Dog5691,1728,"Revolut, SwissPersonalFinance, askswitzerland",0
No-Iron8029,1480,"csMajors, PhD, ApplyingToCollege, AskAcademia, gradadmissions",2.295
vinnie92,1559,"Universitaly, ItaliaPersonalFinance, CasualIT, Italia, ItaliaCareerAdvice",4.4477
MauriceMiles,1480,"csMajors, PhD, ApplyingToCollege, AskAcademia, gradadmissions",1.0229
TheLonelyBirdie,1729,DTU,0
Some-Active71,1480,"csMajors, PhD, ApplyingToCollege, AskAcademia, gradadmissions",17.04
Gravi-Vector,1480,"csMajors, PhD, ApplyingToCollege, AskAcademia, gradadmissions",3.0455
SandwichExpensive542,1601,"NoStupidQuestions, AskReddit, askswitzerland, AITAH, Switzerland",13.2339
Upstairs_Sorbet2674,1730,"EPFL, Switzerland",0
couch_143_potato,1525,"de, Studium, Finanzen, Ratschlag, germany",0.1538
Commercial-Stop-872,1480,"csMajors, PhD, ApplyingToCollege, AskAcademia, gradadmissions",0.3707
jalal0602,1731,"studyAbroad, StudyInTheNetherlands, gradadmissions",0
computer_AM,1559,"Universitaly, ItaliaPersonalFinance, CasualIT, Italia, ItaliaCareerAdvice",9.2913
decidu3y3,1480,"csMajors, PhD, ApplyingToCollege, AskAcademia, gradadmissions",2.3759
BeeCuriouus,1601,"NoStupidQuestions, AskReddit, askswitzerland, AITAH, Switzerland",4.1282
NoMaintenance3794,1480,"csMajors, PhD, ApplyingToCollege, AskAcademia, gradadmissions",11.9009
morhangea,1525,"de, Studium, Finanzen, Ratschlag, germany",26.6634
Lumpy_Friendship2418,1732,anime,0
WhatTheJuk,1733,Luzern,0
Born_Presentation821,1480,"csMajors, PhD, ApplyingToCollege, AskAcademia, gradadmissions",0.0422
ztbwl,164,"interestingasfuck, Damnthatsinteresting, pics, mildlyinfuriating, facepalm",16.1782
Narrow-Wind8527,1480,"csMajors, PhD, ApplyingToCollege, AskAcademia, gradadmissions",0.1421
matesuechtig,1734,UZH,0
venividivitis,1601,"NoStupidQuestions, AskReddit, askswitzerland, AITAH, Switzerland",7.0577
Xblth,164,"interestingasfuck, Damnthatsinteresting, pics, mildlyinfuriating, facepalm",2.3194
ExpensiveQuit5386,1480,"csMajors, PhD, ApplyingToCollege, AskAcademia, gradadmissions",0.6769
Feeling-Analysis-940,1601,"NoStupidQuestions, AskReddit, askswitzerland, AITAH, Switzerland",3.8516
Stunning_Ad_1541,1525,"de, Studium, Finanzen, Ratschlag, germany",10.1962
Several-Insurance-76,1480,"csMajors, PhD, ApplyingToCollege, AskAcademia, gradadmissions",0.055
Domundy1,1735,"cscareerquestionsEU, askswitzerland",0
Anxious-IceDreamer04,1736,gradadmissions,0
Fantastic-View-6626,1737,"6thForm, Physics",0
TenenteColomboTV,1738,askswitzerland,0
Total_Development684,1739,Studium,0
lost9Penguin,1525,"de, Studium, Finanzen, Ratschlag, germany",2.6329
MKKGFR,1480,"csMajors, PhD, ApplyingToCollege, AskAcademia, gradadmissions",3.2275
AcousticMaths271828,1480,"csMajors, PhD, ApplyingToCollege, AskAcademia, gradadmissions",20.8415
Individual-Gift4632,1480,"csMajors, PhD, ApplyingToCollege, AskAcademia, gradadmissions",0.0356
Ok_Bumblebee_2307,1601,"NoStupidQuestions, AskReddit, askswitzerland, AITAH, Switzerland",4.3175
joudahmar,1740,"6thForm, UniUK",0
peoplehater003,1480,"csMajors, PhD, ApplyingToCollege, AskAcademia, gradadmissions",9.5213
doublelaza,1601,"NoStupidQuestions, AskReddit, askswitzerland, AITAH, Switzerland",4.5375
Lopsided_Research63,1480,"csMajors, PhD, ApplyingToCollege, AskAcademia, gradadmissions",1.1556
HankyLiu,1741,"UZH, zurich",0
Fantastic_Object_762,1601,"NoStupidQuestions, AskReddit, askswitzerland, AITAH, Switzerland",3.8244
OkClass6388,1480,"csMajors, PhD, ApplyingToCollege, AskAcademia, gradadmissions",9.2852
Foktord,1480,"csMajors, PhD, ApplyingToCollege, AskAcademia, gradadmissions",0.6635
greenandcloudy,1742,"AskTheWorld, SwissPersonalFinance, askswitzerland, zurich",0
khlbysr,1743,"geneva, Switzerland, zurich",0
Outrageous-Law-6509,1480,"csMajors, PhD, ApplyingToCollege, AskAcademia, gradadmissions",0.0848
SomethingTolkienish,164,"interestingasfuck, Damnthatsinteresting, pics, mildlyinfuriating, facepalm",1.4634
patousai,1744,"todayilearned, pcmasterrace, AskReddit",0
Inandaroundbern,1745,"flags, funnyvideos, motorcycles, MapPorn, BUENZLI",0
Ok-Job-379,1746,"Morocco, quantfinance",0
Paulashye,1480,"csMajors, PhD, ApplyingToCollege, AskAcademia, gradadmissions",0.1437
Might-Valuable,1480,"csMajors, PhD, ApplyingToCollege, AskAcademia, gradadmissions",0.4541
akehir,1601,"NoStupidQuestions, AskReddit, askswitzerland, AITAH, Switzerland",5.9041
Whole-Ad-7814,1747,"AskIndia, PhD, gradadmissions",0
rGabrix,1559,"Universitaly, ItaliaPersonalFinance, CasualIT, Italia, ItaliaCareerAdvice",9.1629
Icy-Letter-9221,1525,"de, Studium, Finanzen, Ratschlag, germany",2.5079
Substantial-Cap-1008,1525,"de, Studium, Finanzen, Ratschlag, germany",0.7877
Fearless-Can-1634,1480,"csMajors, PhD, ApplyingToCollege, AskAcademia, gradadmissions",5.4043
asdfghjkjljkl,1480,"csMajors, PhD, ApplyingToCollege, AskAcademia, gradadmissions",0.0048
OkSky2061,1480,"csMajors, PhD, ApplyingToCollege, AskAcademia, gradadmissions",0.1868
External-Whereas-853,1748,"GRE, gradadmissions",0
ChainKnown8003,1749,"PhysicsStudents, AskPhysics",0
l3x4nd3,1750,bocconi,0
OnderGok,1525,"de, Studium, Finanzen, Ratschlag, germany",24.0144
North-Paramedic-5991,1480,"csMajors, PhD, ApplyingToCollege, AskAcademia, gradadmissions",0.7804
Jurvenrx,1751,EPFL,0
miekokafka,1752,"AskARussian, teenagers",0
FormerNumber5584,1480,"csMajors, PhD, ApplyingToCollege, AskAcademia, gradadmissions",3.5186
unknownanonymoush,1480,"csMajors, PhD, ApplyingToCollege, AskAcademia, gradadmissions",0.0037
mcspend,1753,espresso,0
Coffee_Cynicism,1754,MSCS,0
staratila,1755,Switzerland,0
Fit-Inevitable-308,1480,"csMajors, PhD, ApplyingToCollege, AskAcademia, gradadmissions",3.0752
tr3quart1sta,1756,"greece, askswitzerland, zurich",0
MeasurableC,1757,"gradadmissions, EPFL",0
kittenmachine69,164,"interestingasfuck, Damnthatsinteresting, pics, mildlyinfuriating, facepalm",13.3203
Recent_Bumblebee_525,1758,"SwissPersonalFinance, Switzerland, zurich",0
choob_gamer,1480,"csMajors, PhD, ApplyingToCollege, AskAcademia, gradadmissions",3.9733
Extra_Intention_al_y,1759,PhD,0
KitchenSpecial6246,164,"interestingasfuck, Damnthatsinteresting, pics, mildlyinfuriating, facepalm",1.4375
SwissMountaineer,1480,"csMajors, PhD, ApplyingToCollege, AskAcademia, gradadmissions",12.0375
Adventurous_Fix2108,1760,geneva,0
theoser111,164,"interestingasfuck, Damnthatsinteresting, pics, mildlyinfuriating, facepalm",0.138
Fuzzy_Roll7617,1480,"csMajors, PhD, ApplyingToCollege, AskAcademia, gradadmissions",0.0473
ElectronicPineapple5,1525,"de, Studium, Finanzen, Ratschlag, germany",24.9826
Zealousideal_Ease481,1761,EPFL,0
No-Yak3852,1762,"TheRaceTo10Million, schweiz, BUENZLI, SwissPersonalFinance",0
indigo_v0id,1601,"NoStupidQuestions, AskReddit, askswitzerland, AITAH, Switzerland",0.3172
Bubi_Bums,1763,"Finanzen, PhD",0
Opening_Apartment377,1764,"ECE, askswitzerland, Switzerland",0
never_ending_loop,1765,"China, Switzerland",0
Stunning_Onion_2428,1525,"de, Studium, Finanzen, Ratschlag, germany",0.1291
Severe_Researcher855,1766,"SkincareAddiction, askswitzerland",0
RMHDS,1767,SwissPersonalFinance,0
Either_Chemist_578,1480,"csMajors, PhD, ApplyingToCollege, AskAcademia, gradadmissions",0.763
TheConsultantX,1601,"NoStupidQuestions, AskReddit, askswitzerland, AITAH, Switzerland",1.4438
TransparentPrivacy,1601,"NoStupidQuestions, AskReddit, askswitzerland, AITAH, Switzerland",0.8896
OkBeyond7283,1525,"de, Studium, Finanzen, Ratschlag, germany",3.45
Just-Start633,1768,"howislivingthere, IELTS, askswitzerland",0
Apprehensive-Case907,1769,JetLagTheGame,0
Palli420,1601,"NoStupidQuestions, AskReddit, askswitzerland, AITAH, Switzerland",0.8185
CareBear1770,164,"interestingasfuck, Damnthatsinteresting, pics, mildlyinfuriating, facepalm",7.6117
Pretty_Albatross_156,1770,askswitzerland,0
Jujuloww,1771,"UniSG, bocconi",0
Brilliant_Draw3707,1772,"SonyAlpha, dji",0
Neither_Instance1702,1480,"csMajors, PhD, ApplyingToCollege, AskAcademia, gradadmissions",3.7611
MetallCriminal,1773,"animequestions, Piracy",0
Fuzzy_Put_6820,1774,TUDelft,0
Legendary_Dotaer,1775,Switzerland,0
rednblackPM,1480,"csMajors, PhD, ApplyingToCollege, AskAcademia, gradadmissions",0.1737
Adventurous-Set-2537,1776,Daytrading,0
ComfortablePrior8010,1777,"AITAH, suisse, askswitzerland",0
-KaKhan-,1778,"gradadmissions, EPFL",0
Bambuskrieger33,1525,"de, Studium, Finanzen, Ratschlag, germany",2.2616
PineappleHairy4325,1480,"csMajors, PhD, ApplyingToCollege, AskAcademia, gradadmissions",37.9202
ptinnl,1601,"NoStupidQuestions, AskReddit, askswitzerland, AITAH, Switzerland",21.1773
Brojesuss,1480,"csMajors, PhD, ApplyingToCollege, AskAcademia, gradadmissions",0.2467
gradskull,1480,"csMajors, PhD, ApplyingToCollege, AskAcademia, gradadmissions",6.6471
Outrageous-East8416,1601,"NoStupidQuestions, AskReddit, askswitzerland, AITAH, Switzerland",0.3479
smishshjumping,1779,"Anticonsumption, Brazil",0
RegrettableBiscuit,1601,"NoStupidQuestions, AskReddit, askswitzerland, AITAH, Switzerland",33.4768
jyapareek,1780,"GATEtard, ECE",0
beansprout88,1601,"NoStupidQuestions, AskReddit, askswitzerland, AITAH, Switzerland",5.8947
EnvironmentalTip4556,1480,"csMajors, PhD, ApplyingToCollege, AskAcademia, gradadmissions",5.1073
HauntingCup8977,1781,UofT,0
0101falcon,1601,"NoStupidQuestions, AskReddit, askswitzerland, AITAH, Switzerland",24.7003
No-Tiger8459,1782,"askswitzerland, zurich",0
Sarkastiker,1525,"de, Studium, Finanzen, Ratschlag, germany",17.6077
Icy_Psychology9340,164,"interestingasfuck, Damnthatsinteresting, pics, mildlyinfuriating, facepalm",0.0258
Abject-Parfait305,1480,"csMajors, PhD, ApplyingToCollege, AskAcademia, gradadmissions",1.3869
Grand-Lie4361,1480,"csMajors, PhD, ApplyingToCollege, AskAcademia, gradadmissions",1.6713
Foreign_Fee_5859,1480,"csMajors, PhD, ApplyingToCollege, AskAcademia, gradadmissions",8.5315
Comfortable-Main9529,1480,"csMajors, PhD, ApplyingToCollege, AskAcademia, gradadmissions",12.3491
starstruckxxx,1783,zurich,0
Alternative-Area6558,1480,"csMajors, PhD, ApplyingToCollege, AskAcademia, gradadmissions",0.1808
Master-Nobody74,1784,GamingLaptops,0
ElectisD,1785,"KULeuven, germany",0
pickup_the_slakk,1480,"csMajors, PhD, ApplyingToCollege, AskAcademia, gradadmissions",0.0254
Rathu16,1480,"csMajors, PhD, ApplyingToCollege, AskAcademia, gradadmissions",0.1128
Strange-Strike8633,1786,UZH,0
motzhard,1480,"csMajors, PhD, ApplyingToCollege, AskAcademia, gradadmissions",0.0037
Effective-Garlic-409,1787,Switzerland,0
anon24222,1480,"csMajors, PhD, ApplyingToCollege, AskAcademia, gradadmissions",0.0255
Houndsoflove08,1601,"NoStupidQuestions, AskReddit, askswitzerland, AITAH, Switzerland",13.1257
callingbrisk,1480,"csMajors, PhD, ApplyingToCollege, AskAcademia, gradadmissions",11.2744
DiogoFrota,1788,cybersecurity,0
accademicvictim,1480,"csMajors, PhD, ApplyingToCollege, AskAcademia, gradadmissions",0.3873
liquidshelf,1480,"csMajors, PhD, ApplyingToCollege, AskAcademia, gradadmissions",0.0182
i_am__not_a_robot,1525,"de, Studium, Finanzen, Ratschlag, germany",22.0727
Kenny_and_stuff,1525,"de, Studium, Finanzen, Ratschlag, germany",3.9825
snowblow66,164,"interestingasfuck, Damnthatsinteresting, pics, mildlyinfuriating, facepalm",12.7405
Yedaia,1789,askswitzerland,0
Antique-Gur-2132,164,"interestingasfuck, Damnthatsinteresting, pics, mildlyinfuriating, facepalm",0.9963
el_gato_123,1790,UZH,0
Famous_Echidna307,1791,"GradSchool, gradadmissions",0
Adorable_Put2900,1792,PhysicsStudents,0
Lab0rax,1793,gradadmissions,0
stoic-boi,1794,"LooksmaxingAdvice, Howtolooksmax",0
MiHa__04,1480,"csMajors, PhD, ApplyingToCollege, AskAcademia, gradadmissions",0.1754
Consistent_Chest_653,1795,"PedroPeepos, leagueoflegends",0
Juno_Panda,1480,"csMajors, PhD, ApplyingToCollege, AskAcademia, gradadmissions",0.048
PlanktonAdmirable590,164,"interestingasfuck, Damnthatsinteresting, pics, mildlyinfuriating, facepalm",11.8139
AlePec98,1559,"Universitaly, ItaliaPersonalFinance, CasualIT, Italia, ItaliaCareerAdvice",1.1106
f13br3,1796,cybersecurity,0
American_terminator,1480,"csMajors, PhD, ApplyingToCollege, AskAcademia, gradadmissions",0.207
Qualquom,1797,zurich,0
anonymousguy__,1798,UZH,0
XxX_UseYourName_XxX,164,"interestingasfuck, Damnthatsinteresting, pics, mildlyinfuriating, facepalm",1.5133
Nocam7,1799,"sysadmin, homelab",0
CalendarKlutzy7220,1800,"LinkedInLunatics, Eldenring",0
Expensive_Parfait_66,164,"interestingasfuck, Damnthatsinteresting, pics, mildlyinfuriating, facepalm",1.4521
TheShynola,1480,"csMajors, PhD, ApplyingToCollege, AskAcademia, gradadmissions",33.1906
Lucazerotre,1801,askswitzerland,0
Equivalent-Owl-7526,1802,"AskTheWorld, askswitzerland, Switzerland, zurich",0
Schollberg,1803,askswitzerland,0
Content_Regret_5405,1480,"csMajors, PhD, ApplyingToCollege, AskAcademia, gradadmissions",1.8062
Sad_Arm_7537,1525,"de, Studium, Finanzen, Ratschlag, germany",6.6133
NeatAd8177,1804,"IBO, tumunich",0
pixlrick,164,"interestingasfuck, Damnthatsinteresting, pics, mildlyinfuriating, facepalm",1.7284
Dry-Platform8332,1805,"reinforcementlearning, zurich",0
CarpenterDouble547,1806,"cscareerquestionsEU, ETHzurich, gradadmissions, EPFL",0
B4KTERI,1601,"NoStupidQuestions, AskReddit, askswitzerland, AITAH, Switzerland",4.6961
CheChocolateChap,1807,soccer,0
Commercial-Kick9006,1808,indianrailways,0
AdvantageSensitive21,1480,"csMajors, PhD, ApplyingToCollege, AskAcademia, gradadmissions",7.8292
Jaded-Ad-9448,1809,"playboicarti, MSCS, gradadmissions",0
rose_pink_88,1480,"csMajors, PhD, ApplyingToCollege, AskAcademia, gradadmissions",25.4587
Primary-Elderberry34,1601,"NoStupidQuestions, AskReddit, askswitzerland, AITAH, Switzerland",28.8424
Electrical_Daikon505,1810,quantfinance,0
Famous_Software_69,1811,"LMUMunich, tumunich",0
Datmenace,1812,"Life, bikewrench, sex",0
ban_speedrunner,1480,"csMajors, PhD, ApplyingToCollege, AskAcademia, gradadmissions",0.0763
Available_Access6060,1480,"csMajors, PhD, ApplyingToCollege, AskAcademia, gradadmissions",0.8098
Ivan__Sh,1480,"csMajors, PhD, ApplyingToCollege, AskAcademia, gradadmissions",0.7494
ippi_happyheart,1480,"csMajors, PhD, ApplyingToCollege, AskAcademia, gradadmissions",1.3144
livyci,1813,zurich,0
LlatreDimension,1480,"csMajors, PhD, ApplyingToCollege, AskAcademia, gradadmissions",0.1028
Horror_Awareness5770,1480,"csMajors, PhD, ApplyingToCollege, AskAcademia, gradadmissions",0.3585
Late_Cancel4403,1480,"csMajors, PhD, ApplyingToCollege, AskAcademia, gradadmissions",3.7012
Global-Bite-8615,1480,"csMajors, PhD, ApplyingToCollege, AskAcademia, gradadmissions",0.8977
Ok-Common-4103,1480,"csMajors, PhD, ApplyingToCollege, AskAcademia, gradadmissions",3.9045
ryanslizzard,1601,"NoStupidQuestions, AskReddit, askswitzerland, AITAH, Switzerland",7.5506
WuxiaWuxia,1525,"de, Studium, Finanzen, Ratschlag, germany",28.2078
Patient-Source-7551,1814,zurich,0
different_welde,1601,"NoStupidQuestions, AskReddit, askswitzerland, AITAH, Switzerland",18.2731
chipuutz,1480,"csMajors, PhD, ApplyingToCollege, AskAcademia, gradadmissions",0.0054
clickrush,164,"interestingasfuck, Damnthatsinteresting, pics, mildlyinfuriating, facepalm",33.9993
Heavy-Passenger1041,1815,"PhDAdmissions, gradadmissions, EPFL",0
schwisi,1816,SwissPersonalFinance,0
piraven999,1817,formula1,0
Plane_Opposite914,1818,"FinancialCareers, UZH, askswitzerland, zurich",0
miszkah,164,"interestingasfuck, Damnthatsinteresting, pics, mildlyinfuriating, facepalm",18.3533
Sixaxix9,1819,ElectricalEngineering,0
Competitive-Tie849,1820,"ApplyingToCollege, GRE, gradadmissions",0
Lelouch70,1525,"de, Studium, Finanzen, Ratschlag, germany",16.5212
albertoide,1821,"quant, quantfinance",0
AdventurousTank6302,1480,"csMajors, PhD, ApplyingToCollege, AskAcademia, gradadmissions",5.1259
consilvione,1822,BuyFromEU,0
xracess,1480,"csMajors, PhD, ApplyingToCollege, AskAcademia, gradadmissions",0.0575
ollah90,1525,"de, Studium, Finanzen, Ratschlag, germany",0.1636
praefectus1985,1559,"Universitaly, ItaliaPersonalFinance, CasualIT, Italia, ItaliaCareerAdvice",1.9335
VanniLeonardo,1559,"Universitaly, ItaliaPersonalFinance, CasualIT, Italia, ItaliaCareerAdvice",0.1696
Comprehensive-Row200,1823,"GRE, MSCS, EPFL",0
Aspahatt,1480,"csMajors, PhD, ApplyingToCollege, AskAcademia, gradadmissions",2.2315
TallEstablishment598,1824,ETHzurich,0
holyfishness71,1601,"NoStupidQuestions, AskReddit, askswitzerland, AITAH, Switzerland",23.4841
Badotti,1559,"Universitaly, ItaliaPersonalFinance, CasualIT, Italia, ItaliaCareerAdvice",2.3211
assrap3,1825,"shitposting, EPFL, Switzerland",0
These_Ad_2947,1826,"passive_income, askswitzerland",0
Ok-Anybody-380,1601,"NoStupidQuestions, AskReddit, askswitzerland, AITAH, Switzerland",10.0978
Ok-Stable1640,1601,"NoStupidQuestions, AskReddit, askswitzerland, AITAH, Switzerland",0.1721
RoastInHell_official,1827,"DataHoarder, Switzerland, zurich",0
LimpAd5090,1525,"de, Studium, Finanzen, Ratschlag, germany",0.0872
vocalfry13,1480,"csMajors, PhD, ApplyingToCollege, AskAcademia, gradadmissions",2.7986
Healthy-Dog3992,1480,"csMajors, PhD, ApplyingToCollege, AskAcademia, gradadmissions",0.1997
compsci2860,1828,"SwissPersonalFinance, EPFL",0
Eadlinscheave,1829,UZH,0
Jeffry286,1525,"de, Studium, Finanzen, Ratschlag, germany",0.7279
Queasy-Ad-9614,1830,FinancialCareers,0
Special_Succotash_71,1831,"IndianTeenagers, passive_income",0
empathy_is_earned,1480,"csMajors, PhD, ApplyingToCollege, AskAcademia, gradadmissions",0.8189
Brendwild,1832,"macbookair, pcmasterrace",0
ilobyon,1833,"labrats, German",0
raaephs,1834,"schwiiz, BUENZLI, askswitzerland",0
sterpfi,1480,"csMajors, PhD, ApplyingToCollege, AskAcademia, gradadmissions",0.0054
evonammon,164,"interestingasfuck, Damnthatsinteresting, pics, mildlyinfuriating, facepalm",2.1948
Conscious_Effect_661,1835,PokemonTCG,0
New_Lynx_6908,1480,"csMajors, PhD, ApplyingToCollege, AskAcademia, gradadmissions",0.011
arti_karmen,1836,Switzerland,0
ForrestMaster,1601,"NoStupidQuestions, AskReddit, askswitzerland, AITAH, Switzerland",32.7096
ThroAwayeFaye,1837,bangalore,0
manzanita06,1838,"Guitar, geneva, askswitzerland, Switzerland",0
WonderfulHost7630,1525,"de, Studium, Finanzen, Ratschlag, germany",0.3251
theredditbookworm,1839,"arbeitsleben, UZH",0
pizzatummy,1601,"NoStupidQuestions, AskReddit, askswitzerland, AITAH, Switzerland",3.5306
Individual-Ice-5953,1840,"askswitzerland, Switzerland",0
kalsan15,1841,BUENZLI,0
fraMTK,164,"interestingasfuck, Damnthatsinteresting, pics, mildlyinfuriating, facepalm",2.3313
Mariusblock,164,"interestingasfuck, Damnthatsinteresting, pics, mildlyinfuriating, facepalm",6.7206
Soft-Penalty-2849,1842,"labrats, askswitzerland",0
SuccessfulMall3929,1525,"de, Studium, Finanzen, Ratschlag, germany",2.6548
chol_esterol,1843,askswitzerland,0
HydrogenatedSwissie,1601,"NoStupidQuestions, AskReddit, askswitzerland, AITAH, Switzerland",2.4389
VioletGloves,1844,German,0
skip_the_tutorial_,164,"interestingasfuck, Damnthatsinteresting, pics, mildlyinfuriating, facepalm",33.6237
Mammoth-Double-7632,1845,"Beichtstuhl, Switzerland",0
Swiss27572-1,1846,"schwiiz, Switzerland",0
incrediblespidervers,1480,"csMajors, PhD, ApplyingToCollege, AskAcademia, gradadmissions",0.0104
armed_slug,1480,"csMajors, PhD, ApplyingToCollege, AskAcademia, gradadmissions",0.0037
SillyDrag0n,1847,"AskTheWorld, askswitzerland",0
zaq1193,1525,"de, Studium, Finanzen, Ratschlag, germany",0.5348
Extension_Pound2861,1480,"csMajors, PhD, ApplyingToCollege, AskAcademia, gradadmissions",24.4555
lupus42069,1848,zurich,0
yobocra,1849,"MacOS, macbook, zurich",0
Mundane_Attorney_278,1480,"csMajors, PhD, ApplyingToCollege, AskAcademia, gradadmissions",0.2723
Cychreides-404,1480,"csMajors, PhD, ApplyingToCollege, AskAcademia, gradadmissions",0.6811
giobby3560,1850,"AskStatistics, ETHzurich, SwissPersonalFinance, EPFL",0
throwaway-penny,164,"interestingasfuck, Damnthatsinteresting, pics, mildlyinfuriating, facepalm",5.7118
Fish_Watcher,1851,"tattooadvice, ChatGPT",0
Acrobatic-Shine-9414,1559,"Universitaly, ItaliaPersonalFinance, CasualIT, Italia, ItaliaCareerAdvice",16.8332
Designer-Sector-177,1480,"csMajors, PhD, ApplyingToCollege, AskAcademia, gradadmissions",2.035
AshuTiwaryy,1480,"csMajors, PhD, ApplyingToCollege, AskAcademia, gradadmissions",6.548
Particular_Text17,1525,"de, Studium, Finanzen, Ratschlag, germany",49.0123
Succotash1148,1525,"de, Studium, Finanzen, Ratschlag, germany",2.9497
Frequent_Library_50,164,"interestingasfuck, Damnthatsinteresting, pics, mildlyinfuriating, facepalm",0.6131
Upper-Freedom-4618,1480,"csMajors, PhD, ApplyingToCollege, AskAcademia, gradadmissions",15.3614
renan1064,1852,German,0
ayushpd1,1853,"CATpreparation, Indians_StudyAbroad",0
TomCleo,1854,"LegalAdviceEurope, Advice, SwissPersonalFinance, askswitzerland, Switzerland",0
tolarianwiz,1855,StudyInTheNetherlands,0
Cheap_Anywhere_6929,1480,"csMajors, PhD, ApplyingToCollege, AskAcademia, gradadmissions",0.7564
Responsible_Risk_429,1480,"csMajors, PhD, ApplyingToCollege, AskAcademia, gradadmissions",1.6632
True-Response-2386,164,"interestingasfuck, Damnthatsinteresting, pics, mildlyinfuriating, facepalm",19.9731
South_Quantity_1027,164,"interestingasfuck, Damnthatsinteresting, pics, mildlyinfuriating, facepalm",3.8327
Aggravating-Menu7586,164,"interestingasfuck, Damnthatsinteresting, pics, mildlyinfuriating, facepalm",5.2578
RobinOe,1480,"csMajors, PhD, ApplyingToCollege, AskAcademia, gradadmissions",0.4704
Melodic-Honeydew-568,1480,"csMajors, PhD, ApplyingToCollege, AskAcademia, gradadmissions",6.4188
Outrageous-Entry-805,1856,"AskAcademia, cscareerquestionsEU, EPFL",0
Roberto-75,164,"interestingasfuck, Damnthatsinteresting, pics, mildlyinfuriating, facepalm",36.009
Accurate_Reindeer522,1857,"Mountaineering, askswitzerland, zurich",0
AcidAnonymous,1858,"explainitpeter, Switzerland, zurich",0
Small-Design-1140,1859,"research, academia",0
Eastern_Traffic2379,1480,"csMajors, PhD, ApplyingToCollege, AskAcademia, gradadmissions",25.0578
Wild-typeApollo,1860,zurich,0
Popular-Mode4607,1480,"csMajors, PhD, ApplyingToCollege, AskAcademia, gradadmissions",8.5527
Fabulous_Strike5351,1861,EPFL,0
bhavsec381,1480,"csMajors, PhD, ApplyingToCollege, AskAcademia, gradadmissions",7.6129
Ominous-Gnome,1601,"NoStupidQuestions, AskReddit, askswitzerland, AITAH, Switzerland",0.0296
James_the_O_Bro,1862,askswitzerland,0
arjitraj_,1480,"csMajors, PhD, ApplyingToCollege, AskAcademia, gradadmissions",30.0121
AccomplishedMarch702,1863,"ETHzurich, askswitzerland",0
ResortThin8757,1864,"devops, learnprogramming, gradadmissions",0
kaktusik02,1480,"csMajors, PhD, ApplyingToCollege, AskAcademia, gradadmissions",0.0342
benjstyle,1865,"EnglishLearning, FrugalSwitzerland, schwiiz, BUENZLI, SwissPersonalFinance",0
NoStatus8,1525,"de, Studium, Finanzen, Ratschlag, germany",12.0523
ProgressWeak3954,1866,ETHzurich,0
Apprehensive_Till329,1867,"oxforduni, cambridge_uni, gradadmissions",0
1234filip,1480,"csMajors, PhD, ApplyingToCollege, AskAcademia, gradadmissions",2.38
Straight-Web-2480,1480,"csMajors, PhD, ApplyingToCollege, AskAcademia, gradadmissions",19.6504
These_Talker,1480,"csMajors, PhD, ApplyingToCollege, AskAcademia, gradadmissions",0.039
Lazipus,1480,"csMajors, PhD, ApplyingToCollege, AskAcademia, gradadmissions",0.0346
leppaludinn,164,"interestingasfuck, Damnthatsinteresting, pics, mildlyinfuriating, facepalm",26.6003
Agitated_Freedom3168,1868,"askgaybros, askswitzerland, zurich",0
Odd_Principle_4914,1869,ETHzurich,0
knotbotfosho,1480,"csMajors, PhD, ApplyingToCollege, AskAcademia, gradadmissions",6.2389
Due-Back-8974,1601,"NoStupidQuestions, AskReddit, askswitzerland, AITAH, Switzerland",0.6257
Zifnab_palmesano,164,"interestingasfuck, Damnthatsinteresting, pics, mildlyinfuriating, facepalm",32.608
Retr0_90s,1870,TUDelft,0
hyperrcarry,164,"interestingasfuck, Damnthatsinteresting, pics, mildlyinfuriating, facepalm",0.1156
BambusleitungTV,1871,"Austria, interestingasfuck",0
AntPrestigious7616,1872,"IndiaTech, JEENEETards",0
Ok_Environment5176,1873,zurich,0
Sea_Public_6691,1525,"de, Studium, Finanzen, Ratschlag, germany",34.4211
frugal_coinage,1874,EPFL,0
looseyloosey,1875,zurich,0
someone_else_0000,1876,"KidsAreFuckingStupid, cscareerquestionsEU, SwissPersonalFinance, askswitzerland, Switzerland",0
LaPasseraScopaiola,1601,"NoStupidQuestions, AskReddit, askswitzerland, AITAH, Switzerland",26.9024
mancheSind,1601,"NoStupidQuestions, AskReddit, askswitzerland, AITAH, Switzerland",34.3142
vik-kes,1877,dataengineering,0
NormanWasHere,1480,"csMajors, PhD, ApplyingToCollege, AskAcademia, gradadmissions",0.6523
BirdSignificant8269,1480,"csMajors, PhD, ApplyingToCollege, AskAcademia, gradadmissions",0.8569
Sharp_Courage_1496,164,"interestingasfuck, Damnthatsinteresting, pics, mildlyinfuriating, facepalm",0.7158
mimbos_,1878,"askswitzerland, zurich",0
Unicron1982,1601,"NoStupidQuestions, AskReddit, askswitzerland, AITAH, Switzerland",25.552
EnvironmentalMoney28,1879,greece,0
Sr_Lewis,1480,"csMajors, PhD, ApplyingToCollege, AskAcademia, gradadmissions",0.2026
DryEngineer9760,1480,"csMajors, PhD, ApplyingToCollege, AskAcademia, gradadmissions",0.0148
Haunting-Stretch8069,1480,"csMajors, PhD, ApplyingToCollege, AskAcademia, gradadmissions",11.4199
Unlikely-Click9392,1480,"csMajors, PhD, ApplyingToCollege, AskAcademia, gradadmissions",0.2976
mtawarira,1480,"csMajors, PhD, ApplyingToCollege, AskAcademia, gradadmissions",4.6751
Excellent_Sir_9598,1880,"mcgill, tumunich, EPFL",0
stefan-123456789,1881,"FragtMaenner, schwiiz, BUENZLI, Switzerland",0
Leo_Sifu,1882,"linkedin, zurich",0
pripyatprincess,1883,"antiwork, intj",0
liz1023,1601,"NoStupidQuestions, AskReddit, askswitzerland, AITAH, Switzerland",0.4515
taninu,1884,"ApplyingToCollege, gradadmissions",0
epsilon_nyus,1480,"csMajors, PhD, ApplyingToCollege, AskAcademia, gradadmissions",8.2325
AntiqueMarionberry91,1480,"csMajors, PhD, ApplyingToCollege, AskAcademia, gradadmissions",0.2207
REPORT_AP_RENGAR,1480,"csMajors, PhD, ApplyingToCollege, AskAcademia, gradadmissions",4.6686
RadishCompetitive474,1885,"LooksmaxingAdvice, gradadmissions",0
Old_Payment8743,1559,"Universitaly, ItaliaPersonalFinance, CasualIT, Italia, ItaliaCareerAdvice",11.7743
al-doori,1480,"csMajors, PhD, ApplyingToCollege, AskAcademia, gradadmissions",0.1856
pcrail-2,1886,"trains, BUENZLI, Switzerland, zurich",0
Optimal_Addition_402,1480,"csMajors, PhD, ApplyingToCollege, AskAcademia, gradadmissions",0.8915
Aromatic_Acadia_8104,1525,"de, Studium, Finanzen, Ratschlag, germany",41.4751
Capable-Anything-303,1480,"csMajors, PhD, ApplyingToCollege, AskAcademia, gradadmissions",0.0509
EggReasonable,1887,leetcode,0
bunny_slayer_cat,1480,"csMajors, PhD, ApplyingToCollege, AskAcademia, gradadmissions",0.3547
SufficientFocus00,1480,"csMajors, PhD, ApplyingToCollege, AskAcademia, gradadmissions",3.1623
PsychologicalAnt4231,1601,"NoStupidQuestions, AskReddit, askswitzerland, AITAH, Switzerland",3.2931
MG_2401_star,1480,"csMajors, PhD, ApplyingToCollege, AskAcademia, gradadmissions",6.8761
Clean-Use1518,1888,"cmu, gradadmissions",0
ConstructionShot5958,1889,"wallstreetbetsGER, AskStatistics, zurich",0
Melodic_Falcon_3165,164,"interestingasfuck, Damnthatsinteresting, pics, mildlyinfuriating, facepalm",5.7155
Ok-Mission-3998,1480,"csMajors, PhD, ApplyingToCollege, AskAcademia, gradadmissions",0.1044
Capital-Isopod-5502,1890,"askswitzerland, zurich",0
Heavenly_Red,1480,"csMajors, PhD, ApplyingToCollege, AskAcademia, gradadmissions",0.0335
sadyseul,1480,"csMajors, PhD, ApplyingToCollege, AskAcademia, gradadmissions",0.5573
Itsk0,1891,selbststaendig,0
PatienceIll766,1892,research,0
Daviba101995,1480,"csMajors, PhD, ApplyingToCollege, AskAcademia, gradadmissions",0.0952
milchi03,164,"interestingasfuck, Damnthatsinteresting, pics, mildlyinfuriating, facepalm",15.1038
IngenuityBorn2378,1893,"PhD, UZH, Switzerland, zurich",0
Lucky_Breakfast6511,1894,zurich,0
Few-Fig-3078,1480,"csMajors, PhD, ApplyingToCollege, AskAcademia, gradadmissions",0.1752
Reasonable_Mud_7278,1895,basel,0
turms_,1525,"de, Studium, Finanzen, Ratschlag, germany",0.7901
digitalrols,1480,"csMajors, PhD, ApplyingToCollege, AskAcademia, gradadmissions",1.3073
time_is_money_2025,1896,"ETHzurich, UZH, EPFL",0
Broad-Fig-495,1480,"csMajors, PhD, ApplyingToCollege, AskAcademia, gradadmissions",0.2286
Annual_Web_2621,1601,"NoStupidQuestions, AskReddit, askswitzerland, AITAH, Switzerland",4.7887
longevityGoirmet,1525,"de, Studium, Finanzen, Ratschlag, germany",1.1161
LuminousAviator,1480,"csMajors, PhD, ApplyingToCollege, AskAcademia, gradadmissions",9.5664
logia_ldn,1525,"de, Studium, Finanzen, Ratschlag, germany",2.7962
Duke_Zordrak,1601,"NoStupidQuestions, AskReddit, askswitzerland, AITAH, Switzerland",5.3794
applyingunisss,1897,mcgill,0
Additional_Chart_621,1480,"csMajors, PhD, ApplyingToCollege, AskAcademia, gradadmissions",0.143
Bulky_Government9271,1898,tumunich,0
Bodobomb,1480,"csMajors, PhD, ApplyingToCollege, AskAcademia, gradadmissions",2.1906
Lazy_Maintenance6252,1899,"cycling, tumunich",0
Late_Temperature5205,1480,"csMajors, PhD, ApplyingToCollege, AskAcademia, gradadmissions",0.2083
Sirioooo,1900,"learnmachinelearning, UZH, gradadmissions",0
Round-Student-3138,1901,"schwiiz, Switzerland",0
ElectricalGrid,1902,"linux4noobs, AskElectronics, ElectricalEngineering, askswitzerland, Switzerland",0
Humble_Fan_1285,1525,"de, Studium, Finanzen, Ratschlag, germany",2.2514
Accurate-Mail-4098,164,"interestingasfuck, Damnthatsinteresting, pics, mildlyinfuriating, facepalm",26.263
CuriousPumpking,1903,"AskAGerman, mildlyinfuriating",0
CakeMotors,1904,askswitzerland,0
s_ayrz,1480,"csMajors, PhD, ApplyingToCollege, AskAcademia, gradadmissions",4.4251
windows_xp_home,1905,Switzerland,0
Square_Associate_771,164,"interestingasfuck, Damnthatsinteresting, pics, mildlyinfuriating, facepalm",3.6709
broski_on_the_move,1601,"NoStupidQuestions, AskReddit, askswitzerland, AITAH, Switzerland",1.3623
Double-Sun6490,1525,"de, Studium, Finanzen, Ratschlag, germany",9.1982
varunsnghnews,1480,"csMajors, PhD, ApplyingToCollege, AskAcademia, gradadmissions",0.2859
TheTurkishWarlord,1480,"csMajors, PhD, ApplyingToCollege, AskAcademia, gradadmissions",0.8307
helloureddit,164,"interestingasfuck, Damnthatsinteresting, pics, mildlyinfuriating, facepalm",5.1695
Due_Association437,1601,"NoStupidQuestions, AskReddit, askswitzerland, AITAH, Switzerland",2.2777
Electrical-Hand157,1906,Skigear,0
Status-League1528,1480,"csMajors, PhD, ApplyingToCollege, AskAcademia, gradadmissions",2.7906
Complete_Jury6419,1480,"csMajors, PhD, ApplyingToCollege, AskAcademia, gradadmissions",8.9197
Fragrant-Tour-4239,1907,"travel, EPFL",0
WeabooDolfy125,164,"interestingasfuck, Damnthatsinteresting, pics, mildlyinfuriating, facepalm",0.0501
NdiemaKeith,1908,"csMajors, ETHzurich",0
MakeoverBelly,164,"interestingasfuck, Damnthatsinteresting, pics, mildlyinfuriating, facepalm",5.3962
KingOfDemonslayers96,1909,"howislivingthere, Switzerland, zurich",0
Atmikha,1601,"NoStupidQuestions, AskReddit, askswitzerland, AITAH, Switzerland",0.2728
IG77_,1910,"AskAcademia, zurich",0
IqLessBoi,1911,AskTurkey,0
RunFromPhD88,1912,germany,0
ramimdma,1480,"csMajors, PhD, ApplyingToCollege, AskAcademia, gradadmissions",0.0268
tomcatru,1913,Switzerland,0
New-Lingonberry9322,1914,"basel, BUENZLI, SwissPersonalFinance, askswitzerland, Switzerland",0
groucho74,1480,"csMajors, PhD, ApplyingToCollege, AskAcademia, gradadmissions",6.3902
Putrid-Speaker4866,1915,"PhilosophyMemes, chemhelp",0
Rubicantay,164,"interestingasfuck, Damnthatsinteresting, pics, mildlyinfuriating, facepalm",10.4681
Salt_Veterinarian311,1916,"whenthe, TooAfraidToAsk",0
Despaxir,1480,"csMajors, PhD, ApplyingToCollege, AskAcademia, gradadmissions",10.9741
Efficient_Mobile9506,1480,"csMajors, PhD, ApplyingToCollege, AskAcademia, gradadmissions",3.1902
blanddarwich44,1480,"csMajors, PhD, ApplyingToCollege, AskAcademia, gradadmissions",0.0142
StolenPudding,1917,"interactivebrokers, SwissFIRE, SwissPersonalFinance, Switzerland, zurich",0
snolwi,1480,"csMajors, PhD, ApplyingToCollege, AskAcademia, gradadmissions",2.3325
Bolt89,1918,"buildapc, zurich",0
robomyster,1919,askswitzerland,0
ergonomicalgenie,164,"interestingasfuck, Damnthatsinteresting, pics, mildlyinfuriating, facepalm",9.8896
Mis_Lannister,1920,"askspain, cybersecurity",0
ForsakenEmergency912,1921,"FragReddit, AskWomen, AskReddit",0
AssignmentPurple6480,1922,ETHzurich,0
Elta_305,1480,"csMajors, PhD, ApplyingToCollege, AskAcademia, gradadmissions",0.0085
Comfortable-Coast479,1923,"German, Studium, zurich",0
trixydoor,1480,"csMajors, PhD, ApplyingToCollege, AskAcademia, gradadmissions",2.6886
inclinechair,1480,"csMajors, PhD, ApplyingToCollege, AskAcademia, gradadmissions",0.0037
Affectionate-Ear8233,1480,"csMajors, PhD, ApplyingToCollege, AskAcademia, gradadmissions",0.102
Realistic_Cobbler512,1924,"cognitiveTesting, EPFL",0
Dapper_Dog4790,1925,"soccercirclejerk, antiwork, anime, zurich",0
AdTechnical7167,1926,"BUENZLI, askswitzerland, Switzerland, zurich",0
Unhappy-Comfort-8039,1480,"csMajors, PhD, ApplyingToCollege, AskAcademia, gradadmissions",1.8596
Critical-Wish-558,1480,"csMajors, PhD, ApplyingToCollege, AskAcademia, gradadmissions",0.0037
Adventurous-Bug894,1927,UZH,0
jhfdtydgj,1480,"csMajors, PhD, ApplyingToCollege, AskAcademia, gradadmissions",0.0306
Low_Lettuce_4893,1480,"csMajors, PhD, ApplyingToCollege, AskAcademia, gradadmissions",14.0238
AffectionateDoubt405,1928,learnmachinelearning,0
Simnani_Newaz,1480,"csMajors, PhD, ApplyingToCollege, AskAcademia, gradadmissions",0.0088
Amazing_Human90,1480,"csMajors, PhD, ApplyingToCollege, AskAcademia, gradadmissions",0.921
VeterinarianLow8574,1525,"de, Studium, Finanzen, Ratschlag, germany",0.984
Mysterious-Local-398,1929,FitnessDE,0
Lunex_uw,1930,"Lenovo, askspain, AskReddit",0
Feeling_Anteater_142,1601,"NoStupidQuestions, AskReddit, askswitzerland, AITAH, Switzerland",12.6787
AppearanceAlert1986,1931,"FrugalSwitzerland, askswitzerland",0
FxccBn,1932,"German, Indians_StudyAbroad, askswitzerland, zurich",0
Hot_Reference_6556,1601,"NoStupidQuestions, AskReddit, askswitzerland, AITAH, Switzerland",0.616
ITheClixs,1480,"csMajors, PhD, ApplyingToCollege, AskAcademia, gradadmissions",4.7711
IntelligentTell5904,1933,TravelMaps,0
United-Slide6404,1934,"quant, quantfinance",0
Timely_Pepper6856,1525,"de, Studium, Finanzen, Ratschlag, germany",8.1093
Professional-Kiwi812,1525,"de, Studium, Finanzen, Ratschlag, germany",0.5703
InternationalWill912,1935,"InternationalStudents, robotics",0
DeepDuh,164,"interestingasfuck, Damnthatsinteresting, pics, mildlyinfuriating, facepalm",13.645
FourCinnamon0,164,"interestingasfuck, Damnthatsinteresting, pics, mildlyinfuriating, facepalm",27.8778
Tamia91,1601,"NoStupidQuestions, AskReddit, askswitzerland, AITAH, Switzerland",2.3758
sciencenerd2003,1936,"LaTeX, germany",0
dadf19,1937,EPFL,0
No-Dig-9560,1938,"Tunisia, TUDelft",0
darkmatter-4u,1601,"NoStupidQuestions, AskReddit, askswitzerland, AITAH, Switzerland",3.8352
mercigr,1939,"UZH, askswitzerland, Switzerland, zurich",0
These_Income1509,1940,"germany, Switzerland",0
ImportanceOk6418,1601,"NoStupidQuestions, AskReddit, askswitzerland, AITAH, Switzerland",1.3445
Swimming-Zucchini434,1601,"NoStupidQuestions, AskReddit, askswitzerland, AITAH, Switzerland",25.0083
selammeister,1601,"NoStupidQuestions, AskReddit, askswitzerland, AITAH, Switzerland",2.0462
Elegant_Fan8148,1525,"de, Studium, Finanzen, Ratschlag, germany",0.2336
roblox1999,1941,"shittymoviedetails, Fantasy, nba",0
appletinibutnotini,1942,Indians_StudyAbroad,0
Expensive_Narwhal700,1601,"NoStupidQuestions, AskReddit, askswitzerland, AITAH, Switzerland",1.3371
EasySolid1948,1601,"NoStupidQuestions, AskReddit, askswitzerland, AITAH, Switzerland",0.541
No-Impact-6708,1559,"Universitaly, ItaliaPersonalFinance, CasualIT, Italia, ItaliaCareerAdvice",1.0805
hungasian8,1480,"csMajors, PhD, ApplyingToCollege, AskAcademia, gradadmissions",28.0239
jingsen_yang,1943,relationship_advice,0
Ok_Poet8673,1944,fpv,0
Appropriate_Rise9928,1480,"csMajors, PhD, ApplyingToCollege, AskAcademia, gradadmissions",3.0164
Quant_paglu,1480,"csMajors, PhD, ApplyingToCollege, AskAcademia, gradadmissions",19.1506
Lilliane0,164,"interestingasfuck, Damnthatsinteresting, pics, mildlyinfuriating, facepalm",0.1223
liebes_,1601,"NoStupidQuestions, AskReddit, askswitzerland, AITAH, Switzerland",2.1324
the_abhizer,1601,"NoStupidQuestions, AskReddit, askswitzerland, AITAH, Switzerland",1.4839
issamech_2000_21,1480,"csMajors, PhD, ApplyingToCollege, AskAcademia, gradadmissions",0.6701
piroshkipi,1945,"AskWomen, Watches, gradadmissions",0
Tuepflischiiser,1601,"NoStupidQuestions, AskReddit, askswitzerland, AITAH, Switzerland",76.1192
Dismal_Discussion514,1480,"csMajors, PhD, ApplyingToCollege, AskAcademia, gradadmissions",1.1582
Basic-Brick6827,1601,"NoStupidQuestions, AskReddit, askswitzerland, AITAH, Switzerland",15.845
grignardx,1946,"cats, gradadmissions",0
Livid_Hospital9770,1947,"Mountaineering, ElectricalEngineering",0
Easy_Recording468,1948,"Universitaly, tumunich, EPFL",0
ifilookbackiamlost_,1949,"scifi, AnalogCommunity",0
Silent-Battle308,1525,"de, Studium, Finanzen, Ratschlag, germany",44.0865
Unfair-Environment13,1480,"csMajors, PhD, ApplyingToCollege, AskAcademia, gradadmissions",0.0091
Independent_Zebra487,1559,"Universitaly, ItaliaPersonalFinance, CasualIT, Italia, ItaliaCareerAdvice",13.4287
CubeArrow,1950,"LegalAdviceEurope, travel",0
plutotheplantgirl,1951,ADHD,0
muser666,164,"interestingasfuck, Damnthatsinteresting, pics, mildlyinfuriating, facepalm",18.1212
Trick_Acanthaceae650,1952,"Watches, GRE",0
Busy-Block-1603,1525,"de, Studium, Finanzen, Ratschlag, germany",19.5634
Educational-Act-4074,1953,EPFL,0
Xaditekn,1954,TUDelft,0
yagellaaether,1480,"csMajors, PhD, ApplyingToCollege, AskAcademia, gradadmissions",16.4069
Particular_Eye_809,1601,"NoStupidQuestions, AskReddit, askswitzerland, AITAH, Switzerland",0.2359
hsalash,1955,EPFL,0
DaikiTsuneta,1956,"GamingLaptops, gradadmissions",0
senagliyon,1480,"csMajors, PhD, ApplyingToCollege, AskAcademia, gradadmissions",0.997
Psychological_Buy122,1957,"GATEtard, indiasocial",0
BEagle1984-,164,"interestingasfuck, Damnthatsinteresting, pics, mildlyinfuriating, facepalm",0.4498
More_Ad_310,1480,"csMajors, PhD, ApplyingToCollege, AskAcademia, gradadmissions",16.9579
One-Group-6644,1958,wien,0
nutandshell1,1959,dating_advice,0
Automatic-Horse4586,1960,zurich,0
ReputationIll9585,1961,EPFL,0
AtesSouhait,164,"interestingasfuck, Damnthatsinteresting, pics, mildlyinfuriating, facepalm",29.633
Timlikestomatos,1962,AskPhotography,0
ajeb175,1525,"de, Studium, Finanzen, Ratschlag, germany",0.068
coilerr,1963,"LocalLLaMA, bioinformatics",0
subrimichi,1601,"NoStupidQuestions, AskReddit, askswitzerland, AITAH, Switzerland",54.5237
what-else-than-that,1525,"de, Studium, Finanzen, Ratschlag, germany",12.6834
KuuhakuBlank00,1480,"csMajors, PhD, ApplyingToCollege, AskAcademia, gradadmissions",0.6621
hansvonhinten,164,"interestingasfuck, Damnthatsinteresting, pics, mildlyinfuriating, facepalm",12.7811
igotabxyz_1210,1480,"csMajors, PhD, ApplyingToCollege, AskAcademia, gradadmissions",1.0977
ahnixoc,1480,"csMajors, PhD, ApplyingToCollege, AskAcademia, gradadmissions",0.6315
girl14678,1964,Universitaly,0
AmbitiousDoor6669,1965,mildlyinfuriating,0
ProfessionalOnion300,1480,"csMajors, PhD, ApplyingToCollege, AskAcademia, gradadmissions",0.8809
Lower-Discipline-615,1966,tumunich,0
MomPickMeUpImDrunk,1967,"Ratschlag, Studium, askswitzerland",0
Unhappy-Chapter7027,1480,"csMajors, PhD, ApplyingToCollege, AskAcademia, gradadmissions",6.456
Suitable-Fee8659,1480,"csMajors, PhD, ApplyingToCollege, AskAcademia, gradadmissions",6.6719
NeighborhoodLoud4884,1525,"de, Studium, Finanzen, Ratschlag, germany",24.3048
schnarch33,1968,AnalogCommunity,0
Zer0xy_7,1969,"laptops, apple",0
Pretend-Reaction-862,1525,"de, Studium, Finanzen, Ratschlag, germany",1.0439
Aliualbe,1970,"highschool, EPFL",0
Vanilla2191,1525,"de, Studium, Finanzen, Ratschlag, germany",1.9177
markov_proc,1480,"csMajors, PhD, ApplyingToCollege, AskAcademia, gradadmissions",1.0084
Imperial_Spy007,164,"interestingasfuck, Damnthatsinteresting, pics, mildlyinfuriating, facepalm",0.1719
Livid-Construction14,164,"interestingasfuck, Damnthatsinteresting, pics, mildlyinfuriating, facepalm",4.2599
lusk2222,1971,pcmasterrace,0
Moist-Handle4626,1972,InformatikKarriere,0
Conscious_Ad_2847,1973,Switzerland,0
PenaltySalt7374,1480,"csMajors, PhD, ApplyingToCollege, AskAcademia, gradadmissions",12.1424
hhhjju77zhhh,1974,"chemistry, 3Dprinting, gradadmissions, EPFL",0
dziraja69,1975,AskSerbia,0
vham85,164,"interestingasfuck, Damnthatsinteresting, pics, mildlyinfuriating, facepalm",3.6932
CoolBoi6Pack,1480,"csMajors, PhD, ApplyingToCollege, AskAcademia, gradadmissions",6.1111
n15bkfootlettuce,1976,"UniUK, gradadmissions",0
WayFinal8698,1480,"csMajors, PhD, ApplyingToCollege, AskAcademia, gradadmissions",0.9533
Fun-Shoe-8764,1977,"wow, MapPorn",0
Elena_Kingg,1978,UIUC,0
Different_Dog5827,1601,"NoStupidQuestions, AskReddit, askswitzerland, AITAH, Switzerland",1.5404
Successful_Aspect632,1480,"csMajors, PhD, ApplyingToCollege, AskAcademia, gradadmissions",0.1513
shades-ofblue,1979,"Guitar, FinancialCareers",0
Ok_Win7680,1559,"Universitaly, ItaliaPersonalFinance, CasualIT, Italia, ItaliaCareerAdvice",5.9196
SalFerra02,1980,"IELTS, Universitaly",0
TnYamaneko,164,"interestingasfuck, Damnthatsinteresting, pics, mildlyinfuriating, facepalm",52.3833
p3rli,1981,"ItaliaPersonalFinance, SwissPersonalFinance, Switzerland, zurich",0
raypatrick-1134,1480,"csMajors, PhD, ApplyingToCollege, AskAcademia, gradadmissions",1.1854
funforums,1601,"NoStupidQuestions, AskReddit, askswitzerland, AITAH, Switzerland",1.4904
reallyquietbird,1480,"csMajors, PhD, ApplyingToCollege, AskAcademia, gradadmissions",0.5375
Party-Worldliness-72,1982,"agi, zurich",0
SimplyLo,1480,"csMajors, PhD, ApplyingToCollege, AskAcademia, gradadmissions",0.0037
Sedumana,1480,"csMajors, PhD, ApplyingToCollege, AskAcademia, gradadmissions",0.0429
nimativd,1480,"csMajors, PhD, ApplyingToCollege, AskAcademia, gradadmissions",1.8775
Street_Letterhead343,1983,zurich,0
Turbulent_Exam_3786,1984,"Studium, BUENZLI, askswitzerland, zurich",0
Quiet_Armadillo3781,1985,studying_in_germany,0
decaffei1,1601,"NoStupidQuestions, AskReddit, askswitzerland, AITAH, Switzerland",33.6389
Echsenmenschchen,1986,"LaTeX, Morocco, askswitzerland, zurich",0
More_Zone_9794,1987,"InformatikKarriere, schwiiz, askswitzerland, Switzerland, zurich",0
Matt_Murphy_,1601,"NoStupidQuestions, AskReddit, askswitzerland, AITAH, Switzerland",56.1245
NotAMathPro,1480,"csMajors, PhD, ApplyingToCollege, AskAcademia, gradadmissions",27.8415
BriefOutrageous3436,1480,"csMajors, PhD, ApplyingToCollege, AskAcademia, gradadmissions",0.6479
mrtn-22,1988,"etudiants, Erasmus, EPFL",0
TheSpitRoaster,164,"interestingasfuck, Damnthatsinteresting, pics, mildlyinfuriating, facepalm",21.8496
NiceSmurph,1525,"de, Studium, Finanzen, Ratschlag, germany",49.2043
TecknikalGecko,1989,"cs2, EPFL",0
Final-Grand1578,1990,math,0
Razalan,1991,laptops,0
Rich-Spinach-693,1992,"recruitinghell, quantfinance, askswitzerland",0
CutDangerous127,1993,"chessbeginners, leetcode",0
binkley8,1994,"motorcycles, Switzerland",0
OrganoMetal_lic_head,1480,"csMajors, PhD, ApplyingToCollege, AskAcademia, gradadmissions",2.955
CulturalRegister9509,1601,"NoStupidQuestions, AskReddit, askswitzerland, AITAH, Switzerland",4.6854
Exzelzior,1480,"csMajors, PhD, ApplyingToCollege, AskAcademia, gradadmissions",2.3617
rawbrocolli1,1480,"csMajors, PhD, ApplyingToCollege, AskAcademia, gradadmissions",0.0375
Numerous-Brother8267,1995,mcgill,0
AkhilAndroid,1480,"csMajors, PhD, ApplyingToCollege, AskAcademia, gradadmissions",1.586
Simple_Chemical_5918,1480,"csMajors, PhD, ApplyingToCollege, AskAcademia, gradadmissions",5.9468
Brospeh-Stalin,164,"interestingasfuck, Damnthatsinteresting, pics, mildlyinfuriating, facepalm",27.7117
ZeTherminator,1601,"NoStupidQuestions, AskReddit, askswitzerland, AITAH, Switzerland",2.6425
Upstairs-Screen7573,1525,"de, Studium, Finanzen, Ratschlag, germany",1.2526
The_TRASHCAN_366,164,"interestingasfuck, Damnthatsinteresting, pics, mildlyinfuriating, facepalm",0.0617
Beneficial-Falcon-23,1480,"csMajors, PhD, ApplyingToCollege, AskAcademia, gradadmissions",0.0085
myvowndestiny,1480,"csMajors, PhD, ApplyingToCollege, AskAcademia, gradadmissions",20.8104
HumanUnknown404,1480,"csMajors, PhD, ApplyingToCollege, AskAcademia, gradadmissions",0.0093
dylan98__,1996,"nederlands, dataengineering",0
No_Sherbert1242,1480,"csMajors, PhD, ApplyingToCollege, AskAcademia, gradadmissions",1.3883
nikosbak,1480,"csMajors, PhD, ApplyingToCollege, AskAcademia, gradadmissions",1.3303
ffr3nzy,1480,"csMajors, PhD, ApplyingToCollege, AskAcademia, gradadmissions",5.8954
Lower_Competition_61,1997,"samsunggalaxy, academiceconomics, gradadmissions",0
3psil00n,1480,"csMajors, PhD, ApplyingToCollege, AskAcademia, gradadmissions",16.2937
Specialist_Spring783,1998,"CasualConversation, Biohackers",0
the_prolouger,1480,"csMajors, PhD, ApplyingToCollege, AskAcademia, gradadmissions",11.1529
manmanubeck,1999,luftablassen,0
Old-Mousse-6312,2000,india,0
Prestigious_Rub5,1480,"csMajors, PhD, ApplyingToCollege, AskAcademia, gradadmissions",0.5794
steuhh,2001,Lausanne,0
ChessNotStress,1480,"csMajors, PhD, ApplyingToCollege, AskAcademia, gradadmissions",0.6819
asieradzk,2002,"aoe2, Switzerland",0
jzdzilowska,2003,cscareerquestionsEU,0
Simplilearn,1480,"csMajors, PhD, ApplyingToCollege, AskAcademia, gradadmissions",0.2268
woxyftw,1480,"csMajors, PhD, ApplyingToCollege, AskAcademia, gradadmissions",0.6539
ProfessorJazzlike577,2004,"beziehungen, zurich",0
Phantasmal_Storytime,2005,askswitzerland,0
Hinaru_173,2006,PhD,0
Beobacher,164,"interestingasfuck, Damnthatsinteresting, pics, mildlyinfuriating, facepalm",53.3996
OneDevelopment7675,2007,Imperial,0
simoonys,2008,"formuladank, formula1",0
Weekly_Welcome_7234,2009,"college, careerguidance",0
sanyiluicarbon67478,2010,REU,0
OwnAnalyst8079,2011,"learnmachinelearning, CERN",0
dance_through_life,2012,"AskReddit, zurich",0
the_eggplant2,1525,"de, Studium, Finanzen, Ratschlag, germany",18.9247
Mrsoglio,2013,"SwissPersonalFinance, zurich",0
sharonputhu,2014,zurich,0
NefariousnessLow1800,1480,"csMajors, PhD, ApplyingToCollege, AskAcademia, gradadmissions",0.0136
Sea-Zucchiny,1480,"csMajors, PhD, ApplyingToCollege, AskAcademia, gradadmissions",0.9258
george_gamow,1480,"csMajors, PhD, ApplyingToCollege, AskAcademia, gradadmissions",24.5559
Decent-Actuary-7116,2015,"ClashRoyale, IBO",0
Desperate_Loquat_316,2016,Advice,0
LetoOG,1480,"csMajors, PhD, ApplyingToCollege, AskAcademia, gradadmissions",0.6486
kannichausgang,1601,"NoStupidQuestions, AskReddit, askswitzerland, AITAH, Switzerland",27.1587
Khush0000,2017,ProtonMail,0
thiscatismycat,2018,NTU,0
Akhil_QCOMM,1480,"csMajors, PhD, ApplyingToCollege, AskAcademia, gradadmissions",2.5631
GwendelLachsberg,1525,"de, Studium, Finanzen, Ratschlag, germany",28.0178
baburao945,1480,"csMajors, PhD, ApplyingToCollege, AskAcademia, gradadmissions",0.7755
AllariC2,1480,"csMajors, PhD, ApplyingToCollege, AskAcademia, gradadmissions",2.7069
pleaseineedanadvice,164,"interestingasfuck, Damnthatsinteresting, pics, mildlyinfuriating, facepalm",16.5423
jepawi,164,"interestingasfuck, Damnthatsinteresting, pics, mildlyinfuriating, facepalm",0.4176
Western_Landscape_26,2019,IELTS,0
Ok_Bear_8691,2020,"vegan, macbookair",0
DoNotTouchJustLook,1480,"csMajors, PhD, ApplyingToCollege, AskAcademia, gradadmissions",0.3045
Nikochey9,2021,"MemePiece, HolUp",0
Hrvatska107,2022,gradadmissions,0
ParsnipKind,2023,"Polska, Lausanne, Switzerland",0
ConfusionSad4365,2024,webdev,0
Turbulent-Act9877,164,"interestingasfuck, Damnthatsinteresting, pics, mildlyinfuriating, facepalm",14.8805
Radiant-Ad-688,1480,"csMajors, PhD, ApplyingToCollege, AskAcademia, gradadmissions",4.0593
CryptographerThat777,1601,"NoStupidQuestions, AskReddit, askswitzerland, AITAH, Switzerland",0.5205
Anouchavan,164,"interestingasfuck, Damnthatsinteresting, pics, mildlyinfuriating, facepalm",43.6809
Professional-Tell227,2025,"University, Switzerland",0
Historical_Sun4564,2026,tumunich,0
Haboux,2027,"mathmemes, mathematics",0
Parkinson-Watchmaker,2028,"ThailandTourism, bern",0
Kash00t-mee,2029,"CleaningTips, AskReddit",0
Maano321,1480,"csMajors, PhD, ApplyingToCollege, AskAcademia, gradadmissions",10.987
ikea_method,164,"interestingasfuck, Damnthatsinteresting, pics, mildlyinfuriating, facepalm",7.4514
DrEppendwarf,164,"interestingasfuck, Damnthatsinteresting, pics, mildlyinfuriating, facepalm",9.2406
Amira_3tef,1480,"csMajors, PhD, ApplyingToCollege, AskAcademia, gradadmissions",1.7304
sidamott,1559,"Universitaly, ItaliaPersonalFinance, CasualIT, Italia, ItaliaCareerAdvice",13.2101
ate_7_apples,2030,"tumunich, UZH",0
Immediate_Chest_3234,2031,"basel, SwissPersonalFinance, askswitzerland, Switzerland",0
Yasuke_Gaijin,2032,"mapporncirclejerk, CryptoCurrency, Switzerland, zurich",0
adantas08,2033,bouldering,0
aslcihnwe,1601,"NoStupidQuestions, AskReddit, askswitzerland, AITAH, Switzerland",0.737
move2usajobs-com,1480,"csMajors, PhD, ApplyingToCollege, AskAcademia, gradadmissions",24.3675
medstudengland,1480,"csMajors, PhD, ApplyingToCollege, AskAcademia, gradadmissions",0.0198
VeryLongTailedTit,1525,"de, Studium, Finanzen, Ratschlag, germany",0.5956
velo-doc,2034,SwissPersonalFinance,0
No-Anything5849,2035,Studium,0
onINvis,1480,"csMajors, PhD, ApplyingToCollege, AskAcademia, gradadmissions",4.5714
Rejoy80675,2036,"offmychest, AskMenAdvice, askswitzerland, zurich",0
Significant_Neck8780,2037,"ETHzurich, zurich",0
musicaddict1843,2038,"adhdwomen, schwiiz, AskReddit",0
VeterinarianOk6235,2039,tumunich,0
COOP_MIGROS,2040,suisse,0
Ok_Umpire_8108,164,"interestingasfuck, Damnthatsinteresting, pics, mildlyinfuriating, facepalm",2.0274
ML3820,2041,"Aalto, gradadmissions",0
Odd-Pace-143,2042,czech,0
MaximumCommission776,1480,"csMajors, PhD, ApplyingToCollege, AskAcademia, gradadmissions",0.0358
janis_joplin5,1480,"csMajors, PhD, ApplyingToCollege, AskAcademia, gradadmissions",2.3535
Bubbly-Hour1239,2043,"SwissPersonalFinance, askswitzerland, Switzerland, zurich",0
Hungry_King_9643,1480,"csMajors, PhD, ApplyingToCollege, AskAcademia, gradadmissions",0.0137
_soft_word,2044,"AmIOverreacting, gradadmissions",0
deafening_coach,2045,"Indians_StudyAbroad, TUDelft",0
cello678,2046,oxforduni,0
hello_you111,2047,GermanCitizenship,0
ThracianGladiator,1601,"NoStupidQuestions, AskReddit, askswitzerland, AITAH, Switzerland",0.8453
to1M,1480,"csMajors, PhD, ApplyingToCollege, AskAcademia, gradadmissions",0.9994
doughnutambassador,2048,"Aktien, NoStupidQuestions",0
FiksuB,2049,AskReddit,0
Historical_Koala316,164,"interestingasfuck, Damnthatsinteresting, pics, mildlyinfuriating, facepalm",0.7603
cricket2141,2050,"IWantOut, howislivingthere, gradadmissions",0
MirrorAdventurous387,1480,"csMajors, PhD, ApplyingToCollege, AskAcademia, gradadmissions",2.5429
Hot_Grape221,2051,"askswitzerland, zurich",0
aquaristar,2052,"UCL, AskUK",0
ChampionBig7244,2053,civilengineering,0
Soft-Air5097,2054,LocalLLaMA,0
ithastobe_cringe,2055,"MapPorn, AskReddit",0
EstablishmentNo1184,2056,EPFL,0
bynef_2812,2057,EPFL,0
pattax1,2058,Biohackers,0
Standard_Stop9095,1480,"csMajors, PhD, ApplyingToCollege, AskAcademia, gradadmissions",0.2292
wickedregina,2059,mcgill,0
InternMundane6302,1480,"csMajors, PhD, ApplyingToCollege, AskAcademia, gradadmissions",1.7245
cheeeseeverywhere,1601,"NoStupidQuestions, AskReddit, askswitzerland, AITAH, Switzerland",12.1956
FluffyPenguinsx,1559,"Universitaly, ItaliaPersonalFinance, CasualIT, Italia, ItaliaCareerAdvice",0.5531
enjoyer_of_life,164,"interestingasfuck, Damnthatsinteresting, pics, mildlyinfuriating, facepalm",0.2432
CrusaderChen,2060,"Switzerland, zurich",0
Luigi_Boy_96,164,"interestingasfuck, Damnthatsinteresting, pics, mildlyinfuriating, facepalm",36.5556
-The-One-Above-All,1480,"csMajors, PhD, ApplyingToCollege, AskAcademia, gradadmissions",0.0979
Baliumgramp,2061,"wirklichgutefrage, AskAcademia, SwissPersonalFinance, Switzerland",0
_MMMXI_,164,"interestingasfuck, Damnthatsinteresting, pics, mildlyinfuriating, facepalm",0.1304
Thick-Management4864,2062,PhDAdmissions,0
Electronic_Yak_1053,2063,wallstreetbets,0
Initial-Print-3662,164,"interestingasfuck, Damnthatsinteresting, pics, mildlyinfuriating, facepalm",0.2572
_KeeperOfTheFire_,164,"interestingasfuck, Damnthatsinteresting, pics, mildlyinfuriating, facepalm",0.0346
QuantumBanana-1,1480,"csMajors, PhD, ApplyingToCollege, AskAcademia, gradadmissions",1.3676
CaterpillarKey7678,164,"interestingasfuck, Damnthatsinteresting, pics, mildlyinfuriating, facepalm",0.4536
oakbergerr,2064,zurich,0
Jazzlike-Emphasis-20,164,"interestingasfuck, Damnthatsinteresting, pics, mildlyinfuriating, facepalm",18.7741
aishjhone,1480,"csMajors, PhD, ApplyingToCollege, AskAcademia, gradadmissions",0.6119
No-Insurance5030,1480,"csMajors, PhD, ApplyingToCollege, AskAcademia, gradadmissions",1.2067
therock4president_24,2065,whereidlive,0
Independent-Mix3819,2066,"bern, askswitzerland",0
bellevue9527,2067,zurich,0
A3th0R,2068,"GlobalOffensive, gradadmissions",0
Huge-Tadpole5543,2069,kth,0
beYgIr626,1480,"csMajors, PhD, ApplyingToCollege, AskAcademia, gradadmissions",1.857
fabiothered,164,"interestingasfuck, Damnthatsinteresting, pics, mildlyinfuriating, facepalm",15.1872
pondy12,1480,"csMajors, PhD, ApplyingToCollege, AskAcademia, gradadmissions",23.7918
Pueggel,1480,"csMajors, PhD, ApplyingToCollege, AskAcademia, gradadmissions",0.012
Odd-Appointment-5227,1525,"de, Studium, Finanzen, Ratschlag, germany",16.7185
levydawg,2070,"mildlyinfuriating, MachineLearning, AskReddit, Switzerland",0
Much_Somewhere7831,1480,"csMajors, PhD, ApplyingToCollege, AskAcademia, gradadmissions",28.9997
famochav,2071,"cscareerquestionsEU, ETHzurich, zurich",0
bigguygaming,164,"interestingasfuck, Damnthatsinteresting, pics, mildlyinfuriating, facepalm",34.5703
Affectionate-Box-5,1480,"csMajors, PhD, ApplyingToCollege, AskAcademia, gradadmissions",0.3955
nian2326076,1480,"csMajors, PhD, ApplyingToCollege, AskAcademia, gradadmissions",50.9961
El-coba91,1525,"de, Studium, Finanzen, Ratschlag, germany",2.2447
r-Sig,2072,quant,0
reyakmw,1480,"csMajors, PhD, ApplyingToCollege, AskAcademia, gradadmissions",3.6316
Designer-Debate-7203,2073,AskDocs,0
ElemBelemBuf,1480,"csMajors, PhD, ApplyingToCollege, AskAcademia, gradadmissions",0.0322
SmoothAtmosphere8229,1480,"csMajors, PhD, ApplyingToCollege, AskAcademia, gradadmissions",18.3764
takigawaShuangshui,2074,UZH,0
Opening_Football6541,1480,"csMajors, PhD, ApplyingToCollege, AskAcademia, gradadmissions",0.0283
musti-aztrk,1480,"csMajors, PhD, ApplyingToCollege, AskAcademia, gradadmissions",0.6035
PresentZucchini4848,2075,CERN,0
SimilarPin5530,1480,"csMajors, PhD, ApplyingToCollege, AskAcademia, gradadmissions",0.3595
Optimal_Patience_0,2076,"headphones, Switzerland",0
PlayfulLoad7821,2077,EPFL,0
Dangerous-Fennel5751,164,"interestingasfuck, Damnthatsinteresting, pics, mildlyinfuriating, facepalm",5.8472
No-Product8186,2078,de_EDV,0
Signal_Corgi3802,1480,"csMajors, PhD, ApplyingToCollege, AskAcademia, gradadmissions",0.0264
Beautiful-Dig-6682,2079,"Btechtards, TeenIndia",0
skocats1,2080,civilengineering,0
Gordon_frumann,164,"interestingasfuck, Damnthatsinteresting, pics, mildlyinfuriating, facepalm",33.2561
Historical-Archer335,1480,"csMajors, PhD, ApplyingToCollege, AskAcademia, gradadmissions",9.3246
Bounq3,164,"interestingasfuck, Damnthatsinteresting, pics, mildlyinfuriating, facepalm",0.031
Fresh-Rate-2278,2081,gradadmissions,0
QueasyPanic2355,2082,"csMajors, cscareerquestionsEU, Switzerland",0
mammutalmut,2083,"Letterboxd, German, schwiiz, askswitzerland, Switzerland",0
TestTxt,1525,"de, Studium, Finanzen, Ratschlag, germany",5.0146
the_heck_gimme,2084,"Brawlstars, askswitzerland, Switzerland, zurich",0
New-Resident-7387,2085,gradadmissions,0
givemeigcseleaks,1480,"csMajors, PhD, ApplyingToCollege, AskAcademia, gradadmissions",2.2979
Low-End9232,1480,"csMajors, PhD, ApplyingToCollege, AskAcademia, gradadmissions",5.4419
katzemitbanana,1525,"de, Studium, Finanzen, Ratschlag, germany",5.8894
franonreddit003,2086,"TrueOffMyChest, autism, askswitzerland, zurich",0
abi_0801,1480,"csMajors, PhD, ApplyingToCollege, AskAcademia, gradadmissions",0.0478
ObligationDue326,2087,csMajors,0
ItachiUshida,2088,quantfinance,0
micklema,2089,"NTU, EPFL",0
Linnnn_9,2090,"interviews, leetcode",0
wanderingsoul2628,1480,"csMajors, PhD, ApplyingToCollege, AskAcademia, gradadmissions",0.2743
Frequent-Whole-6326,2091,"simracing, schwiiz",0
tight_shoe_778,1480,"csMajors, PhD, ApplyingToCollege, AskAcademia, gradadmissions",0.235
Successful_Bee_959,2092,"BUENZLI, askswitzerland, Switzerland",0
HourAnything2063,1480,"csMajors, PhD, ApplyingToCollege, AskAcademia, gradadmissions",0.0408
Little-Flying-Fox,1559,"Universitaly, ItaliaPersonalFinance, CasualIT, Italia, ItaliaCareerAdvice",0.3918
MonkAndRobot,2093,EPFL,0
redfoxprudence,1480,"csMajors, PhD, ApplyingToCollege, AskAcademia, gradadmissions",0.107
Repulsive_Disk6650,2094,"schwiiz, askswitzerland, Switzerland",0
Desperate_Article_97,1480,"csMajors, PhD, ApplyingToCollege, AskAcademia, gradadmissions",0.4569
GlumBreakfast1185,2095,French,0
nutemath,1480,"csMajors, PhD, ApplyingToCollege, AskAcademia, gradadmissions",0.0976
lara_xdx,1525,"de, Studium, Finanzen, Ratschlag, germany",2.0668
MehlIL__,2096,"schwiiz, askswitzerland",0
ExternalBoysenberry,1480,"csMajors, PhD, ApplyingToCollege, AskAcademia, gradadmissions",11.3928
nigusus,1480,"csMajors, PhD, ApplyingToCollege, AskAcademia, gradadmissions",14.7888
Ok_Front_2203,2097,EPFL,0
Calm_Mood_4900,1601,"NoStupidQuestions, AskReddit, askswitzerland, AITAH, Switzerland",6.7774
Intelligent-Neat9758,2098,"DTU, TUDelft",0
Zennetsu,2099,REU,0
E_Bat,164,"interestingasfuck, Damnthatsinteresting, pics, mildlyinfuriating, facepalm",4.7789
Max_Smdx,2100,"EPFL, zurich",0
Bulls_Will_Win,1525,"de, Studium, Finanzen, Ratschlag, germany",4.6478
karmasikici,1525,"de, Studium, Finanzen, Ratschlag, germany",0.1036
Kindly-Ad-440,2101,CanyonBikes,0
bonnie2525,1480,"csMajors, PhD, ApplyingToCollege, AskAcademia, gradadmissions",11.1022
Imaginary-Act-4425,1480,"csMajors, PhD, ApplyingToCollege, AskAcademia, gradadmissions",4.3629
DerKev8002,164,"interestingasfuck, Damnthatsinteresting, pics, mildlyinfuriating, facepalm",3.0292
Think_Philosophy_343,2102,"cscareerquestionsEU, zurich",0
Ok_Jaguar6154,1480,"csMajors, PhD, ApplyingToCollege, AskAcademia, gradadmissions",0.0897
AffectionateFarm2467,1525,"de, Studium, Finanzen, Ratschlag, germany",3.5347
New-Agency-5338,1480,"csMajors, PhD, ApplyingToCollege, AskAcademia, gradadmissions",0.0204
AppropriateAdvice719,2103,YUROP,0
Ordinary-Concept-985,1480,"csMajors, PhD, ApplyingToCollege, AskAcademia, gradadmissions",0.0288
Guilty-Editor-9029,1525,"de, Studium, Finanzen, Ratschlag, germany",1.1237
SpeciousPerspicacity,1480,"csMajors, PhD, ApplyingToCollege, AskAcademia, gradadmissions",5.9643
MaterialAnteater1274,2104,"studyAbroad, MSCS, gradadmissions, EPFL",0
Beneficial-Teach-994,2105,EPFL,0
levmilarl,1480,"csMajors, PhD, ApplyingToCollege, AskAcademia, gradadmissions",0.0097
LongNoticePeriod,1601,"NoStupidQuestions, AskReddit, askswitzerland, AITAH, Switzerland",10.0399
Lonely-Positive795,2106,google,0
mountain_trek,2107,"Indians_StudyAbroad, MSCS",0
reddererr,2108,headphones,0
momofkoners,2109,"relationship_advice, zurich",0
sidelinethecherries,1480,"csMajors, PhD, ApplyingToCollege, AskAcademia, gradadmissions",0.9002
Chill_Melon_2592,2110,"MSCS, gradadmissions",0
hfksmnsbdb,2111,UZH,0
Le_Florians,2112,Switzerland,0
taskmaster0809,2113,Imperial,0
CodMuch9309,164,"interestingasfuck, Damnthatsinteresting, pics, mildlyinfuriating, facepalm",3.7695
ChillJediKnight,2114,"Battlefield, askswitzerland, Switzerland",0
Background-Apple-555,1559,"Universitaly, ItaliaPersonalFinance, CasualIT, Italia, ItaliaCareerAdvice",0.8135
Mean-Media8142,1480,"csMajors, PhD, ApplyingToCollege, AskAcademia, gradadmissions",2.3764
Safe-Specialist-200,1480,"csMajors, PhD, ApplyingToCollege, AskAcademia, gradadmissions",0.0282
Distinct-Stomach7522,2115,"bern, Switzerland",0
Odd_Piccolo6026,2116,gradadmissions,0
Beautiful-Big1408,1480,"csMajors, PhD, ApplyingToCollege, AskAcademia, gradadmissions",0.0085
ResidentNo3349,2117,gradadmissions,0
Top-Oil-5607,2118,GermanCitizenship,0
reaznval,164,"interestingasfuck, Damnthatsinteresting, pics, mildlyinfuriating, facepalm",15.6775
CharityDue2017,164,"interestingasfuck, Damnthatsinteresting, pics, mildlyinfuriating, facepalm",7.3223
Quorbach,164,"interestingasfuck, Damnthatsinteresting, pics, mildlyinfuriating, facepalm",27.5187
IndependentOrchid659,2119,"ETHzurich, zurich",0
fhxixmridns,164,"interestingasfuck, Damnthatsinteresting, pics, mildlyinfuriating, facepalm",4.9348
Pure_Evidence638,1480,"csMajors, PhD, ApplyingToCollege, AskAcademia, gradadmissions",1.2406
Reasonable-Promise74,2120,EPFL,0
Big_Neck_5597,2121,"macbook, Switzerland",0
Glass-Quit7316,2122,"dubai, UAE",0
mazu_64,164,"interestingasfuck, Damnthatsinteresting, pics, mildlyinfuriating, facepalm",37.6387
Dry_Yogurtcloset2733,2123,UofT,0
Terrible-Physics7916,2124,"funny, AskReddit",0
SpiceGenie,2125,gradadmissions,0
ByteSizedGay,1480,"csMajors, PhD, ApplyingToCollege, AskAcademia, gradadmissions",0.8841
Acrobatic_Ear_2397,2126,"czech, studying_in_germany, europe, EPFL",0
Sure-Economy-6551,2127,gradadmissions,0
ferdinandthebull77,1601,"NoStupidQuestions, AskReddit, askswitzerland, AITAH, Switzerland",5.1044
Active-Top-2325,1480,"csMajors, PhD, ApplyingToCollege, AskAcademia, gradadmissions",0.232
sivabhagyase,2128,funny,0
rayhaansolo,2129,AskAcademia,0
Personal-Dot-8355,2130,psychology,0
JuzyCaquox,164,"interestingasfuck, Damnthatsinteresting, pics, mildlyinfuriating, facepalm",1.6983
Proper_Professor1264,2131,UZH,0
Maleficent_Law8410,1480,"csMajors, PhD, ApplyingToCollege, AskAcademia, gradadmissions",1.4427
Key-Refrigerator4827,1525,"de, Studium, Finanzen, Ratschlag, germany",16.9322
BracedHornet186,2132,REU,0
SamSossa,2133,"Switzerland, zurich",0
Ok_Moment4029,2134,quantfinance,0
Potetowhech,2135,zurich,0
Key-Mazaru,2136,AskARussian,0
PlatyPla,1480,"csMajors, PhD, ApplyingToCollege, AskAcademia, gradadmissions",0.5924
ughhhtimeyeah,1480,"csMajors, PhD, ApplyingToCollege, AskAcademia, gradadmissions",0.068
Patient-Stand-8040,1480,"csMajors, PhD, ApplyingToCollege, AskAcademia, gradadmissions",15.1337
Prestigious_Hope9190,1525,"de, Studium, Finanzen, Ratschlag, germany",38.147
SweatyWitness1753,1480,"csMajors, PhD, ApplyingToCollege, AskAcademia, gradadmissions",6.1663
Educational-Lime-781,2137,gradadmissions,0
WeekZealousideal6012,164,"interestingasfuck, Damnthatsinteresting, pics, mildlyinfuriating, facepalm",45.6796
Impressive_Dot2827,2138,"askswitzerland, Switzerland",0
walrusdog32,1480,"csMajors, PhD, ApplyingToCollege, AskAcademia, gradadmissions",0.5343
PerformerOk1461,2139,"relationships, dating_advice",0
Confident_Sound_8076,1480,"csMajors, PhD, ApplyingToCollege, AskAcademia, gradadmissions",0.5299
One_Opposite_8942,1480,"csMajors, PhD, ApplyingToCollege, AskAcademia, gradadmissions",0.0338
gamikaze_shirts,1601,"NoStupidQuestions, AskReddit, askswitzerland, AITAH, Switzerland",3.0739
Massive_Channel1451,2140,"UniversityTR, EPFL",0
Gullible_Road_3294,2141,"MSCS, gradadmissions",0
Far_Lawfulness_3093,164,"interestingasfuck, Damnthatsinteresting, pics, mildlyinfuriating, facepalm",0.1117
Fine_Owl_3127,1480,"csMajors, PhD, ApplyingToCollege, AskAcademia, gradadmissions",25.6652
FlatEgg4027,2142,EPFL,0
Intelligent-Thing490,2143,UZH,0
Mezyi,1480,"csMajors, PhD, ApplyingToCollege, AskAcademia, gradadmissions",2.1813
Nervous_Childhood_59,2144,UZH,0
throaway_11122023,1480,"csMajors, PhD, ApplyingToCollege, AskAcademia, gradadmissions",0.1259
Last_Appointment5629,2145,"physicsmemes, quant, gradadmissions",0
ineedsummer,2146,REU,0
albo437,1480,"csMajors, PhD, ApplyingToCollege, AskAcademia, gradadmissions",0.0356
Fearless-Bumblebee93,2147,Tunisia,0
kittwo,1480,"csMajors, PhD, ApplyingToCollege, AskAcademia, gradadmissions",0.9943
Old-Audience4096,2148,"academiceconomics, relationship_advice, askswitzerland",0
horizon230,2149,quantfinance,0
Least_Ad8697,2150,"Watches, basel, askswitzerland",0
Certain_Guarantee_13,2151,"SwissPersonalFinance, askswitzerland, Switzerland",0
astrophile_0000,1480,"csMajors, PhD, ApplyingToCollege, AskAcademia, gradadmissions",3.204
Melodic-Young-5169,2152,cambridge_uni,0
Different-Budget-964,1480,"csMajors, PhD, ApplyingToCollege, AskAcademia, gradadmissions",15.4951
Upper-Ad4192,1480,"csMajors, PhD, ApplyingToCollege, AskAcademia, gradadmissions",0.0239
TrulyIncredibilis,1480,"csMajors, PhD, ApplyingToCollege, AskAcademia, gradadmissions",8.0599
hohotun28,2153,"geneva, cscareerquestionsEU, SwissPersonalFinance, EPFL, askswitzerland",0
MnvJsN,1480,"csMajors, PhD, ApplyingToCollege, AskAcademia, gradadmissions",2.3036
Competitive-Cash-909,1480,"csMajors, PhD, ApplyingToCollege, AskAcademia, gradadmissions",0.0219
SocietyAcceptable910,2154,"learnmachinelearning, cscareerquestionsEU",0
cremebrulee_ch,1601,"NoStupidQuestions, AskReddit, askswitzerland, AITAH, Switzerland",0.4591
no_worries_stay_cool,1480,"csMajors, PhD, ApplyingToCollege, AskAcademia, gradadmissions",0.1718
pepestaja,1480,"csMajors, PhD, ApplyingToCollege, AskAcademia, gradadmissions",0.9651
Former_Biologist,164,"interestingasfuck, Damnthatsinteresting, pics, mildlyinfuriating, facepalm",0.0305
JaredM-C,1480,"csMajors, PhD, ApplyingToCollege, AskAcademia, gradadmissions",0.074
Open_Archer4312,2155,REU,0
Confident-Ear6291,2156,"UZH, zurich",0
Smart_Tell_5320,1480,"csMajors, PhD, ApplyingToCollege, AskAcademia, gradadmissions",22.6991
Jazzlike_Spray330,1480,"csMajors, PhD, ApplyingToCollege, AskAcademia, gradadmissions",2.0479
GoldenPunkBlue,164,"interestingasfuck, Damnthatsinteresting, pics, mildlyinfuriating, facepalm",26.8006
PositiveMedicine4932,2157,gradadmissions,0
Remarkable_Pool_1268,1480,"csMajors, PhD, ApplyingToCollege, AskAcademia, gradadmissions",0.0255
Visible-Design4180,2158,geneva,0
Smarmellatissimoide,1601,"NoStupidQuestions, AskReddit, askswitzerland, AITAH, Switzerland",0.0238
Formal_Diamond_5282,1480,"csMajors, PhD, ApplyingToCollege, AskAcademia, gradadmissions",0.2212
cosmiclatte28,2159,f1visa,0
eltoni800a,1480,"csMajors, PhD, ApplyingToCollege, AskAcademia, gradadmissions",0.0401
Luc1fer7777,1480,"csMajors, PhD, ApplyingToCollege, AskAcademia, gradadmissions",2.7738
annoying-aphid,2160,askswitzerland,0
Evening-West-9114,1480,"csMajors, PhD, ApplyingToCollege, AskAcademia, gradadmissions",0.1537
asanzra,2161,wallstreetbets,0
Sakurazukamori1,1601,"NoStupidQuestions, AskReddit, askswitzerland, AITAH, Switzerland",28.4399
Ok_Cat9873,1480,"csMajors, PhD, ApplyingToCollege, AskAcademia, gradadmissions",5.9726
Imacommonman,2162,EPFL,0
Crafty_Signal_6936,2163,"oxforduni, REU, gradadmissions",0
Apart-Combination229,2164,"nus, NTU, EPFL",0
Smoophye,1480,"csMajors, PhD, ApplyingToCollege, AskAcademia, gradadmissions",0.6269
SuspiciousSkydiver,1525,"de, Studium, Finanzen, Ratschlag, germany",0.3546
UnreadyIce,1559,"Universitaly, ItaliaPersonalFinance, CasualIT, Italia, ItaliaCareerAdvice",5.4883
Silent_Pilot_3905,2165,"france, etudiants",0
Salty_Educator_9797,2166,EPFL,0
bias_e_dubbi,2167,"AskAcademia, Universitaly, EPFL",0
Holiday_Ambition_256,1480,"csMajors, PhD, ApplyingToCollege, AskAcademia, gradadmissions",0.0338
YoghurtTerrible1005,2168,gradadmissions,0
Holy__Hephaestus,2169,"stanford, TUDelft, gradadmissions",0
Alarmed-Professor154,2170,gradadmissions,0
Potential_One4227,2171,"reinforcementlearning, robotics",0
AssassiKnight,1480,"csMajors, PhD, ApplyingToCollege, AskAcademia, gradadmissions",0.287
International_Tap699,1480,"csMajors, PhD, ApplyingToCollege, AskAcademia, gradadmissions",3.3692
Expert-Fun4159,2172,EPFL,0
giulizap,2173,UZH,0
Odd_Restaurant_2913,2174,cybersecurity,0
Impressive_Box_9544,2175,"PhysicsStudents, PhDAdmissions, gradadmissions",0
freemilfs,164,"interestingasfuck, Damnthatsinteresting, pics, mildlyinfuriating, facepalm",3.5988
reactraid,2176,Imperial,0
dwindling_,2177,UAE,0
Lord_of_the_catsII,1601,"NoStupidQuestions, AskReddit, askswitzerland, AITAH, Switzerland",0.5606
agasi_,164,"interestingasfuck, Damnthatsinteresting, pics, mildlyinfuriating, facepalm",2.5682
Ilosc,1559,"Universitaly, ItaliaPersonalFinance, CasualIT, Italia, ItaliaCareerAdvice",8.075
SailLolla,2178,"askswitzerland, zurich",0
CommissionHaunting51,2179,"SwissPersonalFinance, Switzerland",0
Outrageous-Video257,2180,LenovoLegion,0
Pierro_le_17,1480,"csMajors, PhD, ApplyingToCollege, AskAcademia, gradadmissions",0.0152
Creative-Name-7504,2181,"DTU, Switzerland",0
Commercial_Bad_4310,2182,quantfinance,0
Beautiful-Minimum-58,1601,"NoStupidQuestions, AskReddit, askswitzerland, AITAH, Switzerland",6.9673
williamlee_tpe,2183,gradadmissions,0
Business-Position-38,2184,SonyAlpha,0
CerberusTick,2185,Cooking,0
According_Number_881,2186,germany,0
Low-Relationship6865,1480,"csMajors, PhD, ApplyingToCollege, AskAcademia, gradadmissions",1.0149
Buffalo_Brains,1480,"csMajors, PhD, ApplyingToCollege, AskAcademia, gradadmissions",0.2204
vmer1102,2187,wallstreetbetsGER,0
Frosty-Intention-987,1480,"csMajors, PhD, ApplyingToCollege, AskAcademia, gradadmissions",0.7173
Emotional-Ad-552,1480,"csMajors, PhD, ApplyingToCollege, AskAcademia, gradadmissions",0.3697
DeadZombie14372,1480,"csMajors, PhD, ApplyingToCollege, AskAcademia, gradadmissions",2.3565
Technical_Bison_5741,2188,DTU,0
Prize_Rent8195,2189,whereidlive,0
Ericastella,1525,"de, Studium, Finanzen, Ratschlag, germany",1.2777
Hopeful-Court-9173,1525,"de, Studium, Finanzen, Ratschlag, germany",0.5103
Foreign-Bison-7826,1480,"csMajors, PhD, ApplyingToCollege, AskAcademia, gradadmissions",0.5671
Parking_Language_714,1480,"csMajors, PhD, ApplyingToCollege, AskAcademia, gradadmissions",1.3642
LastRemainingName,1480,"csMajors, PhD, ApplyingToCollege, AskAcademia, gradadmissions",0.7516
Impossible_Injury878,2190,gradadmissions,0
Subject_Caregiver290,2191,"UniSG, Studium, UZH, askswitzerland",0.8175
Dismal_Gur9934,1480,"csMajors, PhD, ApplyingToCollege, AskAcademia, gradadmissions",2.9601
SufficientFuture3110,2192,EPFL,0
dryesx,1480,"csMajors, PhD, ApplyingToCollege, AskAcademia, gradadmissions",7.1133
bartukon,2193,Minecraft,0
ButterflyMajestic193,2194,"AskAcademia, UZH",0
darkdragontrx,2195,EPFL,0
HotPicture5821,1480,"csMajors, PhD, ApplyingToCollege, AskAcademia, gradadmissions",3.4218
Dapper_Physics182,2196,University,0
Successful_Farm_9370,1480,"csMajors, PhD, ApplyingToCollege, AskAcademia, gradadmissions",7.8709
GuptaPrateeek,1480,"csMajors, PhD, ApplyingToCollege, AskAcademia, gradadmissions",0.5193
Positive_Plane_2024,164,"interestingasfuck, Damnthatsinteresting, pics, mildlyinfuriating, facepalm",4.2632
Fantastic-Award-8263,2197,StudyInTheNetherlands,0
PainterSuper4797,1480,"csMajors, PhD, ApplyingToCollege, AskAcademia, gradadmissions",0.074
FoxMaterial3517,1480,"csMajors, PhD, ApplyingToCollege, AskAcademia, gradadmissions",1.7776
shally5,2198,"leetcode, csMajors",0
swiss_chocolate_wand,1480,"csMajors, PhD, ApplyingToCollege, AskAcademia, gradadmissions",0.0572
pauliuszas,2199,"AskAnAmerican, ShitAmericansSay, biotech",0
230904,2200,"NTU, Indians_StudyAbroad, EPFL",0
denisiurek,2201,"chemistry, Polska, careerguidance",0
UnfairBreakfast9858,2202,UZH,0
SnooPaintings1335,1601,"NoStupidQuestions, AskReddit, askswitzerland, AITAH, Switzerland",4.9307
Elegant-Session-9771,2203,startups,0
Dependent_Boss_9500,2204,"PhDAdmissions, gradadmissions",0
AccomplishedTaro2286,164,"interestingasfuck, Damnthatsinteresting, pics, mildlyinfuriating, facepalm",3.8242
Careless-Fig6682,2205,askmath,0
lilhobbsn,2206,travel,0
RuinsOfGondolin,2207,ClashOfClans,0
MrGibbs51,1480,"csMajors, PhD, ApplyingToCollege, AskAcademia, gradadmissions",3.8144
Pie-Puzzled,1480,"csMajors, PhD, ApplyingToCollege, AskAcademia, gradadmissions",0.7602
Significant_Taro_690,1601,"NoStupidQuestions, AskReddit, askswitzerland, AITAH, Switzerland",20.2977
FitFaithlessness7877,1480,"csMajors, PhD, ApplyingToCollege, AskAcademia, gradadmissions",0.6124
shhio2090,1480,"csMajors, PhD, ApplyingToCollege, AskAcademia, gradadmissions",1.6326
Straight-Visit-3139,2208,"Aalto, chinalife",0
No_Temperature8234,1525,"de, Studium, Finanzen, Ratschlag, germany",33.3552
Lilmadysan,2209,UniSG,0
JuniorSpecific8415,2210,"embedded, TUDelft",0
Electrical_Seesaw_64,2211,EPFL,0
Head_Grade701,2212,learnmath,0
ArgumentZestyclose62,1601,"NoStupidQuestions, AskReddit, askswitzerland, AITAH, Switzerland",17.1011
Salt-Treacle9131,2213,UZH,0
BeautifulEntrance176,1480,"csMajors, PhD, ApplyingToCollege, AskAcademia, gradadmissions",0.0251
FineCelery6796,164,"interestingasfuck, Damnthatsinteresting, pics, mildlyinfuriating, facepalm",0.0214
DankKid2410,1480,"csMajors, PhD, ApplyingToCollege, AskAcademia, gradadmissions",3.8538
tschilpi,1480,"csMajors, PhD, ApplyingToCollege, AskAcademia, gradadmissions",0.2149
candycane7,164,"interestingasfuck, Damnthatsinteresting, pics, mildlyinfuriating, facepalm",50.7099
Bendeguz06,164,"interestingasfuck, Damnthatsinteresting, pics, mildlyinfuriating, facepalm",0.0788
QuinqueIs-GIyph-I728,1480,"csMajors, PhD, ApplyingToCollege, AskAcademia, gradadmissions",19.7829
filicst,2214,Switzerland,0
Litty_Clitty_420,2215,AskUK,0
Traditional_Care1130,1480,"csMajors, PhD, ApplyingToCollege, AskAcademia, gradadmissions",0.1108
FalconEfficient76,2216,"PhD, gradadmissions",0
InternalCurrency7993,164,"interestingasfuck, Damnthatsinteresting, pics, mildlyinfuriating, facepalm",9.8295
SignalSea2214,2217,REU,0
DanishBagel123,164,"interestingasfuck, Damnthatsinteresting, pics, mildlyinfuriating, facepalm",8.8076
EliteStryker02,1480,"csMajors, PhD, ApplyingToCollege, AskAcademia, gradadmissions",0.0054
ft-melodies,2218,"PhD, AskReddit",0
NotYetPerfect,1480,"csMajors, PhD, ApplyingToCollege, AskAcademia, gradadmissions",47.0519
No-Significance-7068,2219,"college, REU",0
whaaathoo,2220,"CATHELP, zurich",0
WarAppropriate596,2221,"csMajors, SwissPersonalFinance",0
Which_Veterinarian82,2222,"tall, cognitiveTesting, mildlyinfuriating",0
Expert-Purchase3584,1601,"NoStupidQuestions, AskReddit, askswitzerland, AITAH, Switzerland",0.1894
GuiltyBrilliant4425,2223,schwiiz,0
Virtual-End1827,1480,"csMajors, PhD, ApplyingToCollege, AskAcademia, gradadmissions",21.7007
Icy-Salamander-6290,2224,tumunich,0
Puzzleheaded_Role173,2225,"LSD, chess",0
Pretty_Ambassador746,2226,"FashionReps, UZH",0
Top-Age-4949,2227,"intj, Imperial",0
Aufstehn_CH,2228,"Music, askswitzerland",0
Far-Total2951,1480,"csMajors, PhD, ApplyingToCollege, AskAcademia, gradadmissions",0.0332
Ok-Firefighter7237,1525,"de, Studium, Finanzen, Ratschlag, germany",0.1113
Packman-2022,2229,"Switzerland, zurich",0
SpecialTurnip9198,2230,"hygiene, AmItheAsshole, Switzerland",0
Embarrassed-List9672,2231,AskReddit,0
Low-Possibility-5850,2232,wien,0
Hot-Friendship6485,1480,"csMajors, PhD, ApplyingToCollege, AskAcademia, gradadmissions",2.3449
No-Apricot2442,1480,"csMajors, PhD, ApplyingToCollege, AskAcademia, gradadmissions",2.3936
TranslatorPure3114,2233,gradadmissions,0
dkav1999,2234,"computers, learnprogramming, suggestmeabook",0
BlackShadowv,1480,"csMajors, PhD, ApplyingToCollege, AskAcademia, gradadmissions",0.297
Fabulous-Thought5242,1480,"csMajors, PhD, ApplyingToCollege, AskAcademia, gradadmissions",5.1476
CalmIllustrator6076,2235,"kth, EPFL",0
sparkles200321,1480,"csMajors, PhD, ApplyingToCollege, AskAcademia, gradadmissions",1.5989
EnvironmentalPut1838,164,"interestingasfuck, Damnthatsinteresting, pics, mildlyinfuriating, facepalm",3.6659
Miserable_Gur_5314,1601,"NoStupidQuestions, AskReddit, askswitzerland, AITAH, Switzerland",17.7545
human_or_whateva,1480,"csMajors, PhD, ApplyingToCollege, AskAcademia, gradadmissions",14.2893
Adventurous_Bear7433,1480,"csMajors, PhD, ApplyingToCollege, AskAcademia, gradadmissions",0.4085
Accomplished_Emu6523,2236,askswitzerland,0
Equivalent-Essay9641,2237,consulting,0
Round_Campaign_4394,2238,"czech, germany, AskReddit, askswitzerland",0
rhumple4skin,1601,"NoStupidQuestions, AskReddit, askswitzerland, AITAH, Switzerland",0.6392
AttemptBeneficial836,2239,gradadmissions,0
2Bitter4Cola,2240,Music,0
SaraIbr,1601,"NoStupidQuestions, AskReddit, askswitzerland, AITAH, Switzerland",1.4009
Heavy_Information624,2241,"Imperial, quantfinance",0
Particular-Bag-3952,2242,gradadmissions,0
Shalduz,1480,"csMajors, PhD, ApplyingToCollege, AskAcademia, gradadmissions",6.3603
madridguy15,1480,"csMajors, PhD, ApplyingToCollege, AskAcademia, gradadmissions",0.6675
ignobled,2243,"BUENZLI, zurich",0
Extension_Fold_4200,1480,"csMajors, PhD, ApplyingToCollege, AskAcademia, gradadmissions",9.8767
Brief-Library9993,164,"interestingasfuck, Damnthatsinteresting, pics, mildlyinfuriating, facepalm",0.0319
Salty-Mixture5427,1480,"csMajors, PhD, ApplyingToCollege, AskAcademia, gradadmissions",0.046
TrickyRaise9306,1480,"csMajors, PhD, ApplyingToCollege, AskAcademia, gradadmissions",4.7458
Saturnox,2244,quant,0
Imaginary-Cattle-977,2245,bocconi,0
No-Weekend5035,2246,Switzerland,0
nala_1454,164,"interestingasfuck, Damnthatsinteresting, pics, mildlyinfuriating, facepalm",0.1321
Budget-Pin6339,2247,"UofT, MSCS, gradadmissions",0
erpo46,2248,UZH,0
bskp,2249,bern,0
Cenzo98,1480,"csMajors, PhD, ApplyingToCollege, AskAcademia, gradadmissions",0.0288
OkRecommendation9795,2250,EPFL,0
Responsible_Peach2,2251,ObsidianMD,0
Fresh-Classic-5312,1480,"csMajors, PhD, ApplyingToCollege, AskAcademia, gradadmissions",0.0085
Global_Weight897,1480,"csMajors, PhD, ApplyingToCollege, AskAcademia, gradadmissions",0.705
curious_red_00,2252,"CERN, REU",0
IceGami,2253,delhi,0
Zoldyck_J,1480,"csMajors, PhD, ApplyingToCollege, AskAcademia, gradadmissions",12.3037
TenseOcean82,2254,EPFL,0
humdedumde,1480,"csMajors, PhD, ApplyingToCollege, AskAcademia, gradadmissions",0.0283
SignificanceWild9658,2255,ItalyTravel,0
Sufficient-Abroad942,1480,"csMajors, PhD, ApplyingToCollege, AskAcademia, gradadmissions",1.1527
Top-Platform8890,2256,"suisse, Switzerland",0
yankikiran,2257,"AskTurkey, Turkey",0
jromerdi7,2258,stanford,0
glfmn,2259,FPGA,0
gaidajj,2260,tumunich,0
LaPireDBenedictions,2261,"C_Programming, learnmath",0
Pond_sniffer,2262,"MSCS, gradadmissions",0
Jayaditya_02,1480,"csMajors, PhD, ApplyingToCollege, AskAcademia, gradadmissions",0.2445
Objective_Race4859,2263,UZH,0
No_Cardiologist7609,1480,"csMajors, PhD, ApplyingToCollege, AskAcademia, gradadmissions",0.4003
Sufficient_Event2585,2264,unitedairlines,0
Proof-Yam-5877,1601,"NoStupidQuestions, AskReddit, askswitzerland, AITAH, Switzerland",22.0947
ResponsibleBunch521,1480,"csMajors, PhD, ApplyingToCollege, AskAcademia, gradadmissions",0.0836
Dependent-Feed-1903,1480,"csMajors, PhD, ApplyingToCollege, AskAcademia, gradadmissions",2.391
Beautiful-Pin-9193,2265,"UZH, EPFL",0
cat-day-rain6,2266,"ETHzurich, zurich",0
Ok-Ask-8256,1525,"de, Studium, Finanzen, Ratschlag, germany",0.537
chemrobstry,1480,"csMajors, PhD, ApplyingToCollege, AskAcademia, gradadmissions",0.0254
Friendly_Cold1349,1480,"csMajors, PhD, ApplyingToCollege, AskAcademia, gradadmissions",3.3205
Cool_Samoyed,1559,"Universitaly, ItaliaPersonalFinance, CasualIT, Italia, ItaliaCareerAdvice",9.7003
Appropriate-Pitch-45,2267,EPFL,0
Ok_Perspective880,2268,"Lausanne, EPFL",0
Old-Relation-7614,1480,"csMajors, PhD, ApplyingToCollege, AskAcademia, gradadmissions",0.4836
AmanChourasia,1525,"de, Studium, Finanzen, Ratschlag, germany",0.049
Miserable-Brush6354,1559,"Universitaly, ItaliaPersonalFinance, CasualIT, Italia, ItaliaCareerAdvice",3.2469
Acrobatic-Educator81,2269,"recruitinghell, askswitzerland",0
Foldons,2270,tumunich,0
Embarrassed-Win-8483,2271,"QuantumComputing, TUDelft",0
Girlsareonreddit,1601,"NoStupidQuestions, AskReddit, askswitzerland, AITAH, Switzerland",0.0365
SatisfactionFlaky219,2272,zurich,0
FriendshipOk4516,2273,"mathematics, ClashRoyale",0
Realistic_Video_5005,2274,quantfinance,0
fidifudi,2275,zurich,0
Real_early_5791,1480,"csMajors, PhD, ApplyingToCollege, AskAcademia, gradadmissions",2.4702
Status-Tell-7728,2276,"IBO, tumunich",0
GT3D,2277,askswitzerland,0
No-Map-3720,2278,REU,0
Nearby_Forever_3881,2279,"askswitzerland, Switzerland",0
Individual_Weird6344,2280,"ETHzurich, EPFL",0
ycc-156,2281,"kth, gradadmissions",0
ij78cp,1525,"de, Studium, Finanzen, Ratschlag, germany",6.2576
zecepuhiyowes4e8a6d,2282,cyberpunkgame,0
ConfidentRub6088,2283,EPFL,0
HumongousFungihihi,164,"interestingasfuck, Damnthatsinteresting, pics, mildlyinfuriating, facepalm",0.6808
_Alby_,2284,kth,0
InvestmentNew1655,1480,"csMajors, PhD, ApplyingToCollege, AskAcademia, gradadmissions",18.3374
Illustrious_Test4739,1480,"csMajors, PhD, ApplyingToCollege, AskAcademia, gradadmissions",3.0889
Dear-End8908,1601,"NoStupidQuestions, AskReddit, askswitzerland, AITAH, Switzerland",1.7369
No-Application-5610,2285,"basel, zurich",0
Danzi_boi,2286,askswitzerland,0
MrNiceGuyEBEB,1601,"NoStupidQuestions, AskReddit, askswitzerland, AITAH, Switzerland",38.7638
Gam-erAnimation,1480,"csMajors, PhD, ApplyingToCollege, AskAcademia, gradadmissions",0.0037
Substantial_Pie5803,2287,TUDelft,0
Special_Tourist_486,1601,"NoStupidQuestions, AskReddit, askswitzerland, AITAH, Switzerland",16.5647
Regular_Middle_2258,2288,MSCS,0
Other_Town5859,1601,"NoStupidQuestions, AskReddit, askswitzerland, AITAH, Switzerland",8.7281
wopwopchickenchicken,2289,UZH,0
advocadomarble,2290,"UZH, askswitzerland, zurich",0
tonyflyby,1601,"NoStupidQuestions, AskReddit, askswitzerland, AITAH, Switzerland",4.091
davidalvarezg,2291,REU,0
Over_Performer7090,2292,"Universitaly, Imperial",0
Feisty-Lack6676,1525,"de, Studium, Finanzen, Ratschlag, germany",3.194
flairysky,1480,"csMajors, PhD, ApplyingToCollege, AskAcademia, gradadmissions",5.4897
dwightpoldark,2293,EPFL,0
alexandremeldem,2294,"SwitzerlandIsFake, ClaudeAI, Switzerland",0
Far-Ad4490,2295,"tumunich, EPFL, zurich",0
Unlucky_Kale_3454,1480,"csMajors, PhD, ApplyingToCollege, AskAcademia, gradadmissions",3.1421
alexrada,1480,"csMajors, PhD, ApplyingToCollege, AskAcademia, gradadmissions",13.2523
No-Biscotti779,2296,askswitzerland,0
daikajin,2297,"UZH, zurich",0
DefiantPossession878,1601,"NoStupidQuestions, AskReddit, askswitzerland, AITAH, Switzerland",0.0589
Mountain_Stage_281,2298,"italy, askswitzerland, zurich",0
glikofy,2299,Watches,0
Sweet-Frosting4839,1480,"csMajors, PhD, ApplyingToCollege, AskAcademia, gradadmissions",5.2604
throwaway361910,1480,"csMajors, PhD, ApplyingToCollege, AskAcademia, gradadmissions",0.0145
Ok-Effort-4894,1601,"NoStupidQuestions, AskReddit, askswitzerland, AITAH, Switzerland",8.5497
LSOMaker,1480,"csMajors, PhD, ApplyingToCollege, AskAcademia, gradadmissions",2.2125
Bacil03,164,"interestingasfuck, Damnthatsinteresting, pics, mildlyinfuriating, facepalm",0.2089
Ok-Place864,2300,"nederlands, cognitiveTesting",0
Cruz-Sky-Walker,2301,"CryptoMarkets, Switzerland, zurich",0
Tight-Entertainer-36,2302,Imperial,0
Firm_Lynx,2303,"schwiiz, SwissPersonalFinance, Switzerland, zurich",0
Simple-Day-5429,1480,"csMajors, PhD, ApplyingToCollege, AskAcademia, gradadmissions",0.068
yellowpolarbearman,164,"interestingasfuck, Damnthatsinteresting, pics, mildlyinfuriating, facepalm",0.6808
pixeltrusts,164,"interestingasfuck, Damnthatsinteresting, pics, mildlyinfuriating, facepalm",16.9497
Character-Month-1312,2304,Switzerland,0
loafmeister_,2305,"UZH, gradadmissions, EPFL",0
gigamma01,2306,"AskEurope, books, europe",0
polemass173,2307,"aoe2, AskMenAdvice",0
New_Pay_4750,2308,Switzerland,0
Civil_Price2442,2309,MSCS,0
ND3lle,2310,"shitposting, Universitaly",0
salva922,1480,"csMajors, PhD, ApplyingToCollege, AskAcademia, gradadmissions",26.811
SuisoApp,2311,UZH,0
mango-affair,1601,"NoStupidQuestions, AskReddit, askswitzerland, AITAH, Switzerland",8.3522
ustandnochance,1480,"csMajors, PhD, ApplyingToCollege, AskAcademia, gradadmissions",2.4095
Relative_Bit9476,2312,"hygiene, StupidFood",0
aggromonkey34,2313,leagueoflegends,0
Connect_Dentist_9323,2314,"ucla, MSCS, gradadmissions",0
Randagio_Montano,1559,"Universitaly, ItaliaPersonalFinance, CasualIT, Italia, ItaliaCareerAdvice",8.1204
Jumpy-Roll7386,1480,"csMajors, PhD, ApplyingToCollege, AskAcademia, gradadmissions",2.0109
Longjumping-Flight82,1480,"csMajors, PhD, ApplyingToCollege, AskAcademia, gradadmissions",0.0294
Accomplished-Dust257,2315,"AlignmentChartFills, whereidlive",0
Unlikely-Recipe5580,2316,"etudiants, CERN, EPFL",0
andWan,164,"interestingasfuck, Damnthatsinteresting, pics, mildlyinfuriating, facepalm",8.8023
Rare_Lingonberry5517,2317,"quantfinance, gradadmissions",0
ATallSteve,1480,"csMajors, PhD, ApplyingToCollege, AskAcademia, gradadmissions",0.018
Cool_Earth_2556,1480,"csMajors, PhD, ApplyingToCollege, AskAcademia, gradadmissions",0.3775
No_Philosopher8610,2318,"eupersonalfinance, EPFL",0
Good-Landscape-6888,2319,gradadmissions,0
slxmo,2320,"askswitzerland, Switzerland",0
Ok-Chest3790,2321,"bioinformatics, UZH",0
MarzipanNo9781,2322,"AMA, Studium, askswitzerland, zurich",0
bigorca88,2323,"europe, SwissPersonalFinance, askswitzerland, Switzerland",0
ReviewedOhio312,2324,"SBB, askswitzerland",0
Expert_Spread_3785,2325,TUDelft,0
Own-Bite-9304,1480,"csMajors, PhD, ApplyingToCollege, AskAcademia, gradadmissions",2.7186
InformalEnd8337,2326,"linux_gaming, Erasmus, gradadmissions",0
tonetdcb,2327,"UZH, zurich",0
Witty_chad,2328,islam,0
zurrdynasty,2329,zurich,0
Background_Care561,1559,"Universitaly, ItaliaPersonalFinance, CasualIT, Italia, ItaliaCareerAdvice",7.3098
Fit_Adhesiveness6772,2330,whatsapp,0
Brilliant-Mission459,1480,"csMajors, PhD, ApplyingToCollege, AskAcademia, gradadmissions",0.0799
A7eh,1480,"csMajors, PhD, ApplyingToCollege, AskAcademia, gradadmissions",1.6501
NoIndependent8817,2331,civilengineering,0
faidbang06,2332,"Vent, ETHzurich",0
Ok-Pear-8529,2333,moviecritic,0
General_Guisan,1525,"de, Studium, Finanzen, Ratschlag, germany",38.4221
Feisty_Spend_1992,2334,"solotravel, Ticino, AskUK, PhDAdmissions, gradadmissions",0
Full-Camel7489,2335,"Imperial, gradadmissions",0
Holiday-Figure7424,2336,bocconi,0
Leather-Nebula1394,1601,"NoStupidQuestions, AskReddit, askswitzerland, AITAH, Switzerland",0.1726
Sweaty-Particular-56,2337,"UZH, zurich",0
Odd_Explanation3259,2338,"Lausanne, EPFL",0
EUNEisAmeme,164,"interestingasfuck, Damnthatsinteresting, pics, mildlyinfuriating, facepalm",21.4829
Top-Routine-9568,2339,CryptoCurrency,0
Accomplished-Cap9309,1480,"csMajors, PhD, ApplyingToCollege, AskAcademia, gradadmissions",0.0097
DasKapitalReaper,1480,"csMajors, PhD, ApplyingToCollege, AskAcademia, gradadmissions",0.7709
Able-Mistake8483,2340,"MSCS, EPFL",0
Formal_Prior_3359,2341,zurich,0
Xiloxs,2342,balkans_irl,0
ARUMI_Sun_Moon,164,"interestingasfuck, Damnthatsinteresting, pics, mildlyinfuriating, facepalm",1.5106
arthur_le_boss_75,1559,"Universitaly, ItaliaPersonalFinance, CasualIT, Italia, ItaliaCareerAdvice",1.2642
QuoteRare739,2343,kth,0
Environmental-Cry850,2344,"olympics, CERN",0
23gnaixuy,1480,"csMajors, PhD, ApplyingToCollege, AskAcademia, gradadmissions",2.8169
Visible_Tomato_5616,2345,"Skigear, Switzerland",0
Equivalent-Teach8134,2346,"kth, EPFL",0
NicoJuniori,2347,UZH,0
Ok-Airport2314,2348,tumunich,0
Rextheguy95,2349,"cycling, AITAH",0
Ecstatic_Cycle6029,2350,zurich,0
JuJuJuMa,1480,"csMajors, PhD, ApplyingToCollege, AskAcademia, gradadmissions",0.1054
Flat-Ratio335,2351,"wien, math, ETHzurich",0
Rio_1210,1480,"csMajors, PhD, ApplyingToCollege, AskAcademia, gradadmissions",0.0357
coolcapture,2352,"fragrance, basel, zurich",0
BottledKeys,2353,"Advice, gradadmissions",0
R6Dawnbase,2354,"tuberlin, Studium",0
CS_UGRAD24,1525,"de, Studium, Finanzen, Ratschlag, germany",0.1391
ScalesGhost,1525,"de, Studium, Finanzen, Ratschlag, germany",18.9018
ZaySaysHi,2355,PhDAdmissions,0
SlingsAndArrows7871,1601,"NoStupidQuestions, AskReddit, askswitzerland, AITAH, Switzerland",44.8812
Mountain_Eggplant720,2356,UniSG,0
Friendly_Flamingo409,1480,"csMajors, PhD, ApplyingToCollege, AskAcademia, gradadmissions",0.0173
John_cages022,164,"interestingasfuck, Damnthatsinteresting, pics, mildlyinfuriating, facepalm",55.8878
animesh101,2357,PhDAdmissions,0
Stengelvonq,1480,"csMajors, PhD, ApplyingToCollege, AskAcademia, gradadmissions",5.9848
waveboreale,1601,"NoStupidQuestions, AskReddit, askswitzerland, AITAH, Switzerland",0.5347
helios44js,2358,"funnysigns, duolingo",0
Mobile-Release6862,1480,"csMajors, PhD, ApplyingToCollege, AskAcademia, gradadmissions",0.3788
Gouzi00,164,"interestingasfuck, Damnthatsinteresting, pics, mildlyinfuriating, facepalm",54.6072
spidersupe,1480,"csMajors, PhD, ApplyingToCollege, AskAcademia, gradadmissions",0.5428
Night_Chips,2359,"BambuLab, GlobalOffensive, askswitzerland",0
crazy-duck-2,1480,"csMajors, PhD, ApplyingToCollege, AskAcademia, gradadmissions",1.8712
yanishagen,1601,"NoStupidQuestions, AskReddit, askswitzerland, AITAH, Switzerland",5.2161
bengalirepublican,1480,"csMajors, PhD, ApplyingToCollege, AskAcademia, gradadmissions",0.0037
GodandLove,2360,"kth, REU",0
principleofinaction,1480,"csMajors, PhD, ApplyingToCollege, AskAcademia, gradadmissions",16.2734
GeekPerFreak,1480,"csMajors, PhD, ApplyingToCollege, AskAcademia, gradadmissions",0.0037
sleepyslothzzz1,2361,unimelb,0
Cultural_Garage9956,2362,"startups, bocconi",0
Few_Needleworker_651,2363,"berlin, quantfinance",0
augusts8,1480,"csMajors, PhD, ApplyingToCollege, AskAcademia, gradadmissions",14.3773
EfficientPeace8994,1480,"csMajors, PhD, ApplyingToCollege, AskAcademia, gradadmissions",0.0037
Hopefully_smart,2364,LMUMunich,0
Sanfeng766,1480,"csMajors, PhD, ApplyingToCollege, AskAcademia, gradadmissions",0.702
Pure-Magician-3703,2365,"Studium, BUENZLI, askswitzerland",0
graduating_penguin,2366,gradadmissions,0
Different_Sale_4172,1480,"csMajors, PhD, ApplyingToCollege, AskAcademia, gradadmissions",8.1112
Anonymous_BOSS,2367,truespotify,0
beingfresh,2368,LinkedInLunatics,0
Due_Manufacturer8899,2369,"gradadmissions, EPFL",0
nikesoccer123,2370,Switzerland,0
Alex180689,1559,"Universitaly, ItaliaPersonalFinance, CasualIT, Italia, ItaliaCareerAdvice",20.8833
Wild_Historian8244,2371,"ItaliaCareerAdvice, Universitaly",0
WarZealousideal5088,2372,"Switzerland, zurich",0
anonymouskaz4,2373,REU,0
Mountain-Appeal4929,2374,teenagers,0
Happy_Term5133,2375,"Brazil, German, zurich",0
AccomplishedEbb8619,1480,"csMajors, PhD, ApplyingToCollege, AskAcademia, gradadmissions",0.1896
ana_bortion,1601,"NoStupidQuestions, AskReddit, askswitzerland, AITAH, Switzerland",3.4296
DsarrayedPandemonium,1525,"de, Studium, Finanzen, Ratschlag, germany",5.1497
enadanadakutheinge,1480,"csMajors, PhD, ApplyingToCollege, AskAcademia, gradadmissions",0.1329
Legitimate_Profile,1480,"csMajors, PhD, ApplyingToCollege, AskAcademia, gradadmissions",8.0566
Square_Whole4925,1601,"NoStupidQuestions, AskReddit, askswitzerland, AITAH, Switzerland",3.8551
trbf0,2376,Jujutsufolk,0
Hely0s,2377,zurich,0
Ok_Efficiency8335,2378,Indians_StudyAbroad,0
No_Yogurtcloset_805,2379,"ApplyingToCollege, TUDelft",0
startherecoach,1601,"NoStupidQuestions, AskReddit, askswitzerland, AITAH, Switzerland",3.6168
AppearanceThen3755,2380,gradadmissions,0
heapifythis,1480,"csMajors, PhD, ApplyingToCollege, AskAcademia, gradadmissions",0.7608
Background_Bass_2587,1480,"csMajors, PhD, ApplyingToCollege, AskAcademia, gradadmissions",9.8181
papriqa,2381,"fragrance, AITAH",0
leena1234726,1480,"csMajors, PhD, ApplyingToCollege, AskAcademia, gradadmissions",0.2019
DatGuyOvaThea,1480,"csMajors, PhD, ApplyingToCollege, AskAcademia, gradadmissions",0.8764
Charles1994CubanBoy,2382,"mexico, whatsapp",0
neuropsych_bg,2383,EPFL,0
221bhouse,2384,"Btechtards, MapPorn",0
Recent-Funny3709,1480,"csMajors, PhD, ApplyingToCollege, AskAcademia, gradadmissions",3.6693
UrbanOrchid,2385,"askswitzerland, Switzerland",0
Imaginary_Adagio2040,1480,"csMajors, PhD, ApplyingToCollege, AskAcademia, gradadmissions",0.0806
Practical-Recipe9531,2386,EPFL,0
Patient_Result_9951,2387,FinancialCareers,0
Fuzzy-Paper6537,2388,greece,0
eatingnarutosnoodles,164,"interestingasfuck, Damnthatsinteresting, pics, mildlyinfuriating, facepalm",14.2463
Cultural_Praline_271,1480,"csMajors, PhD, ApplyingToCollege, AskAcademia, gradadmissions",0.6578
hadjer-imc-ibm,2389,ETHzurich,0
simple_man_2026,2390,"bangalore, Indians_StudyAbroad, askswitzerland, Switzerland",0
Otherwise_Wave9374,1480,"csMajors, PhD, ApplyingToCollege, AskAcademia, gradadmissions",53.7527
Civil-Shopping-903,1480,"csMajors, PhD, ApplyingToCollege, AskAcademia, gradadmissions",17.5477
graceq2000,2391,UZH,0
Pleasant-Carbon,1525,"de, Studium, Finanzen, Ratschlag, germany",65.0542
RBL213,2392,eupersonalfinance,0
Eastern_Pangolin5127,1480,"csMajors, PhD, ApplyingToCollege, AskAcademia, gradadmissions",2.7608
cash_n17,1480,"csMajors, PhD, ApplyingToCollege, AskAcademia, gradadmissions",0.4512
Fun-Independence-117,2393,"Erasmus, EPFL",0
AggravatingSwitch882,2394,"cambridge_uni, gradadmissions, EPFL",0
Ambitious-Cry9288,2395,"LegaladviceGerman, arbeitsleben, SwissPersonalFinance, UZH, askswitzerland",0
Zestyclose_Twist_363,1480,"csMajors, PhD, ApplyingToCollege, AskAcademia, gradadmissions",0.1728
AggravatingArmy111,2396,gradadmissions,0
Q-Hack_2026,1480,"csMajors, PhD, ApplyingToCollege, AskAcademia, gradadmissions",11.2192
lloydtechno,2397,"dubai, ObsidianMD, EPFL",0
Ok_Answer5027,2398,"vegan, TeenIndia",0
vibezong,2399,nba,0
Miserable_Forever_80,2400,EPFL,0
No_Direction8650,2401,gradadmissions,0
FryThemAll,2402,wallstreetbets,0
normativecoder,1480,"csMajors, PhD, ApplyingToCollege, AskAcademia, gradadmissions",12.1576
Complex_Tea_1244,1480,"csMajors, PhD, ApplyingToCollege, AskAcademia, gradadmissions",4.9074
smokje,2403,"Minecraft, AskTheWorld, schwiiz, BUENZLI",0
Soggy-Ad-7711,2404,EPFL,0
vel_xy,1480,"csMajors, PhD, ApplyingToCollege, AskAcademia, gradadmissions",0.0037
RayRay2048,2405,"tressless, NTU",0
Temporary-Anxiety539,1480,"csMajors, PhD, ApplyingToCollege, AskAcademia, gradadmissions",0.1775
betonieraasfat,2406,"Silksong, UnethicalLifeProTips",0
Only_Complaint_215,2407,"smallbusiness, tumunich",0
VGHugo,2408,"gradadmissions, EPFL",0
unrelatedquestioner,2409,"SwissPersonalFinance, zurich",0
Technical-Artist-491,1480,"csMajors, PhD, ApplyingToCollege, AskAcademia, gradadmissions",0.062
Willing-Signal-9936,1480,"csMajors, PhD, ApplyingToCollege, AskAcademia, gradadmissions",8.2146
Sea-Statistician9552,2410,gradadmissions,0
Aromatic-Apricot-298,1480,"csMajors, PhD, ApplyingToCollege, AskAcademia, gradadmissions",0.0792
InstructionCertain21,2411,"TUDelft, UZH",0
Hot_Dragonfly_3278,2412,EPFL,0
Sunil_Mr,2413,gradadmissions,0
Mr_Meringue,164,"interestingasfuck, Damnthatsinteresting, pics, mildlyinfuriating, facepalm",1.9589
Standard-Way-4538,2414,gradadmissions,0
beankylla,1601,"NoStupidQuestions, AskReddit, askswitzerland, AITAH, Switzerland",13.9004
Reachingabittoohigh,2415,"geoguessr, LocalLLaMA",0
AutisticFurniture,2416,"languagelearningjerk, MechanicalEngineering",0
kimi444girl,1480,"csMajors, PhD, ApplyingToCollege, AskAcademia, gradadmissions",0.5298
PaperPlane1403,2417,"InternationalStudents, AskAGerman",0
Ok-Reputation-9777,2418,"UCL, 6thForm",0
Kingfat173,2419,"Sat, IELTS",0
legend0102,1601,"NoStupidQuestions, AskReddit, askswitzerland, AITAH, Switzerland",0.9292
Creative_Math_2909,2420,"realmadrid, nba, tumunich",0
Distinct_Egg4365,1480,"csMajors, PhD, ApplyingToCollege, AskAcademia, gradadmissions",26.7009
xinruihay,2421,"TheRaceTo10Million, Lausanne, europe, SwissPersonalFinance, askswitzerland",0
Sensitive-Talk9616,1601,"NoStupidQuestions, AskReddit, askswitzerland, AITAH, Switzerland",23.0985
T-R-Bros,1525,"de, Studium, Finanzen, Ratschlag, germany",0.0266
Ok-Nail9956,2422,EPFL,0
Much-Usual453,2423,"Imperial, cscareerquestionsEU",0
TakenSadFace,164,"interestingasfuck, Damnthatsinteresting, pics, mildlyinfuriating, facepalm",27.8107
offbeat_orangutan,2424,"stanford, gradadmissions",0
Better-Stay-8383,1480,"csMajors, PhD, ApplyingToCollege, AskAcademia, gradadmissions",6.6652
Ebreton2,164,"interestingasfuck, Damnthatsinteresting, pics, mildlyinfuriating, facepalm",9.3001
YellowSpoofer,1480,"csMajors, PhD, ApplyingToCollege, AskAcademia, gradadmissions",0.0778
_BsIngA_,1480,"csMajors, PhD, ApplyingToCollege, AskAcademia, gradadmissions",0.0314
Immediate_Lab_770,1480,"csMajors, PhD, ApplyingToCollege, AskAcademia, gradadmissions",0.0682
m4triarch,2425,EPFL,0
DeathStalker_11,1480,"csMajors, PhD, ApplyingToCollege, AskAcademia, gradadmissions",5.7684
GioiaLeilaLio,1601,"NoStupidQuestions, AskReddit, askswitzerland, AITAH, Switzerland",18.6297
slippery_pingus,2426,TUDelft,0
Molteni-,1480,"csMajors, PhD, ApplyingToCollege, AskAcademia, gradadmissions",0.4916
Tough-Discussion-179,1480,"csMajors, PhD, ApplyingToCollege, AskAcademia, gradadmissions",0.0225
italianjob16,164,"interestingasfuck, Damnthatsinteresting, pics, mildlyinfuriating, facepalm",6.4517
PierSergioCaltabiano,1559,"Universitaly, ItaliaPersonalFinance, CasualIT, Italia, ItaliaCareerAdvice",2.5381
Decent_Evening_1840,2427,EPFL,0
OSM_Smiley,2428,nextfuckinglevel,0
Candid_Objective_648,1601,"NoStupidQuestions, AskReddit, askswitzerland, AITAH, Switzerland",2.3331
These-Recording-8543,1480,"csMajors, PhD, ApplyingToCollege, AskAcademia, gradadmissions",5.4581
TheDimilo,164,"interestingasfuck, Damnthatsinteresting, pics, mildlyinfuriating, facepalm",11.578
