username,voice_type,subtype,confidence,n_posts,evidence,reasoning
-ColaZero,unknown,,0.0,4,,no self-identifying statements found
-Nothing-Suspicious-,unknown,,0.0,1,,no self-identifying statements found
-Phobophobia_,unknown,,0.0,3,,no self-identifying statements found
-Ritsar-,unknown,,0.0,1,,no self-identifying statements found
-___-_-_--,former_individual,student,0.8,2,in all my years at eth,"The statement 'in all my years at eth' implies a past affiliation with ETH Zurich, suggesting the user is no longer a student there."
-_mo_-,unknown,,0.0,1,,no self-identifying statements found
04whizkid,unknown,,0.0,1,,no self-identifying statements found
0attention-span,unknown,,0.0,1,,no self-identifying statements found
0b00000110,external_individual,other,0.8,2,ZHAW grad here who has worked in the tech industry for ten years.,"The user explicitly identifies as a ZHAW graduate and mentions working in the tech industry, indicating a current role outside of ETH Zurich."
0raid,decentral_individual,student,1.0,4,"I am currently finishing an MSc in Robotics, System and Control at ETH.","The user explicitly states they are currently finishing an MSc at ETH Zurich, which is the home institution. This matches rule B, indicating a current ETH affiliation."
0rdin,unknown,,0.0,1,,no self-identifying statements found
0x-Error,unknown,,0.0,1,,no self-identifying statements found
1203-NT,unknown,,0.0,1,,no self-identifying statements found
120904,unknown,,0.0,1,,no self-identifying statements found
135uv,unknown,,0.0,1,,no self-identifying statements found
1KappaIsLife,unknown,,0.0,1,,no self-identifying statements found
1maginaryApple,unknown,,0.0,2,,no self-identifying statements found
2004FBS,unknown,,0.0,20,,no self-identifying statements found
2006boiii,unknown,,0.0,1,,no self-identifying statements found
2578923047823,decentral_individual,applicant,0.8,2,"I applied to both the MSc IDB and NSC programs at UZH/ETH. I'm still waiting to here back from ETH MSc CS, as well as from other schools.","The user explicitly mentions applying to ETH's MSc programs and is still waiting for a response, indicating they are an applicant to ETH Zurich. The mention of other schools does not override the application status to ETH."
2D_Tiddies,decentral_individual,student,1.0,1,I just got accepted into the Spatial Development and Infrastructure Systems MSc programme,"The user explicitly states they have been accepted into an ETH Zurich MSc programme, which takes precedence over any potential prior or concurrent affiliations."
2eZ4J,unknown,,0.0,6,,no self-identifying statements found
45422201,unknown,,0.0,1,,no self-identifying statements found
4g4o,external_individual,student,1.0,2,I am currently doing my master's at TU Munich,"The user explicitly states they are currently studying at TU Munich, a non-ETH institution, with no mention of a current or upcoming ETH affiliation."
4maxlhmn4,unknown,,0.0,1,,no self-identifying statements found
573984729874,unknown,,0.0,1,,no self-identifying statements found
65289791,decentral_individual,phd,1.0,1,I'm a first year PhD student in chemistry department.,The user explicitly states they are a first-year PhD student without mentioning any non-ETH institution. ETH Zurich is the default institution for such statements unless a specific external university is named.
7facetime7,external_individual,student,0.5,5,attending BME,"The user explicitly mentions attending BME, which is a high school for adults in Switzerland and not affiliated with ETH Zurich. There is no mention of ETH Zurich or any other university affiliation."
AI_lover_always,decentral_individual,student,1.0,5,master student in INFK,"The user explicitly mentions being a master student in INFK, which is a department at ETH Zurich. This indicates a current affiliation with ETH Zurich."
ANature,unknown,,0.0,1,,no self-identifying statements found
AVeryGoofyGoober,decentral_individual,student,0.5,1,I’m in it currently,"The statement implies current involvement but does not specify the institution. However, since the default rule applies (no mention of a non-ETH institution and no indication of past affiliation), ETH Zurich is assumed as the current affiliation."
AZfoodie,unknown,,0.0,1,,no self-identifying statements found
A_Lymphater,unknown,,0.0,1,,no self-identifying statements found
Aalibab,decentral_individual,applicant,0.8,5,applied for the Bachelor in Biochem,"The user mentions applying to a Bachelor program at ETH Zurich (implied by the context of the subreddit and the program name), which fits the 'applicant' subtype under 'decentral_individual'."
Aark95,external_individual,student,1.0,1,I am doing the BsC business informatics at WU Vienna,"The user explicitly states they are currently studying at WU Vienna, a non-ETH institution, with no mention of a current or upcoming ETH affiliation."
AaronKDinesh,unknown,,0.0,4,,no self-identifying statements found
AcanthaceaeQuick9663,unknown,,0.0,5,,no self-identifying statements found
Accept_A_Username,unknown,,0.0,1,,no self-identifying statements found
AccomplishedBad1415,unknown,,0.0,14,,no self-identifying statements found
Accomplished_Bad_487,unknown,,0.0,1,,no self-identifying statements found
Accomplished_Set1872,unknown,,0.0,7,,no self-identifying statements found
Accomplished_Team300,decentral_individual,student,1.0,3,I'm a first year student here,"The statement 'I'm a first year student here' indicates a current affiliation with ETH Zurich, as per the subreddit default rule. No other university is mentioned, and the user is explicitly stating they are a student."
AcidFreak1424,unknown,,0.0,1,,no self-identifying statements found
Acrobatic-Kiwi2045,unknown,,0.0,9,,no self-identifying statements found
Acrobatic_Salad_9691,decentral_individual,student,1.0,2,Just got to MSc EEIT.,"The statement indicates the user has recently enrolled in the MSc EEIT program at ETH Zurich, which is the default institution for such statements when no other university is explicitly named."
Acrobatic_Shelter_96,unknown,,0.0,1,,no self-identifying statements found
ActioContraria,unknown,,0.0,1,,no self-identifying statements found
Active-Delay-1337,unknown,,0.0,16,,no self-identifying statements found
Active-Vacation4270,external_individual,phd,0.8,1,finishing his PhD,"The statement mentions someone finishing their PhD but does not explicitly name ETH Zurich. However, it does mention that the person is leaving Zürich, which implies they are not currently affiliated with ETH Zurich (as they are leaving). Since no ETH affiliation is explicitly stated, and the PhD is associated with leaving Zürich, it is classified as external_individual/phd."
Actual_Nobody_7590,unknown,,0.0,1,,no self-identifying statements found
ActuatorNaive8791,unknown,,0.0,1,,no self-identifying statements found
Ad-Cod-2504,unknown,,0.0,1,,no self-identifying statements found
AdAcceptable9332,decentral_individual,student,1.0,2,I am a first-year MSc student in mechanical engineering,"The user explicitly states they are a first-year MSc student, which indicates a current affiliation with ETH Zurich as per the subreddit default rule."
AdAccomplished989,unknown,,0.0,2,,no self-identifying statements found
AdDouble2025,unknown,,0.0,1,,no self-identifying statements found
AdEastern6906,unknown,,0.0,1,,no self-identifying statements found
AdWitty1713,unknown,,0.0,1,,no self-identifying statements found
Adarain,unknown,,0.0,14,,no self-identifying statements found
Additional_Leek_9893,unknown,,0.0,1,,no self-identifying statements found
AdeptusDankanicus,decentral_individual,student,0.8,1,"For us swiss students, getting in isn't the hard part.","The statement implies the user is a current student at ETH Zurich, as it refers to the experience of Swiss students getting in, which aligns with the default assumption when no other institution is named."
Admirable-Group-1129,unknown,,0.0,8,,no self-identifying statements found
AdobiWanKenobi,unknown,,0.0,1,,no self-identifying statements found
Adorable-Rich720,unknown,,0.0,4,,no self-identifying statements found
Adorable_Knee959,unknown,,0.0,1,,no self-identifying statements found
Advanced_Dance1853,unknown,,0.0,1,,no self-identifying statements found
Adventurous_Ruin_919,unknown,,0.0,1,,no self-identifying statements found
AdvisorTechnical7732,decentral_individual,student,1.0,9,I just got accepted into the MEST program of ETH,"The user explicitly states they have been accepted into an ETH program, which takes precedence over any prior education mentioned."
Affectionate-Dot5725,unknown,,0.0,1,,no self-identifying statements found
AffectionateRange673,unknown,,0.0,1,,no self-identifying statements found
AffectionateStore225,decentral_individual,applicant,0.8,13,applied for the MSc in Physics at ETH,"The user explicitly states they applied to ETH's MSc in Physics, which indicates a current application status without confirmed acceptance."
Affectionate_Camp468,unknown,,0.0,1,,no self-identifying statements found
Afraid-Tea-2358,unknown,,0.0,11,,no self-identifying statements found
Afraid_Wave_2489,unknown,,0.0,7,,no self-identifying statements found
Aggravating_Tone9541,unknown,,0.0,1,,no self-identifying statements found
Aglar253,unknown,,0.0,1,,no self-identifying statements found
Agreeable_Addition84,unknown,,0.0,10,,no self-identifying statements found
Agruesle,external_individual,other,0.5,1,I worked at a consultancy,"The statement indicates a professional role at a consultancy but does not mention any university affiliation. Since the user is not explicitly affiliated with ETH Zurich and no other university is named, the classification defaults to 'external_individual/other' based on the lack of university affiliation information."
AirportAgreeable467,unknown,,0.0,3,,no self-identifying statements found
Akutasan,unknown,,0.0,2,,no self-identifying statements found
Al141974,unknown,,0.0,9,,no self-identifying statements found
Alarmed-Counter150,unknown,,0.0,1,,no self-identifying statements found
Alarmed_Gain_1121,unknown,,0.0,1,,no self-identifying statements found
Albastru-Aib,unknown,,0.0,1,,no self-identifying statements found
AlbatrossIcy5704,unknown,,0.0,1,,no self-identifying statements found
AleCar07,unknown,,0.0,1,,no self-identifying statements found
Alendion_TLG,external_individual,other,0.5,6,currently working as a Data Scientist in the field of Medical Imaging,"The user does not mention any university affiliation explicitly. They mention being a non-EU/EEA citizen and working as a Data Scientist, which implies an external, non-academic role. No evidence of ETH Zurich or any other university is provided."
Alex51423,decentral_individual,student,1.0,1,First year on ETH,"The user explicitly mentions being in their first year at ETH Zurich, which is the home institution. This indicates a current student affiliation with ETH."
Alexa-Klee,unknown,,0.0,2,,no self-identifying statements found
AlighieriDonkey,unknown,,0.0,1,,no self-identifying statements found
AliveEntertainment45,unknown,,0.0,2,,no self-identifying statements found
AlrikBunseheimer,unknown,,0.0,42,,no self-identifying statements found
Altruistic-Edge-2393,unknown,,0.0,1,,no self-identifying statements found
Altruistic_Map_4081,unknown,,0.0,11,,no self-identifying statements found
Amapocho,unknown,,0.0,1,,no self-identifying statements found
Amazillon,unknown,,0.0,2,,no self-identifying statements found
Amazing-Peach8239,unknown,,0.0,1,,no self-identifying statements found
AmbientOccluder38,unknown,,0.0,1,,no self-identifying statements found
AnNiE01518,unknown,,0.0,1,,no self-identifying statements found
Andromeda279,external_individual,student,0.5,2,I am about to graduate from a dual degree program- CS+ MBA - it was a 5 year integrated program.(4 year CS + one and half year MBA),"The statement mentions graduating from a dual degree program (CS + MBA) but does not explicitly name ETH Zurich or any other institution. Since the user does not mention ETH Zurich or any other university, and the affiliation is not clear, the classification defaults to 'external_individual/student' with moderate confidence based on the implicit signal of being a student."
Aniket_Mhaskar477,unknown,,0.0,2,,no self-identifying statements found
Aniruddhb16,unknown,,0.0,3,,no self-identifying statements found
Annual-Advisor-7916,unknown,,0.0,5,,no self-identifying statements found
Annual-Psychology668,unknown,,0.0,8,,no self-identifying statements found
Anon_cat3563,unknown,,0.0,8,,no self-identifying statements found
AnonymousWhistle,unknown,,0.0,1,,no self-identifying statements found
Ansh_3101,unknown,,0.0,1,,no self-identifying statements found
Ant-One,unknown,,0.0,1,,no self-identifying statements found
Antidigitalist,decentral_individual,student,1.0,1,I'm currently studying Pharmaceutical Sciences in the Basisjahr,"The statement explicitly mentions studying in the Basisjahr, which is a known part of the ETH Zurich curriculum. No other university is named, and the default rule applies: if a statement mentions studying without naming a specific other university, assume ETH Zurich."
Antique-Jacket8864,unknown,,0.0,2,,no self-identifying statements found
Antique-Ticket-382,unknown,,0.0,3,,no self-identifying statements found
Any-Gear-8855,unknown,,0.0,4,,no self-identifying statements found
Any_Permission2555,unknown,,0.0,2,,no self-identifying statements found
Apart-Efficiency-248,unknown,,0.0,1,,no self-identifying statements found
Apoorva__a,unknown,,0.0,2,,no self-identifying statements found
AppleBanter,unknown,,0.0,1,,no self-identifying statements found
Apprehensive-Ice2576,unknown,,0.0,1,,no self-identifying statements found
Apprehensive-Meet-60,unknown,,0.0,1,,no self-identifying statements found
ApprehensiveBack4896,unknown,,0.0,4,,no self-identifying statements found
Apprehensive_Cake541,unknown,,0.0,3,,no self-identifying statements found
Apprehensive_Ice_412,unknown,,0.0,4,,no self-identifying statements found
Appropriate-Still712,unknown,,0.0,1,,no self-identifying statements found
AppropriatePatience8,unknown,,0.0,2,,no self-identifying statements found
Appropriate_Gap_1399,unknown,,0.0,3,,no self-identifying statements found
Appropriate_Spend268,unknown,,0.0,6,,no self-identifying statements found
Appropriate_Waltz431,decentral_individual,applicant,0.6,2,I want to do my Master’s / PhD in ETH Zurich,"The user explicitly expresses intent to pursue a Master’s or PhD at ETH Zurich, indicating they are an applicant to ETH, even though they have not yet confirmed acceptance."
Appropriate_You564,unknown,,0.0,26,,no self-identifying statements found
ArmIntrepid8204,unknown,,0.0,2,,no self-identifying statements found
ArmMuted5190,unknown,,0.0,2,,no self-identifying statements found
Armagetton,unknown,,0.2,4,I live there,The statement provides no information about the user's university affiliation or role.
Arsh90786,unknown,,0.0,1,,no self-identifying statements found
ArtemisCrusher,unknown,,0.0,5,,no self-identifying statements found
Artistic-Ad-3794,external_individual,student,1.0,1,ich mache grade meinen Bachelor an der RWTH,"The user explicitly states they are currently studying for their bachelor's degree at RWTH, a non-ETH institution, with no mention of a current or upcoming ETH affiliation."
Artistic_Slide2345,former_individual,student,0.8,6,Math Bachelor at ETH,"The user explicitly mentions having a Math Bachelor degree from ETH, indicating a past affiliation as a student."
Artistic_Storm4102,unknown,,0.0,1,,no self-identifying statements found
Arzaxx,unknown,,0.0,1,,no self-identifying statements found
Asdfjalsdkjflkjsdlkj,unknown,,0.0,1,,no self-identifying statements found
Ashamed-Birthday-887,unknown,,0.0,2,,no self-identifying statements found
Aster1xch,unknown,,0.0,1,,no self-identifying statements found
AstroRoverToday,unknown,,0.0,1,,no self-identifying statements found
AstronASMR,unknown,,0.0,1,,no self-identifying statements found
Athoak,unknown,,0.0,1,,no self-identifying statements found
Athror,unknown,,0.0,1,,no self-identifying statements found
AtmosphereAny,unknown,,0.0,6,,no self-identifying statements found
Aurilandus,unknown,,0.0,2,,no self-identifying statements found
Automatic-Tax-7414,unknown,,0.0,4,,no self-identifying statements found
Automatic-Water2325,unknown,,0.0,1,,no self-identifying statements found
AutomaticAccount6832,unknown,,0.0,15,,no self-identifying statements found
Automatic_Pear3386,unknown,,0.0,1,,no self-identifying statements found
Available-Job2201,unknown,,0.0,1,,no self-identifying statements found
Available_War4603,unknown,,0.0,2,,no self-identifying statements found
Away_Ad_7316,unknown,,0.0,5,,no self-identifying statements found
Awkward_Eggplant1234,unknown,,0.0,1,,no self-identifying statements found
Ayasaminata,unknown,,0.0,6,,no self-identifying statements found
Aypnia,unknown,,0.0,1,,no self-identifying statements found
Aywing,decentral_individual,student,1.0,17,confirmation from ETH that I can work part time during the semester and full time during holidays,"The user explicitly mentions receiving confirmation from ETH Zurich regarding part-time work during the semester, which indicates they are currently a student at ETH Zurich. They also mention being 'about to graduate soon,' reinforcing their current student status at ETH."
B1gThro,unknown,,0.0,1,,no self-identifying statements found
BANANAT0R,unknown,,0.0,1,,no self-identifying statements found
BNI_sp,unknown,,0.0,20,,no self-identifying statements found
BOBBO_WASTER,unknown,,0.0,1,,no self-identifying statements found
B_BARTHMAN,unknown,,0.0,2,,no self-identifying statements found
Babushka9,unknown,,0.0,1,,no self-identifying statements found
Background-Fish-8465,unknown,,0.0,3,,no self-identifying statements found
BadBoy_3371,unknown,,0.0,2,,no self-identifying statements found
Bakeey,unknown,,0.0,9,,no self-identifying statements found
BakrTT,unknown,,0.0,1,,no self-identifying statements found
BallsBuster7,unknown,,0.0,1,,no self-identifying statements found
Bamboleo_bambolea,decentral_individual,student,0.8,3,I got my decision a few hours ago. Also Mathematics department,"The user mentions receiving a decision, which implies they have been accepted to ETH Zurich. The mention of the Mathematics department further supports a current or upcoming ETH affiliation."
BarFun9487,unknown,,0.0,3,,no self-identifying statements found
BarbellJuggler,unknown,,0.0,1,,no self-identifying statements found
Barinski04,unknown,,0.0,3,,no self-identifying statements found
Barrack_H_Obama_II,unknown,,0.0,3,,no self-identifying statements found
Bas_karo_yaar93,unknown,,0.0,5,,no self-identifying statements found
Basic-Arachnid9233,unknown,,0.0,1,,no self-identifying statements found
Bastion55420,unknown,,0.0,3,,no self-identifying statements found
BazingaSan,unknown,,0.0,1,,no self-identifying statements found
Beghorangi,unknown,,0.0,1,,no self-identifying statements found
BeginningSelection57,decentral_individual,student,1.0,1,I am currently studying CS in 3rd semester at ETH,"The user explicitly states they are currently studying at ETH Zurich, which is the home institution. This matches rule B of the decision tree, indicating a current ETH affiliation."
Belarnon,unknown,,0.0,2,,no self-identifying statements found
Beltner,unknown,,0.0,1,,no self-identifying statements found
Benedoc,former_individual,student,0.8,4,vor 4 Jahren meinen ITET Master abgeschlossen,"The user mentions having completed a Master's degree 4 years ago, indicating a former affiliation. Since no current affiliation is mentioned, and the degree is not explicitly tied to ETH Zurich, the classification is 'former_individual/student' with moderate confidence."
Beneficial_Repeat773,external_individual,student,0.8,14,BSc Software Systems at University of Zürich,"The user explicitly mentions studying at the University of Zürich, which is a non-ETH institution, and there is no mention of a current or upcoming ETH affiliation."
BergUndChocoCH,external_individual,student,1.0,4,I'm at HSG,"The user explicitly states they are at HSG, a non-ETH institution, with no mention of a current or upcoming ETH affiliation."
Best_Celebration9790,unknown,,0.0,1,,no self-identifying statements found
BetaKa,unknown,,0.0,1,,no self-identifying statements found
Bettgsteu,unknown,,0.0,1,,no self-identifying statements found
Bierculles,unknown,,0.0,1,,no self-identifying statements found
BigDogHenry,unknown,,0.0,3,,no self-identifying statements found
BigMaraIppo,unknown,,0.0,1,,no self-identifying statements found
Big_Position2697,unknown,,0.0,3,,no self-identifying statements found
BiggussssDickussssss,unknown,,0.0,1,,no self-identifying statements found
BinaryBulwark,external_individual,student,0.8,2,BSCS 2nd year student from Pakistan,The user explicitly identifies as a student but does not mention ETH Zurich. The statement implies affiliation with a non-ETH institution (BSCS likely refers to a degree program at a different university).
BioTechSweeper,unknown,,0.0,1,,no self-identifying statements found
Bio_silly,unknown,,0.0,1,,no self-identifying statements found
BiscottiGreat6698,decentral_individual,student,0.8,1,I study electrical and electronic engineering.,"The statement mentions studying without naming a specific university. According to the rules, if a user mentions studying without naming a specific other university, ETH Zurich is assumed as the home institution."
Bitter-Invite7175,unknown,,0.0,11,,no self-identifying statements found
BitterSweetLemonCake,unknown,,0.0,1,,no self-identifying statements found
Bitter_Care1887,unknown,,0.0,16,,no self-identifying statements found
Bitter_Clue2400,unknown,,0.0,1,,no self-identifying statements found
BjornVandenOuvren,external_individual,other,0.5,2,"been threre, done that (as a stundent and supervisor)","The statement mentions being a student and supervisor but does not explicitly name a university. However, the use of 'threre' (likely a typo for 'there') and the lack of any explicit mention of ETH Zurich or another institution suggests the user is referring to a past affiliation without clear current or specific institutional ties. This leads to the classification of 'external_individual/other' with moderate confidence."
BlackCH,unknown,,0.0,12,,no self-identifying statements found
Blagger7Z0,unknown,,0.0,1,,no self-identifying statements found
BleakShawarma,unknown,,0.0,9,,no self-identifying statements found
Blobfisch11,unknown,,0.0,9,,no self-identifying statements found
BloodIsRedDidYouKnow,external_individual,student,0.8,4,currently pursuing a bachelors at UZH,"The user explicitly states they are currently enrolled at UZH (University of Zurich), which is a non-ETH institution. No current or upcoming ETH affiliation is mentioned."
Bloxx12,unknown,,0.0,1,,no self-identifying statements found
BlueMinion205,unknown,,0.0,1,,no self-identifying statements found
BluebirdNo4405,unknown,,0.0,1,,no self-identifying statements found
BluebirdUnfair9030,unknown,,0.0,2,,no self-identifying statements found
BoSutherland,unknown,,0.0,1,,no self-identifying statements found
BobbyBryson,unknown,,0.0,4,,no self-identifying statements found
Bolognese_is_best,unknown,,0.0,1,,no self-identifying statements found
Bongo_2020,unknown,,0.0,2,,no self-identifying statements found
Boosted_Arrow,unknown,,0.0,6,,no self-identifying statements found
Born-Conflict6051,former_individual,student,0.8,2,I did Health Science and Tech at ETH,"The user explicitly mentions having studied at ETH Zurich, indicating a former student affiliation."
Bottom-CH,unknown,,0.0,24,,no self-identifying statements found
Bottoml1ne,unknown,,0.0,1,,no self-identifying statements found
BouncyPomPom,unknown,,0.0,2,,no self-identifying statements found
Bouxxi,unknown,,0.0,1,,no self-identifying statements found
BozidarIvan,unknown,,0.0,7,,no self-identifying statements found
BrachiumX,unknown,,0.0,4,,no self-identifying statements found
Brattley,unknown,,0.0,3,,no self-identifying statements found
Brave-Variation-1397,unknown,,0.0,2,,no self-identifying statements found
Brief_Valuable4482,unknown,,0.0,1,,no self-identifying statements found
Brilliant-Job-3784,unknown,,0.0,1,,no self-identifying statements found
Brilliant-Word2927,unknown,,0.0,2,,no self-identifying statements found
Brilliant_Charge_608,unknown,,0.0,5,,no self-identifying statements found
BrocolliCCR5,unknown,,0.0,15,,no self-identifying statements found
BuenzliBuex,unknown,,0.0,1,,no self-identifying statements found
BullfrogLeft5403,unknown,,0.0,1,,no self-identifying statements found
BusSuch2471,unknown,,0.0,1,,no self-identifying statements found
Business_Stress_3306,unknown,,0.0,1,,no self-identifying statements found
Busy-Belt-992,unknown,,0.0,1,,no self-identifying statements found
CDawn1337,external_individual,student,0.8,2,MSc Applied Physics από Σεπτέμβρη εγώ,"The statement mentions studying an MSc in Applied Physics starting in September, but no specific university is named. However, the use of Greek characters and the structure of the statement suggest it is not ETH Zurich. Since the user does not explicitly mention ETH Zurich and the affiliation is not clearly identified as ETH, the default assumption is external_individual."
CHONO2-CH2ONO2-2,unknown,,0.0,1,,no self-identifying statements found
C_Brick_yt,unknown,,0.0,3,,no self-identifying statements found
C_L42,unknown,,0.0,1,,no self-identifying statements found
Callisto778,unknown,,0.0,1,,no self-identifying statements found
Calm_Dust_1007,former_individual,student,0.5,3,"graduated, did this master before it got the fancy title","The user mentions graduating and completing a master's program, indicating a past affiliation with a university. However, no specific institution is named, and the statements are vague about the current status. This aligns with 'former_individual/student' as the user is no longer affiliated with any institution in the present."
Campinggoat,decentral_individual,student,0.9,1,I did the ICE bachelor and got in without any additional course requirements.,"The user mentions being accepted into a program (ICE bachelor) at ETH Zurich, which is the home institution. The statement indicates a current or recent enrollment, aligning with 'decentral_individual/student'."
CannibalDan,unknown,,0.0,2,,no self-identifying statements found
Capital-Park-2700,unknown,,0.0,1,I had 2 papers out before starting,downgraded: external_individual confidence 0.20 below threshold
CaptainLoggy,unknown,,0.0,1,,no self-identifying statements found
CaptchasSuckAss,unknown,,0.0,2,,no self-identifying statements found
Capybarapolo,unknown,,0.0,1,,no self-identifying statements found
CarefulInterview8101,unknown,,0.0,2,,no self-identifying statements found
Careful_Head_5076,unknown,,0.0,1,,no self-identifying statements found
Careless_Career_8467,decentral_individual,student,0.8,22,Next semester I am going to start my bachelor's degree in biochemistry,"The user mentions starting a bachelor's degree next semester but does not name a specific university. According to the rules, if a user mentions studying without naming a specific other university, ETH Zurich is assumed as the home institution."
Cashoo-Doodew,unknown,,0.0,2,,no self-identifying statements found
Cattleya123,unknown,,0.0,1,,no self-identifying statements found
CauliflowerNormal989,unknown,,0.0,1,,no self-identifying statements found
Cautious_Storage_348,unknown,,0.0,2,,no self-identifying statements found
Celopeelo_nut,unknown,,0.0,1,,no self-identifying statements found
CementoArmato,unknown,,0.0,1,,no self-identifying statements found
Certain-Operation347,external_individual,other,0.5,6,I got a job in the US straight out of my Masters,"The user mentions having a Masters degree but does not explicitly name a university. However, they mention working in the US, which implies a non-ETH affiliation. Since no ETH connection is mentioned, and the user is not explicitly affiliated with ETH, the classification is external_individual/other with moderate confidence."
Ch3sm0829,unknown,,0.0,1,,no self-identifying statements found
Chadington1234,unknown,,0.0,3,,no self-identifying statements found
ChaonesJ,unknown,,0.0,2,,no self-identifying statements found
Character-Ant-2919,unknown,,0.0,1,,no self-identifying statements found
Character-Wedding-56,unknown,,0.0,5,,no self-identifying statements found
Character_Fail826,unknown,,0.0,1,,no self-identifying statements found
CharlyNuggy,external_individual,student,0.9,1,gratuated at EPFL,"The user explicitly mentions graduating from EPFL, a non-ETH institution, and does not indicate any current or upcoming affiliation with ETH Zurich."
Che_Buoni_I_Biscotti,unknown,,0.0,2,,no self-identifying statements found
Cheap-Cheek8801,decentral_individual,student,0.8,1,I took one before the start of my first semester,"The statement implies the user is currently enrolled at a university (referencing their first semester), and since no other institution is named, ETH Zurich is assumed as the home institution."
Cheap_Claim7165,unknown,,0.0,2,,no self-identifying statements found
Chemboi69,unknown,,0.0,3,,no self-identifying statements found
Chemical-Baseball-24,unknown,,0.0,6,,no self-identifying statements found
Chemical_Rebby17,unknown,,0.0,3,,no self-identifying statements found
Chess_Mathematician,decentral_individual,student,1.0,1,I am a first year CS student at ETH.,"The user explicitly states they are a first-year student at ETH Zurich, which is the home institution. This matches rule B of the decision tree, indicating a current ETH affiliation."
ChevalBlanc1947,external_individual,student,0.6,1,studying finance and math at a top 20 US university,The user explicitly mentions studying at a non-ETH institution (a top 20 US university) without naming ETH Zurich or any other specific Swiss institution. This satisfies the criteria for external_individual/student.
ChewieShot,unknown,,0.0,3,,no self-identifying statements found
Chinglaner,decentral_individual,student,0.8,11,did my masters here,"The user mentions doing their master's at ETH, which indicates a current or recent affiliation with ETH Zurich. The mention of a prior degree at TUM does not override the current affiliation at ETH."
Chiron_The_Archer,unknown,,0.0,1,,no self-identifying statements found
Chizuru32,unknown,,0.0,1,,no self-identifying statements found
Chocoweetabix,unknown,,0.0,1,,no self-identifying statements found
ChopSueyYumm,unknown,,0.0,1,,no self-identifying statements found
ChouChou6300,unknown,,0.0,2,,no self-identifying statements found
Chris_P_Nuts_,decentral_individual,student,1.0,1,Opted to go for the MSc ETH mathematics,"The user explicitly mentions being enrolled in an MSc program at ETH Zurich, indicating a current affiliation with ETH Zurich."
Chrisstar56,unknown,,0.0,1,,no self-identifying statements found
Christiandus,unknown,,0.0,3,,no self-identifying statements found
Ciiceeroo,unknown,,0.0,2,,no self-identifying statements found
CineLP,unknown,,0.0,1,,no self-identifying statements found
CircleTool,decentral_individual,student,0.9,6,"I am a physics student, yes I am in my second semester","The user mentions being a student in their second semester without naming a specific university. According to the rules, if a statement mentions studying without naming a specific other university, assume ETH Zurich."
Cistude,unknown,,0.0,1,,no self-identifying statements found
Classic-Abies4861,unknown,,0.0,1,,no self-identifying statements found
ClassicMurderer,unknown,,0.0,1,,no self-identifying statements found
Classic_Indication10,decentral_individual,applicant,0.8,1,planning to apply for bachelors in cs in ETH,"The user explicitly mentions planning to apply to ETH for a bachelor's degree, which indicates a current application status without confirmed acceptance."
Clean-Egg1905,external_individual,,0.5,2,Michigan alum here going for the RSC program!,"The user explicitly identifies as a 'Michigan alum,' indicating a current or past affiliation with the University of Michigan, which is a non-ETH institution. There is no mention of ETH Zurich in the statement."
ClemensCle,unknown,,0.0,3,,no self-identifying statements found
Cloudy-weather,unknown,,0.0,1,,no self-identifying statements found
Coco_JuTo,unknown,,0.0,1,,no self-identifying statements found
Colorpalette696,unknown,,0.0,1,,no self-identifying statements found
Colour_me_shocked_99,decentral_individual,student,1.0,3,"recently got admitted to Msc Management, Technology and Economics at ETH Zurich","The user explicitly mentions being admitted to an ETH Zurich program, which takes precedence over any other information."
Colourful-Fish,unknown,,0.0,1,,no self-identifying statements found
CombinationFeisty699,unknown,,0.0,7,,no self-identifying statements found
ComfortableAd6213,unknown,,0.0,1,,no self-identifying statements found
Comfortable_Bear8998,former_individual,student,0.8,3,I graduated from ETH MSc CS,"The user explicitly mentions graduating from ETH, indicating a former affiliation as a student."
Comfortable_Turn3162,unknown,,0.0,5,,no self-identifying statements found
Commercial-Claim3290,unknown,,0.0,1,,no self-identifying statements found
Competitive-Dot-3333,unknown,,0.0,1,,no self-identifying statements found
CompleteCountry6,unknown,,0.0,1,,no self-identifying statements found
ComplexWelcome2761,unknown,,0.2,2,Source: Me.,"The statement 'Source: Me.' provides no explicit or implicit information about the user's university affiliation. It is too vague and lacks any reference to a university, role, or study program."
CompoteMysterious822,unknown,,0.0,5,,no self-identifying statements found
CompoteSalty3830,unknown,,0.0,1,,no self-identifying statements found
Comprehensive-Chard9,unknown,,0.0,4,,no self-identifying statements found
ComprehensiveWeb6066,unknown,,0.0,38,,no self-identifying statements found
Confident_Catch_8641,unknown,,0.2,2,No university affiliation mentioned,The statements do not provide any information about the user's university affiliation or role at an institution.
Confident_Glove_7189,unknown,,0.0,3,,no self-identifying statements found
ConfusedEarthDweller,decentral_individual,student,0.8,4,msc,"The user mentions being a 'non-eu student who moved here for my msc last september', which indicates they are currently enrolled in a master's program at ETH Zurich (as per the subreddit default rule). No other university is explicitly named, and the mention of 'msc' aligns with ETH Zurich's master's programs."
Conoodler,unknown,,0.0,2,,no self-identifying statements found
ConsciousFollowing54,unknown,,0.0,9,,no self-identifying statements found
Conscious_Party9019,unknown,,0.0,6,,no self-identifying statements found
Consistent-Welcome43,unknown,,0.0,1,,no self-identifying statements found
ConsistentSpare7760,unknown,,0.0,1,,no self-identifying statements found
Consistent_Form_2460,unknown,,0.0,5,,no self-identifying statements found
Consistent_Pen7016,unknown,,0.0,1,,no self-identifying statements found
Constant_Medicine_85,unknown,,0.0,2,,no self-identifying statements found
Constant_Parsley_493,unknown,,0.0,2,,no self-identifying statements found
ContentOpportunity41,decentral_individual,student,1.0,5,moving this year from UCL in UK to ETH to do a master in physics,"The user explicitly mentions moving to ETH to do a master's, indicating a current or upcoming ETH affiliation. The mention of UCL is in the past and does not override the current ETH affiliation."
ConversationKey8665,unknown,,0.0,1,,no self-identifying statements found
Convolutioner,unknown,,0.0,1,,no self-identifying statements found
Cool-Newspaper-1,unknown,,0.0,3,,no self-identifying statements found
CoopPlayerLP,unknown,,0.0,1,,no self-identifying statements found
CorgiSecret,unknown,,0.0,3,,no self-identifying statements found
Correct_Map1057,unknown,,0.0,1,,no self-identifying statements found
CountGinko,unknown,,0.0,1,,no self-identifying statements found
CrashingBrain,external_individual,other,0.5,3,working as a security consultant in cryptography now,"The user is currently working as a security consultant in cryptography, but no university affiliation is explicitly mentioned. They refer to their past studies (CS master with focus in InfoSec) without naming a specific institution. Since the statement does not provide evidence of a current or past ETH affiliation, and no other university is named, the classification defaults to 'external_individual/other' with moderate confidence."
Creative-Road-5293,unknown,,0.0,2,,no self-identifying statements found
Creepy_Floor_1380,unknown,,0.0,1,,no self-identifying statements found
CrimeMastergogo_-,unknown,,0.0,6,,no self-identifying statements found
Cristian369369,unknown,,0.0,4,,no self-identifying statements found
Critical-Ostrich-884,unknown,,0.0,1,,no self-identifying statements found
CryptographerTop6264,unknown,,0.0,1,,no self-identifying statements found
CucumberMore7943,unknown,,0.0,1,,no self-identifying statements found
Cupcake-Full,unknown,,0.0,3,,no self-identifying statements found
Curious_Crafter1,unknown,,0.0,5,,no self-identifying statements found
Curious_Meat_9317,unknown,,0.0,4,,no self-identifying statements found
Curiousbot_777,unknown,,0.0,6,,no self-identifying statements found
Current_Rub_4992,unknown,,0.0,2,,no self-identifying statements found
Cursed1978,unknown,,0.0,1,,no self-identifying statements found
Cyber2rock,unknown,,0.0,1,,no self-identifying statements found
DDragonn70c,unknown,,0.0,5,,no self-identifying statements found
DVUZT,unknown,,0.0,3,,no self-identifying statements found
DaDf10,external_individual,student,1.0,1,I'm an incoming exchange student from EPFL,"The user explicitly identifies as an exchange student from EPFL, a non-ETH institution, with no mention of a current or upcoming ETH affiliation."
DaaneJeff,unknown,,0.2,14,I study CS,"The statement 'I study CS' does not explicitly name a university, and there is no clear indication of affiliation with ETH Zurich or any other institution. The second statement is unrelated to university affiliation."
DadaBnki,unknown,,0.0,1,,no self-identifying statements found
Dadaman3000,unknown,,0.0,5,,no self-identifying statements found
Dajinxed,decentral_individual,student,1.0,3,Ill be be doing my bachelor's here,"The statement explicitly mentions starting a bachelor's program at ETH Zurich, which is the default institution for r/ethz posts."
Daktus05,unknown,,0.0,21,,no self-identifying statements found
Dance_Choice,unknown,,0.0,3,,no self-identifying statements found
Dante_van_Heiko,unknown,,0.0,1,,no self-identifying statements found
Dark1000,unknown,,0.0,2,,no self-identifying statements found
DarkKnight0102,external_individual,other,0.5,5,"graduated Magna Cum Laude, experience as a Research Assistant in my lab","The user mentions graduating with honors and having research experience but does not explicitly name a university. However, the absence of any mention of ETH Zurich and the presence of past academic and professional roles imply an external affiliation."
DarkKnight_GMT1,unknown,,0.0,4,,no self-identifying statements found
DarkZoneNinja,decentral_individual,student,1.0,8,I am an EU citizen doing my Master’s at ETH,"The user explicitly states they are currently doing their Master’s at ETH Zurich, which is the home institution. No external university is mentioned, and the role is current."
Darkmight,unknown,,0.0,22,,no self-identifying statements found
Dartze695,unknown,,0.0,2,,no self-identifying statements found
Dashjack30,external_individual,student,0.5,1,I spent a semester during my bachelor's degree in Shanghai,"The statement mentions studying during a bachelor's degree but does not explicitly name a university. However, the mention of a semester in Shanghai implies a non-ETH affiliation, and the absence of any ETH-related information leads to classifying as external_individual/student with moderate confidence."
DaubDavs,unknown,,0.0,5,,no self-identifying statements found
Dazzling_Pie6938,decentral_individual,student,1.0,4,I was recently admitted to the MSc program at ETH.,"The user explicitly states they were admitted to an ETH program, indicating a current affiliation with ETH Zurich."
DcShelby9,unknown,,0.0,3,,no self-identifying statements found
Ddmaltr,unknown,,0.0,3,,no self-identifying statements found
DeaZebra,unknown,,0.0,1,,no self-identifying statements found
DeadManSitting,unknown,,0.0,12,,no self-identifying statements found
Dear_Bicycle_5741,unknown,,0.0,3,,no self-identifying statements found
Decent_Brain_542,unknown,,0.0,2,,no self-identifying statements found
DecisionTreeLeaf,decentral_individual,student,1.0,2,student graduating this autumn,"The user explicitly identifies as a student at ETH Zurich, as the default assumption applies when studying at ETH is implied without naming another institution."
Dede1751,decentral_individual,student,1.0,2,now at ETH,"The user explicitly states they are currently at ETH, which is the home institution. Prior mention of PoliMi BSc does not override the current affiliation."
Deet98,unknown,,0.0,52,,no self-identifying statements found
DeezeKnotz,unknown,,0.0,34,,no self-identifying statements found
Defending_Eagle,unknown,,0.0,1,,no self-identifying statements found
Defiant-Dare1223,unknown,,0.0,1,,no self-identifying statements found
Defiant_Gap5862,unknown,,0.0,1,,no self-identifying statements found
Delicious-Dot8458,unknown,,0.0,1,,no self-identifying statements found
Delicious_Ad7123,unknown,,0.0,1,,no self-identifying statements found
Delicious_Mention234,unknown,,0.0,4,,no self-identifying statements found
DeliriousCakeGobbler,unknown,,0.0,1,,no self-identifying statements found
Dependent_Writing_30,unknown,,0.0,12,,no self-identifying statements found
DepressedGuy89,external_individual,student,0.8,1,I am a first year CS undergraduate,"The user is currently a first-year undergraduate student at an unspecified institution (not ETH Zurich), as they are expressing intent to pursue a Master's at ETH Zurich in the future. Since they are not currently affiliated with ETH Zurich, they are classified as external_individual/student."
Der_Lachsliebhaber,unknown,,0.0,11,,no self-identifying statements found
Designer-Access-4471,unknown,,0.0,4,,no self-identifying statements found
Designer-Ad441,decentral_individual,student,1.0,2,I am in ETH mscs,"The user explicitly states they are in an ETH master's program, indicating a current affiliation with ETH Zurich."
Designer-Freedom-922,unknown,,0.0,1,,no self-identifying statements found
Designer-Tea2092,unknown,,0.0,1,,no self-identifying statements found
Desperate-Mistake611,unknown,,0.0,1,,no self-identifying statements found
DesperateCake826,unknown,,0.0,5,,no self-identifying statements found
Detachment1779,unknown,,0.0,3,,no self-identifying statements found
Didiermaoer,unknown,,0.0,1,,no self-identifying statements found
Die_2,unknown,,0.0,1,,no self-identifying statements found
Different-Chef-7359,unknown,,0.0,1,,no self-identifying statements found
DifferentFroyo1872,external_individual,student,0.5,1,I have a master from Mavt as well,"The statement mentions a master's degree from 'Mavt,' which is not ETH Zurich. Since the user is referring to a completed degree and no current ETH affiliation is mentioned, they are classified as an external_individual/student."
DifficultMouse8428,unknown,,0.0,1,,no self-identifying statements found
Difficult_Bridge_864,unknown,,0.0,12,,no self-identifying statements found
DiligentAd655,unknown,,0.0,1,,no self-identifying statements found
Direct-Jackfruit-958,unknown,,0.0,1,,no self-identifying statements found
DirectionOther224,external_individual,student,0.8,2,I'm a TUM master graduate in Engineering,"The user explicitly names TUM (Technische Universität München) as their current or past affiliation, with no mention of ETH Zurich or any current ETH connection. This satisfies the criteria for external_individual."
DisasterExisting8141,unknown,,0.0,1,,no self-identifying statements found
DiscountOk830,unknown,,0.0,4,,no self-identifying statements found
DocKla,unknown,,0.0,5,,no self-identifying statements found
Dolores_Bush,unknown,,0.0,1,,no self-identifying statements found
Donthaveaphd,unknown,,0.0,1,,no self-identifying statements found
DooM_SpooN,unknown,,0.0,1,,no self-identifying statements found
DoomedweArenow,unknown,,0.0,1,,no self-identifying statements found
DoritoKingpin69,unknown,,0.0,1,,no self-identifying statements found
DotNetEvangeliser,unknown,,0.0,2,,no self-identifying statements found
Double-Outside-4763,unknown,,0.0,9,,no self-identifying statements found
Double_Employer_1301,unknown,,0.0,2,,no self-identifying statements found
Double_Sun2924,unknown,,0.0,13,,no self-identifying statements found
Downtown_Ear7915,unknown,,0.0,1,,no self-identifying statements found
DrOeuf,unknown,,0.0,1,,no self-identifying statements found
Dramatic_Analysis417,unknown,,0.0,1,,no self-identifying statements found
DreamingLab,unknown,,0.2,1,No explicit or implicit mention of university affiliation,"The statements refer to general experiences with time tables and course completion rates, but do not mention any university affiliation or role."
Drio420,decentral_individual,student,1.0,1,I‘m starting my Bsc this fall,"The user explicitly mentions starting a BSc, which aligns with being a student at ETH Zurich as per the subreddit default rule."
Drunken_Sheep_69,external_individual,student,0.5,2,In my experience from almost completing my CS bachelors,"The statement indicates the user is a student, but does not explicitly name a university. However, since the user is not explicitly stating an affiliation with ETH Zurich, and the default rule applies (no specific non-ETH university is named, but the user is not at ETH), the classification defaults to external_individual/student with moderate confidence."
Druunas,unknown,,0.0,1,,no self-identifying statements found
Dry-Entertainment380,unknown,,0.0,2,,no self-identifying statements found
Dry_Rabbit_1123,unknown,,0.0,2,,no self-identifying statements found
Dry_Tumbleweed7177,unknown,,0.0,1,,no self-identifying statements found
Due-Cardiologist-802,unknown,,0.0,1,,no self-identifying statements found
Due_Astronomer_604,external_individual,other,0.8,1,Coming from ETH I went to ZHAW; I returned to ZHAW as a teacher myself,The user explicitly mentions ZHAW as their current or past role (teacher) without any indication of a current or upcoming ETH affiliation. The mention of ETH is in the past ('Coming from ETH') and does not override the current affiliation with ZHAW.
Due_Parsnip2466,unknown,,0.0,2,,no self-identifying statements found
Dulduls,unknown,,0.0,1,,no self-identifying statements found
DummeStudentin,unknown,,0.0,1,,no self-identifying statements found
DyingFish3000,unknown,,0.0,1,,no self-identifying statements found
E715A,unknown,,0.0,3,,no self-identifying statements found
ETHEPFLchallenge,unknown,,0.0,1,,no self-identifying statements found
ETHsurvivor,unknown,,0.0,2,,no self-identifying statements found
ET_ON_EARTH,unknown,,0.0,3,,no self-identifying statements found
EarDue438,external_individual,student,1.0,1,received an acceptance letter from Stanford’s University for MSc. in Mechanical Engineering,"The user explicitly mentions being accepted to a non-ETH institution (Stanford) for a current degree program, which qualifies as an external_individual/student."
Early_Emu_5798,unknown,,0.0,1,,no self-identifying statements found
EaseOdd5533,unknown,,0.0,1,,no self-identifying statements found
East-Celebration-826,unknown,,0.0,1,,no self-identifying statements found
East-Preference164,external_individual,other,0.8,1,"BTech Electrical Engineering from IIT Roorkee, India","The user explicitly mentions a non-ETH institution (IIT Roorkee) as their current or past role, with no indication of a current or upcoming ETH affiliation."
EastRom67,unknown,,0.0,6,,no self-identifying statements found
East_Earth_920,former_individual,student,0.8,3,finished ETH bachelors and masters,"The user explicitly mentions having completed their bachelor's and master's degrees at ETH, indicating a former affiliation as a student."
East_Leg1474,unknown,,0.0,2,,no self-identifying statements found
East_Yesterday_2313,decentral_individual,student,1.0,1,I have just been accepted as an bachlor student at ETH Cs program,"The user explicitly states they have been accepted to ETH Zurich's bachelor program, which takes precedence over the mention of a standing offer from SSE, Stockholm School of Economics."
Eastern-Rip2821,unknown,,0.0,1,,no self-identifying statements found
Easy-Echidna-7497,unknown,,0.0,1,,no self-identifying statements found
Easy_Ad_5917,unknown,,0.0,1,,no self-identifying statements found
Educational-Bad-5029,unknown,,0.0,10,,no self-identifying statements found
Effective-Argument-7,unknown,,0.0,1,,no self-identifying statements found
EffectiveCupcake5971,external_individual,student,0.8,9,currently in the final year of my Bachelor's degree,"The user explicitly states they are a student in their final year of a Bachelor's degree but does not mention ETH Zurich. No ETH affiliation is visible, and the statement does not indicate any current or upcoming ETH connection."
EffectivelyToasted,external_individual,student,1.0,3,I'm a second year physics student studying at University of Melbourne in Australia.,The user explicitly names a non-ETH institution (University of Melbourne) as their current role with no mention of a current or upcoming ETH connection.
Efficient-Day-9662,unknown,,0.0,5,,no self-identifying statements found
Efficient-Song-7978,unknown,,0.0,1,,no self-identifying statements found
Egg-Livid,unknown,,0.0,1,,no self-identifying statements found
Eisenfuss19,unknown,,0.0,5,,no self-identifying statements found
Electrical-Ear5319,decentral_individual,applicant,0.8,2,I've recently been accepted to this MSc program.,"The user mentions being 'recently accepted to this MSc program,' which indicates a current or upcoming ETH affiliation. Since no other university is explicitly named, and the default rule applies (no external institution mentioned), the affiliation is assumed to be ETH Zurich. The subtype 'applicant' is used because the user has been accepted but may not yet be enrolled."
Electrical_Cicada_,unknown,,0.0,2,,no self-identifying statements found
Electrical_Lecture87,decentral_individual,student,1.0,3,Next semester I will be doing my bachelor thesis and finishing up some P&S credits and I plan on being done with my bachelors by December.,"The statement indicates the user is currently enrolled in a bachelor's program and will be completing their thesis and credits in the next semester. Since no other university is explicitly named and the context is aligned with ETH Zurich's default assumption (studying without naming a specific other university), the affiliation is assumed to be ETH Zurich."
Electronic_Special48,unknown,,0.0,1,,no self-identifying statements found
Electronic_Tea_914,unknown,,0.0,10,,no self-identifying statements found
Elegant-Path-9235,unknown,,0.0,0,,no text content available
Elegant_Ad6405,unknown,,0.0,3,,no self-identifying statements found
Elephant_pumpkin,unknown,,0.0,33,,no self-identifying statements found
Eli_229,unknown,,0.0,1,,no self-identifying statements found
ElonMax303,unknown,,0.0,1,,no self-identifying statements found
Embarrassed_Gate5495,unknown,,0.0,2,,no self-identifying statements found
Embarrassed_Offer_46,unknown,,0.0,2,,no self-identifying statements found
EmeraldDream123,unknown,,0.0,1,,no self-identifying statements found
Emergency-Act8436,unknown,,0.0,8,,no self-identifying statements found
Emergency-Job4136,decentral_institutional,department_or_lab,0.9,6,D-Biol,"The user mentions finishing a postdoc in 'D-Biol', which refers to the Department of Biology at ETH Zurich. This indicates a current affiliation with a department/lab at ETH Zurich."
Emergency-Shower-205,decentral_individual,student,1.0,2,now I will finish my MSc in CS at ETH that semester,"The user explicitly states they are currently finishing their MSc in CS at ETH Zurich, which confirms their current affiliation with ETH Zurich. The mention of a prior BSc at UZH does not override the current ETH affiliation."
EmergencyArtistic634,external_individual,student,0.5,3,I’m finishing a degree in another country,"The user explicitly mentions studying at a non-ETH institution (implied by 'another country') without naming ETH Zurich, and no current ETH affiliation is stated."
Emergency_Mail6848,decentral_individual,applicant,0.6,4,I'm trying to apply for the Master's in Data Science program,"The user is applying to a Master's program at ETH Zurich (implied by the context of the subreddit and the program name), and there is no explicit mention of a non-ETH institution as their current affiliation."
Emergency_Teacher_55,unknown,,0.0,1,,no self-identifying statements found
Emotional-Share4461,unknown,,0.0,1,,no self-identifying statements found
Emotional-Skirt7855,unknown,,0.0,2,,no self-identifying statements found
Emotional_Hotel6843,unknown,,0.0,2,,no self-identifying statements found
Emotional_Jello_2119,unknown,,0.0,20,,no self-identifying statements found
Emperror_of_Mankind,unknown,,0.0,4,,no self-identifying statements found
Empty-Suggestion-597,former_individual,student,0.5,3,I did my Master's in software and data from Switzerland,"The user mentions completing a Master's degree but does not explicitly name ETH Zurich or any other specific institution. The mention of 'from Switzerland' is vague and does not confirm the exact university. Since the degree is completed, it falls under 'former_individual/student' with moderate confidence due to the lack of explicit affiliation."
EncelBread,external_individual,student,0.5,1,currently studying a 2 year of a 4 years bachelor in bioinformatics,"The user is currently studying a bachelor's degree but does not explicitly name ETH Zurich or any other university. However, since they are studying a bachelor's and no ETH affiliation is mentioned, the default assumption is that they are affiliated with a non-ETH institution."
Endivi,unknown,,0.0,1,,no self-identifying statements found
EngineeringFlop,unknown,,0.0,4,,no self-identifying statements found
Enj0yth3silence,unknown,,0.0,1,,no self-identifying statements found
Entire_Bill1804,unknown,,0.0,1,,no self-identifying statements found
Entire_Classroom_920,decentral_individual,student,1.0,3,I was just admitted to ETHz and will begin my study in 24 fall,"The user explicitly states they were admitted to ETH Zurich and will begin their studies, indicating a current and upcoming ETH affiliation."
EntropicalIsland,unknown,,0.0,1,,no self-identifying statements found
Epic_Diss,unknown,,0.0,1,,no self-identifying statements found
Equal_Problem_2749,unknown,,0.0,19,,no self-identifying statements found
Equivalent-Ad5185,unknown,,0.0,1,,no self-identifying statements found
Equivalent_Low_8350,unknown,,0.0,1,,no self-identifying statements found
Ericdergrosse,unknown,,0.0,1,,no self-identifying statements found
Eucheria,unknown,,0.0,1,,no self-identifying statements found
Eulercurie,unknown,,0.0,1,,no self-identifying statements found
Eve_Z_,unknown,,0.0,4,,no self-identifying statements found
Even-Cod8017,external_individual,other,0.5,7,"mentions LMU and ETH in a comparative context, but does not explicitly state current affiliation with either","The statement compares LMU and ETH but does not explicitly state a current affiliation with any institution. The mention of ETH is in a contextual, non-affirmative way, and no current role is stated."
Evening_South_5784,unknown,,0.0,2,,no self-identifying statements found
Every-Literature-351,unknown,,0.0,2,,no self-identifying statements found
Evoo4820,unknown,,0.0,3,,no self-identifying statements found
EwoksAreAwesome,unknown,,0.0,1,,no self-identifying statements found
ExaBast,unknown,,0.0,3,,no self-identifying statements found
ExamPrep_Switzerland,unknown,,0.0,11,,no self-identifying statements found
ExcaliburWontBudge,unknown,,0.0,9,,no self-identifying statements found
Excellent_Avocado485,unknown,,0.0,2,,no self-identifying statements found
Excellent_Coconut_81,unknown,,0.0,2,,no self-identifying statements found
ExistingPass8801,decentral_individual,student,1.0,2,I am currently an MSc physics student at ETH,"The user explicitly states they are a current MSc physics student at ETH Zurich, which matches the criteria for 'decentral_individual/student'."
Exotic_Internet5969,unknown,,0.0,1,,no self-identifying statements found
Expat_zurich,unknown,,0.0,3,,no self-identifying statements found
Experimental_Work,unknown,,0.0,1,,no self-identifying statements found
ExpertPlayful9604,decentral_individual,student,1.0,2,"I'm studying Mathematics in 1st semester and am in the middle of doing Basisprüfungsblock 1 (Informatics, Analysis I, Physics I)","The statement explicitly mentions being in the first semester of studying Mathematics and participating in Basisprüfungsblock 1, which is a known part of the ETH Zurich curriculum. No other university is named, and the context strongly implies ETH Zurich affiliation."
Express_Outside4580,unknown,,0.0,2,,no self-identifying statements found
Extension-Ad-4822,unknown,,0.0,1,,no self-identifying statements found
Extra-Strike-264,unknown,,0.0,1,,no self-identifying statements found
Extreme-Ad2408,unknown,,0.0,1,,no self-identifying statements found
Exumax,decentral_individual,student,1.0,3,ETH architecture master student here.,"The user explicitly states they are a current master's student at ETH Zurich, which is the home institution. This matches rule B of the decision tree, indicating a current ETH affiliation."
EyedBread,decentral_individual,student,1.0,6,doing a Masters in Computer Science / Machine Learning that is going to do 1 exchange semester here in ETH during the autumn,"The user is currently a 4th-year student at an unspecified institution but will be doing an exchange semester at ETH Zurich. Since the user is currently enrolled at another institution, they are classified as external_individual. However, the instruction specifies that ETH Zurich is the HOME institution and not external. Therefore, the user is classified as decentral_individual/student based on their upcoming ETH affiliation."
EyeofEnder,unknown,,0.0,1,,no self-identifying statements found
F-_-_-_-_-_-_-_-_-_-,unknown,,0.0,1,,no self-identifying statements found
F3367,decentral_individual,student,1.0,5,I’m currently starting my second semester at ETH; Just got at ETH this year into that same master,"The user explicitly mentions being currently enrolled at ETH Zurich (""starting my second semester at ETH"" and ""got at ETH this year""). This confirms a current affiliation with ETH, which takes precedence over any potential prior or external institutions."
Fa_well,unknown,,0.0,1,,no self-identifying statements found
Fabi8086,unknown,,0.0,6,,no self-identifying statements found
Fabian_B_CH,unknown,,0.0,1,,no self-identifying statements found
Fabulous_Ad_5709,unknown,,0.0,8,,no self-identifying statements found
FailerOnBoard,decentral_individual,student,1.0,4,I'm currently in my third year of Bsc Arch,"The user is explicitly stating they are currently studying, and no other university is mentioned. According to the rules, if a statement mentions studying without naming a specific other university, assume ETH Zurich."
Fair-Cod7669,unknown,,0.0,1,,no self-identifying statements found
FairFig5622,unknown,,0.0,1,,no self-identifying statements found
Fair_Rhubarb3249,unknown,,0.0,1,,no self-identifying statements found
Fallap90,external_individual,student,0.8,4,studied at UZH in 2021,"The user explicitly mentions studying at UZH (University of Zurich), a non-ETH institution, and does not indicate any current or upcoming affiliation with ETH Zurich."
Familiar_Cupcake_750,unknown,,0.0,1,,no self-identifying statements found
FamousDeer4131,unknown,,0.0,1,,no self-identifying statements found
FanaticalExplorer,unknown,,0.0,1,,no self-identifying statements found
FancyDimension2599,unknown,,0.0,5,,no self-identifying statements found
Fantastic-Pie6179,unknown,,0.0,1,,no self-identifying statements found
Far-Vermicelli1995,unknown,,0.0,1,,no self-identifying statements found
FederalBrick,unknown,,0.0,9,,no self-identifying statements found
Feeling_Passenger815,unknown,,0.2,2,I have studied in Zurich for two years. I am from China.,The statement mentions studying in Zurich but does not explicitly name ETH Zurich or any other university. 'From China' is unrelated to university affiliation. No clear evidence of current or past university affiliation is provided.
Feisty_Anywhere4422,decentral_individual,student,1.0,6,I got accepted to MSc Electrical Engineering at ETH Zurich,"The user explicitly states they have been accepted to an ETH Zurich program, which takes precedence over any other information."
Fernando_III,unknown,,0.0,13,,no self-identifying statements found
Feuermurmel,unknown,,0.0,1,,no self-identifying statements found
Few_Rope611,unknown,,0.0,14,,no self-identifying statements found
Fickbar_M,unknown,,0.0,1,,no self-identifying statements found
FickleAssistant7095,unknown,,0.0,4,,no self-identifying statements found
Fickle_Knee_106,former_individual,student,0.8,48,I have a CS master degree from here,"The user mentions having a master's degree from 'here,' which refers to ETH Zurich in the context of the subreddit r/ethz. This indicates a former affiliation as a student."
Fierce_Coffee,unknown,,0.0,2,,no self-identifying statements found
Final-Fisherman-7648,unknown,,0.0,1,,no self-identifying statements found
FinanceAltTrow,decentral_individual,student,1.0,15,in september I'll start my masters at ETH/UZH,"The user explicitly states they will start their master's at ETH, which is the home institution. The mention of UZH does not override the ETH affiliation, as the user is starting at ETH."
Financial-Drummer825,unknown,,0.0,1,,no self-identifying statements found
Financial-Read5053,unknown,,0.0,1,,no self-identifying statements found
FinancialPossible240,decentral_individual,student,1.0,1,I'm close to finishing my D-ITET bachelors,"The statement explicitly mentions completing a bachelor's degree at ETH Zurich (D-ITET is a department at ETH Zurich), indicating a current student affiliation with ETH."
Financial_News_6400,external_individual,student,1.0,19,I am studying engineering at Oxford University.,"The user explicitly names a non-ETH institution (Oxford University) as their current role, with no mention of a current or upcoming ETH connection."
Fine-Resident-8157,unknown,,0.0,1,,no self-identifying statements found
Fine_Carry_5348,decentral_individual,student,1.0,3,I got into ETH in 2021 ... now a 6-th semester ... student at D-MAVT,The user explicitly states they are currently a student at ETH Zurich (D-MAVT is a department at ETH Zurich). The mention of being in their 6th semester confirms they are currently enrolled.
Firm-Programmer-5627,external_individual,other,0.5,1,I did an internship at eth in biology,"The user mentions an internship at ETH Zurich but does not state that they are currently affiliated with ETH. The statement does not indicate any current role or study at ETH, and the user's affiliation is not explicitly named. The internship is in the past, and no current university is mentioned, leading to 'external_individual/other' with moderate confidence."
Firm_Ad_330,unknown,,0.0,1,,no self-identifying statements found
Fit-Conclusion-7579,unknown,,0.0,1,,no self-identifying statements found
Fit-Philosophy-2261,unknown,,0.0,4,,no self-identifying statements found
Fit_Entrepreneur_669,unknown,,0.0,2,,no self-identifying statements found
Flashy-Weird8715,decentral_individual,applicant,0.7,8,I’ve applied for MSc Computer Science,"The user explicitly states they have applied for an MSc in Computer Science, which aligns with ETH Zurich's program. Since they have applied but have not confirmed acceptance, they are classified as an applicant under decentral_individual."
Flashy_Help_7356,unknown,,0.0,1,,no self-identifying statements found
Flat_Fix9873,unknown,,0.0,3,,no self-identifying statements found
FlimsyCockroach3,unknown,,0.0,1,,no self-identifying statements found
Flimsy_Woodpecker_28,unknown,,0.0,12,,no self-identifying statements found
Flo03DT,unknown,,0.0,1,,no self-identifying statements found
Floedebollebolle,decentral_individual,student,0.9,6,Doing my MSc CS first semester,"The user explicitly mentions being in their first semester of an MSc CS program, which aligns with being a current student at ETH Zurich based on the subreddit default rule."
FlounderNecessary729,unknown,,0.0,1,,no self-identifying statements found
FlounderOutrageous42,unknown,,0.0,1,,no self-identifying statements found
FlounderStill,unknown,,0.0,1,,no self-identifying statements found
Flualiengrind,unknown,,0.0,1,,no self-identifying statements found
Fly_GP,unknown,,0.0,1,,no self-identifying statements found
ForeignLoquat2346,unknown,,0.0,1,,no self-identifying statements found
Foreign_Ad9997,unknown,,0.0,1,,no self-identifying statements found
Foreign_Fun_1196,unknown,,0.0,7,,no self-identifying statements found
Fornitiedde,unknown,,0.0,1,,no self-identifying statements found
Forsaken_Bid927,unknown,,0.0,4,,no self-identifying statements found
Freezemoon,unknown,,0.0,2,,no self-identifying statements found
Freljord2,unknown,,0.0,2,,no self-identifying statements found
Frequent-Text-4967,unknown,,0.0,1,,no self-identifying statements found
FreshCandidate8108,unknown,,0.0,1,,no self-identifying statements found
FriedBrainCells2401,unknown,,0.0,1,,no self-identifying statements found
Friendly_Fox_6041,unknown,,0.2,1,I'm 17 years old and currently trying to figure out where to study.,"The statement does not provide any explicit or implicit evidence of a current or past university affiliation. The user is still in the process of deciding where to study, so no specific institution is mentioned."
FriendshipPitiful927,decentral_individual,student,1.0,1,I was accepted into the MSc Biology course recently,"The user explicitly states they were accepted into an ETH Zurich program (MSc Biology), which qualifies them as a decentral_individual/student under the classification rules."
Fritzbombur,external_individual,student,0.5,7,planning to study at the ethz,"The user mentions planning to study at ETH Zurich but does not confirm current enrollment or acceptance. Since they are currently in secondary school (Kantonsschule), they are not yet affiliated with ETH Zurich. No other institution is explicitly named, but the intent to study at ETH is clear, and the current role is not yet defined."
Front-Pollution-6673,unknown,,0.0,5,,no self-identifying statements found
Front_Problem_9847,unknown,,0.0,1,,no self-identifying statements found
Frosty-Wish-3558,unknown,,0.0,4,,no self-identifying statements found
Frozen_Yoghurt1204,unknown,,0.0,1,,no self-identifying statements found
Full-Piano6969,unknown,,0.0,1,,no self-identifying statements found
FullWing2690,unknown,,0.0,2,,no self-identifying statements found
Fulltime_Capitalist,unknown,,0.0,1,,no self-identifying statements found
Fun-Confection1862,unknown,,0.0,2,,no self-identifying statements found
Fun-Consequence-5844,unknown,,0.0,1,,no self-identifying statements found
Fun-News2258,unknown,,0.0,3,,no self-identifying statements found
FunRevolutionary8654,unknown,,0.0,14,,no self-identifying statements found
Fun_Abbreviations477,unknown,,0.0,1,,no self-identifying statements found
Fun_Ad_3206,unknown,,0.0,2,,no self-identifying statements found
Fun_Cranberry3479,unknown,,0.0,2,,no self-identifying statements found
Fun_Objective_7779,unknown,,0.0,141,,no self-identifying statements found
Fun_Preparation_1372,unknown,,0.0,2,,no self-identifying statements found
Function-Diligent,unknown,,0.0,1,,no self-identifying statements found
FunkySnail19,unknown,,0.0,1,,no self-identifying statements found
FutureAd6409,external_individual,phd,1.0,4,she’s a PhD student at Zurich University,"The user explicitly names a non-ETH institution (Zurich University) as their current role, which matches the criteria for external_individual."
Fuzzy_Box_9138,unknown,,0.0,6,,no self-identifying statements found
Fuzzy_Highlight5366,unknown,,0.0,1,,no self-identifying statements found
Fynnyx,unknown,,0.0,1,,no self-identifying statements found
Fyuryy,external_individual,student,1.0,2,I am a last year CS bachelor student at EPFL,"The user explicitly states they are a student at EPFL, a non-ETH institution, with no mention of a current or upcoming ETH affiliation."
GaboogAas,unknown,,0.0,17,,no self-identifying statements found
Gabroxs,unknown,,0.0,1,,no self-identifying statements found
GaimNoKazeK69,unknown,,0.0,18,,no self-identifying statements found
Galaktische_Gurke,unknown,,0.0,2,,no self-identifying statements found
GaoHAQ,unknown,,0.0,9,,no self-identifying statements found
GayBitchJuice,unknown,,0.0,1,,no self-identifying statements found
General-Account-,unknown,,0.0,2,,no self-identifying statements found
Genjo00,unknown,,0.0,1,,no self-identifying statements found
GeronimoMoles,unknown,,0.0,1,,no self-identifying statements found
Geschak,unknown,,0.0,1,,no self-identifying statements found
Get0rganiz3d,external_individual,student,1.0,1,I'm currently an undergraduate Architecture student at Pratt Institute in New York City,The user explicitly names a non-ETH institution (Pratt Institute) as their current role with no mention of ETH affiliation.
GetOutBasel,unknown,,0.0,2,,no self-identifying statements found
Get_that_A,unknown,,0.0,1,,no self-identifying statements found
Giggs1986,external_individual,student,0.8,1,I begun in EPFL and then changed to do the AEAI in Fribourg,"The user explicitly mentions studying at EPFL and Fribourg, which are non-ETH institutions. There is no mention of a current or upcoming ETH affiliation."
Gigo0078,unknown,,0.0,7,,no self-identifying statements found
Ginerbreadman,unknown,,0.0,3,,no self-identifying statements found
Girlygabenpepe,unknown,,0.0,1,,no self-identifying statements found
Glad-Neighborhood500,unknown,,0.0,5,,no self-identifying statements found
Glass_Passenger7552,external_individual,other,0.5,5,working in the software industry for the past 15 years,The user mentions working in the software industry for 15 years but does not explicitly name a university or indicate current enrollment in a degree program. There is no mention of ETH Zurich or any other university affiliation. The lack of explicit university affiliation leads to classification as 'external_individual/other' with moderate confidence.
Glass_Phoenix_0052,unknown,,0.0,1,,no self-identifying statements found
Glittering-Deer-2679,unknown,,0.0,16,,no self-identifying statements found
Glittering-Flow6875,external_individual,other,0.5,2,No mention of ETH Zurich; mentions being an international student from a tier 3 college and working at an AI startup.,"The user does not explicitly mention ETH Zurich or any other university affiliation. They describe themselves as an international student from a tier 3 college and mention working at an AI startup, which aligns with the 'other' subtype under external_individual."
GlitteringPhysics02,unknown,,0.0,3,,no self-identifying statements found
Global-String655,unknown,,0.0,4,,no self-identifying statements found
Glum-Gold4014,unknown,,0.0,1,,no self-identifying statements found
GoblinsGym,former_individual,student,0.8,2,went from Matura straight to ETH,"The user mentions attending ETH after Matura, indicating a past student role at ETH. No current affiliation or external institution is mentioned."
Godnivia,external_individual,student,0.8,5,deciding between ETHZ Data Science / Statistics and EPFL Statistics,"The user explicitly mentions EPFL as a current consideration for study, which is a non-ETH institution. Since they are deciding between options and have not confirmed an ETH affiliation, they are classified as external_individual/student."
Gokudomatic,unknown,,0.0,1,,no self-identifying statements found
Good_Winter7396,external_individual,student,0.8,2,"Currently, I'm studying Electronics and Telecommunications Engineering at NMIMS","The user explicitly states they are currently studying at NMIMS, a non-ETH institution, with no mention of a current or upcoming ETH affiliation."
Gorzoid,unknown,,0.0,2,,no self-identifying statements found
Great-Pollution688,unknown,,0.0,1,,no self-identifying statements found
Great_River_Bear,unknown,,0.0,1,,no self-identifying statements found
Grouchy-Friend4235,unknown,,0.0,3,,no self-identifying statements found
GrumpyKungFu,unknown,,0.0,2,,no self-identifying statements found
Guilty-Mirror628,unknown,,0.0,1,,no self-identifying statements found
GuiltyConsideration5,unknown,,0.0,1,,no self-identifying statements found
Gullible_Ocelot_6148,decentral_individual,student,1.0,17,Just received my admission to Data Science 1h ago.,"The user explicitly mentions receiving admission to a program, which indicates a current or upcoming ETH affiliation. Since ETH Zurich is the home institution and no other university is named, the classification is decentral_individual/student."
Gumphant,unknown,,0.0,1,,no self-identifying statements found
H123G123,unknown,,0.0,1,,no self-identifying statements found
HATECELL,unknown,,0.0,1,,no self-identifying statements found
Hamelama,unknown,,0.0,1,,no self-identifying statements found
HanniBunny007,unknown,,0.0,1,,no self-identifying statements found
Happy-Key-909,unknown,,0.0,1,,no self-identifying statements found
HappySquid25,decentral_individual,student,0.8,2,This is coming from a maths student,"The statement indicates the user is a current maths student. Since no specific non-ETH institution is named and the default rule applies (studying without naming a specific other university implies ETH Zurich), the affiliation is assumed to be ETH Zurich."
Happy_Ad_4345,external_individual,student,1.0,1,currently study electrical engineering at TU Munich,The user explicitly names a non-ETH institution (TU Munich) as their current role with no mention of a current or upcoming ETH connection.
Heavy_Show2580,unknown,,0.0,1,,no self-identifying statements found
Heizor,unknown,,0.0,1,,no self-identifying statements found
Helenke_Dame,unknown,,0.0,2,,no self-identifying statements found
HelicopterNo9453,unknown,,0.0,1,,no self-identifying statements found
Hello_PleaseAnswer,unknown,,0.0,2,,no self-identifying statements found
Helvetia2021,unknown,,0.0,10,,no self-identifying statements found
Helvetia_1,unknown,,0.0,1,,no self-identifying statements found
HerpaderpAldent,unknown,,0.0,1,,no self-identifying statements found
HeyImSwiss,decentral_individual,student,1.0,2,I'll start my studies at ETH next fall semester,"The user explicitly mentions starting studies at ETH Zurich in the upcoming fall semester, which indicates a current or upcoming ETH affiliation."
Hidemitsu26,unknown,,0.0,19,,no self-identifying statements found
HideousHades,unknown,,0.0,1,,no self-identifying statements found
HighfiveBeast,external_individual,student,1.0,1,I’m currently perusing Computer Engineering at RWTH Aachen,"The user explicitly names a non-ETH institution (RWTH Aachen) as their current role, with no mention of a current or upcoming ETH connection."
HilariousMonkeys,decentral_individual,student,1.0,2,I'm a third year undergrad in computer science,"The statement indicates the user is currently enrolled as an undergraduate student. Since no other university is explicitly named and the default rule applies (assuming ETH Zurich if studying without naming another institution), the affiliation is ETH Zurich."
Hippo_n_Elephant,decentral_individual,student,1.0,1,Got accepted into the computational biology & bioinformatics MSc!,"The user explicitly states they have been accepted into an ETH Zurich MSc program, which takes precedence over any prior or concurrent external institutions."
HomeGrownSilicone,unknown,,0.0,1,,no self-identifying statements found
Hopeful_Ad9591,unknown,,0.0,0,,no text content available
Horsepower_7,unknown,,0.0,8,,no self-identifying statements found
Hot-Leg-2434,unknown,,0.0,7,,no self-identifying statements found
Hot-Profile-1273,unknown,,0.0,1,,no self-identifying statements found
Hot_File9525,unknown,,0.0,7,,no self-identifying statements found
Hour_Direction9988,decentral_individual,student,1.0,15,I'm starting my MSc Integrated Building Systems (D-ARCH) from this Fall,"The user explicitly mentions starting an MSc program at ETH Zurich (D-ARCH refers to the Department of Architecture at ETH Zurich), indicating a current and upcoming ETH affiliation."
HrGSch,unknown,,0.0,3,,no self-identifying statements found
Humble_Love2736,unknown,,0.0,1,,no self-identifying statements found
Humbletr33s,unknown,,0.0,2,,no self-identifying statements found
Hungry-Finding2360,unknown,,0.0,31,,no self-identifying statements found
Hzlqrtz,external_individual,student,1.0,13,I am a foreign student and I started my architecture bachelor in EPFL last autumn,"The user explicitly states they are a student at EPFL, a non-ETH institution, with no mention of a current or upcoming ETH affiliation."
ICPT-M-Studie,unknown,,0.0,5,,no self-identifying statements found
IICatDestroyerII,unknown,,0.0,1,,no self-identifying statements found
IKnowMeNotYou,unknown,,0.0,1,,no self-identifying statements found
Iamexhausted2,unknown,,0.0,18,,no self-identifying statements found
IceChocolateHead,unknown,,0.0,3,,no self-identifying statements found
IcePlus489,unknown,,0.0,4,,no self-identifying statements found
Icy-Adhesiveness-833,unknown,,0.0,6,,no self-identifying statements found
Icy_Study_538,decentral_individual,student,1.0,3,I'm in my first year of my masters in EEIT at ETH,"The user explicitly states they are a first-year master's student at ETH Zurich, which is the home institution."
IdealistCat,external_individual,student,0.8,1,5 year B. Arch for National Autonomous University of Mexico,"The user explicitly names a non-ETH institution (National Autonomous University of Mexico) as their current role (studying a B. Arch), with no mention of ETH Zurich or any current/upcoming ETH connection."
IgotaMigraine755,unknown,,0.0,1,,no self-identifying statements found
IkeaCreamCheese,decentral_individual,student,0.8,8,I'm a student in power electronics,"The user explicitly states they are a student in power electronics without mentioning any specific university other than ETH Zurich, which is the default assumption for r/ethz posts."
Iksion10,unknown,,0.0,1,,no self-identifying statements found
Ill_Brilliant_2650,unknown,,0.0,15,,no self-identifying statements found
Illustrious-Dance976,unknown,,0.0,1,,no self-identifying statements found
Illustrious_Pound994,decentral_individual,student,1.0,3,As a ETH student,"The user explicitly identifies as an ETH student, indicating a current affiliation with ETH Zurich."
Imaginary_Gift_8533,unknown,,0.0,4,,no self-identifying statements found
Imax1003,unknown,,0.0,1,,no self-identifying statements found
Imgayforpectorals,unknown,,0.0,3,,no self-identifying statements found
Immediate-Outside572,unknown,,0.0,3,I'm a non-EU resident and currently holding a work permit B,downgraded: external_individual confidence 0.20 below threshold
ImperiaUnum,external_individual,student,0.8,1,I am a student studying engineering in India,"The user explicitly identifies as a student but does not mention ETH Zurich. The statement indicates affiliation with an external institution (India), which is not ETH Zurich."
ImportanceSquare1321,unknown,,0.0,1,,no self-identifying statements found
Important-Trick1875,external_individual,student,0.8,2,I’m currently studying computer engineering (outside of Europe),"The user explicitly states they are currently studying but does not mention ETH Zurich. The statement implies they are affiliated with a non-ETH institution, as they are studying 'outside of Europe' and no ETH connection is mentioned."
Important_Mine_3310,unknown,,0.0,1,,no self-identifying statements found
Important_Variety220,unknown,,0.0,11,,no self-identifying statements found
Impossible-Comb-1375,unknown,,0.0,2,,no self-identifying statements found
ImpossibleCarrot3781,decentral_individual,student,0.9,1,Just got accepted to Data Science,"The user explicitly states they have been accepted to a program, which implies a current affiliation with ETH Zurich as per the rules. No other institution is named, and the mention of acceptance overrides any prior or concurrent external affiliation."
Impressive-Bar-2030,unknown,,0.0,1,,no self-identifying statements found
Impressive-Box6976,unknown,,0.0,3,,no self-identifying statements found
Impressive-Gap7138,decentral_individual,student,1.0,38,I’m a first year student studying electrical engineering,"The statement indicates the user is a first-year student, and since no other university is mentioned, the default assumption is ETH Zurich."
InThePanchine03,unknown,,0.0,1,,no self-identifying statements found
Independent-Cat-8551,unknown,,0.0,15,,no self-identifying statements found
IndicationOk5884,unknown,,0.0,1,,no self-identifying statements found
Individual_Print7350,external_individual,student,0.9,8,I am going to study quant finance but the program is offered by UZH and ETH but I will be enrolled as an UZH student,"The user explicitly states they will be enrolled as a student at UZH, a non-ETH institution, and does not indicate any current or upcoming ETH affiliation. This matches rule A, where a non-ETH institution is named as the current role with no current or upcoming ETH connection."
Inevitable-Cap1476,unknown,,0.0,2,,no self-identifying statements found
Inevitable_Head3920,unknown,,0.0,2,,no self-identifying statements found
Infamous-Audience-45,unknown,,0.0,1,,no self-identifying statements found
Infamous-Pizzaman,unknown,,0.0,1,,no self-identifying statements found
Infinexcio,unknown,,0.0,1,,no self-identifying statements found
Infinite-Chemist-747,unknown,,0.0,1,,no self-identifying statements found
Ingonator2023,unknown,,0.0,2,,no self-identifying statements found
Initial_Ad3554,decentral_individual,student,1.0,40,I will start studying at ETH next HS,"The user explicitly states they will start studying at ETH, indicating a current or upcoming affiliation with ETH Zurich."
Initial_Fig2677,unknown,,0.0,1,,no self-identifying statements found
InjuryElegant5024,unknown,,0.0,1,,no self-identifying statements found
Inner_Swim_2941,unknown,,0.0,1,,no self-identifying statements found
Inside-Till3391,unknown,,0.0,2,,no self-identifying statements found
Inside_Assignment524,unknown,,0.0,1,,no self-identifying statements found
Intelligent-Art4587,unknown,,0.0,1,,no self-identifying statements found
IntentionFun4289,unknown,,0.0,1,,no self-identifying statements found
Interesting-Basis747,external_individual,student,0.8,27,international student in a german Uni,"The user explicitly identifies as a student at a non-ETH institution ('a german Uni') and is applying to ETH, which does not override the current affiliation."
Interesting_Area3828,unknown,,0.0,15,,no self-identifying statements found
Interesting_Run_7442,unknown,,0.0,5,,no self-identifying statements found
Internal-Flamingo-56,unknown,,0.0,5,,no self-identifying statements found
InternalPromotion982,unknown,,0.0,3,,no self-identifying statements found
Internal_Leke,unknown,,0.0,1,,no self-identifying statements found
InternationalWay3577,unknown,,0.0,1,,no self-identifying statements found
Intrepid_Challenge52,unknown,,0.0,1,,no self-identifying statements found
IocusMoechae,decentral_individual,student,1.0,1,Got admission today for MSc in Statistics,"The user explicitly mentions being admitted to an MSc program at ETH Zurich, which qualifies as a current or upcoming ETH affiliation."
Iphilbour,unknown,,0.0,1,,no self-identifying statements found
IssaTrader,external_individual,student,1.0,3,I study math at uzh,"The user explicitly names a non-ETH institution (University of Zurich) as their current role, with no mention of a current or upcoming ETH connection."
Itchy_Technician_216,unknown,,0.0,1,,no self-identifying statements found
ItsMagic777,unknown,,0.0,3,,no self-identifying statements found
Its_just_a_nerd,unknown,,0.0,2,,no self-identifying statements found
Ivan_pk5,unknown,,0.0,2,,no self-identifying statements found
JCur24,unknown,,0.0,3,,no self-identifying statements found
Jaded_Entertainer505,decentral_individual,student,1.0,1,Just got my ESOP acceptance! M.Sc. Quantum Engineering,"The user explicitly mentions acceptance to ESOP (ETH Zurich's Executive School of Business), which is a current affiliation at ETH Zurich. This supersedes any prior or concurrent external institutions."
Jaded_Hair_2906,unknown,,0.0,3,,no self-identifying statements found
Jafonsoo,decentral_individual,student,1.0,1,I'm an EU citizen studying MSc Computer Science at ETH Zurich.,"The user explicitly states they are currently studying at ETH Zurich, which is the home institution. This matches rule B of the decision tree, indicating a current ETH affiliation."
Jahkral,unknown,,0.0,3,,no self-identifying statements found
Jakey1999,former_individual,student,0.8,1,I recently graduated my EE degree,"The user mentions graduating from their EE degree, indicating a past affiliation. Since no specific university is named, and the default rule applies (no explicit non-ETH affiliation), the classification defaults to former_individual/student."
JakobMeier,unknown,,0.0,2,,no self-identifying statements found
Janedoe34007,unknown,,0.0,5,,no self-identifying statements found
Japan-Tokyo-1,unknown,,0.0,2,,no self-identifying statements found
Japap_,unknown,,0.0,1,,no self-identifying statements found
JaqueTheDaque,unknown,,0.0,1,,no self-identifying statements found
JauntyKnight,decentral_individual,student,1.0,9,Got admitted to MSc CS,"The user explicitly mentions being admitted to an MSc program at ETH Zurich (implied by context and the subreddit r/ethz). This indicates a current or upcoming ETH affiliation, which takes precedence over any past or external institutions."
Jazzlike_Draw2915,unknown,,0.0,3,,no self-identifying statements found
JimGHI,unknown,,0.0,3,,no self-identifying statements found
JimSteak,unknown,,0.0,3,,no self-identifying statements found
Jininhok,unknown,,0.0,1,,no self-identifying statements found
Jodyr-117,unknown,,0.0,1,,no self-identifying statements found
Joekosler,unknown,,0.2,1,I have a master's degree.,The statement mentions having a master's degree but does not specify the institution. There is no explicit or implicit evidence of affiliation with ETH Zurich or any other university.
JohnDonne2913,external_individual,student,1.0,2,I'm currently studying CS at UZH (Bachelor),"The user explicitly states they are currently studying at UZH, which is a non-ETH institution, with no mention of a current or upcoming ETH affiliation."
Jolieblabla,unknown,,0.0,1,,no self-identifying statements found
Jolly-Victory441,unknown,,0.0,10,,no self-identifying statements found
Jollydancer,unknown,,0.0,1,,no self-identifying statements found
Jonathan--,unknown,,0.0,3,,no self-identifying statements found
JunoKreisler,unknown,,0.0,27,,no self-identifying statements found
JustF1tAGauss1an,unknown,,0.0,12,,no self-identifying statements found
JustFisherman2957,unknown,,0.0,3,,no self-identifying statements found
Justmyoponionman,unknown,,0.0,2,,no self-identifying statements found
K1sh1-Onepiece,decentral_individual,student,1.0,1,I am planing to study architecture at the ETH in HS24,"The user explicitly mentions planning to study at ETH Zurich (referred to as 'ETH') in the upcoming academic year (HS24), which indicates a current or upcoming ETH affiliation. This matches rule B, and the subtype 'student' is appropriate for someone planning to study."
KPAHK,unknown,,0.0,1,,no self-identifying statements found
KRuss7,unknown,,0.0,1,,no self-identifying statements found
Kangaruan,unknown,,0.0,1,,no self-identifying statements found
Kaptvr,unknown,,0.0,2,,no self-identifying statements found
Karim_acing_it,unknown,,0.0,5,,no self-identifying statements found
KatAddicted69,unknown,,0.0,1,,no self-identifying statements found
Kaushik2002,unknown,,0.0,3,,no self-identifying statements found
Ke_vi_n,decentral_individual,student,1.0,4,I will be coming to ETH in September (for MSc),"The user explicitly states they will be starting at ETH in September for an MSc, indicating a current or upcoming ETH affiliation."
KennyClobers,unknown,,0.0,1,,no self-identifying statements found
Kepsnyy,unknown,,0.0,1,,no self-identifying statements found
Key-Agency-2643,unknown,,0.0,7,,no self-identifying statements found
Key-Basket4693,unknown,,0.0,1,,no self-identifying statements found
Key-Rice-3047,unknown,,0.0,3,,no self-identifying statements found
KeyLab3958,decentral_individual,student,1.0,1,studies physics at ETH,"The user explicitly states they study physics at ETH Zurich, which is the home institution. This matches the criteria for a current ETH student."
Key_Flower1793,unknown,,0.0,2,,no self-identifying statements found
Key_Ratio_2828,unknown,,0.0,1,,no self-identifying statements found
Khyta,unknown,,0.0,3,,no self-identifying statements found
KilometresDavis12,unknown,,0.0,1,,no self-identifying statements found
Kim_in_AMS,unknown,,0.0,1,,no self-identifying statements found
Kindly-Caregiver7197,former_individual,student,0.5,20,"Aus meiner Erfahrung in CS, durfte man weiter studieren","The statement implies past experience in CS, suggesting the user may have been a student at ETH Zurich in the past. However, there is no explicit confirmation of current or past affiliation with ETH, and the statement is somewhat ambiguous."
Kindly-Dog1125,unknown,,0.0,17,,no self-identifying statements found
Kindly-Exercise-5134,unknown,,0.0,3,,no self-identifying statements found
KingDojojoD,unknown,,0.0,4,,no self-identifying statements found
KingKongGorillaKing,unknown,,0.0,1,,no self-identifying statements found
KingQuail89,unknown,,0.0,4,,no self-identifying statements found
Knorpsl,unknown,,0.0,2,,no self-identifying statements found
Kogulp,decentral_individual,student,1.0,3,Starting my maths bachelor in the Autumn 2024 semester.,"The user mentions starting a bachelor's program in the near future without naming any other university, which by default implies ETH Zurich as the institution."
Konayo,unknown,,0.0,33,,no self-identifying statements found
KrisseMai,unknown,,0.0,1,,no self-identifying statements found
KrysTallineDream,decentral_individual,student,0.8,3,mention of university peer group and intro day,"The statement refers to attending an intro day and meeting peers, which strongly implies the user is currently enrolled as a student at ETH Zurich, as no other institution is mentioned."
Kug3lfisch,former_individual,student,0.7,2,education in the ETH biology bachelor,"The user mentions having completed their education in the ETH biology bachelor, indicating a past affiliation with ETH Zurich as a student."
Kyrie2901,unknown,,0.2,7,"I'm from latin america too, Uruguay","The statement provides no information about the user's university affiliation. It only mentions their origin (Uruguay) without any reference to studying, working, or being affiliated with any university."
Kyuki88,unknown,,0.0,4,,no self-identifying statements found
LG193,external_individual,researcher,0.5,1,working as a research assistant,"The statement mentions working as a research assistant but does not explicitly name a university. However, the absence of any mention of ETH Zurich and the presence of a role typically associated with a university affiliation (research assistant) suggests an external affiliation. The confidence is moderate due to the implicit nature of the evidence."
LP2222,unknown,,0.0,2,,no self-identifying statements found
Lachainone,unknown,,0.0,1,,no self-identifying statements found
Laertes1601,unknown,,0.0,2,,no self-identifying statements found
LanguageGlobal2338,unknown,,0.0,2,,no self-identifying statements found
Laraaaa2002,unknown,,0.0,2,,no self-identifying statements found
Larynx_Austrene,unknown,,0.0,2,,no self-identifying statements found
Laschibaschi,unknown,,0.0,1,,no self-identifying statements found
Last_language_bender,external_individual,other,0.5,13,I'm not from the US but asked this to the admissions office last year during my application.,"The statement implies the user applied to a university (likely ETH Zurich, given the context of the subreddit), but does not explicitly name ETH or any other institution as their current affiliation. The mention of 'admissions office' suggests a past application, but no current role or affiliation is stated, leading to 'external_individual/other' with moderate confidence."
LatterEstimate3027,unknown,,0.0,1,,no self-identifying statements found
Lazy-Rate6734,unknown,,0.0,8,,no self-identifying statements found
LeBrun73,unknown,,0.0,2,,no self-identifying statements found
LeCholax,unknown,,0.0,3,,no self-identifying statements found
Leather-Cap-8063,unknown,,0.0,1,,no self-identifying statements found
LeaveEffective1581,unknown,,0.0,1,,no self-identifying statements found
Leducationth,unknown,,0.0,4,,no self-identifying statements found
Left_Ferret1542,unknown,,0.0,2,,no self-identifying statements found
Legitimate-Let-5008,unknown,,0.0,1,,no self-identifying statements found
Legitimate_Clue8948,unknown,,0.0,4,,no self-identifying statements found
Legitimate_Date5883,unknown,,0.0,1,,no self-identifying statements found
LemonSniffs,unknown,,0.0,1,,no self-identifying statements found
LengthSuch,unknown,,0.0,1,,no self-identifying statements found
Leo1703,unknown,,0.0,1,,no self-identifying statements found
LeonUPazz,external_individual,student,0.8,3,I'm currently enrolled in a computer science bachelor in another swiss university,"The user explicitly states they are enrolled in a bachelor's program at another Swiss university, which is not ETH Zurich. This satisfies the condition for 'external_individual/student'."
Leptonne,unknown,,0.0,1,,no self-identifying statements found
LesserValkyrie,unknown,,0.0,3,,no self-identifying statements found
Lestode,decentral_individual,student,1.0,3,I will be joining ETHZ in September for my master in Computer Science,"The user explicitly states they will be joining ETH Zurich (ETHZ) in September for their master's program, indicating a current or upcoming ETH affiliation."
Lettuce_Logical,unknown,,0.0,2,,no self-identifying statements found
Level-Abroad8807,unknown,,0.0,2,,no self-identifying statements found
Level-Discussion1853,decentral_individual,student,1.0,1,I am a exchange student at the Master's program in CS at ETH.,"The user explicitly states they are an exchange student at ETH Zurich's Master's program in CS, which confirms a current ETH affiliation."
LiJingQi,unknown,,0.0,4,,no self-identifying statements found
LiberFriso,unknown,,0.0,1,,no self-identifying statements found
Life-Technician-1978,unknown,,0.0,1,,no self-identifying statements found
Life_Local168,unknown,,0.0,1,,no self-identifying statements found
LightDrago,unknown,,0.0,2,,no self-identifying statements found
Limp_Dependent_3887,unknown,,0.0,1,,no self-identifying statements found
Limp_Pomelo_9773,unknown,,0.0,1,,no self-identifying statements found
LingonberryGlum226,unknown,,0.0,1,,no self-identifying statements found
Liquid_Cascabel,unknown,,0.0,4,,no self-identifying statements found
Liquidity_magician,unknown,,0.0,1,,no self-identifying statements found
Listen_Itchy,unknown,,0.0,2,,no self-identifying statements found
Little_Writing_3171,external_individual,student,1.0,2,I am a 3rd year MSci (4 year) theoretical physics student at Imperial College London,The user explicitly names a non-ETH institution (Imperial College London) as their current role with no mention of ETH affiliation.
Livaliv,former_individual,student,0.8,1,Studied at ETH,"The statement 'Studied at ETH' indicates a past affiliation with ETH Zurich, which aligns with the 'former_individual' voice type and 'student' subtype. The use of the past tense ('Studied') confirms that the user is no longer a current student at ETH."
Livid-Winter-5652,unknown,,0.0,1,,no self-identifying statements found
Liwi-,unknown,,0.0,1,,no self-identifying statements found
LocalNightDrummer,unknown,,0.0,1,,no self-identifying statements found
Local_Explorer_595,unknown,,0.0,1,,no self-identifying statements found
LockTheMoon,unknown,,0.0,1,,no self-identifying statements found
Long-Piano1275,unknown,,0.0,1,,no self-identifying statements found
LongBit,unknown,,0.0,1,,no self-identifying statements found
LongFisherman2484,unknown,,0.0,1,,no self-identifying statements found
Long_Error8895,unknown,,0.0,1,,no self-identifying statements found
Longjumping-Club-321,unknown,,0.0,1,,no self-identifying statements found
Longjumping-Win6037,unknown,,0.0,11,,no self-identifying statements found
LongjumpingTheme5252,unknown,,0.0,1,,no self-identifying statements found
Longjumping_Sky_6440,unknown,,0.0,4,,no self-identifying statements found
LordAmras,unknown,,0.0,1,,no self-identifying statements found
LordVectron,unknown,,0.0,1,,no self-identifying statements found
LordWonker,unknown,,0.0,5,,no self-identifying statements found
Lord_uWu_OkO,unknown,,0.0,2,,no self-identifying statements found
Lost-Jello679,external_individual,student,0.8,4,third semester of a bachelor in bioinformatics at a high ranked uni in germany,"The user explicitly mentions studying at a non-ETH institution (a high ranked uni in germany) without naming ETH Zurich, and no current or upcoming ETH affiliation is mentioned."
Loud_Eggplant772,unknown,,0.0,1,,no self-identifying statements found
Louis020520,decentral_individual,applicant,0.8,3,applying to ethz,"The user explicitly states they are 'applying to ethz,' which indicates they are in the application phase and have not yet confirmed acceptance. This matches the 'decentral_individual/applicant' category."
Low-Opposite-7453,unknown,,0.0,1,,no self-identifying statements found
Low_Pudding_8204,unknown,,0.0,3,,no self-identifying statements found
Luc2992,unknown,,0.0,1,,no self-identifying statements found
Lucifer__Uchiha,external_individual,student,0.8,2,im from a swiss university of applied science,"The user explicitly mentions being from a Swiss university of applied science, which is not ETH Zurich. This indicates an external affiliation."
Lukasthuering,unknown,,0.0,1,,no self-identifying statements found
Lukeskykaiser,external_individual,phd,0.7,19,external just like I did,"The user explicitly mentions being in a PhD position as 'external', indicating they are affiliated with a non-ETH institution."
Lukkwad1917,unknown,,0.0,1,,no self-identifying statements found
Lulu3454,unknown,,0.0,2,,no self-identifying statements found
LumosDRSG,former_individual,student,0.7,4,lived there during my first year of my Physics MSc,"The user refers to being a student in their first year of a Physics MSc, which implies a past affiliation with ETH Zurich. No explicit external institution is named, and the context aligns with being a former student at ETH."
Lumpy_Award3793,unknown,,0.0,1,,no self-identifying statements found
Lumpy_Worth6930,unknown,,0.0,3,,no self-identifying statements found
Lunareptilia,unknown,,0.0,1,,no self-identifying statements found
LundZindagiJhand,decentral_individual,applicant,0.6,4,I applied to a PhD opening under D-ITET about a month ago,"The user explicitly mentions applying to a PhD position at ETH Zurich (D-ITET is an ETH Zurich department), which qualifies them as a decentral_individual/applicant."
Lvm152coc,unknown,,0.0,2,,no self-identifying statements found
LyraddarylGG,unknown,,0.0,1,,no self-identifying statements found
MLThottrap,unknown,,0.0,1,,no self-identifying statements found
MacBareth,unknown,,0.0,6,,no self-identifying statements found
Macroneconomist,unknown,,0.0,6,,no self-identifying statements found
Maddox_1503,unknown,,0.0,7,,no self-identifying statements found
MagnoliaboiZoy,unknown,,0.0,1,,no self-identifying statements found
MailWide5861,external_individual,student,0.5,1,interested in taking a math seminar in ETH next semester,"The user is not currently affiliated with ETH Zurich but is interested in taking a seminar there next semester. They do not explicitly name another university as their current affiliation, but their interest in ETH does not confirm an affiliation with ETH itself."
MajorTheSecond,unknown,,0.0,1,,no self-identifying statements found
MalaMuerteSCN,unknown,,0.0,25,,no self-identifying statements found
MaleficentAd3783,unknown,,0.0,1,,no self-identifying statements found
Mandelmus100,decentral_individual,student,1.0,59,I'm nearing the end of my master's studies at ETH,"The user explicitly states they are currently studying at ETH Zurich, which is the home institution. This matches rule B of the decision tree, indicating a current ETH affiliation."
MangoExciting9169,unknown,,0.0,1,,no self-identifying statements found
Mankra23,decentral_individual,student,1.0,19,mention of 'MAVT bachelor’s degree' and '3rd semester' implies current enrollment at ETH Zurich,"The user is explicitly in their 3rd semester of a MAVT bachelor’s degree, which is a program offered by ETH Zurich. This confirms a current ETH affiliation, and no other institution is mentioned."
MantisPymp,decentral_individual,phd,0.8,1,a soon to be PhD (thesis defense this week),"The user is in the process of completing their PhD, and since no other university is explicitly mentioned, ETH Zurich is assumed as the affiliation based on the subreddit default rule."
Many-Beyond6619,unknown,,0.0,1,,no self-identifying statements found
Many_Slice_9646,decentral_individual,applicant,0.5,4,I've intended to pursue my further education at ETH for a while now,"The user mentions intending to pursue education at ETH, which indicates an application or interest in joining ETH, but does not confirm acceptance or current enrollment."
MaracCabubu,former_individual,student,0.9,4,Former ETH Physics student here.,"The user explicitly identifies as a former ETH student, indicating a past affiliation with ETH Zurich."
MarioPnt,decentral_individual,student,1.0,1,I'm studying a BSc in Bioinformatics,"The statement indicates the user is currently studying, and no specific external university is named. According to the rules, if a user mentions studying without naming a specific other university, ETH Zurich is assumed as the home institution."
Maritime_Khan,unknown,,0.0,6,,no self-identifying statements found
Marmar_9241,unknown,,0.0,1,,no self-identifying statements found
Martha_007,external_individual,student,1.0,1,I am doing a Bachelor Degree (in Mathematics) at UBC in Canada.,The user explicitly states they are currently studying at a non-ETH institution (UBC) without mentioning any current or upcoming ETH affiliation.
Master-Ear-1558,unknown,,0.0,1,,no self-identifying statements found
MasterJJ2701,decentral_individual,applicant,0.7,1,applying to MTEC,"The user mentions applying to MTEC at ETH Zurich, which indicates they are an applicant for a program at ETH. The mention of an engineering bachelor's degree from ETH suggests they may have previously studied at ETH, but the current status is as an applicant."
Master_Sergeant,unknown,,0.0,3,,no self-identifying statements found
MaterialOwl1114,unknown,,0.0,3,,no self-identifying statements found
Matty_Liquor,unknown,,0.0,1,,no self-identifying statements found
MaximilianJanisch,unknown,,0.0,1,,no self-identifying statements found
Maximum-Community-89,unknown,,0.0,1,,no self-identifying statements found
Maximum_Smell9853,decentral_individual,student,0.8,1,TA in second year,"The statement indicates the user is a teaching assistant in their second year, which implies they are currently enrolled as a student at ETH Zurich. No other institution is mentioned, and the default rule applies."
Mcwedlav,unknown,,0.0,2,,no self-identifying statements found
Me_K_Hell,unknown,,0.0,1,,no self-identifying statements found
MeatLasers,unknown,,0.0,1,,no self-identifying statements found
Medical-Detective-33,unknown,,0.0,9,,no self-identifying statements found
Medical_Baseball901,unknown,,0.0,2,,no self-identifying statements found
Medium-Specific3801,unknown,,0.0,1,,no self-identifying statements found
MeetStill3914,unknown,,0.0,2,,no self-identifying statements found
MeisterMumpitz,unknown,,0.0,1,,no self-identifying statements found
MelonLord25-3,decentral_individual,student,1.0,1,Expected Stream: MS in Quantitative Finance (ETHZ),"The user explicitly mentions being enrolled in a Master's program at ETH Zurich (ETHZ), indicating a current affiliation with ETH Zurich."
MentionSerious5311,unknown,,0.0,1,,no self-identifying statements found
Mersire,unknown,,0.0,1,,no self-identifying statements found
Metapont1618,unknown,,0.0,1,,no self-identifying statements found
Mexifyderstoehnt,unknown,,0.0,1,,no self-identifying statements found
MiekoOnReddit,decentral_individual,applicant,0.8,3,I plan on applying for MSc in Computer Science this year,"The user explicitly mentions planning to apply for an MSc program, which aligns with the 'applicant' subtype under 'decentral_individual'. No current ETH affiliation is stated, but the application is not confirmed, so 'applicant' is the correct classification."
MightyKifran,unknown,,0.0,1,,no self-identifying statements found
Minelayer42,unknown,,0.0,1,,no self-identifying statements found
Minute-Court-8785,unknown,,0.0,0,,no text content available
Mirdclawer,unknown,,0.0,1,,no self-identifying statements found
Miserable_Ad2265,unknown,,0.0,1,,no self-identifying statements found
Misgir,unknown,,0.0,6,,no self-identifying statements found
MisterThomas29,unknown,,0.0,46,,no self-identifying statements found
Mister_Zerfister,unknown,,0.0,2,,no self-identifying statements found
Mnkhtuul,unknown,,0.0,6,,no self-identifying statements found
Mobile-Bid-9848,unknown,,0.0,4,,no self-identifying statements found
Mocha-Mona,unknown,,0.0,2,,no self-identifying statements found
Moefeee,former_individual,student,0.8,1,enrolled in mechanical engineering 6.5 years ago,"The user explicitly mentions enrolling in mechanical engineering 6.5 years ago, indicating a past affiliation as a student at ETH Zurich (since no other institution is named and the default is ETH Zurich for such statements)."
Mogreal,unknown,,0.0,1,,no self-identifying statements found
MoistMaintenance2,decentral_individual,student,1.0,8,I'm an incoming Math MSc student; I got into the mathematics master's; I got accepted (Mathematics MSc),"The user explicitly states they are an incoming student in the Mathematics MSc program, which is offered by ETH Zurich. The use of 'incoming' and 'got accepted' confirms a current and upcoming ETH affiliation, which takes precedence over any past or external institutions."
MoonKnight99,unknown,,0.0,7,,no self-identifying statements found
Moonwalking_Diogenes,unknown,,0.0,1,,no self-identifying statements found
More_Minimum6145,unknown,,0.0,2,,no self-identifying statements found
MoridinB,external_individual,other,0.5,1,applied from a US university,The user mentions applying from a US university without specifying ETH Zurich or any current affiliation with ETH. This indicates an external affiliation.
MortgageAdventurous8,unknown,,0.0,1,,no self-identifying statements found
MortgageSimilar5576,unknown,,0.0,1,,no self-identifying statements found
Mortifer_I,unknown,,0.0,1,,no self-identifying statements found
Motor_Worldliness489,unknown,,0.0,9,,no self-identifying statements found
Mountain-Yak3304,unknown,,0.0,1,,no self-identifying statements found
MrBank42,unknown,,0.0,1,,no self-identifying statements found
MrHippo17,unknown,,0.0,1,,no self-identifying statements found
MrMcFreddy,unknown,,0.0,1,,no self-identifying statements found
MrStroopwafel,unknown,,0.0,8,,no self-identifying statements found
Much-Caterpillar1903,unknown,,0.0,1,,no self-identifying statements found
Much-Championship169,unknown,,0.0,1,,no self-identifying statements found
Much_Sprinkles_7096,unknown,,0.0,3,,no self-identifying statements found
Mundane-Carry-6632,unknown,,0.0,1,,no self-identifying statements found
Muoitran,external_individual,postdoc,0.5,1,I'm a postdoc who has been offering student projects,"The statement identifies the user as a postdoc but does not explicitly name a university. However, since the user is not explicitly affiliated with ETH Zurich and there is no mention of a current or upcoming ETH connection, the default assumption is that they are affiliated with a non-ETH institution."
Murky-Case-8958,decentral_individual,student,0.9,3,incoming cse student here,"The user explicitly identifies as an incoming CSE student, which aligns with being a current student at ETH Zurich. No other university is mentioned, and the statement implies enrollment at ETH Zurich."
MusicModeShop,external_individual,student,0.7,1,dropping out from INFK,"The user explicitly mentions dropping out from INFK, which is a department at ETH Zurich. However, since they are no longer affiliated with ETH and are instead considering joining RW/CSE (which is external to ETH), the classification is external_individual/student."
Musixen_,unknown,,0.0,2,,no self-identifying statements found
MyBeatifulFantasy,decentral_individual,student,1.0,7,I am just starting my master this semester,"The user explicitly states they are starting their master this semester at ETH Zurich, which is the default institution for r/ethz posts. No other university is named as their current affiliation."
MyIQis1000000000bil,unknown,,0.0,3,,no self-identifying statements found
MyPunsAreKoalaTea,unknown,,0.0,13,,no self-identifying statements found
Mysterious-Candle-31,unknown,,0.0,5,,no self-identifying statements found
N8_90,decentral_institutional,department_or_lab,0.8,8,At my department,"The statement refers to 'my department,' indicating a current affiliation with a department or lab at ETH Zurich, as no other institution is explicitly named and the context aligns with an ETH-affiliated individual."
NO5575,unknown,,0.0,3,,no self-identifying statements found
Naarusgaut,unknown,,0.0,9,,no self-identifying statements found
Nahtlos,unknown,,0.0,2,,no self-identifying statements found
Naive-Mechanic4683,unknown,,0.0,8,,no self-identifying statements found
NappingVolcano,unknown,,0.2,2,statements do not explicitly name a current university affiliation,"The statements do not provide any explicit or implicit evidence of the user's current university affiliation. The first statement refers to an oral bar exam, which is not tied to a specific institution, and the second statement mentions ETH Zurich's recorded lecture but does not indicate that the user is affiliated with ETH or any other university."
National-Flower5188,unknown,,0.0,4,,no self-identifying statements found
National_Badger8336,unknown,,0.0,1,,no self-identifying statements found
NatsukiSubaru-,unknown,,0.0,5,,no self-identifying statements found
Nauckle225,unknown,,0.0,1,,no self-identifying statements found
Nauticat37,unknown,,0.0,2,,no self-identifying statements found
Ncolas_Grimm,unknown,,0.0,1,,no self-identifying statements found
Neat-Firefighter-934,unknown,,0.0,1,,no self-identifying statements found
Nebula0375,unknown,,0.0,1,,no self-identifying statements found
NecessaryFan8396,unknown,,0.0,1,,no self-identifying statements found
Nervous-Ear-477,unknown,,0.0,1,,no self-identifying statements found
New-Boysenberry-5125,unknown,,0.0,1,,no self-identifying statements found
New_Individual_8679,unknown,,0.0,2,,no self-identifying statements found
Nick0805,unknown,,0.0,1,,no self-identifying statements found
Nick88stam,unknown,,0.0,17,,no self-identifying statements found
Nicolas__97,unknown,,0.0,1,,no self-identifying statements found
Nightfurry1997,unknown,,0.0,1,,no self-identifying statements found
NikolNikopoulou,unknown,,0.0,21,,no self-identifying statements found
Nile_Quote2642,unknown,,0.0,1,,no self-identifying statements found
Nizza99,unknown,,0.0,1,,no self-identifying statements found
No-Assumption-6889,unknown,,0.0,3,,no self-identifying statements found
No-Bat6834,unknown,,0.0,3,,no self-identifying statements found
No-Cardiologist8473,unknown,,0.0,1,,no self-identifying statements found
No-Distance3115,unknown,,0.0,1,,no self-identifying statements found
No-Efficiency6694,unknown,,0.0,8,,no self-identifying statements found
No-Entrepreneur-7164,unknown,,0.0,1,,no self-identifying statements found
No-Entry8156,unknown,,0.0,1,,no self-identifying statements found
No-Grapefruit1341,external_individual,other,0.5,5,I am a hiring manager myself now,"The user does not explicitly name a current university affiliation. They mention being a hiring manager, which implies a professional role outside of academia, and no current university is named. The internship at a company is not sufficient to infer a current university affiliation."
No-Meat1818,decentral_individual,student,1.0,4,I'm a first-year Master's student in Computer Science,"The statement indicates a current student role at ETH Zurich, as no other institution is named and the default rule applies."
No-Novel-1192,decentral_individual,student,1.0,6,I am a biochemistry bachelor student at eth.,"The user explicitly states they are a student at ETH Zurich, which is the home institution."
No-Patient8520,unknown,,0.2,5,statements about future intentions and considerations,"The user is a high school student who has not yet enrolled at any university. They mention interest in studying in Switzerland and ETH Zürich, but there is no explicit or implicit evidence of a current affiliation with any institution."
No-Philosopher-5773,unknown,,0.0,5,,no self-identifying statements found
No-Pineapple-5318,unknown,,0.0,4,,no self-identifying statements found
No-Pudding-8622,unknown,,0.0,2,,no self-identifying statements found
No-Significance779,unknown,,0.0,2,,no self-identifying statements found
No-Start8890,unknown,,0.0,1,,no self-identifying statements found
No-Still-7020,unknown,,0.0,1,,no self-identifying statements found
No-Supermarket-4378,external_individual,student,0.7,1,I did my bachelor thesis at PSI / I did my master thesis at CERN,"The user mentions completing their bachelor and master theses at external institutions (PSI and CERN), but does not explicitly state their current university affiliation. Since they do not mention being enrolled at ETH Zurich or any other institution in the present tense, and no current affiliation is explicitly stated, the classification defaults to external_individual with a student subtype based on the academic context."
No-Tiger-7812,decentral_individual,student,1.0,2,I will be an exchange student at ETH this fall term,"The user explicitly states they will be an exchange student at ETH Zurich this fall term, indicating a current or upcoming affiliation with ETH."
No-Tip3654,unknown,,0.0,5,,no self-identifying statements found
No-Two-4337,unknown,,0.0,2,,no self-identifying statements found
NoFearImAnEngineer,unknown,,0.0,1,,no self-identifying statements found
NoSloLace,decentral_individual,student,1.0,1,I'm in 4th semester EE,"The user mentions being in their 4th semester of EE (Electrical Engineering), which implies they are currently enrolled as a student at ETH Zurich. No other university is named, and the statement aligns with the default rule for ETH Zurich affiliation."
No_Carpenter7252,unknown,,0.0,4,,no self-identifying statements found
No_Combination_6429,unknown,,0.0,1,,no self-identifying statements found
No_Difference_1515,unknown,,0.0,4,,no self-identifying statements found
No_Excitement5489,unknown,,0.0,1,,no self-identifying statements found
No_Feedback_1728,unknown,,0.0,2,,no self-identifying statements found
No_Inflation4169,unknown,,0.0,6,,no self-identifying statements found
No_Interest_1285,external_individual,student,1.0,2,I am currently studying at UZH informatics,"The user explicitly states they are currently studying at UZH, which is a non-ETH institution, with no mention of a current or upcoming ETH affiliation."
No_Listen7185,unknown,,0.0,3,,no self-identifying statements found
No_Pollution_1312,unknown,,0.2,1,I am really interested to study physics,The statement expresses interest in studying physics but does not mention any specific university affiliation or role. There is no explicit or implicit evidence of current or past university affiliation.
No_Rice_9717,unknown,,0.0,8,,no self-identifying statements found
No_Specific_8742,unknown,,0.0,14,,no self-identifying statements found
No_Tough_4172,unknown,,0.0,1,,no self-identifying statements found
No_Writing_7050,unknown,,0.0,1,,no self-identifying statements found
NoahIH,unknown,,0.0,2,,no self-identifying statements found
NomadicContrarian,unknown,,0.2,4,I'm from Canada btw,"The statement provides no information about the user's university affiliation or role. It only mentions their country of origin, which is not sufficient to determine their institutional connection."
Numerous-Pressure-94,unknown,,0.0,4,,no self-identifying statements found
Numerous_Current892,unknown,,0.0,4,,no self-identifying statements found
Nurnstatist,unknown,,0.0,1,,no self-identifying statements found
NutellaHoden,unknown,,0.0,5,,no self-identifying statements found
Objective-Web7083,unknown,,0.0,6,,no self-identifying statements found
ObjectiveMall,unknown,,0.0,1,,no self-identifying statements found
Obvious-Degree1970,unknown,,0.0,1,,no self-identifying statements found
Obviously_Special,decentral_individual,student,1.0,1,I plan to study cybersec at ETH Zurich in switzerland,"The user explicitly mentions planning to study at ETH Zurich, which is the home institution. This indicates a current or upcoming affiliation with ETH Zurich."
Odd-Air-7588,decentral_individual,student,0.8,1,Im done with my first semester of architecture and I ve done 3 so far.,"The statement indicates the user is currently studying architecture, and since no other university is explicitly named, ETH Zurich is assumed as the affiliation."
Odd-Tomatillo4119,unknown,,0.0,5,,no self-identifying statements found
Odd_Feeling_8021,external_individual,student,1.0,16,Bsc in management engineering at Politecnico di Milano,The user explicitly names a non-ETH institution (Politecnico di Milano) as their current role with no mention of ETH affiliation.
Odd_Raspberry_2402,former_individual,student,0.7,16,BSc / MSc,"The user mentions completing a BSc and MSc, indicating they are no longer a current student. Since no specific university is named, and the default rule applies (mentioning study without naming a specific other university implies ETH Zurich), they are classified as a former student of ETH Zurich."
Odd_Student_7313,unknown,,0.0,2,,no self-identifying statements found
Odd_Television_6382,unknown,,0.0,1,,no self-identifying statements found
Ok-Abbreviations-938,external_individual,student,0.5,1,i'm thinking about doing my masters there,"The statement indicates an intention to pursue a master's degree at an unspecified institution, but no specific university is named. Since the user is not currently affiliated with ETH Zurich and no ETH connection is mentioned, the affiliation is classified as external_individual/student with moderate confidence."
Ok-Award-839,unknown,,0.0,2,,no self-identifying statements found
Ok-Clothes-8833,unknown,,0.0,7,,no self-identifying statements found
Ok-Conference6068,unknown,,0.0,1,,no self-identifying statements found
Ok-Dependent8357,unknown,,0.0,1,,no self-identifying statements found
Ok-Investigator-2402,unknown,,0.0,1,,no self-identifying statements found
Ok-Investigator8061,unknown,,0.0,1,,no self-identifying statements found
Ok-Objective-7506,unknown,,0.0,1,,no self-identifying statements found
Ok-Post4320,unknown,,0.0,2,,no self-identifying statements found
Ok-Purpose-1822,unknown,,0.0,4,,no self-identifying statements found
Ok-Stock4586,unknown,,0.0,3,,no self-identifying statements found
Ok-Technician-9704,unknown,,0.0,2,,no self-identifying statements found
Ok-Upstairs-131,unknown,,0.0,1,,no self-identifying statements found
Ok-Worldliness6287,unknown,,0.0,1,,no self-identifying statements found
Ok-Yellow5605,unknown,,0.0,3,,no self-identifying statements found
OkAlternative6515,unknown,,0.0,5,,no self-identifying statements found
OkBlacksmith4013,unknown,,0.0,2,,no self-identifying statements found
OkImprovement8743,unknown,,0.2,1,No mention of university or academic role,The statement does not provide any information about the user's university affiliation or academic role.
Ok_Act_8987,unknown,,0.0,1,,no self-identifying statements found
Ok_Application4371,unknown,,0.0,1,,no self-identifying statements found
Ok_Ask_6378,decentral_individual,applicant,0.7,3,I'm thinking about studying at ETH,"The user mentions considering studying at ETH, which indicates an application stage without confirmed acceptance. This matches the 'decentral_individual/applicant' category."
Ok_Association_9625,unknown,,0.0,1,,no self-identifying statements found
Ok_Beach6624,decentral_individual,student,1.0,1,Just got accepted to Applied Mathematics MS,"The user explicitly states they have been accepted to a program, which indicates a current or upcoming ETH affiliation. Since ETH Zurich is the home institution and no other university is named, the affiliation is assumed to be ETH Zurich."
Ok_Biscotti2172,unknown,,0.0,1,,no self-identifying statements found
Ok_Connection_3294,unknown,,0.0,1,,no self-identifying statements found
Ok_Construction2330,unknown,,0.0,2,,no self-identifying statements found
Ok_Error_4110,unknown,,0.0,1,,no self-identifying statements found
Ok_Establishment4432,decentral_individual,student,1.0,2,I'm a third year bachelor student,"The statement indicates the user is currently enrolled in a bachelor's program. Since no other university is mentioned and ETH Zurich is the default for r/ethz posts, the affiliation is assumed to be ETH Zurich."
Ok_Job5626,unknown,,0.0,1,,no self-identifying statements found
Ok_Journalist_2052,unknown,,0.0,4,,no self-identifying statements found
Ok_Peanut_5685,external_individual,other,0.5,5,No specific university mentioned,"The statement mentions university and master's studies but does not explicitly name a specific institution. Since ETH Zurich is the default for r/ethz posts unless another institution is named, but the user does not identify with ETH, the classification defaults to external_individual/other due to lack of explicit affiliation."
Ok_Revolution3592,unknown,,0.0,1,,no self-identifying statements found
Ok_Satisfaction448,unknown,,0.0,1,,no self-identifying statements found
Ok_Way4741,unknown,,0.0,2,,no self-identifying statements found
Old-Cycle-3721,unknown,,0.0,1,,no self-identifying statements found
OldRip7185,unknown,,0.0,1,,no self-identifying statements found
Old_Eggplant4934,unknown,,0.0,1,,no self-identifying statements found
Old_Handle4278,unknown,,0.0,3,,no self-identifying statements found
OleksandrHalipchak,decentral_individual,student,0.5,1,I am at the program,"The statement implies current enrollment in a program, and no specific university is named. According to the rules, if a user mentions studying or being in a program without naming a specific other university, ETH Zurich is assumed as the home institution."
Oligu,unknown,,0.0,9,,no self-identifying statements found
OmaMorkie,unknown,,0.0,1,,no self-identifying statements found
One-Function7275,unknown,,0.0,1,,no self-identifying statements found
OneAboveAll3,unknown,,0.0,4,,no self-identifying statements found
OneArugula1415,unknown,,0.0,1,,no self-identifying statements found
OneRefrigerator8599,unknown,,0.0,1,,no self-identifying statements found
One_Tap_2244,unknown,,0.0,2,,no self-identifying statements found
OnionLai,unknown,,0.0,4,,no self-identifying statements found
Opening-Net-4735,unknown,,0.0,2,,no self-identifying statements found
OperationSalt3860,external_individual,researcher,0.7,1,senior researcher at a Swiss university,"The user explicitly identifies as a 'senior researcher at a Swiss university' without naming ETH Zurich, and no current or upcoming ETH affiliation is mentioned."
Organic_Tradition820,unknown,,0.0,1,,no self-identifying statements found
Original-Tell-5222,unknown,,0.0,1,,no self-identifying statements found
Orillians,unknown,,0.0,3,,no self-identifying statements found
Ornery-Fisherman2175,external_individual,student,0.7,4,Btw I’m a exchanged student,"The user identifies as an exchange student, which implies they are currently affiliated with a different institution (not ETH Zurich). The mention of taking a course at ETH Zurich is in the past or contextual, not indicating a current affiliation with ETH."
OrneryRefrigerator53,unknown,,0.0,2,,no self-identifying statements found
Ossigen,unknown,,0.0,3,,no self-identifying statements found
Osuiw,unknown,,0.0,1,,no self-identifying statements found
Other-Elevator3593,unknown,,0.0,2,,no self-identifying statements found
Otherwise-Fan8822,external_individual,student,1.0,1,incoming masters/phd student at the University of Bologna,"The user explicitly states they are an incoming student at the University of Bologna, a non-ETH institution, with no mention of ETH Zurich or any current/upcoming ETH affiliation."
OutOfCharm,unknown,,0.0,2,,no self-identifying statements found
Outrageous-Writer935,unknown,,0.0,1,,no self-identifying statements found
OutrageousAd1101,unknown,,0.0,1,,no self-identifying statements found
Outrageous_Spinach85,unknown,,0.0,3,,no self-identifying statements found
OverGoat7,unknown,,0.0,1,,no self-identifying statements found
OverallFood8550,external_individual,student,0.7,1,student from a university in Italy that does not have that big of a name,"The user explicitly identifies as a student from a non-ETH university (in Italy), with no mention of ETH Zurich or any current affiliation with it."
OverallPractice7381,external_individual,other,0.5,1,I am an architecture graduate,"The statement mentions being an architecture graduate but does not explicitly name a university. However, since it does not mention ETH Zurich and provides no evidence of a current or past ETH affiliation, it is classified as external_individual/other with moderate confidence."
Overall_Comb9019,unknown,,0.0,1,,no self-identifying statements found
OvomatVonBuenzline,unknown,,0.0,1,,no self-identifying statements found
OwlAffectionate158,decentral_individual,applicant,1.0,3,I just got accepted into MACIS. I am from a top 50 East Asian university without any GRE.,"The user explicitly states they were accepted into MACIS, which is a program at ETH Zurich. This confirms a current affiliation with ETH Zurich, and the subtype 'applicant' is used because they have been accepted but may not yet be enrolled."
OwnStorm2983,unknown,,0.0,5,,no self-identifying statements found
Own_Relationship9794,unknown,,0.0,2,,no self-identifying statements found
Pael-eSports,unknown,,0.0,1,,no self-identifying statements found
PaintCharacter8338,decentral_individual,student,1.0,2,i got into eth last year because i passed the comprehensive entrance exam,"The user explicitly states they 'got into ETH last year,' indicating a current affiliation with ETH Zurich. Despite mentioning a desire to switch to FHNW, this is not a current role and does not override the confirmed ETH affiliation."
PaintingAnnual,unknown,,0.0,1,,no self-identifying statements found
PalePianist7025,unknown,,0.0,9,,no self-identifying statements found
Pana_Guiskas,unknown,,0.0,8,,no self-identifying statements found
Panda-Calm,decentral_individual,student,1.0,22,I'm an incoming MSc student of ETH,"The user explicitly states they are an incoming MSc student at ETH Zurich, which matches the criteria for a current or upcoming ETH affiliation."
Pandafaryan,unknown,,0.0,2,,no self-identifying statements found
Papierkor654,unknown,,0.0,2,,no self-identifying statements found
ParfaitFinancial9765,decentral_individual,student,1.0,3,I'm in the process of finishing my master's at ETH,"The user explicitly states they are currently finishing their master's at ETH Zurich, which is the home institution. This matches rule B, indicating a current ETH affiliation."
Pargona,unknown,,0.0,1,,no self-identifying statements found
ParisianFlower,former_individual,student,0.8,3,studied HST (Medical Technology) at ETH,"The user explicitly mentions having studied at ETH Zurich in the past, indicating a former student affiliation."
ParkingBite6357,unknown,,0.0,1,,no self-identifying statements found
ParticularEmu4420,unknown,,0.0,2,,no self-identifying statements found
Particular_Act_9563,unknown,,0.0,3,,no self-identifying statements found
Particular_Lion_1873,unknown,,0.0,1,,no self-identifying statements found
PastInternational249,unknown,,0.0,6,,no self-identifying statements found
Pastelgarten,unknown,,0.0,1,,no self-identifying statements found
Pattt2602,unknown,,0.0,1,,no self-identifying statements found
PeaQueasy9195,unknown,,0.0,1,,no self-identifying statements found
Peace_and_Joy,unknown,,0.0,3,,no self-identifying statements found
PedroJOSH,unknown,,0.0,3,,no self-identifying statements found
PenGeek030609,unknown,,0.0,5,,no self-identifying statements found
Perfect_Gur2266,unknown,,0.0,1,,no self-identifying statements found
PersonX132,unknown,,0.2,5,"statements mention IBDP and A2.2-B1.1, but no university affiliation","The statements refer to IBDP (International Baccalaureate Diploma Programme) and language proficiency levels (A2.2-B1.1), which are typically associated with secondary education, not university. No explicit or implicit university affiliation is mentioned."
PeterBeast37,unknown,,0.0,1,,no self-identifying statements found
PeterGriffinOwO,unknown,,0.0,1,,no self-identifying statements found
PhiDeltaChi,unknown,,0.0,1,,no self-identifying statements found
Philfreeze,unknown,,0.0,19,,no self-identifying statements found
Philippe_Z,unknown,,0.0,4,,no self-identifying statements found
Phippe,unknown,,0.0,1,,no self-identifying statements found
Physical-Tip9184,unknown,,0.0,1,,no self-identifying statements found
PieHistorical30,unknown,,0.0,5,,no self-identifying statements found
Pigna099,unknown,,0.0,2,,no self-identifying statements found
PineappleOk3727,unknown,,0.0,21,,no self-identifying statements found
Pitiful-Sector7975,unknown,,0.0,1,,no self-identifying statements found
PizzaPartyBro,unknown,,0.0,1,,no self-identifying statements found
PlaneSpirited2507,unknown,,0.0,1,,no self-identifying statements found
Plastic_Share2619,external_individual,student,0.5,1,I'm finishing my master's with a GPA of 4.0,"The user mentions finishing a master's but does not explicitly name ETH Zurich or any other university. However, the first statement implies they are affiliated with a non-ETH institution (best university in LATAM). The lack of explicit mention of ETH and the presence of a non-ETH affiliation leads to classification as external_individual/student with moderate confidence."
PlatypusExisting5730,decentral_individual,student,1.0,3,I am now doing the last exams of my Masters.,"The statement indicates the user is currently enrolled in a master's program. Since no other university is explicitly named and the default rule applies (ETH Zurich is the home institution), the affiliation is assumed to be ETH Zurich."
Playful-Ostrich-7210,external_individual,student,0.8,2,master’s student from China in the department of environmental science,"The user explicitly identifies as a master’s student but does not mention ETH Zurich. The statement does not provide any indication of an ETH affiliation, and the user is identified as being from China, which implies a non-ETH institution."
Playful-Winner5122,unknown,,0.0,1,,no self-identifying statements found
PlayfulPerformance12,unknown,,0.0,1,,no self-identifying statements found
Playful_Bass7295,unknown,,0.0,14,,no self-identifying statements found
Pleasant_Bug_6121,unknown,,0.0,1,,no self-identifying statements found
Pokeristo555,unknown,,0.0,4,,no self-identifying statements found
Poldi_7,unknown,,0.0,1,,no self-identifying statements found
PoolBright5356,external_individual,student,0.5,1,i study computer science in switzerland,"The statement mentions studying in Switzerland but does not explicitly name ETH Zurich or any other specific institution. However, since the user is not explicitly affiliated with ETH Zurich, and no other institution is named, the classification defaults to external_individual with a confidence of 0.5."
Popular-Art6864,unknown,,0.0,4,,no self-identifying statements found
Popular-Traffic967,unknown,,0.0,3,,no self-identifying statements found
PopularRooster1131,unknown,,0.0,1,,no self-identifying statements found
PoqQaz,unknown,,0.0,8,,no self-identifying statements found
Possible-Trip-6645,unknown,,0.0,5,,no self-identifying statements found
PossibleEntrance7886,unknown,,0.0,2,,no self-identifying statements found
Possibly_your_mom,unknown,,0.0,9,,no self-identifying statements found
Powerful-Squash4367,unknown,,0.0,3,,no self-identifying statements found
Powerful_Pace_2597,unknown,,0.0,5,,no self-identifying statements found
PoxControl,unknown,,0.0,1,,no self-identifying statements found
Practical-Ad5634,unknown,,0.0,1,,no self-identifying statements found
PracticeMammoth387,unknown,,0.0,3,,no self-identifying statements found
PressureCold,external_individual,student,0.5,9,An international student with 4.7/5 CGPA in Building Technology from my home country,"The user identifies as an international student without mentioning ETH Zurich, and there is no explicit or implicit indication of a current or upcoming ETH affiliation."
Prestigious-Pair-785,unknown,,0.0,1,,no self-identifying statements found
Prestigious-Pause-17,unknown,,0.0,2,,no self-identifying statements found
Prestigious_Ad_5355,unknown,,0.0,2,,no self-identifying statements found
Prestigious_Idea4723,unknown,,0.0,3,,no self-identifying statements found
Prestigious_Road7872,unknown,,0.0,6,,no self-identifying statements found
Pretty_Employ_8657,unknown,,0.0,2,,no self-identifying statements found
Primary_Wolverine_52,unknown,,0.0,1,,no self-identifying statements found
Printadmin,unknown,,0.0,1,,no self-identifying statements found
Pristine-Author1384,unknown,,0.0,2,,no self-identifying statements found
Pristine_Anteater_36,unknown,,0.0,1,,no self-identifying statements found
ProRussianPlayer,decentral_individual,student,0.8,4,I'm at my last semester in my Master's,"The statement indicates the user is currently a master's student. Since no other university is explicitly named and the default rule applies (no mention of a non-ETH institution), ETH Zurich is assumed as the current affiliation."
Prof_Blutfleck,decentral_individual,applicant,0.8,4,applied for mechanical engineering for the upcomming year,"The user explicitly mentions applying to ETH Zurich for mechanical engineering, which indicates they are an applicant at ETH."
Professional-Ask246,decentral_individual,applicant,0.8,1,I am applying for Phd in ETH CS as well,"The user explicitly states they are applying for a PhD at ETH Zurich, which indicates a current application status without confirmed acceptance."
ProfessionalLoad238,unknown,,0.0,2,,no self-identifying statements found
Professional_Ear7173,unknown,,0.0,2,,no self-identifying statements found
Professional_Fig1828,unknown,,0.0,1,,no self-identifying statements found
Professional_Law8023,unknown,,0.0,2,,no self-identifying statements found
ProjectDaBu,unknown,,0.0,1,,no self-identifying statements found
PromptImpossible,unknown,,0.0,1,,no self-identifying statements found
ProofSmooth7317,unknown,,0.0,3,,no self-identifying statements found
Proof_Violinist_9373,unknown,,0.0,1,,no self-identifying statements found
Proper-Delivery-7120,decentral_individual,student,1.0,5,I am an international MSc CSE student at ETH,"The user explicitly states they are a current student at ETH Zurich, which is the home institution."
Proud_Process3548,unknown,,0.0,1,,no self-identifying statements found
Psychological-Owl-76,unknown,,0.0,1,,no self-identifying statements found
Public-Parfait5769,unknown,,0.0,4,,no self-identifying statements found
PureAsk9038,unknown,,0.0,2,,no self-identifying statements found
PureContext1186,unknown,,0.0,1,,no self-identifying statements found
Purple_Passenger_244,decentral_individual,student,1.0,2,i study cse,"The statement indicates the user is currently studying, and no specific non-ETH institution is named. According to the rules, if a statement mentions studying without naming a specific other university, ETH Zurich is assumed as the home institution."
Purple_p0tat059,decentral_individual,student,0.8,1,I started HEST this year with a bio/chem background,"The user mentions starting HEST (Health, Environment, and Society) this year, which is a program at ETH Zurich. This indicates a current student affiliation with ETH Zurich."
Puubuu,unknown,,0.0,5,,no self-identifying statements found
Puzzleheaded-Dish816,decentral_individual,student,0.9,2,"I am still in my first year; I did the exact same thing as you, except for Bm2 instead of Bm1, and am now studying chemistry in my bachelor","The user mentions being in their first year and studying chemistry in their bachelor, which aligns with being a current student at ETH Zurich. No other university is explicitly named, and the context fits ETH's academic structure."
Pynabb,unknown,,0.0,1,,no self-identifying statements found
PyroZy,external_individual,student,0.8,1,current undergrad studying in the US,"The user explicitly states they are a current undergrad in the US without mentioning ETH Zurich, indicating an external affiliation."
PythonEDTA,unknown,,0.0,2,,no self-identifying statements found
QYbear,decentral_individual,student,1.0,1,I chose ETHZ finally.,"The user explicitly states their choice of ETH Zurich, indicating a current or upcoming affiliation with ETH. No external institution is mentioned, and the statement implies enrollment or acceptance."
Qu3st10nmark,unknown,,0.0,6,,no self-identifying statements found
QueenGwendolynSnow,unknown,,0.0,1,,no self-identifying statements found
QueensTarget,decentral_individual,student,1.0,6,I am currently doing an MSc in ETH,"The user explicitly states they are currently doing an MSc at ETH Zurich, which qualifies them as a decentral_individual/student."
Quiet_Difference7658,unknown,,0.0,11,,no self-identifying statements found
Qverman,unknown,,0.0,1,,no self-identifying statements found
R4pper1noStu,decentral_individual,student,1.0,2,I'm in my first year as a Cyber Security student here at ETH,"The user explicitly states they are a student at ETH Zurich, which is the home institution."
R4spberryStr4wberry,unknown,,0.0,8,,no self-identifying statements found
R_H_02,decentral_individual,student,1.0,3,I'm an incoming master student in mathematics,"The user explicitly states they are an incoming master student, which implies a current affiliation with ETH Zurich as per the subreddit default rule."
Radical_X75,external_individual,student,0.8,2,graduating from EPFL,"The user explicitly mentions graduating from EPFL, a non-ETH institution, and does not indicate any current or upcoming affiliation with ETH Zurich."
Raetlr,unknown,,0.0,1,,no self-identifying statements found
RaresDerBares,unknown,,0.0,14,,no self-identifying statements found
Raskolnikov98,unknown,,0.0,6,,no self-identifying statements found
RateRevolutionary177,unknown,,0.0,2,,no self-identifying statements found
RatioDesigner5528,former_individual,student,0.8,1,I graduated from the University of Auckland,"The user explicitly mentions graduating from the University of Auckland, indicating a past affiliation. The second statement mentions being admitted to ETH Zurich, but since the user is classified as a former individual (based on the graduation), the current affiliation is not applicable."
Raupenpanzer,unknown,,0.0,2,,no self-identifying statements found
RealNPCDuude,unknown,,0.0,1,,no self-identifying statements found
RealPerplexeus,unknown,,0.0,3,,no self-identifying statements found
Realistic-Garage-369,unknown,,0.0,1,,no self-identifying statements found
RealisticBookWoman,unknown,,0.0,1,,no self-identifying statements found
Reasonable-Fuel-8084,unknown,,0.0,2,,no self-identifying statements found
Reasonable_Duty6013,external_individual,other,0.5,2,"statements 1, 2, 3","The user mentions looking for PhD positions at ETH Zurich but does not explicitly state they are currently affiliated with ETH. They also mention degrees in Humanities from an unspecified university, and a graduate program without naming ETH. No current ETH affiliation is confirmed, and the statements do not name a specific non-ETH institution as their current role, but the lack of ETH affiliation and the focus on external degrees suggest an external_individual with 'other' subtype."
Reasonable_Writer255,unknown,,0.0,7,,no self-identifying statements found
Reasonable_Yak_526,unknown,,0.0,5,,no self-identifying statements found
Rebecca123457,unknown,,0.0,1,,no self-identifying statements found
Recent_Wrangler_1064,unknown,,0.0,1,,no self-identifying statements found
RedRuhm101,unknown,,0.0,1,,no self-identifying statements found
RedditRule3,unknown,,0.0,1,,no self-identifying statements found
Rekhyt24,unknown,,0.0,2,,no self-identifying statements found
Relative-Ad-3217,unknown,,0.0,1,,no self-identifying statements found
Remarkable-Music7684,unknown,,0.0,4,,no self-identifying statements found
Remarkable-Town-2733,decentral_individual,student,1.0,5,I am Canadian and I will be studying at ETH Zurich this fall.,"The user explicitly states they will be studying at ETH Zurich this fall, indicating a current or upcoming ETH affiliation."
Repulsive_Break9856,decentral_individual,student,1.0,1,I'm a MSc Student,"The user explicitly states they are an MSc student without mentioning any other university. According to the rules, if a statement mentions studying without naming a specific other university, ETH Zurich is assumed as the home institution."
ResistAlternative935,external_individual,other,0.5,1,internship in Switzerland,"The statement mentions an internship in Switzerland but does not explicitly name a university or indicate any current or past university affiliation. The user identifies as French and mentions an internship, which is not tied to a university. Since there is no explicit mention of ETH Zurich or any other university, the classification defaults to 'external_individual/other' with moderate confidence."
RespondSea4861,external_individual,student,0.8,1,graduated with a first-class degree from a top UK university,The user explicitly mentions graduating from a non-ETH institution (a top UK university) and does not indicate any current or upcoming affiliation with ETH Zurich.
Responsible-Hawk5908,decentral_individual,researcher,1.0,1,I am currently doing a paid internship at a lab in ETH,"The user explicitly mentions being at a lab in ETH, indicating a current affiliation with ETH Zurich."
Responsible-Menu-428,unknown,,0.0,4,,no self-identifying statements found
Responsible-War-1179,unknown,,0.0,3,,no self-identifying statements found
Rettiratata,decentral_individual,phd,1.0,3,Random advice from a soon graduating doctoral student at ETH,"The user explicitly identifies as a 'doctoral student at ETH', indicating a current affiliation with ETH Zurich."
Revolutionary_Clue59,unknown,,0.0,2,,no self-identifying statements found
Rfky301,unknown,,0.0,5,,no self-identifying statements found
Ribsl,unknown,,0.0,6,,no self-identifying statements found
Rich_homeless_01,unknown,,0.0,2,,no self-identifying statements found
Riegler77,unknown,,0.0,19,,no self-identifying statements found
Right_Fisherman_9320,unknown,,0.0,1,,no self-identifying statements found
Ririri88,unknown,,0.0,11,,no self-identifying statements found
Ristlii,decentral_individual,student,1.0,1,second semester at eth,"The user explicitly mentions being in their second semester at ETH Zurich, which indicates a current affiliation with ETH Zurich."
River_Raven_Rowee,unknown,,0.0,2,,no self-identifying statements found
RoastedRhino,unknown,,0.0,15,,no self-identifying statements found
RodCherokee,unknown,,0.0,1,,no self-identifying statements found
Rollingblade77,unknown,,0.0,1,,no self-identifying statements found
RomanRiesen,unknown,,0.0,4,,no self-identifying statements found
RoosterPrevious7856,unknown,,0.0,1,,no self-identifying statements found
RosefromB-612,unknown,,0.0,1,,no self-identifying statements found
RossYT,unknown,,0.0,2,,no self-identifying statements found
Rough-Big-2371,unknown,,0.0,1,,no self-identifying statements found
RoundUpGaming,unknown,,0.0,3,,no self-identifying statements found
Royal-Candidate7234,unknown,,0.0,11,,no self-identifying statements found
Royal-Librarian-7825,unknown,,0.0,6,,no self-identifying statements found
RubenLaorden,unknown,,0.0,3,,no self-identifying statements found
RumaliRotii,unknown,,0.0,1,,no self-identifying statements found
Runaaan,unknown,,0.0,1,,no self-identifying statements found
RushDvd,unknown,,0.0,1,,no self-identifying statements found
SCHWIFTY_BURSCH,unknown,,0.0,1,,no self-identifying statements found
SHChan1986,unknown,,0.0,3,,no self-identifying statements found
SHIROYASHA120311,unknown,,0.0,10,,no self-identifying statements found
Sad-Bit-2234,decentral_individual,student,1.0,2,now here at ETH,"The user explicitly states they are currently at ETH, which is the home institution. The mention of past institutions (Oxford, Imperial) does not override the current ETH affiliation."
Sad-Ladder-1455,former_individual,student,0.8,1,MsC in Biomedical Engineering at ETH Zurich,"The user explicitly mentions having an MSC in Biomedical Engineering at ETH Zurich, indicating a past affiliation with ETH Zurich. The second statement refers to a current degree from a Greek university, but no specific institution is named, and the focus is on the past ETH affiliation."
Sad-Macaroon-7577,unknown,,0.0,5,,no self-identifying statements found
Sad_Bookkeeper8630,unknown,,0.0,1,,no self-identifying statements found
SadlyASpring,external_individual,student,1.0,2,I study at an ok University in Australia. (University of Melbourne),"The user explicitly names a non-ETH institution (University of Melbourne) as their current role, which matches the criteria for 'external_individual'."
SafeAcademic1544,unknown,,0.0,1,,no self-identifying statements found
Safe_Preference772,unknown,,0.0,3,,no self-identifying statements found
Salty_Idea1437,unknown,,0.0,5,,no self-identifying statements found
SamFC,unknown,,0.0,1,,no self-identifying statements found
SamaireB,unknown,,0.0,5,,no self-identifying statements found
Same-Scholar-8182,unknown,,0.0,1,,no self-identifying statements found
Same_Wonder_2703,unknown,,0.0,4,,no self-identifying statements found
Samilainthemirror,unknown,,0.0,1,,no self-identifying statements found
SamonBoulevard,unknown,,0.0,1,,no self-identifying statements found
Sans_Moritz,former_individual,phd,0.8,5,Having gotten my doctorate from ETH,"The statement indicates that the user has completed their PhD at ETH Zurich, which is a past affiliation. This aligns with the 'former_individual' voice type with the 'phd' subtype."
Sapperlotta,unknown,,0.0,3,,no self-identifying statements found
Sarvu18,unknown,,0.0,1,,no self-identifying statements found
Sauron_78,unknown,,0.0,1,,no self-identifying statements found
Savings-Ad-5585,unknown,,0.0,2,,no self-identifying statements found
Scared-Room-8534,unknown,,0.0,1,,no self-identifying statements found
Scared-You-4311,unknown,,0.0,3,,no self-identifying statements found
Scary-Implement-4407,unknown,,0.2,1,I'm a swiss person.,The statement does not provide any explicit or implicit information about the user's university affiliation. Being Swiss does not indicate a specific institution.
Scattered99,unknown,,0.0,1,,no self-identifying statements found
Scentsuelle,external_individual,other,0.5,15,"studying abroad, interviewed for a place at Cambridge","The user mentions being interviewed for a place at Cambridge, which is a non-ETH institution, and refers to studying abroad without explicitly stating a current affiliation with ETH. There is no evidence of a current or upcoming ETH affiliation, so the classification defaults to external_individual/other."
Schmackofatzke,unknown,,0.0,4,,no self-identifying statements found
SchoggiToeff,unknown,,0.0,11,,no self-identifying statements found
Schuano,unknown,,0.0,1,,no self-identifying statements found
Schwarzwaldstube,unknown,,0.0,4,,no self-identifying statements found
Scott_z_Zueri,unknown,,0.0,1,,no self-identifying statements found
ScrapAccountLad,unknown,,0.0,1,,no self-identifying statements found
Scypher_Tzu,unknown,,0.0,1,,no self-identifying statements found
Sea-Bother-4079,unknown,,0.0,1,,no self-identifying statements found
Sea_Web9898,unknown,,0.0,1,,no self-identifying statements found
SeaworthinessNo6435,unknown,,0.0,1,,no self-identifying statements found
Sebajf,unknown,,0.0,1,,no self-identifying statements found
Sebasite,unknown,,0.0,1,,no self-identifying statements found
Secure-Initial2376,unknown,,0.0,4,,no self-identifying statements found
Secure-Technician274,unknown,,0.0,2,,no self-identifying statements found
SecureStandard3274,decentral_individual,student,1.0,3,I am currently doing my last semester of master's,"The statement indicates the user is currently enrolled in a master's program. Since no specific external university is named and the default rule applies (no mention of a non-ETH institution), ETH Zurich is assumed as the current affiliation."
Secure_Cupcake_986,decentral_individual,student,1.0,2,I'm a mechanical engineering MSc student who just completed his first semester at ETHZ.,"The user explicitly states they are a current MSc student at ETH Zurich, which is the home institution."
Senbean,unknown,,0.0,1,,no self-identifying statements found
Senior_Juice5380,unknown,,0.0,1,,no self-identifying statements found
SenpaiKai,unknown,,0.0,4,,no self-identifying statements found
Separate_Walrus119,unknown,,0.0,2,,no self-identifying statements found
Serious-North-1,unknown,,0.0,2,,no self-identifying statements found
Serious_Reporter950,decentral_individual,student,1.0,1,I'm currently in my first year,"The statement indicates the user is currently a student, and since no other university is mentioned, ETH Zurich is assumed as the affiliation per the subreddit default."
Seven_Over_Four,unknown,,0.0,1,,no self-identifying statements found
Severe-Elk-3993,unknown,,0.0,4,,no self-identifying statements found
Severe_Cookie1567,decentral_individual,student,1.0,2,incoming exchange student at ETH,"The user explicitly mentions being an 'incoming exchange student at ETH', which indicates a current affiliation with ETH Zurich. The mention of 'exchange student' does not override the current ETH affiliation, and no other institution is named as their current role."
Severe_Rock3301,unknown,,0.0,1,,no self-identifying statements found
Sexy_M_F,unknown,,0.0,3,,no self-identifying statements found
ShadowVerses,external_individual,other,0.5,4,T20 school in the US,"The user explicitly mentions graduating from a T20 school in the US, which is a non-ETH institution. No current or upcoming ETH affiliation is mentioned."
ShadowZpeak,unknown,,0.0,2,,no self-identifying statements found
Sharanbasav,unknown,,0.0,1,,no self-identifying statements found
Shoddy_Map5575,unknown,,0.0,1,,no self-identifying statements found
Short_Assignment5601,unknown,,0.0,1,,no self-identifying statements found
Sig_MaGiiK,unknown,,0.0,4,,no self-identifying statements found
SignatureAdvanced916,unknown,,0.0,1,,no self-identifying statements found
Significant-Goose120,decentral_individual,student,0.8,5,started my master's in physics,"The user mentions starting a master's in physics, which implies a current affiliation with a university. Since no specific non-ETH institution is named and the statement does not indicate a prior or concurrent non-ETH affiliation, ETH Zurich is assumed as the home institution."
SignificantShape1593,unknown,,0.0,1,,no self-identifying statements found
Significant_Ad_3918,unknown,,0.0,1,,no self-identifying statements found
Significant_Gap_4788,unknown,,0.0,2,,no self-identifying statements found
Significant_War_2802,unknown,,0.0,3,,no self-identifying statements found
Significant_Way2882,decentral_individual,student,1.0,8,I recently got admitted to both ETH MSc Mathematics and EPFL MSc Financial Engineering,"The user explicitly mentions being admitted to ETH's MSc Mathematics program, which qualifies as a current or upcoming ETH affiliation. Even though they also mention EPFL, the presence of an ETH admission takes precedence and classifies them as decentral_individual/student."
Silentfoxy,unknown,,0.0,1,,no self-identifying statements found
SilverBladeCG,unknown,,0.0,3,,no self-identifying statements found
Simoendli,unknown,,0.0,1,,no self-identifying statements found
Simonjhfgh,unknown,,0.0,9,,no self-identifying statements found
Simozzzo,unknown,,0.0,1,,no self-identifying statements found
Singularitaet_,unknown,,0.0,1,,no self-identifying statements found
SirDamian,unknown,,0.0,2,,no self-identifying statements found
SirJohnSmith,unknown,,0.0,3,,no self-identifying statements found
Skairin,unknown,,0.0,1,,no self-identifying statements found
Slayer10101,decentral_individual,student,1.0,5,I am graduating with MSc at ETH soon,"The user explicitly mentions being a current student at ETH Zurich, with no indication of a non-ETH affiliation or past affiliation."
SlideHammer86,unknown,,0.0,2,,no self-identifying statements found
Slim_Jue,decentral_individual,student,1.0,2,Got accepted to the MS program at ETH.,"The user explicitly mentions being accepted to an ETH program, which takes precedence over any past or concurrent affiliations. This indicates a current or upcoming ETH affiliation."
SmOothOperatOR123456,unknown,,0.0,1,,no self-identifying statements found
Small_Telephone_6587,unknown,,0.0,2,,no self-identifying statements found
Smart-mouth-VLO,unknown,,0.0,1,,no self-identifying statements found
Smephite,unknown,,0.0,1,,no self-identifying statements found
SmitherCH,unknown,,0.0,7,,no self-identifying statements found
SmoothEnjoyer,external_individual,student,0.8,6,a nice Spanish university,The user explicitly mentions studying at a non-ETH institution (a Spanish university) without any current or upcoming ETH affiliation.
Snake_Dog,unknown,,0.2,1,I also had to finance my studies myself and did work during the semester and the semester breaks.,The statement mentions studying and working during semesters but does not explicitly name any university or provide enough context to determine the affiliation. No clear evidence of ETH Zurich or another institution is present.
Snoo40710,unknown,,0.0,1,,no self-identifying statements found
SnooChipmunks2112,unknown,,0.0,6,,no self-identifying statements found
SnooLobsters6170,unknown,,0.0,1,,no self-identifying statements found
SnooRadishes3418,unknown,,0.0,1,,no self-identifying statements found
SnooRobots582,external_individual,student,0.8,2,both from global top 50 universities in Australia,"The user explicitly mentions studying at non-ETH institutions (global top 50 universities in Australia) without naming ETH Zurich, and there is no indication of a current or upcoming ETH affiliation."
SnooTomatoes5729,unknown,,0.0,5,,no self-identifying statements found
SnooTomatoes8722,unknown,,0.0,4,,no self-identifying statements found
SnooWoofers237,unknown,,0.0,3,,no self-identifying statements found
Snoo_90501,unknown,,0.0,1,,no self-identifying statements found
SnowflakeGangster,external_individual,other,0.5,1,you're pursuing a Bachelor's Degree in Sweden; you've been working as a developer for two years in Norway,"The user mentions pursuing a degree in Sweden and working as a developer in Norway, but does not explicitly name ETH Zurich or any other specific university as their current affiliation. The statements imply an external affiliation, but without a named institution, the classification is 'other' under 'external_individual' with moderate confidence."
SockNecessary9116,unknown,,0.0,1,,no self-identifying statements found
SofferPsicol,unknown,,0.0,1,,no self-identifying statements found
Soggy-Pin-1936,unknown,,0.0,5,,no self-identifying statements found
Some-Relationship774,decentral_individual,applicant,0.8,16,I am in the process of submitting my Visa D application for MSc study in ETH,"The user is in the process of applying to ETH for an MSc program, which matches the 'decentral_individual/applicant' category as they have applied to ETH but have not yet confirmed acceptance."
Some-Satisfaction-80,unknown,,0.0,3,,no self-identifying statements found
SomeGuyOnInternet7,unknown,,0.0,1,,no self-identifying statements found
Son_of_a-PreacherMan,unknown,,0.0,2,,no self-identifying statements found
Sorry_Mushroom5493,unknown,,0.0,1,,no self-identifying statements found
Sorry_Warthog_4910,unknown,,0.0,4,,no self-identifying statements found
SoulOfSword_,unknown,,0.0,26,,no self-identifying statements found
SourDough99,unknown,,0.0,1,,no self-identifying statements found
SourProcessing,unknown,,0.0,1,,no self-identifying statements found
SpaceDebri,decentral_individual,student,1.0,4,I have only added my studies at eth zurich so far...,"The user explicitly mentions studying at ETH Zurich, which is the home institution. The statement indicates a current student role at ETH Zurich."
Spare-Twist-9574,unknown,,0.0,2,,no self-identifying statements found
Sparomat,unknown,,0.0,1,,no self-identifying statements found
Specific-Length-9783,unknown,,0.0,6,,no self-identifying statements found
Spesolis421,unknown,,0.0,2,,no self-identifying statements found
Spielopoly,unknown,,0.0,1,,no self-identifying statements found
Spiritual-Freedom-20,unknown,,0.0,1,,no self-identifying statements found
Spiritual-Hat0,unknown,,0.0,5,,no self-identifying statements found
Spiritual_Tailor7698,unknown,,0.0,46,,no self-identifying statements found
Sploter289,unknown,,0.0,1,,no self-identifying statements found
Square_Ad1103,unknown,,0.0,1,,no self-identifying statements found
Srgaala,unknown,,0.0,1,,no self-identifying statements found
Standard_Monitor4291,decentral_individual,student,0.8,3,Some people are not supposed to be studying at eth (me included),"The statement explicitly mentions being a student at ETH Zurich, even though it is phrased sarcastically. The use of 'studying at eth' indicates a current affiliation with ETH Zurich."
Standard_Talk_4670,unknown,,0.0,9,,no self-identifying statements found
StationNo6708,unknown,,0.0,2,,no self-identifying statements found
Status_Emu_5142,unknown,,0.0,1,,no self-identifying statements found
StefanFizyk,former_individual,student,0.8,1,studying at ETH,"The statement refers to past studying at ETH, indicating a former student affiliation."
StephWhatever100,unknown,,0.0,1,,no self-identifying statements found
Stock-Charity-9610,decentral_individual,student,1.0,1,I'm currently writing my Basisprüfungen,"The statement indicates the user is currently engaged in academic activities at ETH Zurich, as Basisprüfungen are part of the ETH Zurich curriculum."
Stomach_Academic,external_individual,other,0.5,1,I’ve moved here from the states,"The statement indicates a move from the United States but does not explicitly mention a university affiliation. However, the absence of any mention of ETH Zurich and the implication of being external (from the states) leads to the classification of 'external_individual/other' with moderate confidence."
Stonks71211,unknown,,0.0,2,,no self-identifying statements found
Street-Cover-2874,unknown,,0.0,1,,no self-identifying statements found
Street-Difficulty-42,unknown,,0.0,6,,no self-identifying statements found
Striking-Desk-7345,unknown,,0.0,3,,no self-identifying statements found
StuffOpening9962,unknown,,0.0,2,,no self-identifying statements found
StuffyDuckLover,unknown,,0.0,1,,no self-identifying statements found
Stunning-Scar-9907,unknown,,0.0,8,,no self-identifying statements found
Stunning_Calendar595,unknown,,0.0,1,,no self-identifying statements found
Subject_Elk_4762,decentral_individual,student,0.9,5,"I am a non-EU citizen studying at ETH, doing Master's in Computer Science","The user explicitly states they are currently studying at ETH Zurich for a Master's in Computer Science, which matches the criteria for decentral_individual/student. Other statements mention past or non-ETH locations but do not override the current ETH affiliation."
Substantial-Leg-9000,decentral_individual,student,0.8,3,CS Bachelor,"The statement mentions studying for a Bachelor's degree in Computer Science, which implies current enrollment at ETH Zurich as per the subreddit default rule."
SubstantialGap7335,unknown,,0.0,4,,no self-identifying statements found
SuccotashCold7114,unknown,,0.0,16,,no self-identifying statements found
Such-Emotion3247,unknown,,0.0,1,,no self-identifying statements found
Such_Negotiation4683,unknown,,0.0,2,,no self-identifying statements found
Such_Return278,unknown,,0.0,3,,no self-identifying statements found
Sudden_Membership491,external_individual,other,0.5,4,I am a Ph.D. holder in Mathematics from India,"The user explicitly mentions holding a Ph.D. from India but does not name a specific university. Since no ETH affiliation is mentioned and the user is not currently affiliated with ETH Zurich, the classification defaults to external_individual/other due to lack of explicit ETH connection."
Sudden_Shopping_735,unknown,,0.0,1,,no self-identifying statements found
Sufficient-Chef5785,external_individual,student,0.8,1,"I’m doing my bachelor in Germany, in the Technical University of Munich","The user explicitly names a non-ETH institution (Technical University of Munich) as their current role, with no current or upcoming ETH connection."
Sufficient-Wave1132,decentral_institutional,,0.5,1,ETH academic here,"The user explicitly identifies as an 'ETH academic', indicating a current affiliation with ETH Zurich. This falls under 'decentral_institutional' as it refers to a role within a department or lab at ETH."
SuggestionSimple1850,unknown,,0.0,2,,no self-identifying statements found
SuisseTea,unknown,,0.0,1,,no self-identifying statements found
SuitableEye4785,unknown,,0.0,1,,no self-identifying statements found
Suitable_Anxiety208,unknown,,0.0,19,,no self-identifying statements found
SultanMJH,unknown,,0.0,3,,no self-identifying statements found
Sunflowerblue123,unknown,,0.0,1,,no self-identifying statements found
Superhero_889,external_individual,other,0.5,1,I hold a Master's degree in Computer Science from a Non-EU country,"The user mentions holding a Master's degree from a Non-EU country, which implies a non-ETH affiliation. However, no specific university is named, so the classification is based on the implicit signal that the degree is from an external institution."
SuperstarRockYou,decentral_individual,applicant,0.8,1,applied for Doctoral Fellowship in Landscape and Architecture studies in ETH Zurich for Fall 2024 entry,"The user explicitly states they have applied to ETH Zurich for a doctoral fellowship, which falls under the 'applicant' subtype under 'decentral_individual'."
SupposedToBeInTheLab,unknown,,0.2,1,No explicit or implicit mention of a university affiliation,"The statement does not provide any information about the user's current or past university affiliation. It only mentions contacting a supervisor and attaching transcripts, which is not sufficient to determine the user's institutional connection."
SusannaDeV,unknown,,0.0,4,,no self-identifying statements found
Suspicious-Positive8,unknown,,0.0,6,,no self-identifying statements found
SuspiciousTea4224,unknown,,0.0,1,,no self-identifying statements found
Suspicious_Jelly_398,unknown,,0.0,3,,no self-identifying statements found
Suspicious_Season_26,unknown,,0.0,1,,no self-identifying statements found
Suspicious_Self8332,unknown,,0.0,14,,no self-identifying statements found
SwaggingtonMcYolo,unknown,,0.0,1,,no self-identifying statements found
Sweet_Reach8318,unknown,,0.0,1,,no self-identifying statements found
SwimmingPen1458,decentral_individual,student,1.0,1,I am currently doing my chemistry bachelor at the ETH,"The user explicitly states they are currently enrolled in a bachelor's program at ETH Zurich, which matches the criteria for a decentral_individual/student."
Swiss-Smarties,unknown,,0.0,1,,no self-identifying statements found
SwissGifted,unknown,,0.0,1,,no self-identifying statements found
Swissaliciouse,unknown,,0.0,2,,no self-identifying statements found
Swisscom8940,unknown,,0.0,2,,no self-identifying statements found
Swissgank,unknown,,0.0,1,,no self-identifying statements found
Sydon-X3,unknown,,0.0,1,,no self-identifying statements found
Syvisaur,unknown,,0.0,3,,no self-identifying statements found
T0MOWN,decentral_individual,student,1.0,7,have had the Cyber Security master here at ETH in mind for a while now,"The user is currently finishing their bachelor's degree and is considering a master's program at ETH Zurich, indicating a current or upcoming ETH affiliation."
TGD187,unknown,,0.0,2,,no self-identifying statements found
THE_CODING_ERA3791,external_individual,student,1.0,2,studying at Indian Institute of Technology,The user explicitly names a non-ETH institution (Indian Institute of Technology) as their current role with no mention of ETH affiliation.
TJuKj7WofKLzBZjt7w9t,unknown,,0.0,1,,no self-identifying statements found
TZKP,unknown,,0.0,6,,no self-identifying statements found
TackomeiI,former_individual,student,0.8,1,I don't attend ETH anymore,"The user explicitly states they no longer attend ETH, indicating a former affiliation. The subtype 'student' is assumed based on the context of attendance, which is commonly associated with students."
Tajuja5,former_individual,student,0.6,1,I studied Biology (also at a different uni in CH),"The user mentions studying in the past and references a different university in Switzerland, but does not explicitly name it. This implies a former affiliation, likely as a student."
Tall_Ladder8399,unknown,,0.0,1,,no self-identifying statements found
Tall_Yogurtcloset797,unknown,,0.0,8,,no self-identifying statements found
Tarobubbly,external_individual,student,0.8,3,I got my Bachelor's in Chemistry from UC Berkeley,"The user explicitly names a non-ETH institution (UC Berkeley) as their current or past role, with no mention of a current or upcoming ETH affiliation."
Tautili,unknown,,0.0,1,,no self-identifying statements found
TechnoWho,unknown,,0.0,1,,no self-identifying statements found
TeeMug__,unknown,,0.0,1,,no self-identifying statements found
TemirTuran,decentral_individual,student,0.8,5,pursue my MSc,"The user mentions starting an MSc program in Zurich, which is strongly associated with ETH Zurich. No other university is named, and the statement implies a current or upcoming ETH affiliation."
TemporaryConfusion53,unknown,,0.0,1,,no self-identifying statements found
Temporary_Ad2328,unknown,,0.0,2,,no self-identifying statements found
Temporary_Privacy,unknown,,0.0,1,,no self-identifying statements found
Tenebraxis,unknown,,0.0,2,,no self-identifying statements found
Tenn_essee,unknown,,0.0,1,,no self-identifying statements found
Tentacled_Whisperer,unknown,,0.0,1,,no self-identifying statements found
Th-Eben,unknown,,0.0,1,,no self-identifying statements found
That_Agent1983,unknown,,0.0,32,,no self-identifying statements found
That_Walrus3455,unknown,,0.0,1,,no self-identifying statements found
The3dsTeoooo,unknown,,0.0,1,,no self-identifying statements found
TheAntisocialMuffin6,decentral_individual,student,1.0,1,Im in my first semester at ethz,"The user explicitly states they are in their first semester at ETH Zurich, indicating a current affiliation with ETH Zurich."
TheDerplessHerp,decentral_individual,postdoc,0.8,1,"Statements imply current involvement with ETH, such as advising on PhD applications and referencing a lab at ETH.","The user references advising on applying for a PhD at ETH and mentions being in a lab with PhD students, indicating a current affiliation with ETH. There is no explicit mention of a non-ETH institution as their current role, and the context aligns with a postdoc or researcher role at ETH."
TheDutchCardist,external_individual,student,0.8,1,studying interdisciplinary Sciences (PCN) at the moment in my first year,"The user explicitly states they are studying at the moment without mentioning ETH Zurich, indicating affiliation with a non-ETH institution."
TheGilrich,unknown,,0.0,1,,no self-identifying statements found
TheInebriati,unknown,,0.0,2,,no self-identifying statements found
TheJacksy,decentral_individual,student,0.9,3,future CBB student,"The user mentions being a 'future CBB student,' which indicates a current or upcoming affiliation with ETH Zurich (CBB is a department at ETH). No external institution is named, and the mention of being a 'future student' aligns with the criteria for decentral_individual/student."
TheJoyfulEccentric,unknown,,0.2,9,No mention of university affiliation,The statements do not provide any information about the user's university affiliation or role.
TheQuantixXx,unknown,,0.0,6,,no self-identifying statements found
TheRealDeal2024,unknown,,0.0,2,,no self-identifying statements found
TheRealEmmek6,unknown,,0.0,3,,no self-identifying statements found
TheRealSaerileth,unknown,,0.0,2,,no self-identifying statements found
TheSquire8221,unknown,,0.0,1,,no self-identifying statements found
TheTomatoes2,unknown,,0.0,73,,no self-identifying statements found
TheVivek,former_individual,student,0.8,8,studied at ETH,"The user explicitly mentions having studied at ETH, indicating a past affiliation. No current affiliation or connection to ETH is stated, so they are classified as a former student."
The_Gobi_1,unknown,,0.0,1,,no self-identifying statements found
The_Ph03n1x_F1r3,unknown,,0.0,6,,no self-identifying statements found
The_Reto,unknown,,0.0,2,,no self-identifying statements found
The_Russian_Racoon,decentral_individual,student,0.9,3,I am currently doing my second semester of masters,"The user explicitly mentions being in their second semester of a master's program, which indicates they are currently enrolled at ETH Zurich as per the subreddit default rule."
Thehockeyplayer,unknown,,0.0,1,,no self-identifying statements found
Then_Magician1002,unknown,,0.0,2,,no self-identifying statements found
These_Honeydew_2570,unknown,,0.0,1,,no self-identifying statements found
Thiagoalbu,unknown,,0.0,3,,no self-identifying statements found
Thick-Revenue-5342,unknown,,0.0,1,,no self-identifying statements found
ThickShift40,unknown,,0.0,2,,no self-identifying statements found
This-Proof-5195,unknown,,0.0,2,,no self-identifying statements found
Thoaishea,unknown,,0.0,1,,no self-identifying statements found
ThomasJAsimov,unknown,,0.0,1,,no self-identifying statements found
ThomasP2000,unknown,,0.0,2,,no self-identifying statements found
Thomas_KT,unknown,,0.0,1,,no self-identifying statements found
Thresh_will_q_you,unknown,,0.0,1,,no self-identifying statements found
ThrowRA_Paul98,former_individual,student,0.8,27,After two years at ETH,"The user explicitly mentions having spent two years at ETH, indicating a past affiliation. They now mention considering a Fachhochschule (FH), which is a non-ETH institution, but this is framed as a future consideration, not a current role. Since the current role is not explicitly named, and the ETH affiliation is in the past, the classification is 'former_individual/student'."
ThrowayGigachad,unknown,,0.0,3,,no self-identifying statements found
TiPrincess,unknown,,0.0,1,,no self-identifying statements found
Tia_Scholar11,unknown,,0.0,1,,no self-identifying statements found
Tierriminator,decentral_individual,student,0.8,2,I studies CS,"The statement indicates the user is currently studying computer science. Since no specific university is mentioned and the default rule applies, ETH Zurich is assumed as the affiliation."
Tight_Net7260,unknown,,0.0,2,,no self-identifying statements found
Tight_Remote_1571,unknown,,0.0,19,,no self-identifying statements found
Timber_77,unknown,,0.0,1,,no self-identifying statements found
Time-Comfortable489,unknown,,0.0,1,,no self-identifying statements found
Timely-Yam7702,unknown,,0.0,1,,no self-identifying statements found
Tiny-Web9536,unknown,,0.0,3,,no self-identifying statements found
TittyStClaire,unknown,,0.0,1,,no self-identifying statements found
ToBe1357,unknown,,0.0,2,,no self-identifying statements found
Tobyey,external_individual,student,0.5,12,friend who switched from ETH CS to Uni CS,"The user mentions a friend who switched from ETH CS to a different university (referred to as 'Uni CS'), indicating that the friend is currently affiliated with a non-ETH institution. The user themselves does not explicitly state their own affiliation, but the context implies they may be external or unknown. However, the presence of a named non-ETH institution (Uni) in the context of a current role (student) provides a moderate signal for external_individual."
Todesnachti,unknown,,0.0,2,,no self-identifying statements found
Tomathor13,unknown,,0.0,1,,no self-identifying statements found
Tomisido,unknown,,0.0,3,,no self-identifying statements found
TopSoft9645,unknown,,0.0,1,,no self-identifying statements found
ToshiakiTakenori,external_individual,student,1.0,4,"I am a master student, major in Information and Communications at a Tokyo Tech","The user explicitly names Tokyo Tech as their current institution, which is a non-ETH university, with no mention of a current or upcoming ETH affiliation."
TotalWorker,unknown,,0.0,1,,no self-identifying statements found
ToxicCooper,unknown,,0.0,4,,no self-identifying statements found
ToxicTop2,unknown,,0.0,1,,no self-identifying statements found
Traditional-Nail-720,unknown,,0.0,2,,no self-identifying statements found
Traditional_Pear_425,decentral_individual,student,0.9,2,D-MATH,"The mention of 'D-MATH' refers to a department at ETH Zurich. The user is looking for a master thesis, which implies they are currently enrolled or accepted at ETH Zurich."
Traditional_Pen_3698,unknown,,0.0,1,,no self-identifying statements found
TrainerCivil,unknown,,0.0,8,,no self-identifying statements found
Training-Area6316,external_individual,student,0.5,5,trying to make the right choice for his university career and my goal is to study at ETH,"The user is currently trying to decide on their university path and has not yet confirmed enrollment at ETH. They have not explicitly named a current non-ETH institution, but their intent to study at ETH in the future does not confirm a current affiliation. Since no current affiliation is explicitly stated, and the user is not yet enrolled at ETH, the classification defaults to external_individual/student with moderate confidence."
Training-Argument-58,decentral_individual,student,0.8,1,going to study in Zurich in September,"The user mentions starting studies in Zurich, which aligns with ETH Zurich as the home institution. No other university is explicitly named as their current or upcoming affiliation."
Training-Bake-4004,unknown,,0.0,1,,no self-identifying statements found
Training-Jaguar-901,unknown,,0.0,1,,no self-identifying statements found
Training-Upstairs518,unknown,,0.0,23,,no self-identifying statements found
TransportationFast50,unknown,,0.0,4,,no self-identifying statements found
TrashAdvanced84,unknown,,0.0,1,,no self-identifying statements found
Trendios,unknown,,0.0,3,,no self-identifying statements found
TribeWars,unknown,,0.0,2,,no self-identifying statements found
TriboarHiking,unknown,,0.0,2,,no self-identifying statements found
TrickyBench,former_individual,student,0.6,1,When i was studying,"The statement refers to a past experience of studying, indicating the user was a student at some point, but does not explicitly name a current or past institution. Based on the context, the user is likely referring to a past affiliation, and since no specific university is named, 'former_individual/student' is the most appropriate classification with moderate confidence."
TrickyEstate6128,unknown,,0.0,1,,no self-identifying statements found
Tricky_Poetry847,unknown,,0.0,1,,no self-identifying statements found
Triple_L_Master,unknown,,0.0,1,,no self-identifying statements found
Tritiumoxid,unknown,,0.0,6,,no self-identifying statements found
Troste69,unknown,,0.0,4,,no self-identifying statements found
True_Cupcake2634,decentral_individual,student,1.0,5,now do the Robotics Master at ETHZ,"The user explicitly states they are currently enrolled in the Robotics Master program at ETH Zurich, which takes precedence over their prior affiliation with RWTH Aachen."
TrumpfBuur,unknown,,0.0,1,,no self-identifying statements found
Trzyq0712,unknown,,0.0,1,,no self-identifying statements found
Tsgoat,unknown,,0.0,1,,no self-identifying statements found
Turbulent-Point-3341,unknown,,0.0,1,,no self-identifying statements found
TurnAdministrative60,unknown,,0.0,1,,no self-identifying statements found
Tuscany_kangale564,unknown,,0.0,1,,no self-identifying statements found
Typical_North5046,decentral_individual,student,1.0,1,I‘m 2. semester CSE,"The statement indicates the user is currently in their 2nd semester of a CSE program. Since no other university is mentioned and ETH Zurich is the default for r/ethz posts, the affiliation is assumed to be ETH Zurich."
Ue-De-yeh,unknown,,0.0,1,,no self-identifying statements found
Ukula_69,decentral_individual,student,1.0,1,2nd year ITET student here,"The user explicitly mentions being a student in their second year at ITET, which is a program at ETH Zurich. This indicates a current affiliation with ETH Zurich."
UnableLettuce344,unknown,,0.0,3,,no self-identifying statements found
UncharteredComic,unknown,,0.0,3,,no self-identifying statements found
UnderstandingNo8613,unknown,,0.0,2,,no self-identifying statements found
Unhappy-Froyo8828,external_individual,other,0.5,4,I did my undergraduate in Germany.,"The user mentions studying in Germany but does not specify a particular university. Since no ETH affiliation is mentioned and the statement refers to a past degree, it is classified as external_individual/other with moderate confidence."
Unhappy_Doubt_355,unknown,,0.0,2,,no self-identifying statements found
UniqGamora,unknown,,0.0,7,,no self-identifying statements found
Unique_username_7171,unknown,,0.0,2,,no self-identifying statements found
UnluckyInvestment893,unknown,,0.0,1,,no self-identifying statements found
Upbeat_Hat1089,unknown,,0.0,2,,no self-identifying statements found
Upset-Crazy-4913,decentral_individual,student,0.8,8,ETHs low tuition fees and the fact that it is a 2 year program makes it the most interesting choice,"The user is considering studying at ETH, which is the home institution. They have not explicitly named a non-ETH institution as their current role, and the statement indicates interest in enrolling at ETH, which qualifies as a current or upcoming ETH affiliation."
Upstairs-Chest6736,decentral_individual,student,0.8,1,I'm still deciding if I'm gonna start Pharmazeutische Wissenschaften this Fallsemester,"The statement indicates the user is considering starting a program (Pharmazeutische Wissenschaften) at ETH Zurich, which is the default institution for r/ethz posts. No other university is explicitly named, and the context implies a current or upcoming ETH affiliation."
Upstairs-Chipmunk579,unknown,,0.0,1,,no self-identifying statements found
Ur_M0m_420_,unknown,,0.0,1,,no self-identifying statements found
Used-Implement9108,decentral_individual,student,1.0,5,I'm already accepted and registered starting September 2024; I got accepted to MSc at ETHZ; I'm going to do MSc Bioinformatics at ETHZ,"The user explicitly states they are accepted and registered at ETHZ for an upcoming MSc program, which confirms a current or upcoming ETH affiliation. This matches rule B in the decision tree, and the subtype 'student' is appropriate for an MSc program."
Usual-Royal1804,external_individual,other,0.5,11,apprenticeship with a Federal Diploma in an industrial R&D environment,"The user is currently in an apprenticeship and has no explicit current or upcoming ETH affiliation. They mention thinking about attending ETH in two years, but this is not a confirmed current or upcoming affiliation. The evidence points to an external individual with no clear ETH connection at the moment."
Usual_Opposite_5022,unknown,,0.0,30,,no self-identifying statements found
Valentin_el_Patron,unknown,,0.0,2,,no self-identifying statements found
Valfaros,unknown,,0.0,5,,no self-identifying statements found
Vallaaris,unknown,,0.0,1,,no self-identifying statements found
Valuable-Still-3187,unknown,,0.0,1,,no self-identifying statements found
Valuevow,unknown,,0.0,2,,no self-identifying statements found
VanillaTrue452,unknown,,0.0,1,,no self-identifying statements found
VastStandard6769,unknown,,0.0,17,,no self-identifying statements found
VeganBaguette,unknown,,0.0,1,,no self-identifying statements found
Vegetable-Brother-31,unknown,,0.0,1,,no self-identifying statements found
VegetableBike3537,unknown,,0.0,2,,no self-identifying statements found
Vegetable_Collar_565,unknown,,0.0,1,,no self-identifying statements found
Vegetable_Meal_1781,unknown,,0.0,1,,no self-identifying statements found
Vergnossworzler,unknown,,0.0,10,,no self-identifying statements found
VermicelliStill7625,decentral_individual,student,1.0,9,Physics MSc student here,"The user explicitly identifies as a student in a master's program. Since no other university is mentioned and ETH Zurich is the default for r/ethz posts, the affiliation is assumed to be ETH Zurich."
Versailles_ro,unknown,,0.0,1,,no self-identifying statements found
VeterinarianOk6275,unknown,,0.0,1,,no self-identifying statements found
Vincenz0ne,decentral_individual,student,0.8,11,I would have lectures at the ETH central building,The statement 'I would have lectures at the ETH central building' indicates that the user is currently a student at ETH Zurich. The other statements do not provide evidence of a non-ETH affiliation or a past affiliation.
Virgilontheway,unknown,,0.0,1,,no self-identifying statements found
VirtualPanic6798,unknown,,0.0,5,,no self-identifying statements found
Virtual_Decision_898,unknown,,0.0,1,,no self-identifying statements found
Virtual_Yoghurt_5300,unknown,,0.0,1,,no self-identifying statements found
VirusTechnical69,unknown,,0.2,1,I live there,The statement does not provide any information about the user's university affiliation or role.
Visual-Set-2736,unknown,,0.0,1,,no self-identifying statements found
Voda06,unknown,,0.0,2,,no self-identifying statements found
Volameter,external_individual,student,0.8,2,I currently study Pharmacy at a Swiss University (University of Bern),"The user explicitly names the University of Bern as their current institution, which is a non-ETH university. This satisfies the condition for 'external_individual' with the subtype 'student'."
Vontaxis,unknown,,0.0,1,,no self-identifying statements found
VoyagerViaPasserby,unknown,,0.0,1,,no self-identifying statements found
VulpesVulpes001,unknown,,0.0,5,,no self-identifying statements found
W47erM01e,unknown,,0.0,4,,no self-identifying statements found
WEAluka,former_individual,student,0.9,3,Stepping out of ETHZ with a degree,"The statement indicates that the user has graduated from ETH Zurich, which makes them a former student."
WZZ410A,unknown,,0.0,2,,no self-identifying statements found
Wacern,decentral_individual,student,0.8,4,Admitted to the Science Technology and Policy Master,"The user explicitly mentions being admitted to a master's program at ETH Zurich (implied by the context of the subreddit and the program name), which indicates a current or upcoming ETH affiliation. This satisfies condition B of the decision tree, leading to 'decentral_individual/student'."
Walk_EmDown,unknown,,0.0,2,,no self-identifying statements found
Waltekin,unknown,,0.0,1,,no self-identifying statements found
Warm_Advantage_2337,unknown,,0.0,2,,no self-identifying statements found
WatchmeDoc,unknown,,0.0,1,,no self-identifying statements found
WeWaagh,unknown,,0.0,6,,no self-identifying statements found
Weak_Tea_5505,unknown,,0.0,1,,no self-identifying statements found
WeaknessDistinct4618,external_individual,other,0.5,2,I work for one of them.,"The statement is vague and does not explicitly name a university, but it implies affiliation with an external institution (""one of them""), which is not ETH Zurich. This is a weak signal for external affiliation."
WeightPurple4515,unknown,,0.0,1,,no self-identifying statements found
WeirdBalloonLights,unknown,,0.0,1,,no self-identifying statements found
Welcie,unknown,,0.0,4,,no self-identifying statements found
West-Instruction-577,external_individual,student,0.5,3,I studied in both institutions before.,"The statement mentions studying in 'both institutions' but does not explicitly name any specific non-ETH institution as the current role. However, the use of 'studied' implies a past affiliation, and the lack of any explicit current ETH affiliation leads to the classification of 'external_individual' with a subtype of 'student' based on the implicit signal."
Western_Gear5643,unknown,,0.0,3,,no self-identifying statements found
Wew1800,decentral_individual,student,1.0,8,study at eth,"The statement explicitly mentions 'study at eth', indicating a current student affiliation with ETH Zurich."
WhichConcentrate9451,unknown,,0.0,1,,no self-identifying statements found
WhiskeyDolphine,unknown,,0.0,1,,no self-identifying statements found
White_TCR,unknown,,0.0,1,,no self-identifying statements found
Whole-Library-59,unknown,,0.0,5,,no self-identifying statements found
Whole_Leadership_100,unknown,,0.0,6,,no self-identifying statements found
WhyNotCollegeBoard,unknown,,0.0,1,,no self-identifying statements found
WildlifePhysics,external_individual,researcher,0.8,1,direct research experience at both MIT and EPFL/ETH labs,"The user explicitly mentions research experience at MIT and EPFL/ETH labs, but does not indicate a current affiliation with ETH. Since they name a non-ETH institution (MIT) as their current role, they are classified as external_individual."
Willing-Tomorrow-380,unknown,,0.0,3,,no self-identifying statements found
WindowAromatic6228,unknown,,0.0,1,,no self-identifying statements found
Wise-Command2807,unknown,,0.0,6,,no self-identifying statements found
Wise_whisper_,unknown,,0.0,7,,no self-identifying statements found
WiselyIndeed,unknown,,0.0,2,,no self-identifying statements found
WishboneNo4583,decentral_individual,student,0.8,4,I’m studying psychology,"The user mentions studying without naming a specific university. According to the rules, if a statement mentions studying without naming a specific other university, assume ETH Zurich."
Witty-Direction6756,decentral_individual,applicant,0.8,1,I want to apply for a PhD here,"The user explicitly states their intention to apply for a PhD at ETH Zurich, which is the home institution. This indicates a current application status without confirmation of acceptance, fitting the 'applicant' subtype under 'decentral_individual'."
Witty_Reality_7065,decentral_individual,student,1.0,1,enrolled in the electrical engineering program at D-ITET,"The user explicitly states they are currently enrolled in a program at D-ITET, which is a department at ETH Zurich. This confirms a current ETH affiliation."
WizardyJohnny,decentral_individual,student,1.0,7,I am doing my Master's degree request right now,"The statement indicates the user is currently enrolled in a Master's program. Since no specific external university is named and the default rule applies (ETH Zurich is the home institution), the affiliation is assumed to be ETH Zurich."
WolfInner7540,unknown,,0.0,1,,no self-identifying statements found
Wonder_human9225,unknown,,0.0,1,,no self-identifying statements found
Wonderful-Comment558,decentral_individual,student,1.0,1,I'm doing a Mechanical Engineering MSc,"The statement indicates the user is currently studying for an MSc in Mechanical Engineering. Since no other university is mentioned and ETH Zurich is the default for r/ethz posts, the affiliation is assumed to be ETH Zurich."
Wonderful-Edge-2883,unknown,,0.0,1,,no self-identifying statements found
Wonderful-Train-465,unknown,,0.0,1,,no self-identifying statements found
Wonderful_Dirt5069,unknown,,0.0,1,,no self-identifying statements found
Wonderful_Setting195,unknown,,0.0,1,,no self-identifying statements found
Working-Ad5682,unknown,,0.0,2,,no self-identifying statements found
Working_Proposal7261,unknown,,0.0,1,,no self-identifying statements found
WorldML,unknown,,0.0,1,,no self-identifying statements found
WorldlyDetective4257,unknown,,0.0,6,,no self-identifying statements found
Worldly_Mango4543,unknown,,0.0,2,,no self-identifying statements found
Worried_Guarantee_98,unknown,,0.0,1,,no self-identifying statements found
WorthPersonalitys,unknown,,0.0,1,,no self-identifying statements found
WrathOfTheKressh,unknown,,0.0,1,,no self-identifying statements found
Wrong-Adagio-511,unknown,,0.0,4,,no self-identifying statements found
WrongSeaworthiness60,external_individual,student,0.8,4,University: Technical University of Munich,"The user explicitly names a non-ETH institution (Technical University of Munich) as their current university affiliation, with no mention of a current or upcoming ETH connection."
XH4869,decentral_institutional,department_or_lab,1.0,1,I'm in D-BAUG,"D-BAUG is a department at ETH Zurich, and the user is currently affiliated with it."
Xandalf23,unknown,,0.0,1,,no self-identifying statements found
Xenon_Vrykolakas,unknown,,0.0,1,,no self-identifying statements found
Xpert_Ash,unknown,,0.0,3,,no self-identifying statements found
XxXJEFF_XDXxX,unknown,,0.0,2,,no self-identifying statements found
YeesusFistus,unknown,,0.0,27,,no self-identifying statements found
Yogurt_Motor,unknown,,0.0,1,,no self-identifying statements found
Ythion,unknown,,0.0,42,,no self-identifying statements found
Yunikk_sc2,unknown,,0.0,3,,no self-identifying statements found
Zainto,unknown,,0.0,1,,no self-identifying statements found
Zankoku96,unknown,,0.0,1,,no self-identifying statements found
Zealousideal-Dog1156,unknown,,0.0,7,,no self-identifying statements found
Zealousideal_Soft298,unknown,,0.0,1,,no self-identifying statements found
Zenith_Predator,unknown,,0.0,7,,no self-identifying statements found
ZeoChill,unknown,,0.0,3,,no self-identifying statements found
Zestyclose_Taro_136,unknown,,0.0,1,,no self-identifying statements found
Zoeeyyy1234,unknown,,0.0,1,,no self-identifying statements found
Zuuuuuuuuuuuuuuuuul,unknown,,0.0,2,,no self-identifying statements found
Zz_TiMeZz,unknown,,0.0,1,,no self-identifying statements found
_BarelyAcceptable_,unknown,,0.0,4,,no self-identifying statements found
_Blurgh_,unknown,,0.0,1,,no self-identifying statements found
_Hurdy_Gurdy_,unknown,,0.0,1,,no self-identifying statements found
_Swideru,unknown,,0.0,3,,no self-identifying statements found
_TitanoPigro_,unknown,,0.0,1,,no self-identifying statements found
__Reddidiot__,external_individual,student,0.8,1,"I am Swiss and could have gone to ETH, but decided to go to EPFL","The user explicitly states they chose EPFL over ETH and are currently affiliated with EPFL, indicating a current non-ETH affiliation."
__deadpoet__,unknown,,0.0,5,,no self-identifying statements found
_blueye_,unknown,,0.0,2,,no self-identifying statements found
_fairychicken58,unknown,,0.0,2,,no self-identifying statements found
_mortal_chaos_,unknown,,0.0,4,,no self-identifying statements found
_mostdefinitelynot,unknown,,0.2,11,No explicit or implicit university affiliation mentioned,"The statements do not mention any university affiliation, current or past, and do not provide enough context to infer one."
_null__,decentral_individual,student,0.8,1,MSc Cybersec/Data mgmt systems here,"The statement 'MSc Cybersec/Data mgmt systems here' indicates the user is currently enrolled in a master's program at ETH Zurich, as the subreddit r/ethz is associated with ETH Zurich and the statement does not mention any other institution."
_oscarstott,unknown,,0.0,1,,no self-identifying statements found
_random__redditor,unknown,,0.0,1,,no self-identifying statements found
_shadow_moon_,unknown,,0.0,9,,no self-identifying statements found
_white_noise,unknown,,0.0,1,,no self-identifying statements found
a_smilingpsycho,unknown,,0.0,2,,no self-identifying statements found
aaTONI,unknown,,0.0,2,,no self-identifying statements found
aaarbeikop,unknown,,0.0,5,,no self-identifying statements found
aashnalize,unknown,,0.0,1,,no self-identifying statements found
abcdefmoi,unknown,,0.0,2,,no self-identifying statements found
academiaswiss,decentral_individual,applicant,0.8,1,looking forward to do my undergrad in medicine from eth Zurich after a drop year,"The user explicitly mentions planning to start an undergraduate program at ETH Zurich after a drop year, indicating an upcoming ETH affiliation. This fits the 'decentral_individual/applicant' category as they have not yet been accepted but are planning to enroll."
acemep,decentral_individual,student,1.0,1,I'm now in my second year of the CSE BSc.,"The statement indicates the user is currently enrolled in the CSE BSc program at ETH Zurich, as per the subreddit's default rule that mentions studying without naming a specific other university implies ETH Zurich."
acespaceingout,unknown,,0.0,1,,no self-identifying statements found
acro_albaner,external_individual,student,0.5,1,I did my Bachelors at a FH,The user mentions studying at a non-ETH institution (FH) without any current or upcoming ETH affiliation. This aligns with the 'external_individual' classification.
adambolamdesenyz,unknown,,0.0,2,,no self-identifying statements found
adventurousgirl3,unknown,,0.0,6,,no self-identifying statements found
aebelge1,unknown,,0.0,6,,no self-identifying statements found
aedlearndl,external_individual,student,1.0,4,I am an international MSc student in data science and engineering at Politecnico di Torino,The user explicitly names a non-ETH institution (Politecnico di Torino) as their current role with no mention of ETH affiliation.
ai4bing,unknown,,0.0,3,,no self-identifying statements found
aieidotch,unknown,,0.0,3,,no self-identifying statements found
ajnosz120,unknown,,0.0,1,,no self-identifying statements found
akhenator,unknown,,0.0,1,,no self-identifying statements found
alberet06,decentral_individual,student,0.8,1,I'm doing a master's degree in architecture,"The statement mentions studying for a master's degree without naming a specific university. According to the rules, if a user mentions studying, doing a PhD/master/bachelor/thesis, or working as a researcher without naming a specific other university, ETH Zurich is assumed as the home institution."
ale86ch,unknown,,0.0,3,,no self-identifying statements found
ale_skrt,decentral_individual,student,1.0,4,I'm starting my Master's in CS in September,"The user mentions starting a Master's program in September, which indicates a current or upcoming affiliation with ETH Zurich as per the subreddit default rule."
alepetitti,unknown,,0.0,10,,no self-identifying statements found
alexfuchs2020,unknown,,0.0,2,,no self-identifying statements found
allornkcor,unknown,,0.0,1,,no self-identifying statements found
alphahighendpro,unknown,,0.0,1,,no self-identifying statements found
amajusk,unknown,,0.0,2,,no self-identifying statements found
amogus_guy1904,unknown,,0.0,58,,no self-identifying statements found
amtz_____,unknown,,0.0,1,,no self-identifying statements found
an-ordinary-manchild,unknown,,0.0,3,,no self-identifying statements found
andich,unknown,,0.0,1,,no self-identifying statements found
andre_zanna_01,unknown,,0.0,1,,no self-identifying statements found
andreas16700,unknown,,0.0,1,,no self-identifying statements found
andris907,unknown,,0.0,4,,no self-identifying statements found
angelomirkovic,decentral_individual,student,0.8,2,Im on exchange here currently.,"The statement indicates the user is currently on exchange at ETH Zurich, which is the home institution. No other university is explicitly named, and the use of 'here' implies ETH Zurich."
anikook,unknown,,0.0,1,,no self-identifying statements found
anonymous-311,unknown,,0.0,16,,no self-identifying statements found
anonymous3953294,unknown,,0.0,1,,no self-identifying statements found
anoymous_dreamer,unknown,,0.0,1,,no self-identifying statements found
anthunter7,unknown,,0.0,1,,no self-identifying statements found
anxious_human_431231,former_individual,student,0.8,2,I studied in stockholm university and at eth,"The user mentions having studied at Stockholm University and ETH, but since the statement is in the past tense and does not indicate a current affiliation with ETH, the classification is 'former_individual/student'."
aorozco1996,external_individual,student,0.8,2,I went to Purdue for undergrad; I have a Comp. E Bachelors from Purdue,"The user explicitly mentions studying at Purdue University for their undergraduate degree, which is a non-ETH institution. There is no mention of a current or upcoming affiliation with ETH Zurich."
aparchure,unknown,,0.0,2,,no self-identifying statements found
apotropaica,unknown,,0.0,4,,no self-identifying statements found
arbobendik,unknown,,0.0,7,,no self-identifying statements found
areomigeo,decentral_individual,applicant,0.7,6,applied to MSc Nuclear Engineering,"The user explicitly mentions applying to an MSc program at ETHZ, which indicates they are an applicant for a current or upcoming ETH affiliation."
arifsiam,unknown,,0.0,1,,no self-identifying statements found
arisaurusrex,unknown,,0.0,1,,no self-identifying statements found
arjuna66671,unknown,,0.0,1,,no self-identifying statements found
artha_penn_,unknown,,0.0,2,,no self-identifying statements found
arturoEE,unknown,,0.0,1,,no self-identifying statements found
asdfg_lkjh,unknown,,0.0,8,,no self-identifying statements found
asdfghjkl12345678996,unknown,,0.0,1,,no self-identifying statements found
asianpeoplesinging,unknown,,0.0,1,,no self-identifying statements found
askswitzerland,unknown,,0.0,6,,no self-identifying statements found
asozzi,unknown,,0.0,1,,no self-identifying statements found
aspa34,unknown,,0.0,1,,no self-identifying statements found
asphtk,unknown,,0.0,5,,no self-identifying statements found
asurasiva,unknown,,0.0,1,,no self-identifying statements found
aswin997,unknown,,0.0,4,,no self-identifying statements found
athvasilopoulos,unknown,,0.0,3,,no self-identifying statements found
atrusdaskoenig,external_individual,student,0.5,1,now I am studying math,"The user mentions they are currently studying math but does not explicitly name a university. However, since they do not mention ETH Zurich and the context implies a non-ETH affiliation (based on the default rule), they are classified as external_individual/student."
attalgreg,external_individual,student,0.8,1,I was a Bachelor's student at EPFL,"The user explicitly mentions being a student at EPFL, a non-ETH institution, and the statement is in the past tense, indicating no current affiliation with ETH Zurich."
authentichooman,unknown,,0.0,8,,no self-identifying statements found
averysaltyburrito,unknown,,0.0,1,,no self-identifying statements found
avgnamasendaenjoyer,unknown,,0.0,0,,no text content available
aviviel,unknown,,0.0,1,,no self-identifying statements found
avogadro-,unknown,,0.0,2,,no self-identifying statements found
avokadolainen,external_individual,student,0.8,2,graduated from a Master’s program (UZH),"The user explicitly mentions graduating from UZH, a non-ETH institution, and does not indicate a current ETH affiliation. The second statement refers to a potential future PhD at ETH, but since it is not confirmed or current, it does not override the past affiliation with UZH."
avonburger,unknown,,0.0,11,,no self-identifying statements found
b0sstweed,decentral_individual,postdoc,0.8,2,moved to ETH as a postdoc,"The user explicitly mentions being a postdoc at ETH Zurich, which is the home institution. Prior education at UCLA is mentioned but does not override the current affiliation at ETH."
b3MxZG8R3C9GRTHV,unknown,,0.0,1,,no self-identifying statements found
ba-13,unknown,,0.0,1,,no self-identifying statements found
back_again13,unknown,,0.0,1,,no self-identifying statements found
backgammon_no,unknown,,0.0,1,,no self-identifying statements found
badUFO,unknown,,0.0,1,,no self-identifying statements found
bafe,unknown,,0.0,3,,no self-identifying statements found
barberousse1122,unknown,,0.0,2,,no self-identifying statements found
barthii,unknown,,0.0,2,,no self-identifying statements found
basicberkeleybitch,unknown,,0.0,2,,no self-identifying statements found
bbbf01,unknown,,0.0,2,,no self-identifying statements found
bbvs247,decentral_individual,student,1.0,4,I am currently in my first year of my chemical engineering bachelor,"The statement indicates the user is currently enrolled in a bachelor's program. Since no other university is mentioned and ETH Zurich is the default for r/ethz posts, the affiliation is assumed to be ETH Zurich."
bdaikis,unknown,,0.0,2,,no self-identifying statements found
beachwavesshrimp,unknown,,0.0,3,,no self-identifying statements found
beeartic,unknown,,0.0,1,,no self-identifying statements found
beingmisogynist,unknown,,0.0,1,,no self-identifying statements found
bennellis1,unknown,,0.0,4,,no self-identifying statements found
benutzername127,unknown,,0.0,7,,no self-identifying statements found
berriesandcigars,unknown,,0.0,1,,no self-identifying statements found
beyond1980,unknown,,0.0,1,,no self-identifying statements found
big_skapinsky,unknown,,0.0,1,,no self-identifying statements found
bigboy3126,unknown,,0.0,2,,no self-identifying statements found
bigfr0g,unknown,,0.0,2,,no self-identifying statements found
biggelone,external_individual,other,0.5,3,I did HEST but a few years ago already; I came from a (competitive) language school,"The user mentions HEST (a language school) and a competitive language school, but does not explicitly name a university. However, the absence of any ETH affiliation and the presence of a language school background suggests an external individual with no clear university affiliation."
biglarrypoo,unknown,,0.0,1,,no self-identifying statements found
bil-y,external_individual,student,0.5,8,I did my Bachelor's in a rather small programme (CSE),"The statement mentions completing a Bachelor's degree but does not explicitly name ETH Zurich or any other institution. However, the use of 'did my Bachelor's' implies a past affiliation, and since no current affiliation with ETH is mentioned, it is classified as external_individual with a subtype of student."
biologicalwastehere,unknown,,0.0,22,,no self-identifying statements found
bitchmuchannon_,unknown,,0.0,1,,no self-identifying statements found
bl3achl4sagna,unknown,,0.0,14,,no self-identifying statements found
bleulivide,unknown,,0.0,1,,no self-identifying statements found
blueswancsgo,former_individual,student,0.8,2,I studied Architecture for 1 year at ETH,"The user explicitly mentions studying at ETH in the past, indicating a former affiliation as a student."
blvckb1rd,unknown,,0.2,10,I tried 600CHF (excluding rent) for a bit when I was 21 and qualified for all kinds of discounts,"The statement does not mention any university affiliation, current or past, and provides no explicit or implicit evidence of being a student, researcher, or affiliated with any institution."
bobailike,unknown,,0.0,1,,no self-identifying statements found
bomboloco,unknown,,0.0,3,,no self-identifying statements found
bonkersforevers,decentral_individual,student,1.0,1,We are two architecture students who are exploring the potentials of ETH Zentrum buildings as part of a studio project.,"The user explicitly identifies as a student at ETH Zurich, referring to ETH Zentrum buildings as part of a studio project, which indicates current enrollment at ETH Zurich."
boomersimpattack,unknown,,0.0,1,,no self-identifying statements found
bottle_of_pastas,unknown,,0.0,4,,no self-identifying statements found
bozaro_za_rokku,unknown,,0.0,1,,no self-identifying statements found
brg119,unknown,,0.0,4,,no self-identifying statements found
bringbackDM2,unknown,,0.0,34,,no self-identifying statements found
broesmmeli-99,unknown,,0.0,8,,no self-identifying statements found
browncatnip,unknown,,0.0,5,,no self-identifying statements found
bsaverio,central_institutional,administrative_body,1.0,4,I am a senior scientist and a PI at ETH. I am an ETH lecturer,"The user explicitly identifies themselves as being affiliated with ETH Zurich in current roles (senior scientist, PI, lecturer), which aligns with the central institutional voice type."
bumble_bianc,decentral_individual,applicant,0.8,5,I applied to masters of earth science and had my ESOP interview yesterday!,"The user explicitly mentions applying to a master's program at ETH Zurich (implied by 'ESOP' and the context of the statement), which fits the 'decentral_individual/applicant' category."
cantfindapseudo26,unknown,,0.0,1,,no self-identifying statements found
capital-man,unknown,,0.0,3,,no self-identifying statements found
cariprazine1,unknown,,0.0,1,,no self-identifying statements found
caslea94,unknown,,0.0,1,,no self-identifying statements found
cat_ass_trophy_91,unknown,,0.0,2,,no self-identifying statements found
cecedede1,unknown,,0.0,2,,no self-identifying statements found
cfdismypassion,unknown,,0.0,1,,no self-identifying statements found
chaneloptional,unknown,,0.0,19,,no self-identifying statements found
chapcoin,unknown,,0.0,6,,no self-identifying statements found
chatscheder,unknown,,0.0,1,,no self-identifying statements found
checklistfanatic,unknown,,0.0,1,,no self-identifying statements found
chiubicheib,unknown,,0.0,6,,no self-identifying statements found
chrisly227,unknown,,0.0,4,,no self-identifying statements found
chrismclp,unknown,,0.0,1,,no self-identifying statements found
chuchupic,unknown,,0.0,6,,no self-identifying statements found
churel98,unknown,,0.0,17,,no self-identifying statements found
clay_me,unknown,,0.0,2,,no self-identifying statements found
cocaine_and_h00kers,unknown,,0.0,2,,no self-identifying statements found
compassWorn,unknown,,0.0,1,,no self-identifying statements found
compozitez,unknown,,0.0,2,,no self-identifying statements found
compsciguy__,unknown,,0.0,1,,no self-identifying statements found
conradkun,unknown,,0.0,3,,no self-identifying statements found
copyrightlover,unknown,,0.2,10,"statements about high school, LGS exam, and dorm life","The user mentions being a 10th-grade student, taking the LGS exam, and living in a dorm at age 13, which indicates they are still in high school and not affiliated with a university. No university is explicitly named, and the context suggests they are not yet enrolled in a university program."
corny96,unknown,,0.0,27,,no self-identifying statements found
cosbay,unknown,,0.0,1,,no self-identifying statements found
crashwinston,unknown,,0.0,2,,no self-identifying statements found
cratstatna,external_individual,student,0.8,4,graduated from Berkeley,"The user explicitly mentions graduating from Berkeley, a non-ETH institution, and does not indicate any current or upcoming ETH affiliation."
crimson1206,unknown,,0.0,30,,no self-identifying statements found
crispin97,unknown,,0.0,1,,no self-identifying statements found
crowchan114514,unknown,,0.0,2,,no self-identifying statements found
crunshysalt,unknown,,0.0,1,,no self-identifying statements found
cryptocrypto0815,unknown,,0.0,3,,no self-identifying statements found
csueiras,unknown,,0.0,1,,no self-identifying statements found
curiossceptic,unknown,,0.0,32,,no self-identifying statements found
cwinparr,unknown,,0.0,1,,no self-identifying statements found
cwormer,decentral_individual,postdoc,0.8,1,now doing my first postdoc in ETH,"The user explicitly states they are currently doing a postdoc at ETH Zurich, which is the home institution. Prior PhD at a non-ETH institution does not override the current ETH affiliation."
cyrilp21,unknown,,0.0,2,,no self-identifying statements found
d3nizy,unknown,,0.0,1,,no self-identifying statements found
da_f0511,unknown,,0.0,4,,no self-identifying statements found
dag00dag33,unknown,,0.0,1,,no self-identifying statements found
damanfordajobb,unknown,,0.0,2,,no self-identifying statements found
damianUHX,unknown,,0.0,1,,no self-identifying statements found
danholics,unknown,,0.0,1,,no self-identifying statements found
daromz_,unknown,,0.0,1,,no self-identifying statements found
dath_bane,unknown,,0.0,2,,no self-identifying statements found
dav_the_vader,unknown,,0.0,1,,no self-identifying statements found
davidTheEngineer,external_individual,student,0.8,1,US university,"The user explicitly mentions being at a US university and working on their master's thesis, indicating a current affiliation with a non-ETH institution."
davincix,unknown,,0.0,1,,no self-identifying statements found
dawnstrata1996,unknown,,0.0,7,,no self-identifying statements found
db600db,decentral_individual,student,0.8,5,changed to ETHZ,"The user explicitly mentions changing to ETH Zurich for their master's, indicating a current affiliation with ETH Zurich."
dddanielllll,external_individual,,0.5,4,"I applied before even graduating, from the University of Cagliari","The user explicitly mentions applying from the University of Cagliari, a non-ETH institution, with no indication of a current or upcoming ETH affiliation."
dddtry,unknown,,0.0,1,,no self-identifying statements found
dead_by_aprl,decentral_individual,applicant,0.8,1,I am applying for a PhD position in ETH Zurich,"The user explicitly states they are applying for a PhD position at ETH Zurich, which indicates a current application status without confirmed acceptance."
decaillv,unknown,,0.0,1,,no self-identifying statements found
deruben,unknown,,0.0,2,,no self-identifying statements found
devshah19,unknown,,0.0,6,,no self-identifying statements found
dilutedblacktea,unknown,,0.0,1,,no self-identifying statements found
dimitriglaukon,unknown,,0.0,2,,no self-identifying statements found
dimsum69420,unknown,,0.0,5,,no self-identifying statements found
dinhth,unknown,,0.0,2,,no self-identifying statements found
dinimuetterrr,unknown,,0.0,4,,no self-identifying statements found
divergence_of_curl,unknown,,0.0,6,,no self-identifying statements found
domijeri,unknown,,0.0,1,,no self-identifying statements found
doudoualexou,unknown,,0.0,2,,no self-identifying statements found
doyoueven1996,unknown,,0.0,2,,no self-identifying statements found
drsnoggles,unknown,,0.0,1,,no self-identifying statements found
dumogin,unknown,,0.0,2,,no self-identifying statements found
dust-and-disquiet,unknown,,0.0,1,,no self-identifying statements found
ebes_77,unknown,,0.0,18,,no self-identifying statements found
ecchi4ever,unknown,,0.0,13,,no self-identifying statements found
eclipseflyer,unknown,,0.0,1,,no self-identifying statements found
ecologist23,unknown,,0.0,2,,no self-identifying statements found
eee_bume,former_individual,student,0.8,2,I did my bachelors and masters at ETH.,"The user mentions completing their bachelor's and master's degrees at ETH, indicating a past affiliation. Since they are no longer enrolled, this falls under 'former_individual/student'."
egiorgis,unknown,,0.0,5,,no self-identifying statements found
einsJannis,unknown,,0.0,11,,no self-identifying statements found
ektoplazmahhh,external_individual,other,0.5,11,holder of a British master's,"The statement mentions a British master's but does not specify the institution. However, it implies a non-ETH affiliation without mentioning ETH, which aligns with the 'external_individual' category."
elixirofsoup,unknown,,0.0,2,,no self-identifying statements found
elmarceeel,unknown,,0.0,1,,no self-identifying statements found
elmeronero,unknown,,0.0,1,,no self-identifying statements found
elsbergs,former_individual,student,0.8,1,Having done my studies at ETH-Z (and PhD at EPFL),"The user mentions having completed their studies at ETH-Z, indicating a past affiliation. The mention of a PhD at EPFL is additional but does not override the ETH-Z affiliation for the studies."
elxu54,decentral_individual,student,0.8,6,incoming master student,"The user identifies as an 'incoming master student' without mentioning any specific non-ETH institution. Since they are incoming and no external university is named, the default assumption is ETH Zurich."
emerk102,unknown,,0.0,1,,no self-identifying statements found
emirhcgl,unknown,,0.0,1,,no self-identifying statements found
employeenumber1359,unknown,,0.0,2,,no self-identifying statements found
energy_zoey03,unknown,,0.0,1,,no self-identifying statements found
enlightened-sloth,decentral_individual,student,0.8,1,I'm planning to do my Msc Thesis abroad,"The user mentions planning to do their MSc thesis, which implies they are currently a student at ETH Zurich (as per the default rule when no other institution is named)."
eomertherider,unknown,,0.0,1,,no self-identifying statements found
epfl_person,unknown,,0.0,1,,no self-identifying statements found
erizon,unknown,,0.0,1,,no self-identifying statements found
escasiyo,decentral_institutional,department_or_lab,0.8,2,PhD at D-GESS,"The statement mentions a PhD at D-GESS, which is a department or lab at ETH Zurich. This indicates a current affiliation with ETH Zurich."
esketut,unknown,,0.0,1,,no self-identifying statements found
essigguerkli,unknown,,0.0,1,,no self-identifying statements found
etan1,unknown,,0.0,2,,no self-identifying statements found
ethustler,unknown,,0.0,2,,no self-identifying statements found
ethz-ModTeam,unknown,,0.0,20,,no self-identifying statements found
evadingagainandagain,unknown,,0.0,1,,no self-identifying statements found
exp_max8ion,external_individual,other,0.8,4,UCSD,"The user explicitly mentions graduating from UCSD (a non-ETH institution) and does not indicate any current or upcoming affiliation with ETH Zurich. The mention of 'van living' suggests a past activity unrelated to academia, reinforcing that the user is not currently affiliated with ETH."
f00ld,unknown,,0.0,1,,no self-identifying statements found
f1u82ypd,unknown,,0.0,9,,no self-identifying statements found
fabiiimert,unknown,,0.0,1,,no self-identifying statements found
fabmatazz,unknown,,0.0,1,,no self-identifying statements found
fanconic,unknown,,0.0,1,,no self-identifying statements found
faranzki,unknown,,0.0,1,,no self-identifying statements found
fat-garfield,unknown,,0.0,1,,no self-identifying statements found
favfavfav,unknown,,0.0,1,,no self-identifying statements found
fbanis,unknown,,0.0,9,,no self-identifying statements found
feelingalive99,unknown,,0.0,5,,no self-identifying statements found
felixcra,unknown,,0.2,3,No explicit or implicit university affiliation mentioned,"The statements do not mention any university, role, or affiliation. There is no evidence of current or past university connection, and no indication of ETH Zurich or any other institution."
fennecfoxxx123,unknown,,0.0,8,,no self-identifying statements found
ffxx8811,unknown,,0.0,2,,no self-identifying statements found
fi-le,unknown,,0.0,2,,no self-identifying statements found
fingerprint187,former_individual,student,0.5,1,Bachelor at ETH,"The statement refers to a past Bachelor degree at ETH, indicating a former student affiliation."
fishbirdsfoxesmoles,unknown,,0.0,1,,no self-identifying statements found
fishyfishtony,unknown,,0.0,1,,no self-identifying statements found
flenkenhues,unknown,,0.0,1,,no self-identifying statements found
flower-999,unknown,,0.0,8,,no self-identifying statements found
fmartiescofet,unknown,,0.0,1,,no self-identifying statements found
frigley1,unknown,,0.0,17,,no self-identifying statements found
fuckthiscentury175,unknown,,0.0,2,,no self-identifying statements found
fuckyou12342023,unknown,,0.0,9,,no self-identifying statements found
furious_sheeps,external_individual,student,0.8,1,nominated by my home university for an exchange program at ETHZ,"The user explicitly identifies as a student at their home university, which is not ETH Zurich, and is currently on an exchange program at ETHZ. Since the home university is not named and the current role is at ETHZ, the classification is external_individual/student."
gantii,unknown,,0.0,1,,no self-identifying statements found
geethaa_,unknown,,0.0,1,,no self-identifying statements found
geger42,unknown,,0.0,2,,no self-identifying statements found
gen_z_snowflake,decentral_individual,student,0.8,1,I am doing a regular Masters in Computer Science not Data Science,"The user is explicitly stating they are currently enrolled in a Master's program, and since no other university is named, ETH Zurich is assumed as the institution."
gfcanneverseethis,decentral_individual,student,1.0,1,"Currently I am, a second year Computer Science master's student","The user explicitly states they are a second-year master's student at ETH Zurich, which is the default institution for r/ethz posts."
gfrhFFDF,external_individual,student,0.5,1,study in Zürich,"The statement mentions studying in Zürich but does not explicitly name ETH Zurich or any other university. However, since the user does not mention ETH Zurich and the location is Zürich, it is classified as external_individual with a subtype of student due to the implicit signal of studying."
ghazi_syed,unknown,,0.0,1,,no self-identifying statements found
gian_69,unknown,,0.0,1,,no self-identifying statements found
ginarrbrik,unknown,,0.0,1,,no self-identifying statements found
girly-lady,unknown,,0.0,1,,no self-identifying statements found
githubrepo,unknown,,0.0,3,,no self-identifying statements found
gitty7456,unknown,,0.0,3,,no self-identifying statements found
gjarne,external_individual,student,1.0,1,will start studying at UZH,"The user explicitly states they will start studying at UZH (University of Zurich), a non-ETH institution, with no mention of a current or upcoming ETH affiliation."
globetrotterdiamond,unknown,,0.0,1,,no self-identifying statements found
gobacktomonke31,unknown,,0.0,3,,no self-identifying statements found
godly_carpet,unknown,,0.0,3,,no self-identifying statements found
gojir0,unknown,,0.0,1,,no self-identifying statements found
gowth130,unknown,,0.0,1,,no self-identifying statements found
greenappleFF,unknown,,0.0,1,,no self-identifying statements found
griffithisinnocent,unknown,,0.0,3,,no self-identifying statements found
gruengle,unknown,,0.0,1,,no self-identifying statements found
gsaltintas,unknown,,0.0,2,,no self-identifying statements found
gtancev,unknown,,0.0,6,,no self-identifying statements found
guetibuetu,unknown,,0.0,1,,no self-identifying statements found
guiserg,unknown,,0.0,8,,no self-identifying statements found
gunslingerson,unknown,,0.0,2,,no self-identifying statements found
gustapa,unknown,,0.0,11,,no self-identifying statements found
gyoza__fairy,unknown,,0.0,2,,no self-identifying statements found
h-musicfr,unknown,,0.0,2,,no self-identifying statements found
h3cker999,unknown,,0.0,2,,no self-identifying statements found
haCKerCK,unknown,,0.0,1,,no self-identifying statements found
hadronmachinist,decentral_individual,student,0.8,8,I started my masters here last semester after a few years in industry,"The user explicitly mentions starting their master's 'here,' which refers to ETH Zurich as the HOME institution. The mention of 'last semester' indicates a current affiliation."
hainb,unknown,,0.0,6,,no self-identifying statements found
halilemreisik,unknown,,0.0,2,,no self-identifying statements found
hallojuhu,unknown,,0.0,1,,no self-identifying statements found
hans_wie_heiri,external_individual,student,0.8,1,I study chemistry at a different university in CH,"The user explicitly states they are studying at a non-ETH university in Switzerland, which qualifies as an external affiliation."
happy_ieng,external_individual,other,0.5,1,currently working 50% alongside to university,"The user mentions working alongside a university but does not explicitly name ETH Zurich or any other institution. The statement implies a current affiliation with a university, but without a specific name, it is classified as external_individual/other due to lack of explicit ETH affiliation."
haraldfranck,unknown,,0.0,1,,no self-identifying statements found
hatepoop,unknown,,0.0,1,,no self-identifying statements found
head-ta,unknown,,0.0,15,,no self-identifying statements found
heehehehehehh,unknown,,0.0,1,,no self-identifying statements found
hellbanan,unknown,,0.0,3,,no self-identifying statements found
hellvetic147,unknown,,0.0,5,,no self-identifying statements found
hette4,unknown,,0.0,1,,no self-identifying statements found
heyheni,unknown,,0.0,1,,no self-identifying statements found
hhhdzy,unknown,,0.0,1,,no self-identifying statements found
hhoverflow,unknown,,0.0,1,,no self-identifying statements found
hoang252,unknown,,0.0,2,,no self-identifying statements found
hoechsten2,unknown,,0.0,22,,no self-identifying statements found
hopeful_learner123,unknown,,0.0,1,,no self-identifying statements found
hornystoner161,unknown,,0.0,1,,no self-identifying statements found
horse_s_mouth,decentral_individual,student,1.0,1,"I’m starting my ETH studies next semester, September.","The user explicitly states they are starting their studies at ETH Zurich, which is the home institution. This matches rule B of the decision tree, indicating a current or upcoming ETH affiliation."
hot-plato,decentral_individual,student,1.0,6,studies at ETH Zurich,"The user explicitly mentions studying at ETH Zurich, which confirms their current affiliation as a student at ETH Zurich."
hotterthanyou69,unknown,,0.0,1,,no self-identifying statements found
human3483933883,former_individual,student,0.9,1,recent ETH CS MSc grad,"The user explicitly identifies as a recent graduate from ETH Zurich, indicating a former affiliation as a student."
hunterdayawife,unknown,,0.0,2,,no self-identifying statements found
hyperbrainer,unknown,,0.0,2,,no self-identifying statements found
hyperionXO,external_individual,student,1.0,2,I'm currently doing my bachelor's in mechanical engineering at EPFL,"The user explicitly states they are currently studying at EPFL, a non-ETH institution, with no mention of a current or upcoming ETH affiliation."
hyperswiss,unknown,,0.0,1,,no self-identifying statements found
hytrax,unknown,,0.0,7,,no self-identifying statements found
iAmCatton,unknown,,0.0,1,,no self-identifying statements found
iDankYourMemes,unknown,,0.0,1,,no self-identifying statements found
i_am_bloating,unknown,,0.0,1,,no self-identifying statements found
i_see_the_ocean,unknown,,0.0,4,,no self-identifying statements found
iam_thedoctor,unknown,,0.0,1,,no self-identifying statements found
iampujan,external_individual,student,0.8,4,I am doing a masters of data science from Italy,"The user explicitly mentions studying a master's program at an institution in Italy, which is not ETH Zurich. This satisfies the condition for 'external_individual' with the subtype 'student'."
iamsimbaba,unknown,,0.0,1,,no self-identifying statements found
iceby,unknown,,0.2,17,No explicit or implicit mention of current or past university affiliation,The statement discusses interest in abbreviations at ETH campuses but does not provide any self-identifying information about the user's current or past university affiliation.
ida63838991,unknown,,0.0,8,,no self-identifying statements found
iesterdai,unknown,,0.0,1,,no self-identifying statements found
ilovecrystals889,external_individual,student,0.8,1,B.S. in chemistry from a highly-ranked program here in the US,"The user explicitly identifies as an undergraduate student from a US-based institution, which is not ETH Zurich. No mention of ETH Zurich or any affiliated role is present."
ilvetikos,unknown,,0.0,1,,no self-identifying statements found
imcompletelyhonest,unknown,,0.0,1,,no self-identifying statements found
inadal,unknown,,0.0,1,,no self-identifying statements found
inainam,unknown,,0.0,3,,no self-identifying statements found
individualismus,unknown,,0.0,1,,no self-identifying statements found
infinitedillpickles,unknown,,0.0,1,,no self-identifying statements found
intimate_economics,unknown,,0.0,1,,no self-identifying statements found
irisosaurus,unknown,,0.0,2,,no self-identifying statements found
it-isss-what-it-isss,unknown,,0.0,1,,no self-identifying statements found
its-focking-me,unknown,,0.0,1,,no self-identifying statements found
ivica555,unknown,,0.0,8,,no self-identifying statements found
ivy_winterborn,unknown,,0.0,1,,no self-identifying statements found
iwontremembr,unknown,,0.0,1,,no self-identifying statements found
jacobinsilico,unknown,,0.0,1,,no self-identifying statements found
jal1926,unknown,,0.0,1,,no self-identifying statements found
jan-jan-14,former_individual,student,0.8,1,I studied at the ETH.,"The user explicitly mentions studying at ETH in the past, which aligns with the 'former_individual' category and 'student' subtype."
jappsugthesorcerer,decentral_individual,student,1.0,18,"starting from September 2024 at ETH HG, passed the reduzierte Aufnahmeprüfung for the Herbsemester 2024 in Maschinebau","The user explicitly mentions starting at ETH Zurich (ETH HG) in September 2024 and has passed the admission exam for a program at ETH, indicating a current or upcoming ETH affiliation."
jayinnn,unknown,,0.0,2,,no self-identifying statements found
jeanmichelcrapaud,external_individual,student,1.0,1,I’m from EPFL,"The user explicitly names a non-ETH institution (EPFL) as their current affiliation, with no mention of a current or upcoming ETH connection."
jeffxxxxx,decentral_individual,student,1.0,1,"I’ve just recently been offered a place at ETH comp bio and bioinformatics, starting 2024","The user explicitly mentions being offered a place at ETH Zurich (comp bio and bioinformatics) and states that they will start in 2024, indicating a current or upcoming ETH affiliation. This matches rule B, and the subtype 'student' is appropriate for someone starting a program."
jerry_22292,unknown,,0.0,5,,no self-identifying statements found
jetblack164,decentral_individual,student,1.0,1,the majority (or at the very least in the first year) of an ETH Bachelor’s is in German,"The statement explicitly refers to being in an ETH Bachelor’s program, indicating a current student affiliation with ETH Zurich."
jfang00007,unknown,,0.0,1,,no self-identifying statements found
jfjdndixjd,unknown,,0.0,1,,no self-identifying statements found
jjjj_83,unknown,,0.0,1,,no self-identifying statements found
jjooniii,unknown,,0.0,1,,no self-identifying statements found
joeboeho,unknown,,0.0,1,,no self-identifying statements found
johnny-T1,unknown,,0.0,4,,no self-identifying statements found
jojo_504,former_individual,phd,0.6,1,graduated from PhD,"The user mentions graduating from a PhD, indicating a former affiliation. No specific university is named, but the mention of 'graduated from PhD' implies completion of a degree, which aligns with 'former_individual/phd'."
jonarivado,unknown,,0.0,5,,no self-identifying statements found
joyjoy1515,decentral_individual,student,0.8,1,joined ETH for my masters,"The user explicitly states they are currently at ETH for their master's, which takes precedence over a prior non-ETH degree."
jpjbagdi,unknown,,0.0,1,,no self-identifying statements found
jred11219,unknown,,0.0,1,,no self-identifying statements found
jsbi,unknown,,0.0,1,,no self-identifying statements found
jujumusk,external_individual,student,1.0,1,I'm doing my MS thesis in physics at Caltech,"The user explicitly states they are currently doing their MS thesis at Caltech, a non-ETH institution, with no mention of a current or upcoming ETH affiliation."
julian0722,unknown,,0.0,3,,no self-identifying statements found
jusjsndjdhdjd,unknown,,0.0,3,,no self-identifying statements found
justTinkering,unknown,,0.0,1,,no self-identifying statements found
kaengururu,unknown,,0.0,1,,no self-identifying statements found
kaliumsorbath,unknown,,0.0,2,,no self-identifying statements found
kamiem123,external_individual,other,0.5,6,no explicit mention of ETH or any other university,"The statements do not mention any specific university affiliation, and there is no clear indication of current or past enrollment at ETH or another institution."
kasapkapo,unknown,,0.0,7,,no self-identifying statements found
katatonikk,external_individual,professor,1.0,3,I'm a CS lecturer at ZHAW,"The user explicitly names ZHAW as their current role with no mention of ETH Zurich or any upcoming ETH connection, which fits the 'external_individual' category."
kekwwwww999665,decentral_individual,student,0.8,13,I'm an EE,"The statement 'I'm an EE' implies the user is currently studying electrical engineering. Since no other university is mentioned and ETH Zurich is the default for r/ethz posts, the affiliation is assumed to be ETH Zurich."
kenzoy0426,unknown,,0.0,2,,no self-identifying statements found
killmeatap,unknown,,0.0,3,,no self-identifying statements found
king_grifffin,unknown,,0.0,1,,no self-identifying statements found
kinkyaboutjewelry,unknown,,0.0,1,,no self-identifying statements found
kittenkorb,external_individual,student,1.0,2,I am currently studying political science at the University of Basel,"The user explicitly names a non-ETH institution (University of Basel) as their current role, with no mention of a current or upcoming ETH connection."
kkkllllllllll,unknown,,0.0,1,,no self-identifying statements found
kmader,unknown,,0.0,1,,no self-identifying statements found
ko_nuts,unknown,,0.0,2,,no self-identifying statements found
koki51,unknown,,0.0,2,,no self-identifying statements found
kolmiw,decentral_individual,researcher,1.0,12,"ETH internal, as in, you did your thesis there. Then yes.","The statement indicates that the user is currently affiliated with ETH Zurich, as they refer to being 'ETH internal' and doing a thesis there, which implies an ongoing or current affiliation."
kovariantenkaktus,unknown,,0.0,2,,no self-identifying statements found
kriccs,decentral_individual,student,0.8,3,international master's students,"The statement refers to being an international master's student, which implies a current affiliation with ETH Zurich as the home institution, as per the rules provided."
kriegshuehnchen,unknown,,0.0,1,,no self-identifying statements found
kriscnik,unknown,,0.0,1,,no self-identifying statements found
ksjwo,external_individual,other,0.5,2,working for an environmental engineering firm,"The user mentions working in an environmental engineering firm but does not explicitly name a university. However, the absence of any mention of ETH Zurich or any other university affiliation, combined with the presence of a current professional role, leads to the classification of 'external_individual/other' with moderate confidence."
kuaile258890,external_individual,student,0.5,3,international student with a dual bachelor’s degree in computer science and mathematics,"The user identifies as an international student but does not explicitly name ETH Zurich or any other university. The absence of a named institution and the focus on a dual bachelor’s degree implies affiliation with a non-ETH institution, but the evidence is implicit rather than explicit."
kvutxdy,decentral_individual,student,1.0,18,pursuing a Master's degree in Computer Science,"The user is currently pursuing a Master's degree, and no specific external university is named. According to the rules, if a user mentions studying without naming a specific other university, ETH Zurich is assumed as the home institution."
l33dplayer,unknown,,0.0,2,,no self-identifying statements found
lamamilinda,unknown,,0.0,1,,no self-identifying statements found
lamperi-,unknown,,0.0,1,,no self-identifying statements found
langkexiaoyi,external_individual,,0.5,6,applied for EPFL’s EDIC online before,"The user explicitly mentions applying to EPFL, a non-ETH institution, and is currently waiting for results from both EPFL and ETH AI center. However, no confirmation of ETH acceptance is provided, so the current affiliation is external."
languagestudent1546,unknown,,0.0,2,,no self-identifying statements found
laooomo,unknown,,0.0,1,,no self-identifying statements found
lapp3m,unknown,,0.0,2,,no self-identifying statements found
lars99971,unknown,,0.0,16,,no self-identifying statements found
larsie001,unknown,,0.0,1,,no self-identifying statements found
lashiskappa,unknown,,0.0,1,,no self-identifying statements found
lasker99,decentral_individual,student,1.0,2,Fellow Mtec student here,The statement explicitly identifies the user as a current student at ETH Zurich (Mtec refers to the Master of Technology program at ETH Zurich).
latticeperson,former_individual,student,0.9,1,graduated last year after 5 years at eth,"The user explicitly mentions graduating from ETH Zurich, indicating a former affiliation as a student."
lazy-rushi,unknown,,0.0,3,,no self-identifying statements found
lealyr,unknown,,0.0,1,,no self-identifying statements found
lefory538,unknown,,0.0,2,,no self-identifying statements found
lemeneis,unknown,,0.0,1,,no self-identifying statements found
lemonhead94,unknown,,0.0,1,,no self-identifying statements found
letha_smurf_361,unknown,,0.0,10,,no self-identifying statements found
licheyyyy,unknown,,0.0,1,,no self-identifying statements found
light_is_time,unknown,,0.0,2,,no self-identifying statements found
littlemarmmot,unknown,,0.0,1,,no self-identifying statements found
livelifetodream,unknown,,0.0,2,,no self-identifying statements found
logishoder,unknown,,0.0,11,,no self-identifying statements found
look1ngforheroes,decentral_individual,student,0.8,1,We are a group of ETH/UZH students.,"The statement explicitly mentions being a student at ETH, which is the home institution. The mention of UZH does not override the ETH affiliation, as the user is identified as part of a group including ETH students."
lookoutforthetrain_0,unknown,,0.0,16,,no self-identifying statements found
lost_leopard_,external_individual,student,0.9,1,Just got accepted to RSC! GPA 5.13/6 from epfl with a couple TA experiences.,The user explicitly mentions studying at EPFL (a non-ETH institution) and does not indicate any current or upcoming ETH affiliation. The mention of being accepted to RSC (likely a research center or program) does not override the explicit affiliation with EPFL.
lotformulas,unknown,,0.0,1,,no self-identifying statements found
loveYourMomBro,unknown,,0.0,1,,no self-identifying statements found
lownerbeach,unknown,,0.0,2,,no self-identifying statements found
luckystarof2020,unknown,,0.0,2,,no self-identifying statements found
luckyvice323,unknown,,0.0,10,,no self-identifying statements found
lukee910,unknown,,0.0,16,,no self-identifying statements found
luky_66,unknown,,0.0,2,,no self-identifying statements found
luthiena12,unknown,,0.0,1,,no self-identifying statements found
luxumb,unknown,,0.0,1,,no self-identifying statements found
m_shark,unknown,,0.0,0,,no text content available
mac4ron,unknown,,0.0,2,,no self-identifying statements found
macdestroe234,decentral_individual,student,1.0,1,I will be studying abroad this fall at ETH Zurich,"The user explicitly states they will be studying at ETH Zurich in the future, which qualifies as a current or upcoming ETH affiliation."
majestickr2,unknown,,0.0,2,,no self-identifying statements found
malake44,unknown,,0.0,2,,no self-identifying statements found
manchmaldrauf,unknown,,0.0,1,,no self-identifying statements found
mandoleeeen,unknown,,0.0,2,,no self-identifying statements found
mangozeroice,unknown,,0.0,1,,no self-identifying statements found
manwendi_,unknown,,0.0,3,,no self-identifying statements found
mapa33,unknown,,0.0,1,,no self-identifying statements found
marcy818181,decentral_individual,student,1.0,10,I am starting the CBB program this fall; I recently got my initial registration for a Msc program starting this fall at ETH,"The user explicitly mentions starting a program at ETH this fall, indicating a current and upcoming affiliation with ETH Zurich. This satisfies condition B of the decision tree, and the subtype 'student' is appropriate for someone starting a program."
mardmax,decentral_individual,student,1.0,1,as a first year student,"The statement indicates the user is a first-year student, and since no other university is mentioned, ETH Zurich is assumed as the affiliation per the subreddit default rule."
markus_583,unknown,,0.0,2,,no self-identifying statements found
maronnadituttecose,unknown,,0.0,4,,no self-identifying statements found
maroonjoggers,unknown,,0.0,1,,no self-identifying statements found
marxikus,unknown,,0.0,1,,no self-identifying statements found
masterkenobi31,unknown,,0.0,2,,no self-identifying statements found
math_nerd_77,unknown,,0.0,3,,no self-identifying statements found
mathguy59,unknown,,0.0,3,,no self-identifying statements found
mathiswiss,unknown,,0.0,1,,no self-identifying statements found
mathmob,unknown,,0.0,1,,no self-identifying statements found
matisbv,unknown,,0.0,2,,no self-identifying statements found
matt78whoop,unknown,,0.0,3,,no self-identifying statements found
maximilianbernoulli,unknown,,0.0,1,,no self-identifying statements found
maxmellow_9,unknown,,0.0,16,,no self-identifying statements found
mayonnaise989,unknown,,0.0,1,,no self-identifying statements found
mbo25,unknown,,0.0,1,,no self-identifying statements found
mdkovachev,unknown,,0.0,3,,no self-identifying statements found
meeneemeten,external_individual,other,0.5,2,"statements refer to others at ETH, not the user themselves","The user does not explicitly state their own affiliation with any university. They only mention others (e.g., 'my PI', 'my professor', 'Iranian friend') who are affiliated with ETH, but there is no direct indication of the user's own current university affiliation. Therefore, the classification is 'external_individual/other' with moderate confidence due to the lack of explicit self-identification."
melumiemi,external_individual,student,0.7,1,as an IB student I am also considering ETH at the moment,"The user identifies as an IB student, which implies they are currently enrolled at an external institution (likely a high school). They mention considering ETH, but this is not a confirmed or current affiliation with ETH."
memetellectual,unknown,,0.0,1,,no self-identifying statements found
mensii,unknown,,0.0,16,,no self-identifying statements found
meowmilie,unknown,,0.0,2,,no self-identifying statements found
mexican_next_door,unknown,,0.0,2,,no self-identifying statements found
micha4w,unknown,,0.0,1,,no self-identifying statements found
microtherion,unknown,,0.0,8,,no self-identifying statements found
microwavedsalad69,unknown,,0.0,4,,no self-identifying statements found
mihai_mc98,unknown,,0.0,1,,no self-identifying statements found
miinouuu,unknown,,0.0,1,,no self-identifying statements found
milfiway,decentral_individual,student,1.0,4,I want to do my Masters at eth in Biology / I'm thinking about doing my Masters at ETH in Pharmaceutical sciences,"The user explicitly mentions intending to pursue a Master's degree at ETH, which indicates a current or upcoming affiliation with ETH Zurich. This satisfies condition B in the decision tree, leading to the classification of 'decentral_individual/student' with high confidence."
minusmode,unknown,,0.0,1,,no self-identifying statements found
misplacedlion,unknown,,0.0,6,,no self-identifying statements found
mitsuki666,unknown,,0.0,2,,no self-identifying statements found
mkangw,unknown,,0.0,1,,no self-identifying statements found
mlx11,unknown,,0.0,1,,no self-identifying statements found
modr1c,unknown,,0.0,3,,no self-identifying statements found
mohannadhaitham,unknown,,0.0,1,,no self-identifying statements found
mokugres,unknown,,0.0,2,,no self-identifying statements found
monkey_work,unknown,,0.0,1,,no self-identifying statements found
monsemania,unknown,,0.0,2,,no self-identifying statements found
mouceen,unknown,,0.0,1,,no self-identifying statements found
mr_stargazer,decentral_individual,student,0.8,5,"I do, yes. I also am in 'IT' (Machine Learning)","The user is currently enrolled in a program at ETH Zurich (implied by the context of the subreddit and the statement about being in 'IT' (Machine Learning), which is a field offered at ETH Zurich). No other university is explicitly named, and the tense and role indicate a current affiliation."
mrafinch,unknown,,0.0,1,,no self-identifying statements found
mrex778,decentral_individual,applicant,0.8,6,Applied for MSc in Data Science and got the email few days ago,"The user explicitly mentions applying for an MSc program at ETH Zurich (implied by context of r/ethz), and has not yet confirmed acceptance. This matches the 'decentral_individual/applicant' category."
mrnacknime,decentral_individual,phd,1.0,8,Im a PhD student,"The user explicitly identifies as a PhD student without mentioning any non-ETH institution. Since no external university is named, and the default rule applies (studying/doing a PhD implies ETH Zurich), the affiliation is assumed to be ETH Zurich."
mrrossiontravel,former_individual,student,0.6,1,When I studied in Zurich,"The statement refers to a past action ('studied') and does not explicitly mention ETH Zurich or any other institution, but the context of studying in Zurich implies a former affiliation with a university, likely ETH Zurich given the subreddit's default assumption."
murdercheese,unknown,,0.0,1,,no self-identifying statements found
myblueear,unknown,,0.0,1,,no self-identifying statements found
myguruedgecom,unknown,,0.0,1,,no self-identifying statements found
myname_8,unknown,,0.0,2,,no self-identifying statements found
mytinyteenieproblem,decentral_individual,student,0.9,7,I got admitted to MSc Electrical Engineering and Information Tech with spec. in Machine Learning starting in September 2024,"The user explicitly states they have been admitted to an ETH Zurich MSc program, which is a current or upcoming affiliation. This supersedes their past education at EPFL."
n123k15,unknown,,0.0,1,,no self-identifying statements found
nGaggi,unknown,,0.0,1,,no self-identifying statements found
nakedchef24,unknown,,0.0,1,,no self-identifying statements found
nameless_presence,unknown,,0.0,5,,no self-identifying statements found
natankastel,unknown,,0.0,4,,no self-identifying statements found
ndnator,external_individual,student,0.8,3,I failed an exam twice during the 5th semester at epfl,"The user explicitly mentions studying at EPFL (École Polytechnique Fédérale de Lausanne), a non-ETH institution, and refers to being in their 5th semester, indicating a current affiliation."
neatoburrito4,unknown,,0.0,1,,no self-identifying statements found
nebnoskcaj,decentral_individual,student,1.0,1,I am taking this course as a first year Informatik student,"The statement indicates the user is a first-year student in Informatik, which is a program offered at ETH Zurich. No other university is mentioned, and the default rule applies since the user is studying at ETH."
nechl,unknown,,0.0,1,,no self-identifying statements found
needyfr,former_individual,student,0.8,1,graduated in 2022,"The user mentions graduating in 2022, which indicates a past affiliation with a university. Since no specific institution is named, and the default rule applies (ETH Zurich is the home institution unless stated otherwise), the classification is 'former_individual/student'."
neo2551,unknown,,0.0,15,,no self-identifying statements found
nephelauxetic,unknown,,0.0,1,,no self-identifying statements found
nervoustwig,unknown,,0.0,1,,no self-identifying statements found
neuronerd624,unknown,,0.0,1,,no self-identifying statements found
nibr1609,decentral_individual,applicant,0.8,7,Got admitted to MSc CS (rejection from Direct Doctorate)!!! Very happy :),"The user explicitly mentions being admitted to the MSc CS program at ETH Zurich, which indicates a current affiliation as an applicant. The mention of rejection from the Direct Doctorate does not override the current admission to ETH."
nickbob00,unknown,,0.0,9,,no self-identifying statements found
nico-zh,unknown,,0.0,1,,no self-identifying statements found
niemertweis,unknown,,0.0,2,,no self-identifying statements found
nikxtaco,unknown,,0.0,3,,no self-identifying statements found
nilsbenswiss,unknown,,0.0,1,,no self-identifying statements found
nilsleum,unknown,,0.0,1,,no self-identifying statements found
nishhi,unknown,,0.0,4,,no self-identifying statements found
njalo,unknown,,0.0,2,,no self-identifying statements found
no_underage_trading,decentral_individual,student,0.8,20,eth bachelor,"The user mentions 'eth bachelor', indicating they are currently enrolled in a bachelor's program at ETH Zurich. This satisfies condition B of the decision tree, which identifies current ETH affiliation."
nochilllll,unknown,,0.0,2,,no self-identifying statements found
noctualarua,unknown,,0.0,2,,no self-identifying statements found
nodemon404,unknown,,0.0,1,,no self-identifying statements found
nogoodskeleton,unknown,,0.0,1,,no self-identifying statements found
nohatevibez,unknown,,0.0,1,,no self-identifying statements found
nononeffervescent_ml,unknown,,0.0,1,,no self-identifying statements found
notMeiwakuna,decentral_individual,student,0.8,1,MSc Quantum Engineering,"The user is asking about an MSc program, which implies they are currently studying. Since no other university is mentioned and ETH Zurich offers a Quantum Engineering MSc, the default assumption is ETH Zurich affiliation."
nova_nocturna,external_individual,student,0.8,1,"University of Munich, Computer Science B.Sc.","The user explicitly names a non-ETH institution (University of Munich) as their current role (B.Sc. in Computer Science), with no mention of a current or upcoming ETH affiliation."
nubpod23,unknown,,0.0,1,,no self-identifying statements found
nudeice,unknown,,0.0,1,,no self-identifying statements found
nuevofilipo,unknown,,0.0,1,,no self-identifying statements found
nurdagniriel,unknown,,0.0,5,,no self-identifying statements found
nurufen,unknown,,0.0,1,,no self-identifying statements found
nxx-ch,unknown,,0.0,1,,no self-identifying statements found
oat_milk_daddy,decentral_individual,student,1.0,18,admitted to ETH Zurich,"The user explicitly states they are admitted to ETH Zurich for a master's program, which qualifies as a current or upcoming ETH affiliation."
obviously_anal,unknown,,0.0,6,,no self-identifying statements found
ogldr,unknown,,0.0,4,,no self-identifying statements found
ohalipchak,unknown,,0.0,2,,no self-identifying statements found
ok-alma,unknown,,0.0,1,,no self-identifying statements found
oldppd,unknown,,0.0,1,,no self-identifying statements found
omnipresentzeus,unknown,,0.0,1,,no self-identifying statements found
onil34,unknown,,0.0,19,,no self-identifying statements found
oopswhatsmyusername,unknown,,0.0,1,,no self-identifying statements found
opanguete,unknown,,0.0,2,,no self-identifying statements found
opinionated_exciton,external_individual,phd,0.8,2,PhD at the Paul Scherrer Institute,"The user explicitly states they are pursuing a PhD at the Paul Scherrer Institute, which is a non-ETH institution. There is no mention of a current or upcoming ETH affiliation."
oppa_i_30,unknown,,0.0,3,,no self-identifying statements found
osteonc,unknown,,0.0,4,,no self-identifying statements found
other_users,decentral_individual,student,1.0,24,I’m a Computer Science major at ETH,"The user explicitly states they are a student at ETH Zurich, which is the home institution."
outdoor_addict94,unknown,,0.0,1,,no self-identifying statements found
overthrowingdinosaur,unknown,,0.0,2,,no self-identifying statements found
pad0lex,decentral_individual,student,1.0,2,"I accepted an internship that goes on until the end of September, which would mean that I would miss the first two weeks of my master's program.","The user explicitly mentions starting a master's program at ETH Zurich, indicating a current affiliation with ETH. The mention of an internship that ends in September and the concern about matriculation further supports that they are a current student at ETH."
parcerodelwettstein,unknown,,0.0,1,,no self-identifying statements found
passificrimjob,unknown,,0.0,1,,no self-identifying statements found
passsion66,unknown,,0.0,3,,no self-identifying statements found
patatadavinci,unknown,,0.0,5,,no self-identifying statements found
patrickgiust,unknown,,0.0,2,,no self-identifying statements found
paul-est,unknown,,0.0,1,,no self-identifying statements found
paulh0107,external_individual,student,0.5,2,im an exchange student too,"The statement indicates the user is an exchange student, which implies they are currently affiliated with a university other than ETH Zurich. No specific institution is named, but the use of 'exchange student' suggests a non-ETH affiliation."
pberton,unknown,,0.0,1,,no self-identifying statements found
peaceradiant,unknown,,0.0,2,,no self-identifying statements found
peculiar-meowie,unknown,,0.0,27,,no self-identifying statements found
pekopeko-ch,unknown,,0.0,1,,no self-identifying statements found
penguinsontv,unknown,,0.0,1,,no self-identifying statements found
pentesticals,unknown,,0.0,2,,no self-identifying statements found
peony2506,unknown,,0.0,51,,no self-identifying statements found
percentage97,unknown,,0.0,2,,no self-identifying statements found
pesce36,unknown,,0.0,1,,no self-identifying statements found
peter1714,decentral_individual,phd,1.0,2,I am a new PhD student at ETH,"The user explicitly states they are a new PhD student at ETH Zurich, which is the home institution. This matches the criteria for 'decentral_individual/phd'."
petrograd67,unknown,,0.0,8,,no self-identifying statements found
peyonze,unknown,,0.0,1,,no self-identifying statements found
pferden,unknown,,0.0,2,,no self-identifying statements found
phicreative1997,unknown,,0.0,13,,no self-identifying statements found
philkellr,unknown,,0.0,1,,no self-identifying statements found
philwen,unknown,,0.0,1,,no self-identifying statements found
phonybelle,former_individual,student,0.8,3,ETHZ grad,"The user explicitly mentions being an ETHZ grad, indicating a past affiliation with ETH Zurich. Since they are not currently affiliated with ETH, this falls under 'former_individual' with the subtype 'student'."
pineapple-account-00,unknown,,0.0,9,,no self-identifying statements found
pixusnixus,unknown,,0.0,5,,no self-identifying statements found
plainerman,unknown,,0.0,1,,no self-identifying statements found
playerpipp,external_individual,student,0.5,2,I am in my Bachelors doing environmental sciences,"The user is currently a student but does not explicitly name ETH Zurich or any other university. However, the statement 'next autumn I will do an exchange semester at ETH' implies they are currently affiliated with a different institution (as they are going to ETH for an exchange). This aligns with the default rule: if studying without naming a specific other university, assume ETH Zurich is not the current affiliation."
pleasemore05,unknown,,0.0,2,,no self-identifying statements found
pointbreak_7,decentral_individual,applicant,0.8,1,studying at ETH for masters in computer science,"The user explicitly mentions applying to study at ETH Zurich for a master's program, which indicates they are an applicant at ETH."
poiuqwer78,unknown,,0.0,19,,no self-identifying statements found
pokku3,unknown,,0.0,11,,no self-identifying statements found
polissilop,unknown,,0.0,1,,no self-identifying statements found
presentation-chaude,unknown,,0.0,1,,no self-identifying statements found
prince_Vegeta___,unknown,,0.0,11,,no self-identifying statements found
priscala,unknown,,0.0,1,,no self-identifying statements found
pro_bro007,decentral_individual,student,1.0,1,I am going to join ETHZ MSCS this fall,"The user explicitly mentions joining ETH Zurich's MSCS program this fall, indicating a current or upcoming ETH affiliation."
progressivemonkey,unknown,,0.0,1,,no self-identifying statements found
psanchi2,unknown,,0.0,1,,no self-identifying statements found
pseudogelber,unknown,,0.0,2,,no self-identifying statements found
puppetalk,decentral_individual,phd,0.9,4,I’m finishing my PhD in ETH now,"The user explicitly states they are finishing their PhD at ETH Zurich, which confirms their current affiliation with ETH."
pwxykd,decentral_individual,student,0.8,3,join in ETH half an year ago,"The user explicitly mentions joining ETH half a year ago, indicating a current affiliation with ETH Zurich as a student."
pxtrxia,unknown,,0.0,2,,no self-identifying statements found
q_moonstone,unknown,,0.0,5,,no self-identifying statements found
qkrrmsdn,unknown,,0.0,2,,no self-identifying statements found
qra_01516,unknown,,0.0,1,,no self-identifying statements found
quazlyy,external_individual,other,0.5,3,I recently graduated in EE and now work in robotics; I don't work in academia,"The user mentions graduating in EE but does not specify a university. They also mention working in robotics and not in academia, which implies a non-academic, non-ETH affiliation. There is no explicit mention of ETH or any other university, but the absence of ETH and the presence of a non-academic role suggest an external affiliation."
quitProgGetLife,unknown,,0.0,2,,no self-identifying statements found
r0guss,unknown,,0.0,4,,no self-identifying statements found
r0kzzzz,unknown,,0.0,2,,no self-identifying statements found
rBlu3b0x,decentral_individual,student,0.8,1,I'm studying physics,"The statement mentions studying physics without naming a specific university. According to the rules, if a user mentions studying, doing a degree, or working as a researcher without naming a specific other university, ETH Zurich is assumed as the home institution."
r_card_,unknown,,0.0,1,,no self-identifying statements found
r_moma,unknown,,0.0,3,,no self-identifying statements found
raadim,former_individual,student,0.8,9,I studied at ETH,"The user explicitly mentions having studied at ETH, indicating a past affiliation. There is no mention of a current or upcoming affiliation with another institution, so ETH Zurich is the only relevant institution mentioned."
rabbitfoot89,unknown,,0.0,1,,no self-identifying statements found
raefoo,unknown,,0.0,3,,no self-identifying statements found
rafael0301,decentral_individual,student,1.0,5,I'm a computer science BSc student at ETH,"The user explicitly states they are a current student at ETH Zurich, which is the home institution."
rah_whos_that,unknown,,0.0,3,,no self-identifying statements found
rainer_d,unknown,,0.0,1,,no self-identifying statements found
ramchi99,unknown,,0.0,2,,no self-identifying statements found
random_fr_username,unknown,,0.0,1,,no self-identifying statements found
randomelgen,unknown,,0.0,1,,no self-identifying statements found
randommofo3369,unknown,,0.0,13,,no self-identifying statements found
randomperson212351,unknown,,0.0,2,,no self-identifying statements found
randomsubaccount,former_individual,student,0.8,1,Canadian student who did Master's at ETH Zurich,"The user explicitly mentions having completed a Master's at ETH Zurich, indicating a past affiliation with the institution."
ranranrandrand1,unknown,,0.0,9,,no self-identifying statements found
rapax,unknown,,0.2,2,No mention of university affiliation,The statement does not provide any information about the user's current or past university affiliation.
rastrellogiallo,unknown,,0.0,2,,no self-identifying statements found
raumdeuter255,unknown,,0.0,1,,no self-identifying statements found
ravingrabbid_baba,unknown,,0.0,5,,no self-identifying statements found
raviolibuxe,unknown,,0.0,2,,no self-identifying statements found
raymondh31lt,unknown,,0.0,4,,no self-identifying statements found
razenmaeher,unknown,,0.0,1,,no self-identifying statements found
reactionchamber,unknown,,0.0,1,,no self-identifying statements found
ready0gunner,unknown,,0.0,1,,no self-identifying statements found
recently_banned,unknown,,0.0,1,,no self-identifying statements found
red_tabasco,unknown,,0.0,33,,no self-identifying statements found
reddit_jasper,unknown,,0.0,1,,no self-identifying statements found
redditisgarbage1103,former_individual,student,0.8,7,enrolled as a CS Master’s in ETH,"The user explicitly mentions enrolling in a CS Master’s program at ETH, indicating a past affiliation as a student."
redit411,unknown,,0.0,1,,no self-identifying statements found
redytusr123,unknown,,0.0,1,,no self-identifying statements found
reisk4nzler,unknown,,0.0,1,,no self-identifying statements found
relativisticcobalt,unknown,,0.0,1,,no self-identifying statements found
remolueoend,unknown,,0.0,1,,no self-identifying statements found
renens_reditor1020,unknown,,0.0,2,,no self-identifying statements found
resignresign2,unknown,,0.0,1,,no self-identifying statements found
rezayazdanfar,unknown,,0.0,4,,no self-identifying statements found
rhorho22,unknown,,0.0,1,,no self-identifying statements found
riceball4real,unknown,,0.0,2,,no self-identifying statements found
richard--b,unknown,,0.0,5,,no self-identifying statements found
robikgrin,unknown,,0.0,4,,no self-identifying statements found
robotoron,decentral_individual,student,1.0,2,heading to eth for the RSC program,"The user explicitly states they are heading to ETH for the RSC program, indicating a current or upcoming ETH affiliation."
rocknets,unknown,,0.0,2,,no self-identifying statements found
rodrigo-benenson,external_individual,other,0.5,32,15 years of experience in CS academia,The statement indicates academic experience but does not explicitly name a current or past university affiliation. The lack of specific institutional mention leads to 'other' as the subtype under 'external_individual'.
rosealyd,unknown,,0.0,1,,no self-identifying statements found
roseyardgraves,unknown,,0.0,2,,no self-identifying statements found
roy_meraki,unknown,,0.0,5,,no self-identifying statements found
rueblimaster,unknown,,0.0,1,,no self-identifying statements found
rukacheded,unknown,,0.0,1,,no self-identifying statements found
s195t,unknown,,0.0,10,,no self-identifying statements found
sabagian,unknown,,0.0,1,,no self-identifying statements found
sah10406,unknown,,0.0,1,,no self-identifying statements found
saint_zeze,unknown,,0.0,2,,no self-identifying statements found
sarcastosaurus,unknown,,0.0,1,,no self-identifying statements found
schrieffer321,unknown,,0.0,3,,no self-identifying statements found
schrodingers_wave,decentral_individual,applicant,0.7,3,I applied for MS in Geomatics,"The user explicitly states they applied for a master's program, which aligns with the 'applicant' subtype under 'decentral_individual'. No specific university is named, but the context implies application to a program, likely at ETH Zurich given the subreddit's default rule."
schwabbbel,unknown,,0.0,1,,no self-identifying statements found
scorpion-hamfish,unknown,,0.0,1,,no self-identifying statements found
sedemokiN,unknown,,0.0,2,,no self-identifying statements found
seinseikakashee,unknown,,0.0,1,,no self-identifying statements found
sekex,external_individual,other,0.5,2,I have a master in finance,"The statement mentions a master's degree but does not specify the institution. Since no ETH affiliation is mentioned and no other institution is named, the classification defaults to 'external_individual/other' with moderate confidence."
selenethestar1,unknown,,0.0,1,,no self-identifying statements found
selfentropy,decentral_individual,student,1.0,1,Master students at ETH,"The statement explicitly mentions being a Master student at ETH Zurich, which is the home institution."
septimius42,unknown,,0.0,1,,no self-identifying statements found
shadowknight63782,unknown,,0.0,4,,no self-identifying statements found
shamishami3,unknown,,0.0,1,,no self-identifying statements found
shaolinmasterkiller2,former_individual,student,0.8,3,from Polimi ~28.5/30 gpa,"The user mentions having a degree from Polimi (a non-ETH institution) in the past, indicating they are a former student of Polimi."
sharenogulub4e,decentral_institutional,department_or_lab,1.0,7,"yes, MTEC","The statement 'yes, MTEC' refers to the MTEC department at ETH Zurich, indicating a current affiliation with a decentral institutional unit at ETH Zurich."
shekyboms,unknown,,0.0,3,,no self-identifying statements found
sillyleopard84,unknown,,0.0,1,,no self-identifying statements found
silviacambiago,unknown,,0.0,9,,no self-identifying statements found
skarros,unknown,,0.0,1,,no self-identifying statements found
skeptic234234,unknown,,0.2,6,I'm doing that,The statement is too vague and does not provide any explicit or implicit information about the user's university affiliation.
skip-narrative,unknown,,0.0,1,,no self-identifying statements found
sleep-deprived16,unknown,,0.0,1,,no self-identifying statements found
snowmandala,unknown,,0.0,2,,no self-identifying statements found
softielle,unknown,,0.0,1,,no self-identifying statements found
something384,unknown,,0.0,1,,no self-identifying statements found
sonofszyslak,unknown,,0.0,1,,no self-identifying statements found
sortikova,unknown,,0.0,6,,no self-identifying statements found
spacedario,unknown,,0.0,3,,no self-identifying statements found
sparklingwoter,unknown,,0.0,1,,no self-identifying statements found
spctclr,unknown,,0.0,2,,no self-identifying statements found
specijalan,unknown,,0.0,2,,no self-identifying statements found
spike-spiegel92,unknown,,0.0,4,,no self-identifying statements found
squigguilty,decentral_individual,student,0.8,3,I'm doing CSE,"The statement indicates the user is currently studying (CSE likely refers to Computer Science and Engineering), and no specific external university is named. According to the rules, if a statement mentions studying without naming a specific other university, ETH Zurich is assumed as the home institution."
standermatt,unknown,,0.0,2,,no self-identifying statements found
stef_himself,unknown,,0.0,1,,no self-identifying statements found
stefan2017ch,unknown,,0.0,2,,no self-identifying statements found
steinblitz,decentral_individual,student,0.8,9,started masters last semester,"The user mentions starting a master's program, which implies a current affiliation with a university. Since no other institution is named and ETH Zurich is the default for r/ethz posts, the affiliation is assumed to be ETH Zurich."
stichtom,unknown,,0.0,2,,no self-identifying statements found
stockholm_maniac,unknown,,0.0,1,,no self-identifying statements found
strawberryscoups,decentral_individual,student,1.0,1,pursue my MSc in Statistics,"The user explicitly states they will be moving to Zurich to pursue an MSc, which implies a current or upcoming affiliation with ETH Zurich as the home institution."
strawberryyymilkkk,unknown,,0.0,1,,no self-identifying statements found
strawmangva,unknown,,0.0,1,,no self-identifying statements found
studentofbio,decentral_individual,student,1.0,3,incoming international master's student,"The user explicitly states they are an 'incoming international master's student' at ETH Zurich, indicating a current or upcoming affiliation with ETH. This matches rule B of the decision tree, which assigns 'decentral_individual/student' for current or upcoming ETH affiliations."
studentprojecthouse,unknown,,0.0,1,,no self-identifying statements found
studentqu,decentral_individual,applicant,0.8,6,I've applied to study an MSc at ETHZ and EPFL. I got the offer of a place last week and the ESOP 'refusal' email a few hours ago. I was offered a place in the Computer Science MSc but just received an email saying 'We regret that we have to inform you that,"The user explicitly mentions applying to and being offered a place at ETHZ, which is the home institution. They also mention being rejected (ESOP 'refusal' email), but the key point is that they are an applicant to ETHZ, which takes precedence over any other mentions."
suholdmeback,unknown,,0.0,10,,no self-identifying statements found
suinodivino33,unknown,,0.0,4,,no self-identifying statements found
sumik02,decentral_individual,student,1.0,1,coming to MTEC,"The user mentions coming to MTEC, which is a department at ETH Zurich. This indicates a current or upcoming affiliation with ETH Zurich."
super_kami_1337,unknown,,0.0,5,,no self-identifying statements found
supercali_,unknown,,0.0,17,,no self-identifying statements found
supermag2,unknown,,0.0,5,,no self-identifying statements found
supersevi,unknown,,0.0,3,,no self-identifying statements found
svechinskaya,unknown,,0.0,6,,no self-identifying statements found
svensKatten,external_individual,other,0.5,1,recently got a job here in Zurich as a non-EU,"The statement mentions a job in Zurich but does not explicitly name a university. However, the absence of any mention of ETH Zurich or any other university affiliation, combined with the context of being a 'non-EU' individual, suggests an external affiliation outside of ETH. The classification as 'external_individual/other' is based on the lack of explicit ETH affiliation and the presence of a non-ETH context."
swazilaender,unknown,,0.0,4,,no self-identifying statements found
sweat-child-of-mine,decentral_individual,student,0.8,2,I was recently admitted to the MSc CBB program,"The user was admitted to an ETH Zurich program (MSc CBB), which qualifies them as a decentral_individual/student. The mention of future PhD plans in the US does not override the current ETH affiliation."
swiss_boy_128,unknown,,0.0,2,,no self-identifying statements found
swiss_lt,unknown,,0.0,1,,no self-identifying statements found
szuruburuszuru,unknown,,0.0,1,,no self-identifying statements found
tackslabor,unknown,,0.0,1,,no self-identifying statements found
tagleaf,unknown,,0.0,2,,no self-identifying statements found
tagpro_samuele,unknown,,0.0,1,,no self-identifying statements found
talpazz,unknown,,0.0,2,,no self-identifying statements found
tarquasso,unknown,,0.0,10,,no self-identifying statements found
tarudesu,unknown,,0.0,1,,no self-identifying statements found
tau_pi,unknown,,0.0,1,,no self-identifying statements found
tauloki,external_individual,student,0.8,2,σε ημμυ,"The statement explicitly mentions 'ημμυ' (IMMY, the Greek acronym for the National Technical University of Athens), indicating the user is currently a student at a non-ETH institution."
team_analysis5,unknown,,0.0,3,,no self-identifying statements found
teig123,unknown,,0.0,3,,no self-identifying statements found
terdinatore,unknown,,0.0,1,,no self-identifying statements found
terminal_object,unknown,,0.0,132,,no self-identifying statements found
thatchemist96,external_individual,student,0.8,1,I was at EPFL (ETH Lausanne),"The user explicitly mentions being at EPFL (ETH Lausanne), which is a non-ETH institution. The statement refers to a past affiliation, and no current ETH connection is indicated."
the-return-of-amir,unknown,,0.0,1,,no self-identifying statements found
the_evil_biscuit,unknown,,0.0,3,,no self-identifying statements found
thechickenmaster6000,unknown,,0.0,1,,no self-identifying statements found
thelambdamale,unknown,,0.0,2,,no self-identifying statements found
theoconomist,unknown,,0.0,1,,no self-identifying statements found
theonewhoask11,unknown,,0.0,5,,no self-identifying statements found
therealRCKola,unknown,,0.0,4,,no self-identifying statements found
therealshunkaido,unknown,,0.2,3,Im currently 17 and attending a Gymnasium with a Spanish profile in Kanton Zürich,"The statement mentions attending a Gymnasium (a type of secondary school), not a university. There is no explicit or implicit mention of a university affiliation, and the individual is currently 17, likely too young to be enrolled in a university program."
thesaltyanchovyyy,decentral_individual,phd,1.0,2,I am going to start my doctorate at ETH in September,"The user explicitly states they are starting their doctorate at ETH Zurich, indicating a current or upcoming affiliation with ETH."
thetta-reddast,unknown,,0.0,2,,no self-identifying statements found
thoangzr,unknown,,0.0,4,,no self-identifying statements found
throaway_ch,unknown,,0.0,1,,no self-identifying statements found
tibetatakan,unknown,,0.0,3,,no self-identifying statements found
tinatsh,external_individual,student,0.8,1,current undergrad at Berkeley,"The user explicitly states they are a current undergrad at Berkeley, which is a non-ETH institution. They also mention being admitted to ETH's MS program, but since they are not currently enrolled at ETH, their current affiliation is with Berkeley."
tinkerthinker1337,unknown,,0.0,2,,no self-identifying statements found
tinytiny_val,unknown,,0.0,1,,no self-identifying statements found
tischbombe23,unknown,,0.0,6,,no self-identifying statements found
tobevivid,unknown,,0.0,14,,no self-identifying statements found
toefungusgonebad,decentral_individual,student,1.0,1,international master’s student from America beginning my studies in February,"The user explicitly mentions being a master’s student starting at an unspecified time, but since no other university is named and the default rule applies (no specific external university mentioned), ETH Zurich is assumed as the home institution."
tomasbm5,decentral_individual,student,1.0,2,I‘m a first year chemistry student soon to take the Basisprüfung,"The statement indicates the user is a first-year student at ETH Zurich, as Basisprüfung is a specific exam taken by ETH students in their first year."
tommi-eth,unknown,,0.0,1,,no self-identifying statements found
toooni,unknown,,0.0,3,,no self-identifying statements found
top_ofthe_morning,unknown,,0.0,1,,no self-identifying statements found
toshass,unknown,,0.0,1,,no self-identifying statements found
totalboring,external_individual,student,0.9,1,"In September, I will be starting a joint MSc degree at UZH/ETHZ with the leading institution being UZH.","The user explicitly names UZH as the leading institution for their upcoming MSc degree, which is a current affiliation. ETH Zurich is not named as the primary institution, and the user is not stated to be enrolled or accepted at ETH Zurich."
tpawn42,unknown,,0.0,1,,no self-identifying statements found
trotoka,decentral_individual,student,1.0,1,Im in my third year of studying at eth,"The user explicitly states they are studying at ETH Zurich, which is the home institution. They are currently enrolled as a student, so the classification is decentral_individual/student with high confidence."
trufa27,unknown,,0.0,14,,no self-identifying statements found
trufaluffy,unknown,,0.0,1,,no self-identifying statements found
truthwwmm,unknown,,0.0,1,,no self-identifying statements found
tsrumble,unknown,,0.0,1,,no self-identifying statements found
turingawardwinner,unknown,,0.0,1,,no self-identifying statements found
tym0704,external_individual,student,0.8,3,I am in my second year (out of three) at Charles University in Prague,"The user explicitly names a non-ETH institution (Charles University in Prague) as their current role, with no mention of ETH Zurich or any upcoming connection to it."
uenuifah,unknown,,0.0,3,,no self-identifying statements found
ugwemubweosas,unknown,,0.0,1,,no self-identifying statements found
ulfOptimism,external_individual,student,0.5,1,What I found out during studies at university,"The statement mentions 'studies at university' without naming ETH Zurich or any other specific institution. According to the rules, if a user mentions studying without naming a specific university, it is assumed to be external."
umammy,unknown,,0.0,1,,no self-identifying statements found
umm_wtf_hey,unknown,,0.0,1,,no self-identifying statements found
un-glaublich,unknown,,0.0,3,,no self-identifying statements found
undigestedFiD,unknown,,0.0,2,,no self-identifying statements found
unknown_qw,unknown,,0.0,1,,no self-identifying statements found
urshootingstar,unknown,,0.0,1,,no self-identifying statements found
useless_neutrino,unknown,,0.0,1,,no self-identifying statements found
user13376942069,unknown,,0.0,3,,no self-identifying statements found
user_052525,unknown,,0.0,1,,no self-identifying statements found
username6056,unknown,,0.0,3,,no self-identifying statements found
vakulaboredofquora,unknown,,0.0,2,,no self-identifying statements found
vantheman0,unknown,,0.0,9,,no self-identifying statements found
velirozh,unknown,,0.0,1,,no self-identifying statements found
veliwi,unknown,,0.0,3,,no self-identifying statements found
verilaks,unknown,,0.0,13,,no self-identifying statements found
virgin_fap_master,unknown,,0.0,1,,no self-identifying statements found
virtualdweller,external_individual,student,0.7,4,Coming from a university where the rules enforced that the grading scheme be determined and adhered to BEFORE students take the test,"The user refers to a past university experience (""Coming from a university"") and mentions moving to ETH, indicating they are currently affiliated with ETH. However, the first statement does not explicitly name ETH or any other institution, but the second statement implies a current affiliation with ETH. Since the first statement refers to a past university without naming it, it is classified as external_individual with a confidence of 0.7."
vltmusic,unknown,,0.0,3,,no self-identifying statements found
vocdex,unknown,,0.0,1,,no self-identifying statements found
w4lt3rwalter,unknown,,0.0,1,,no self-identifying statements found
wallexd7,unknown,,0.0,11,,no self-identifying statements found
wassup369,unknown,,0.0,3,,no self-identifying statements found
watchm8,unknown,,0.0,1,,no self-identifying statements found
way_ze,former_individual,student,0.8,3,did my bachelors at ETH too,"The user mentions having completed their bachelor's at ETH, and the context implies they are no longer a student there (past tense). They also mention completing an MSc in math and a thesis in D-INFK, which are affiliated with ETH Zurich."
webbs3,unknown,,0.0,1,,no self-identifying statements found
weiss_doch_o_ni,unknown,,0.0,1,,no self-identifying statements found
whatdoiknooow,unknown,,0.0,2,,no self-identifying statements found
wheregold,unknown,,0.0,1,,no self-identifying statements found
whitehole_phy,unknown,,0.0,1,,no self-identifying statements found
whothatboah,unknown,,0.0,2,,no self-identifying statements found
william_andrew_simon,unknown,,0.0,2,,no self-identifying statements found
wilrob2,unknown,,0.0,26,,no self-identifying statements found
winkymann,unknown,,0.0,1,,no self-identifying statements found
wizened-planner,unknown,,0.0,1,,no self-identifying statements found
wormyOdyssey,unknown,,0.0,1,,no self-identifying statements found
wowmyearhurts,unknown,,0.0,1,,no self-identifying statements found
wraith-mayhem,unknown,,0.0,2,,no self-identifying statements found
ws11235,former_individual,employee_or_alumni,0.8,15,We are ETH graduates,"The statement explicitly mentions being graduates of ETH, indicating a former affiliation as alumni."
x3non_04,unknown,,0.0,1,,no self-identifying statements found
xAshenDemonx,external_individual,student,0.8,2,Now at UZH in biomedicine,"The user explicitly states they are currently at UZH (University of Zurich), which is a non-ETH institution. They also mention past affiliation with ETH, but current role is at UZH."
xDerDachDeckerx,decentral_individual,student,1.0,14,upcoming student who just got admitted into studying at eth,"The user explicitly mentions being an 'upcoming student' who has been 'admitted into studying at eth', which clearly indicates a current or upcoming ETH affiliation. This matches rule B in the decision tree, and the subtype 'student' is appropriate for an upcoming student."
xXGIMpL0rdXx,unknown,,0.0,1,,no self-identifying statements found
xXVareszXx,unknown,,0.0,3,,no self-identifying statements found
x_AdvaitD_x,unknown,,0.0,4,,no self-identifying statements found
xelanxxs,unknown,,0.0,3,,no self-identifying statements found
xeme11,unknown,,0.0,2,,no self-identifying statements found
y_abdelaziz,unknown,,0.0,11,,no self-identifying statements found
yarpen_z,unknown,,0.0,7,,no self-identifying statements found
yaxir,unknown,,0.0,1,,no self-identifying statements found
yellowtulip04,unknown,,0.0,3,,no self-identifying statements found
yesNoIdunnno,former_individual,student,0.8,5,"BSc INFK, around 2018/2019","The statement indicates a past degree (BSc INFK) from ETH Zurich, which is implied by the context of the subreddit and the nature of the degree. The use of 'around 2018/2019' suggests the user is no longer a current student, placing them in the 'former_individual' category with the 'student' subtype."
yesplease63636jwj,unknown,,0.0,1,,no self-identifying statements found
yfsarah,unknown,,0.0,2,,no self-identifying statements found
ygtrhos,unknown,,0.0,4,,no self-identifying statements found
yhaxxxxxx,unknown,,0.0,9,,no self-identifying statements found
ykozyr,unknown,,0.0,7,,no self-identifying statements found
your_curious_guy,unknown,,0.0,4,,no self-identifying statements found
ysenngard,unknown,,0.0,2,,no self-identifying statements found
yulindu,unknown,,0.0,1,,no self-identifying statements found
yummy_broccoli,unknown,,0.0,1,,no self-identifying statements found
yungreseller,unknown,,0.0,2,,no self-identifying statements found
zaka9923,unknown,,0.0,14,,no self-identifying statements found
zarkonnen,unknown,,0.0,1,,no self-identifying statements found
zeoreeves13,unknown,,0.0,6,,no self-identifying statements found
zhantongz,unknown,,0.0,5,,no self-identifying statements found
zhdc,unknown,,0.0,11,,no self-identifying statements found
zinsights19,unknown,,0.0,1,,no self-identifying statements found
zombieslayer124,unknown,,0.0,1,,no self-identifying statements found
zoroasterixer,unknown,,0.0,1,,no self-identifying statements found
zweiter_mensch,unknown,,0.0,1,,no self-identifying statements found
zzztz,unknown,,0.0,3,,no self-identifying statements found
