username,voice_type,subtype,confidence,n_posts,evidence,reasoning
--Ano--,unknown,,0.0,638,,no self-identifying statements found
-ColaZero,unknown,,0.0,347,,no self-identifying statements found
-Nothing-Suspicious-,unknown,,0.0,2,,no self-identifying statements found
-Phobophobia_,unknown,,0.0,3,,no self-identifying statements found
-Ritsar-,unknown,,0.0,3,,no self-identifying statements found
-SAMV-,unknown,,0.0,17,,no self-identifying statements found
-Tobito,unknown,,0.0,3,,no self-identifying statements found
-_-_-_JOKER_-_-_-,unknown,,0.0,3,,no self-identifying statements found
-___-_-_--,former_individual,student,0.8,101,in all my years at eth,"The statement 'in all my years at eth' implies a past affiliation with ETH Zurich, suggesting the user is no longer a student there."
-_mo_-,unknown,,0.0,34,,no self-identifying statements found
-chinoiserie,unknown,,0.0,180,,no self-identifying statements found
-hexie-,unknown,,0.0,4,,no self-identifying statements found
-mr_meeseeks--,decentral_individual,student,0.9,2,Ich will bald einen bachelor ind materialwissenschaften an der eth starten,"The user explicitly states they will soon start a bachelor's degree at ETH Zurich, indicating a current or upcoming ETH affiliation."
-name-user-,unknown,,0.0,830,,no self-identifying statements found
-stab-,unknown,,0.0,20,,no self-identifying statements found
04whizkid,decentral_individual,student,0.8,46,enrolled in a Bachelors programme in Switzerland,"The user mentions being enrolled in a bachelor's programme in Switzerland. Since ETH Zurich is the default institution for statements that mention studying without naming a specific other university, and no other institution is named, ETH Zurich is assumed as the affiliation."
0attention-span,unknown,,0.0,96,,no self-identifying statements found
0b00000110,external_individual,other,0.8,227,ZHAW grad here who has worked in the tech industry for ten years.,"The user explicitly identifies as a ZHAW graduate and mentions working in the tech industry, indicating a current role outside of ETH Zurich."
0raid,decentral_individual,student,1.0,25,"I am currently finishing an MSc in Robotics, System and Control at ETH.","The user explicitly states they are currently finishing an MSc at ETH Zurich, which is the home institution. This matches rule B, indicating a current ETH affiliation."
0rdin,unknown,,0.0,107,,no self-identifying statements found
0x-Error,unknown,,0.0,26,,no self-identifying statements found
10nosaure,unknown,,0.2,3,I have a background in these fields through my master’s degree.,The statement does not explicitly name any university or provide enough context to determine the affiliation. It is too vague to classify as ETH Zurich or an external institution.
11undsiebzig,unknown,,0.2,10,I'll be attending university during that time,The statement does not mention any specific university or provide enough information to determine the affiliation. It is too vague to classify as ETH Zurich or external.
1203-NT,unknown,,0.0,2,,no self-identifying statements found
120904,unknown,,0.0,4,,no self-identifying statements found
1234VICE,unknown,,0.0,48,,no self-identifying statements found
123photography,unknown,,0.0,236,,no self-identifying statements found
135uv,unknown,,0.0,10,,no self-identifying statements found
14372_Ritabrata,unknown,,0.0,22,,no self-identifying statements found
18carriages,unknown,,0.0,30,,no self-identifying statements found
1KappaIsLife,unknown,,0.0,1,,no self-identifying statements found
1ksassa,unknown,,0.0,1269,,no self-identifying statements found
1maginaryApple,unknown,,0.0,1892,,no self-identifying statements found
2004FBS,unknown,,0.0,1,,no self-identifying statements found
2006boiii,unknown,,0.0,3,,no self-identifying statements found
21022018,unknown,,0.0,463,,no self-identifying statements found
2578923047823,decentral_individual,applicant,0.8,2,"I applied to both the MSc IDB and NSC programs at UZH/ETH. I'm still waiting to here back from ETH MSc CS, as well as from other schools.","The user explicitly mentions applying to ETH's MSc programs and is still waiting for a response, indicating they are an applicant to ETH Zurich. The mention of other schools does not override the application status to ETH."
2D_Tiddies,decentral_individual,student,1.0,3,got accepted into the Spatial Development and Infrastructure Systems MSc programme at ETH Zürich,"The user explicitly mentions being accepted into an ETH Zürich MSc programme, which takes precedence over any prior non-ETH affiliation."
2colombia4u,unknown,,0.0,126,,no self-identifying statements found
2eZ4J,unknown,,0.0,15,,no self-identifying statements found
45422201,former_individual,student,0.9,17,I did my bachelor and master at ETH,"The user explicitly mentions having completed their bachelor's and master's at ETH Zurich, indicating a former student affiliation. They also mention starting a PhD, which is a current role but does not override the past affiliation with ETH."
4g4o,external_individual,student,0.8,11,I am currently doing my master's at TU Munich,"The user explicitly names a non-ETH institution (TU Munich) as their current role, which matches the criteria for 'external_individual'."
4maxlhmn4,unknown,,0.0,302,,no self-identifying statements found
573984729874,unknown,,0.0,110,,no self-identifying statements found
5Lick,unknown,,0.0,368,,no self-identifying statements found
5amorhqn,unknown,,0.2,5,No mention of university affiliation,"The statements only mention the user being in 11th grade at a Gymnasium in Germany and stress related to finishing their Abitur. There is no mention of university affiliation, current or past."
65289791,decentral_individual,phd,1.0,9,I'm a first year PhD student in chemistry department.,The user explicitly states they are a first-year PhD student without mentioning any non-ETH institution. ETH Zurich is the default institution for such statements unless a specific external university is named.
700iholleh,unknown,,0.0,241,,no self-identifying statements found
7facetime7,external_individual,student,0.5,35,I study at ...,"The statement 'I study at ...' indicates a current affiliation with a non-ETH institution, as the institution is not explicitly named as ETH Zurich. The absence of any mention of ETH Zurich and the use of 'study' implies an external university affiliation."
7o5aN0,unknown,,0.0,267,,no self-identifying statements found
AI_lover_always,decentral_individual,student,1.0,5,master student in INFK,"The user explicitly mentions being a master student in INFK, which is a department at ETH Zurich. This indicates a current affiliation with ETH Zurich."
ANature,unknown,,0.0,9,,no self-identifying statements found
AP11997,decentral_individual,phd,0.8,10,I’m doing a PhD in physics,"The statement indicates the user is currently pursuing a PhD, and no specific external university is named. Since the user is not explicitly stating an affiliation outside of ETH Zurich, and ETH is the default institution, the affiliation is assumed to be ETH Zurich."
AVeryGoofyGoober,decentral_individual,student,0.5,15,I’m in it currently,"The statement implies current involvement but does not specify the institution. However, since the default rule applies (no mention of a non-ETH institution and no indication of past affiliation), ETH Zurich is assumed as the current affiliation."
AZfoodie,unknown,,0.0,1,,no self-identifying statements found
A_Lymphater,unknown,,0.0,28,,no self-identifying statements found
Aalibab,decentral_individual,applicant,0.8,13,applied for the Bachelor in Biochem,"The user mentions applying to a Bachelor program at ETH Zurich (implied by the context of the subreddit and the program name), which fits the 'applicant' subtype under 'decentral_individual'."
Aark95,external_individual,student,1.0,1,I am doing the BsC business informatics at WU Vienna,"The user explicitly states they are currently studying at WU Vienna, a non-ETH institution, with no mention of a current or upcoming ETH affiliation."
AaronKDinesh,unknown,,0.0,17,,no self-identifying statements found
AbCi16,unknown,,0.0,665,,no self-identifying statements found
AbdullahFarghaly,unknown,,0.0,3,,no self-identifying statements found
Able_Stretch4800,unknown,,0.0,2,,no self-identifying statements found
Academic_Body7249,unknown,,0.0,3,,no self-identifying statements found
AcanthaceaeQuick9663,unknown,,0.0,14,,no self-identifying statements found
Acanthiisitta21,unknown,,0.0,33,,no self-identifying statements found
Accept_A_Username,unknown,,0.0,2,,no self-identifying statements found
Acceptable-Smoke-488,unknown,,0.0,2,,no self-identifying statements found
Accomplished-Gap5099,unknown,,0.0,1,,no self-identifying statements found
Accomplished-War1971,unknown,,0.0,418,,no self-identifying statements found
AccomplishedBad1415,unknown,,0.0,30,,no self-identifying statements found
Accomplished_Bad_487,unknown,,0.0,105,,no self-identifying statements found
Accomplished_Base532,external_individual,other,0.5,4,No explicit mention of ETH Zurich or any other university affiliation in the current role,"The user provides information about their education and work experience but does not explicitly name any current university affiliation. They mention a Master’s degree and work experience in medical research, but no specific institution is named for their current role. Based on the guidelines, this falls under 'unknown' unless there is explicit evidence of a non-ETH affiliation, which is not present here. However, since the user is not explicitly affiliated with ETH, 'external_individual/other' is the best fit with moderate confidence."
Accomplished_Echo_31,external_individual,student,0.8,1,I'm a computer engineering student from Brazil,"The user explicitly identifies as a student but does not mention ETH Zurich or any other specific university. Since they are not explicitly affiliated with ETH and the statement does not imply a connection to ETH, the default classification is external_individual/student."
Accomplished_Set1872,unknown,,0.0,9,,no self-identifying statements found
Accomplished_Team300,external_individual,researcher,0.5,20,I work as a researcher at ...,"The statement 'I work as a researcher at ...' implies a current role at a non-ETH institution, as no specific ETH affiliation is mentioned. The ellipsis suggests the user has intentionally omitted the institution's name, but the presence of a non-ETH role without explicit ETH connection classifies them as external_individual."
Accurate_Stay_5058,unknown,,0.0,19,,no self-identifying statements found
AcidFreak1424,unknown,,0.0,334,,no self-identifying statements found
Acrobatic-Giraffe-65,external_individual,student,0.9,75,University of Zürich,"The user explicitly states they will be starting their bachelor's in finance at the University of Zürich, which is a non-ETH institution. There is no mention of ETH Zurich in the current or upcoming role."
Acrobatic-Kiwi2045,decentral_individual,student,0.8,16,I'm moving to Zurich for my master's starting September,"The user mentions starting a master's in Zurich, which strongly implies an affiliation with ETH Zurich, as it is the default institution for such statements when no other university is named."
Acrobatic_Salad_9691,decentral_individual,student,1.0,2,Just got to MSc EEIT.,"The statement indicates the user has recently enrolled in the MSc EEIT program at ETH Zurich, which is the default institution for such statements when no other university is explicitly named."
Acrobatic_Shelter_96,unknown,,0.0,8,,no self-identifying statements found
ActioContraria,unknown,,0.0,27,,no self-identifying statements found
Active-Delay-1337,unknown,,0.0,30,,no self-identifying statements found
Active-Diamond-7555,external_individual,student,1.0,32,current 4th-year undergraduate pursuing a degree in CCE from Manipal Institute of Technology in India,The user explicitly names a non-ETH institution (Manipal Institute of Technology) as their current role with no mention of ETH affiliation.
Active-Vacation4270,decentral_individual,student,1.0,2,I'm currently a master's student.,"The user states they are a master's student without mentioning any specific university other than ETH Zurich. According to the rules, if a user mentions studying without naming a specific other university, ETH Zurich is assumed as the home institution."
Actual_Nobody_7590,unknown,,0.0,36,,no self-identifying statements found
ActuatorNaive8791,unknown,,0.0,1,,no self-identifying statements found
Ad-Cod-2504,unknown,,0.0,9,,no self-identifying statements found
AdAcceptable9332,decentral_individual,student,1.0,2,I am a first-year MSc student in mechanical engineering,"The user explicitly states they are a first-year MSc student, which indicates a current affiliation with ETH Zurich as per the subreddit default rule."
AdAccomplished989,unknown,,0.0,18,,no self-identifying statements found
AdCalm9578,unknown,,0.0,60,,no self-identifying statements found
AdDouble2025,unknown,,0.0,34,,no self-identifying statements found
AdEastern6906,unknown,,0.0,3,,no self-identifying statements found
AdUnfair2134,decentral_individual,student,1.0,1,I am also a freshman in CSE,"The statement indicates the user is a current student (freshman) at ETH Zurich, as the subreddit r/ethz is associated with ETH Zurich and the statement does not mention any other institution."
AdWitty1713,unknown,,0.0,708,,no self-identifying statements found
Adarain,unknown,,0.0,251,,no self-identifying statements found
Additional-Ad-1021,unknown,,0.0,278,,no self-identifying statements found
Additional-Eye-1413,unknown,,0.0,5,,no self-identifying statements found
Additional_Leek_9893,unknown,,0.0,5,,no self-identifying statements found
Adel_Mustafa,unknown,,0.0,72,,no self-identifying statements found
Adept-Slice,external_individual,other,0.5,362,"No specific university mentioned, but the user is described as a 'jugo' and working as a research assistant without naming ETH Zurich or any other institution explicitly","The statements do not provide explicit evidence of a current university affiliation. The term 'jugo' is ambiguous and does not indicate a specific institution. The mention of a research assistant role is implicit but not tied to any named university. Since no ETH affiliation is explicitly stated, and no other institution is named, the classification defaults to 'external_individual/other' with moderate confidence."
AdeptnessLatter78,unknown,,0.0,44,,no self-identifying statements found
AdeptusDankanicus,decentral_individual,student,0.8,10,"For us swiss students, getting in isn't the hard part.","The statement implies the user is a current student at ETH Zurich, as it refers to the experience of Swiss students getting in, which aligns with the default assumption when no other institution is named."
AdhesivenessOdd7527,unknown,,0.0,1,,no self-identifying statements found
AdhesivenessOk457,unknown,,0.0,3,,no self-identifying statements found
Admirable-Group-1129,external_individual,student,0.8,15,I am a ZH student currently thinking about Uni options (for CS),"The user explicitly identifies as a student at ZH (Zürcher Hochschule für Angewandte Wissenschaften), a non-ETH institution, with no mention of a current or upcoming ETH affiliation."
Admirable_Towel8693,decentral_individual,applicant,0.9,7,I applied to ETH Zurich for a PhD and received an offer while I was outside of Switzerland.,"The user explicitly mentions applying to ETH Zurich for a PhD, which falls under the 'applicant' subtype under 'decentral_individual' as per the decision tree. The application is current (received an offer), and no other institution is named."
AdobiWanKenobi,external_individual,other,0.5,382,My degrees are BEng Robotics & Control Engineering and MSc Aerial Robotics.,"The statement mentions degrees but does not explicitly name any university. Without naming a specific institution, it cannot be confirmed as ETH Zurich or another university. The lack of explicit affiliation leads to 'unknown' as the default, but since the user has completed degrees, 'external_individual/other' is used with moderate confidence."
AdolphSilvia,decentral_individual,student,0.8,73,currently a resident in building 17,"The user mentions being a current resident in a building at ETH Zurich, which is consistent with being a student at ETH. No other university is named, and the context implies an ongoing affiliation with ETH."
Adorable-Rich720,unknown,,0.0,4,,no self-identifying statements found
Adorable_Arugula_499,former_individual,phd,0.5,39,soon a PhD in inorganic chemistry,"The user mentions being soon to start a PhD, but does not explicitly name a university. However, the mention of a PhD implies a current or upcoming affiliation, and since no external university is named, ETH Zurich is assumed as the default."
Adorable_Knee959,unknown,,0.0,9,,no self-identifying statements found
Adorable_Position_34,decentral_individual,student,1.0,1,I'm about to start my thesis as a project mobility student at ETH D-ITET,"The user explicitly mentions starting their thesis as a project mobility student at ETH D-ITET, indicating a current affiliation with ETH Zurich."
AdrianWasTaken,decentral_individual,phd,0.9,3,doing a PhD at ETHZ,"The user explicitly states they are currently doing a PhD at ETH Zurich, which is the home institution. This satisfies condition B of the decision tree, indicating a current ETH affiliation."
Adv-rewi-8806,unknown,,0.0,1,,no self-identifying statements found
Advanced-Rip568,decentral_individual,student,0.8,1,"To obtain my masters degree in my current program, I need to acquire a total of 90 credit points.","The statement implies the user is currently enrolled in a master's program. Since no specific external university is named and the default rule applies (assuming ETH Zurich if studying without naming another institution), the affiliation is classified as decentral_individual/student."
Advanced_Dance1853,unknown,,0.0,2,,no self-identifying statements found
Adventurous-Race5478,decentral_individual,student,1.0,37,Hi Ersti from D-MATH here.,"The user explicitly identifies as an 'Ersti' (a term used for first-year students at ETH Zurich) from D-MATH, which is a department at ETH Zurich. This indicates a current student affiliation with ETH Zurich."
Adventurous_End_8227,decentral_individual,student,0.8,108,I study CS,"The statement 'I study CS' implies the user is currently a student, and since no specific non-ETH university is mentioned, ETH Zurich is assumed as the home institution."
Adventurous_Ruin_919,unknown,,0.2,7,my university enrollment,The statement 'my university enrollment' is too vague and does not explicitly name a university or provide enough context to determine the affiliation. No clear evidence of ETH Zurich or another institution is present.
AdvisorTechnical7732,decentral_individual,student,1.0,128,I just got accepted into the MEST program of ETH,"The user explicitly states they have been accepted into an ETH program, which takes precedence over any prior education mentioned."
Affectionate-Bit4533,unknown,,0.0,1,,no self-identifying statements found
Affectionate-Dot5725,external_individual,student,0.8,138,I am currently a bachelors student in Netherlands in CS,"The user explicitly states they are a bachelor's student in the Netherlands, which is not ETH Zurich. No mention of ETH affiliation in the current role."
AffectionateRange673,unknown,,0.0,19,,no self-identifying statements found
AffectionateStore225,decentral_individual,applicant,0.7,23,applied for the MSc in Physics at ETH,"The user explicitly states they applied to ETH's MSc in Physics, which indicates they are an applicant for a current or upcoming ETH affiliation."
Affectionate_Bid5941,unknown,,0.0,1,,no self-identifying statements found
Affectionate_Camp468,unknown,,0.0,1,,no self-identifying statements found
Afraid-Tea-2358,unknown,,0.0,11,,no self-identifying statements found
Afraid_Wave_2489,unknown,,0.0,20,,no self-identifying statements found
Afro-Islander,unknown,,0.0,2,,no self-identifying statements found
After-Lengthiness720,unknown,,0.0,2,,no self-identifying statements found
Aggravating-Face7375,unknown,,0.0,4,,no self-identifying statements found
AggravatingSplit7492,external_individual,student,0.8,2,exchange student at UZH,"The user explicitly identifies as an exchange student at UZH (University of Zurich), which is a non-ETH institution. There is no indication of a current or upcoming ETH affiliation."
Aggravating_Tone9541,unknown,,0.0,144,,no self-identifying statements found
Aggressive-Movie8109,unknown,,0.0,1,,no self-identifying statements found
Aggressive_Ad_600,unknown,,0.0,5,,no self-identifying statements found
Aggressive_Battle727,unknown,,0.0,23,,no self-identifying statements found
Aggressive_Life3654,unknown,,0.0,3,,no self-identifying statements found
Agitated-Pollution52,unknown,,0.0,39,,no self-identifying statements found
Aglar253,unknown,,0.0,4,,no self-identifying statements found
Agreeable_Addition84,decentral_individual,student,1.0,66,I am a second year engineering student,"The user explicitly states they are a student without mentioning any non-ETH institution. According to the rules, if a statement mentions studying without naming a specific other university, assume ETH Zurich."
Agruesle,external_individual,other,0.5,25,I worked at a consultancy,"The statement indicates a professional role at a consultancy but does not mention any university affiliation. Since the user is not explicitly affiliated with ETH Zurich and no other university is named, the classification defaults to 'external_individual/other' based on the lack of university affiliation information."
AimingforGreatness,external_individual,other,0.5,12,I have a bachelor's degree in computer science from a German university,"The user explicitly mentions having a bachelor's degree from a German university, which is not ETH Zurich. No current ETH affiliation is stated, and the user is currently working as an AI engineer, which does not imply a university affiliation."
AirSubstantial1376,unknown,,0.0,16,,no self-identifying statements found
AirportAgreeable467,unknown,,0.0,3,,no self-identifying statements found
Aite13,unknown,,0.0,116,,no self-identifying statements found
Aiyimitzweii,decentral_individual,student,1.0,16,im September fange ich mit meinem Bio Studium an der ETH an,"The user explicitly states they are starting their Bio degree at ETH Zurich in September, indicating a current and upcoming ETH affiliation."
Ajataashatru,unknown,,0.0,2,,no self-identifying statements found
Akutasan,unknown,,0.0,2,,no self-identifying statements found
Al141974,unknown,,0.0,108,,no self-identifying statements found
AlFatalGast,unknown,,0.0,4,,no self-identifying statements found
Alarmed-Ad6452,unknown,,0.2,191,No explicit or implicit mention of university affiliation,"The statement discusses technical activities (e.g., register and port manipulation) but provides no information about the user's university or academic role. There is no mention of studying, working, or affiliating with any institution."
Alarmed-Counter150,unknown,,0.0,1,,no self-identifying statements found
Alarmed_Gain_1121,unknown,,0.0,1,,no self-identifying statements found
Albastru-Aib,unknown,,0.0,529,,no self-identifying statements found
AlbatrossIcy5704,unknown,,0.0,31,,no self-identifying statements found
Albi_Sup,decentral_individual,applicant,0.8,9,I'm about to apply for a MSc at ETH.,"The user explicitly mentions applying to ETH, which indicates a current application status. According to the decision tree, this falls under 'B2' — applied to ETH but not yet confirmed acceptance, resulting in 'decentral_individual/applicant'."
AleCar07,unknown,,0.0,39,,no self-identifying statements found
AleLuke,unknown,,0.0,3,,no self-identifying statements found
Ale_cra,unknown,,0.0,1,,no self-identifying statements found
Alendion_TLG,external_individual,other,0.5,13,currently working as a Data Scientist in the field of Medical Imaging,"The user does not mention any university affiliation explicitly. They mention being a non-EU/EEA citizen and working as a Data Scientist, which implies an external, non-academic role. No evidence of ETH Zurich or any other university is provided."
Alert-Fill2998,unknown,,0.0,4,,no self-identifying statements found
AlertEmotion7134,unknown,,0.0,1,,no self-identifying statements found
Alex51423,former_individual,student,0.8,244,I finished my math degree on ETH,"The user explicitly mentions having completed a degree at ETH Zurich, indicating a former affiliation as a student."
Alexa-Klee,unknown,,0.0,11,,no self-identifying statements found
Alexx_FF,unknown,,0.0,308,,no self-identifying statements found
AlfCarison,unknown,,0.0,38,,no self-identifying statements found
AliAhmet1903,unknown,,0.0,14,,no self-identifying statements found
AlighieriDonkey,unknown,,0.0,1,,no self-identifying statements found
Alive-Lake7,unknown,,0.0,3,,no self-identifying statements found
AliveEntertainment45,unknown,,0.0,2,,no self-identifying statements found
Alkeryn,unknown,,0.0,1185,,no self-identifying statements found
Alpajio,unknown,,0.0,6,,no self-identifying statements found
AlphaAlex1_,unknown,,0.0,130,,no self-identifying statements found
AlphaQ-14,unknown,,0.0,2,,no self-identifying statements found
Alrex_G,external_individual,student,0.9,7,I'm also studying CS at UNC,"The user explicitly names a non-ETH institution (UNC) as their current role, with no current or upcoming ETH connection."
AlrikBunseheimer,external_individual,student,0.8,444,This semester I am doing an exchange to Lausanne,"The user explicitly mentions being on an exchange to Lausanne (EPFL), which is a non-ETH institution, and does not indicate a current or upcoming ETH affiliation."
Alternative-Fact6209,unknown,,0.0,23,,no self-identifying statements found
Alternative-Spot5016,unknown,,0.0,28,,no self-identifying statements found
Alternative-Yak-6990,unknown,,0.0,190,,no self-identifying statements found
AlternativeSalary145,unknown,,0.0,1,,no self-identifying statements found
AlternisHS,decentral_individual,applicant,0.8,23,I'm looking to do my master's at ETH. I am unfortunately not eligible for automatic admission since my bachelor's ... is not the same as the master's i'm seeking admission at (Statistics).,"The user explicitly mentions applying to ETH for a master's program, which aligns with the 'applicant' subtype under 'decentral_individual'."
Altruistic-Buy-3458,unknown,,0.0,4,,no self-identifying statements found
Altruistic-Edge-2393,unknown,,0.0,30,,no self-identifying statements found
Altruistic_Map_4081,unknown,,0.0,13,,no self-identifying statements found
Amapocho,unknown,,0.0,142,,no self-identifying statements found
Amazillon,unknown,,0.0,22,,no self-identifying statements found
Amazing-Peach8239,unknown,,0.0,151,,no self-identifying statements found
AmbientOccluder38,unknown,,0.0,4,,no self-identifying statements found
Ambitious_Rise5078,decentral_individual,applicant,0.7,2,I've submitted my application few days ago,"The user has applied to ETH Zurich (implied by the context of the subreddit and the statement about applying to a master's degree in computer science), but has not yet confirmed acceptance. This matches the 'decentral_individual/applicant' category."
AmityRule63,unknown,,0.0,218,,no self-identifying statements found
Amslae,unknown,,0.0,2,,no self-identifying statements found
AnNiE01518,unknown,,0.0,17,,no self-identifying statements found
AnarchyKing50192,unknown,,0.0,8,,no self-identifying statements found
Ancient-Athlete106,unknown,,0.0,2,,no self-identifying statements found
Ancient-Job-4911,unknown,,0.0,67,,no self-identifying statements found
AndriaKyriacou,unknown,,0.0,2,,no self-identifying statements found
Andromeda279,external_individual,student,0.5,18,I am about to graduate from a dual degree program- CS+ MBA - it was a 5 year integrated program.(4 year CS + one and half year MBA),"The statement mentions graduating from a dual degree program (CS + MBA) but does not explicitly name ETH Zurich or any other institution. Since the user does not mention ETH Zurich or any other university, and the affiliation is not clear, the classification defaults to 'external_individual/student' with moderate confidence based on the implicit signal of being a student."
AndromedaStrange369,unknown,,0.0,17,,no self-identifying statements found
Anfphrodite,unknown,,0.0,15,,no self-identifying statements found
Aniket_Mhaskar477,unknown,,0.0,2,,no self-identifying statements found
Aniruddhb16,unknown,,0.0,90,,no self-identifying statements found
AnishAndTheBoys,unknown,,0.0,22,,no self-identifying statements found
Annual-Advisor-7916,unknown,,0.0,758,,no self-identifying statements found
Annual-Psychology668,unknown,,0.0,11,,no self-identifying statements found
AnonC951,decentral_individual,student,1.0,19,I am a Final Year student in Bachelor Economics and Political Science,"The statement indicates the user is currently a student at ETH Zurich, as no other university is explicitly named and the default rule applies."
Anon_cat3563,unknown,,0.0,91,,no self-identifying statements found
Anonymous234910,unknown,,0.0,42,,no self-identifying statements found
AnonymousWhistle,unknown,,0.0,1,,no self-identifying statements found
Ansh_3101,unknown,,0.0,3,,no self-identifying statements found
Ant-One,unknown,,0.0,13,,no self-identifying statements found
Ant_of_Colonies,decentral_individual,student,0.8,11,I lived in that WOKO building during my masters,"The statement refers to living in a WOKO building during a master's program, which is strongly associated with ETH Zurich. No other institution is mentioned, and the context implies a current or past affiliation with ETH."
Antidigitalist,decentral_individual,student,1.0,907,I'm currently studying Pharmaceutical Sciences in the Basisjahr,"The statement explicitly mentions studying in the Basisjahr, which is a known part of the ETH Zurich curriculum. No other university is named, and the default rule applies: if a statement mentions studying without naming a specific other university, assume ETH Zurich."
Antique-Jacket8864,unknown,,0.0,16,,no self-identifying statements found
Antique-Ticket-382,unknown,,0.0,13,,no self-identifying statements found
AntiqueLifeguard5696,unknown,,0.0,8,,no self-identifying statements found
Any-Cause-374,unknown,,0.0,3203,,no self-identifying statements found
Any-Fox-4048,unknown,,0.0,1,,no self-identifying statements found
Any-Gear-8855,unknown,,0.0,4,,no self-identifying statements found
Any-Objective-7255,unknown,,0.0,3,,no self-identifying statements found
Any-Patient5051,decentral_individual,phd,0.9,924,starts a PhD at ETH,"The user explicitly mentions starting a PhD at ETH Zurich, which indicates a current affiliation with ETH."
Any_Butterscotch_421,unknown,,0.0,1,,no self-identifying statements found
Any_Permission2555,unknown,,0.0,136,,no self-identifying statements found
Apart-Efficiency-248,unknown,,0.0,40,,no self-identifying statements found
Apart_Direction5852,unknown,,0.0,7,,no self-identifying statements found
Apoorva__a,unknown,,0.0,33,,no self-identifying statements found
AppleBanter,unknown,,0.0,22,,no self-identifying statements found
Apprehensive-Ice2576,unknown,,0.0,66,,no self-identifying statements found
Apprehensive-Meet-60,unknown,,0.0,1,,no self-identifying statements found
ApprehensiveBack4896,unknown,,0.0,34,,no self-identifying statements found
ApprehensiveInside13,unknown,,0.0,147,,no self-identifying statements found
Apprehensive_Arm_493,decentral_individual,phd,0.8,25,We are both finishing our PhDs in the same cohort,"The user explicitly mentions being a PhD student, and there is no mention of a non-ETH institution. Since they are finishing their PhD, this implies a current affiliation with ETH Zurich."
Apprehensive_Cake541,unknown,,0.0,3,,no self-identifying statements found
Apprehensive_Ice_412,unknown,,0.0,91,,no self-identifying statements found
Appropriate-Cup9335,unknown,,0.0,66,,no self-identifying statements found
Appropriate-Still712,unknown,,0.0,5,,no self-identifying statements found
AppropriateDoctor725,unknown,,0.0,2,,no self-identifying statements found
AppropriatePatience8,unknown,,0.0,49,,no self-identifying statements found
Appropriate_Gap_1399,unknown,,0.0,34,,no self-identifying statements found
Appropriate_Spend268,unknown,,0.0,6,,no self-identifying statements found
Appropriate_Waltz431,external_individual,student,0.5,14,I’ve recently completed my BSc in Electrical and Electronic Engineering,"The statement mentions completing a BSc but does not explicitly name a university. However, since the user is not currently affiliated with ETH Zurich and no other institution is named, the classification defaults to external_individual with a confidence of 0.5."
Appropriate_You564,unknown,,0.0,60,,no self-identifying statements found
AquaHornet08,decentral_individual,student,1.0,35,Im most likely going to start studying Mechanical Engineering at ETH in September,"The user explicitly mentions starting to study Mechanical Engineering at ETH in September, indicating a current or upcoming ETH affiliation."
Arin_Pali,unknown,,0.0,317,,no self-identifying statements found
ArmIntrepid8204,unknown,,0.0,2,,no self-identifying statements found
ArmMuted5190,unknown,,0.0,2,,no self-identifying statements found
ArmadaLimmat,unknown,,0.0,79,,no self-identifying statements found
Armagetton,unknown,,0.0,4,,no self-identifying statements found
Aromatic-Dog7505,unknown,,0.0,21,,no self-identifying statements found
Arsh90786,unknown,,0.0,574,,no self-identifying statements found
ArtemisCrusher,unknown,,0.0,8,,no self-identifying statements found
Artistic-Ad-3794,external_individual,student,0.8,20,ich mache grade meinen Bachelor an der RWTH,"The user explicitly states they are currently studying a bachelor's degree at RWTH, a non-ETH institution. This satisfies the condition for 'external_individual/student'."
Artistic_Frosting864,unknown,,0.0,9,,no self-identifying statements found
Artistic_Slide2345,former_individual,student,0.8,40,Math Bachelor at ETH,"The user explicitly mentions having a Math Bachelor degree from ETH, indicating a past affiliation as a student."
Artistic_Storm4102,unknown,,0.0,27,,no self-identifying statements found
Arushh42,unknown,,0.0,33,,no self-identifying statements found
Arykku,unknown,,0.0,1,,no self-identifying statements found
Arzaxx,unknown,,0.0,1,,no self-identifying statements found
Asdfjalsdkjflkjsdlkj,unknown,,0.0,6,,no self-identifying statements found
Ashamed-Birthday-887,unknown,,0.0,13,,no self-identifying statements found
Ashamed-Simple-8303,unknown,,0.0,715,,no self-identifying statements found
Ashamed_Baker_3568,decentral_individual,researcher,1.0,25,As I work now at ETH I still get to “enjoy” whatever SV Group comes up with,"The user explicitly states they are currently working at ETH Zurich, which is the home institution. This directly matches the 'decentral_individual' voice type with the 'researcher' subtype."
Asiansugarbabygpt,unknown,,0.0,7,,no self-identifying statements found
AskDecent4630,unknown,,0.0,1,,no self-identifying statements found
AskLbm,unknown,,0.0,1,,no self-identifying statements found
Asparagasin,unknown,,0.0,1,,no self-identifying statements found
Aster1xch,unknown,,0.0,6,,no self-identifying statements found
AstroRoverToday,external_individual,student,0.8,361,graduated Cal State University Northridge with a Bachelor’s in Electrical Engineering,"The user explicitly mentions graduating from a non-ETH institution (Cal State University Northridge) with a degree, indicating their current affiliation is not ETH Zurich."
AstronASMR,unknown,,0.0,1,,no self-identifying statements found
AstronomerLevel325,unknown,,0.0,2,,no self-identifying statements found
Astrophysicist369,unknown,,0.0,1,,no self-identifying statements found
Asztrus11,external_individual,student,0.8,9,graduated from Bocconi,"The user explicitly mentions graduating from Bocconi, a non-ETH institution, with no current or upcoming ETH connection."
Atalantius,external_individual,other,0.5,380,I studied and work in chemistry,"The user mentions studying and working in chemistry but does not explicitly name a current university. However, the statement 'I had aimed to go to ETHZ' refers to a past intention, not a current affiliation. Since there is no explicit mention of a current non-ETH institution, the classification defaults to 'external_individual/other' based on the lack of clear ETH affiliation and the absence of a named current institution."
Athoak,unknown,,0.0,14,,no self-identifying statements found
Athror,unknown,,0.0,6,,no self-identifying statements found
AtmosphereAny,decentral_individual,applicant,0.8,14,I'm accepted in a Master's degree program starting on September 16th. I have the acceptance letter with this fee.,"The user explicitly mentions being accepted into a Master's program and having an acceptance letter, which indicates they are an applicant to ETH Zurich. The statement does not name any other institution as their current affiliation, and the context aligns with ETH Zurich as the home institution."
AtwoZ139,unknown,,0.0,2,,no self-identifying statements found
Aurilandus,unknown,,0.0,45,,no self-identifying statements found
Aurora_Black_,decentral_individual,student,1.0,1,currently 4th sem. CS BSc,"The user explicitly mentions being in their 4th semester of a BSc in Computer Science, which aligns with being a current student at ETH Zurich based on the subreddit default rule."
Ausverkauf,unknown,,0.0,390,,no self-identifying statements found
Automatic-Tax-7414,unknown,,0.0,11,,no self-identifying statements found
Automatic-Water2325,unknown,,0.0,95,,no self-identifying statements found
AutomaticAccount6832,unknown,,0.0,1401,,no self-identifying statements found
AutomaticOrder3635,unknown,,0.0,36,,no self-identifying statements found
Automatic_Dirt7305,unknown,,0.0,1,,no self-identifying statements found
Automatic_Pear3386,external_individual,student,0.5,15,"studied in CH, I got my masters","The user mentions studying in CH (Switzerland) and obtaining a master's degree but does not explicitly name ETH Zurich or any other specific university. Since they are not explicitly affiliated with ETH and the statement implies a past affiliation, it is classified as external_individual/student with moderate confidence."
Available-Bus-9562,decentral_individual,student,1.0,3,I am going to be start masters at ETH this year,"The user explicitly mentions starting a master's program at ETH Zurich this year, indicating a current or upcoming ETH affiliation."
Available-Job2201,unknown,,0.0,827,,no self-identifying statements found
Available-Maize1493,unknown,,0.0,218,,no self-identifying statements found
Available_Heart5556,unknown,,0.0,77,,no self-identifying statements found
Available_War4603,unknown,,0.2,662,"Yes, I was in university during the peak of it (I think it was 2018 or 2019)","The statement does not explicitly mention any university affiliation, and the reference to 'university' is too vague to determine the institution. No specific institution is named, and there is no clear indication of ETH Zurich or any other university."
Aware-Cauliflower-25,unknown,,0.0,2,,no self-identifying statements found
Away_Ad_7316,unknown,,0.0,42,,no self-identifying statements found
Awkward_Eggplant1234,decentral_individual,student,1.0,54,I'm writing my Masters Thesis on Large Language Models right now,"The statement indicates the user is currently writing their Master's thesis, which implies they are a current student. Since no other university is explicitly named and the default rule applies (ETH Zurich is the home institution), the affiliation is assumed to be ETH Zurich."
Ayasaminata,unknown,,0.0,7,,no self-identifying statements found
Aypnia,unknown,,0.0,72,,no self-identifying statements found
Aywing,decentral_individual,student,0.8,164,I'm almost done with my masters,"The statement indicates the user is currently a student working on their master's degree. Since no specific external university is named and the default rule applies (ETH Zurich is the home institution), the affiliation is assumed to be ETH Zurich."
B0tRank,unknown,,0.0,56064,,no self-identifying statements found
B1gThro,decentral_individual,student,1.0,2,I'm a Masters student studying Data Science,"The statement mentions being a Masters student without naming a specific university. According to the rules, if a user mentions studying without naming a specific other university, ETH Zurich is assumed as the home institution."
BANANAT0R,unknown,,0.0,77,,no self-identifying statements found
BNI_sp,unknown,,0.0,3026,,no self-identifying statements found
BOBBO_WASTER,unknown,,0.0,15,,no self-identifying statements found
B_BARTHMAN,unknown,,0.0,22,,no self-identifying statements found
Babushka9,unknown,,0.0,189,,no self-identifying statements found
Background-Fish-8465,unknown,,0.0,26,,no self-identifying statements found
Background-Pin3960,external_individual,student,0.5,351,I am a master's student in Germany,"The user identifies as a master's student but does not explicitly name ETH Zurich or any other specific university. However, they mention being in Germany, which implies a non-ETH affiliation. The default rule applies here since no ETH connection is mentioned."
Background-Run8812,unknown,,0.0,1,,no self-identifying statements found
BackgroundLow1438,unknown,,0.0,23,,no self-identifying statements found
BackgroundLow3556,decentral_individual,student,1.0,1,I'm a 1st year Bachelor student from the US,"The user is explicitly stating they are a first-year Bachelor student at ETH Zurich, as per the subreddit's default rule when no other university is mentioned."
Bad-Gloomy,decentral_individual,student,0.8,23,take one year off from my studies,"The statement implies the user is currently a student at a university, and since no other institution is named, ETH Zurich is assumed as the default affiliation."
BadBoy_3371,external_individual,phd,0.9,41,I will be joining the University of Geneva as a Doctorant in the beginning of August 2024,"The user explicitly states they will be joining the University of Geneva as a Doctorant, which is a non-ETH institution. There is no mention of a current or upcoming ETH affiliation."
Bakeey,unknown,,0.0,76,,no self-identifying statements found
BakrTT,unknown,,0.0,19,,no self-identifying statements found
BallsBuster7,unknown,,0.0,453,,no self-identifying statements found
Bamboleo_bambolea,decentral_individual,student,0.8,3,I got my decision a few hours ago. Also Mathematics department,"The user mentions receiving a decision, which implies they have been accepted to ETH Zurich. The mention of the Mathematics department further supports a current or upcoming ETH affiliation."
BananaP3nguin,unknown,,0.0,1,,no self-identifying statements found
Banana_with_benefits,unknown,,0.0,29,,no self-identifying statements found
BarFun9487,decentral,,0.5,17,interaction with a representative from an ETH office,"The user mentions an interaction with an ETH office representative, indicating an affiliation with ETH Zurich, likely as a student, researcher, or affiliated individual. The voice type is 'decentral' as the affiliation is with a department or lab within ETH."
BarNext625,unknown,,0.0,144,,no self-identifying statements found
BarbellJuggler,unknown,,0.0,10,,no self-identifying statements found
Barinski04,unknown,,0.0,6,,no self-identifying statements found
Barnariks,unknown,,0.0,316,,no self-identifying statements found
Barrack_H_Obama_II,unknown,,0.0,8,,no self-identifying statements found
Bas_karo_yaar93,unknown,,0.0,53,,no self-identifying statements found
BaseCautious6799,external_individual,student,0.8,1,I personally did a bachelor in Mechanical Engineering at EPFL,"The user explicitly names EPFL as their current (or past) institution for their bachelor's degree, which is a non-ETH university. There is no mention of a current or upcoming ETH affiliation."
Basic-Arachnid9233,unknown,,0.0,96,,no self-identifying statements found
Basic_Afternoon_7241,unknown,,0.0,6,,no self-identifying statements found
Bastion55420,unknown,,0.0,141,,no self-identifying statements found
BatteryMaxx,decentral_individual,student,1.0,5,I'm in my first semester at ethz,"The user explicitly states they are in their first semester at ETH Zurich, indicating a current affiliation with ETH Zurich."
BazingaSan,unknown,,0.0,2,,no self-identifying statements found
BeOSu,unknown,,0.0,7,,no self-identifying statements found
BeStoopid,former_individual,student,0.6,93,I met many Germans during my time at ETH!,"The statement refers to a past experience at ETH, indicating the user was a student there, but does not confirm current affiliation."
Beach_Outrageous,unknown,,0.0,5,,no self-identifying statements found
BearSEO,unknown,,0.0,167,,no self-identifying statements found
BeautifulTennis3524,unknown,,0.0,149,,no self-identifying statements found
Beautiful_Spare_6489,external_individual,student,1.0,3,I am physics student at LMU,The user explicitly names a non-ETH institution (LMU) as their current role with no mention of a current or upcoming ETH connection.
Beautiful_Welder_919,unknown,,0.0,34,,no self-identifying statements found
Beduines123,decentral_individual,researcher,1.0,20,Currently working at ETH Zurich as a research assistant,"The user explicitly states they are currently working at ETH Zurich, which is the home institution. This matches the criteria for 'decentral_individual' with the subtype 'researcher'."
Beghorangi,unknown,,0.0,18,,no self-identifying statements found
Beginning-Initial-56,unknown,,0.0,30,,no self-identifying statements found
BeginningSelection57,decentral_individual,student,1.0,2,I am currently studying CS in 3rd semester at ETH,"The user explicitly states they are currently studying at ETH Zurich, which is the home institution. This matches the criteria for 'decentral_individual/student' as they are a current student at ETH."
Beginning_Path_3735,unknown,,0.0,100,,no self-identifying statements found
Beginning_Vast_4780,decentral_individual,applicant,0.7,11,I plan on applying to the Robotics Systems & Control,"The user explicitly mentions planning to apply to a program at ETH Zurich (Robotics Systems & Control), which indicates they are an applicant for a current or upcoming ETH affiliation."
Belarnon,decentral_individual,student,0.7,12,currently enrolled in a university course,"The statement indicates current enrollment in a university course, but no specific institution is named. According to the rules, if a user mentions studying without naming a specific other university, ETH Zurich is assumed as the default affiliation."
Beltner,unknown,,0.0,10,,no self-identifying statements found
BenchExpress8242,unknown,,0.0,219,,no self-identifying statements found
Benedoc,former_individual,student,0.8,53,vor 4 Jahren meinen ITET Master abgeschlossen,"The user mentions having completed a Master's degree 4 years ago, indicating a former affiliation. Since no current affiliation is mentioned, and the degree is not explicitly tied to ETH Zurich, the classification is 'former_individual/student' with moderate confidence."
Beneficial_Repeat773,decentral_individual,student,0.9,3,switched from uzh to eth,"The user explicitly mentions switching to ETH, indicating a current affiliation with ETH Zurich."
BenefitNew867,unknown,,0.0,2,,no self-identifying statements found
Benzene_Vapour,former_individual,student,0.9,7,had a great time doing my Bsc and Msc at ETH,"The user explicitly mentions having completed their BSc and MSc at ETH Zurich, indicating a former student affiliation."
BergUndChocoCH,decentral_individual,student,1.0,629,I'm doing my master's here,"The statement explicitly indicates that the user is currently enrolled in a master's program at ETH Zurich, as per the subreddit's default rule that mentions studying without naming a specific other university implies ETH Zurich."
Best-Customer4288,unknown,,0.0,19,,no self-identifying statements found
BestStonks,unknown,,0.0,53,,no self-identifying statements found
Best_Celebration9790,unknown,,0.0,1,,no self-identifying statements found
Best_Toster,unknown,,0.0,178,,no self-identifying statements found
BetaKa,former_individual,student,0.5,12,I studied chemistry about 10 years ago,"The statement refers to a past study experience, but does not explicitly name a university. However, the mention of 'studied' implies a former student status. Since no specific university is named, the classification is based on the implicit signal of past study."
Better_Carrot9353,decentral_individual,student,0.8,3,I'm studying Math,"The user mentions studying Math without specifying a university. According to the rules, if a statement mentions studying without naming a specific other university, assume ETH Zurich."
Bettgsteu,unknown,,0.0,185,,no self-identifying statements found
BeyondCurrent5754,unknown,,0.0,525,,no self-identifying statements found
BidKey1431,external_individual,student,0.8,85,I am at ZHAW,"The user explicitly states they are at ZHAW, a non-ETH institution, with no mention of a current or upcoming ETH affiliation."
Bierculles,unknown,,0.0,1773,,no self-identifying statements found
Big-Buy2457,unknown,,0.0,1,,no self-identifying statements found
BigDogHenry,decentral_individual,applicant,0.7,15,I am planning to apply for a master's in ETHZ in mathematics,"The user explicitly mentions planning to apply to ETH Zurich for a master's, which fits the 'applicant' subtype under 'decentral_individual'."
BigGirafe49,unknown,,0.0,1,,no self-identifying statements found
BigMaraIppo,unknown,,0.0,13,,no self-identifying statements found
BigMountain546,unknown,,0.0,7,,no self-identifying statements found
Big_Position2697,unknown,,0.0,428,,no self-identifying statements found
BiggussssDickussssss,unknown,,0.0,2,,no self-identifying statements found
BinaryBulwark,external_individual,student,0.8,12,BSCS 2nd year student from Pakistan,The user explicitly identifies as a student but does not mention ETH Zurich. The statement implies affiliation with a non-ETH institution (BSCS likely refers to a degree program at a different university).
BioTechSweeper,unknown,,0.0,30,,no self-identifying statements found
Bio_silly,unknown,,0.0,5,,no self-identifying statements found
BiscottiGreat6698,decentral_individual,student,0.8,16,I study electrical and electronic engineering.,"The statement mentions studying without naming a specific university. According to the rules, if a user mentions studying without naming a specific other university, ETH Zurich is assumed as the home institution."
Bitkoneeeeect,decentral_individual,student,1.0,1,incoming B.Sc. students can start setting up their ETH-services accounts,"The statement refers to incoming B.Sc. students at ETH Zurich, indicating a current or upcoming affiliation with ETH Zurich."
Bitter-Estimate4667,unknown,,0.0,4,,no self-identifying statements found
Bitter-Invite7175,unknown,,0.0,9,,no self-identifying statements found
Bitter-Run-6205,unknown,,0.0,1,,no self-identifying statements found
BitterSweetLemonCake,unknown,,0.0,14,,no self-identifying statements found
Bitter_Care1887,unknown,,0.0,296,,no self-identifying statements found
Bitter_Clue2400,unknown,,0.0,5,,no self-identifying statements found
Bitter_Pineapple_720,unknown,,0.0,235,,no self-identifying statements found
Bitter_Serve4680,external_individual,student,1.0,12,I am a student at the University of British Columbia in Canada,"The user explicitly states they are a student at the University of British Columbia, which is a non-ETH institution, with no mention of a current or upcoming ETH affiliation."
BjornVandenOuvren,external_individual,other,0.5,2,"been threre, done that (as a stundent and supervisor)","The statement mentions being a student and supervisor but does not explicitly name a university. However, the use of 'threre' (likely a typo for 'there') and the lack of any explicit mention of ETH Zurich or another institution suggests the user is referring to a past affiliation without clear current or specific institutional ties. This leads to the classification of 'external_individual/other' with moderate confidence."
Black1451,unknown,,0.0,431,,no self-identifying statements found
BlackCH,unknown,,0.0,14,,no self-identifying statements found
Blagger7Z0,unknown,,0.0,1,,no self-identifying statements found
BleakShawarma,former_individual,student,0.8,12,I did CS bachelors at ETH,"The user explicitly mentions having completed a bachelor's degree in CS at ETH, indicating a past affiliation with ETH as a student."
BlessedBladeOfCut,unknown,,0.0,2,,no self-identifying statements found
Blobfisch11,unknown,,0.0,14,,no self-identifying statements found
BlockOfSwissCheese,decentral_individual,student,0.8,43,I just started my mast,"The user mentions starting a master's program, which implies they are currently enrolled at a university. Since no other institution is named and ETH Zurich is the default for r/ethz posts, it is assumed to be ETH Zurich."
BloodIsRedDidYouKnow,external_individual,student,0.8,12,currently pursuing a bachelors at UZH,"The user explicitly states they are currently enrolled at UZH (University of Zurich), which is a non-ETH institution. No current or upcoming ETH affiliation is mentioned."
Blossoms_Enchant-18,unknown,,0.0,2,,no self-identifying statements found
Bloxx12,unknown,,0.0,1,,no self-identifying statements found
BlueMinion205,unknown,,0.0,1,,no self-identifying statements found
BlueNanny,unknown,,0.0,48,,no self-identifying statements found
BluebirdNo4405,external_individual,student,0.8,5,incoming exchange student from Singapore,"The user explicitly identifies as an incoming exchange student from Singapore, which is a non-ETH institution. They do not mention any current or upcoming affiliation with ETH Zurich, and the statements focus on their studies at an external university."
BluebirdUnfair9030,unknown,,0.0,2,,no self-identifying statements found
BoAnZu,unknown,,0.0,26,,no self-identifying statements found
BoSutherland,unknown,,0.0,178,,no self-identifying statements found
BoatImmediate8262,external_individual,other,0.5,3,I was able to find an English speaking job outside of research right after my PhD over there,"The statement implies the user completed a PhD but does not explicitly name a university. However, the mention of a job outside of research and the lack of any explicit ETH affiliation suggests an external affiliation. The confidence is moderate due to the lack of direct evidence but the implication of being outside ETH."
BobbyBryson,unknown,,0.0,4,,no self-identifying statements found
Bolognese_is_best,unknown,,0.0,47,,no self-identifying statements found
BondBretting,unknown,,0.0,2,,no self-identifying statements found
Bongo_2020,former_individual,student,0.8,60,finished my MSc studies,"The user mentions having finished their MSc studies, indicating a past affiliation as a student. No current or future ETH affiliation is explicitly stated, and no other university is named, so the classification defaults to former_individual/student."
Book_Dragon_24,decentral_individual,phd,0.8,2535,I came here for a phd in Zurich,"The statement indicates a current PhD pursuit at ETH Zurich, as 'here' refers to ETH Zurich in the context of the subreddit r/ethz."
Boosted_Arrow,decentral_individual,student,1.0,89,I'm currently studying at ETH,"The user explicitly states they are currently studying at ETH Zurich, which is the home institution. This matches rule B of the decision tree, indicating a current ETH affiliation."
BorderGood8431,unknown,,0.0,147,,no self-identifying statements found
Boring_Focus_9710,unknown,,0.0,24,,no self-identifying statements found
Born-Conflict6051,former_individual,student,0.8,2,I did Health Science and Tech at ETH,"The user explicitly mentions having studied at ETH Zurich, indicating a former student affiliation."
Born-Fan-9628,unknown,,0.0,2,,no self-identifying statements found
Born_Swiss,unknown,,0.0,433,,no self-identifying statements found
Bottle-Desperate,decentral_individual,student,1.0,2,I'm going to start my bachelor at ETH (Interdisc. Sciences Biochem-Phys.),"The user explicitly states they are starting their bachelor's at ETH Zurich, indicating a current and upcoming affiliation with ETH."
Bottom-CH,unknown,,0.0,83,,no self-identifying statements found
Bottoml1ne,unknown,,0.0,128,,no self-identifying statements found
BouncyPomPom,unknown,,0.0,7,,no self-identifying statements found
Bouxxi,unknown,,0.0,405,,no self-identifying statements found
BozidarIvan,unknown,,0.0,87,,no self-identifying statements found
Bozza36,unknown,,0.0,23,,no self-identifying statements found
Br0wnHammer,unknown,,0.0,5,,no self-identifying statements found
BrachiumX,unknown,,0.0,3,,no self-identifying statements found
BranchAble2648,unknown,,0.0,193,,no self-identifying statements found
Brattley,unknown,,0.0,189,,no self-identifying statements found
Brave-Variation-1397,unknown,,0.0,46,,no self-identifying statements found
Brave_Negotiation_63,unknown,,0.0,994,,no self-identifying statements found
BreakfastImmediate_,decentral_individual,applicant,0.7,7,applied for a Master's starting Sept 2025,"The user mentions applying for a Master's program starting in the future, which aligns with the 'applicant' subtype under 'decentral_individual'."
BrekfestLanchDenner,unknown,,0.0,9,,no self-identifying statements found
Brief_Valuable4482,unknown,,0.0,122,,no self-identifying statements found
Brilliant-Job-3784,unknown,,0.0,4,,no self-identifying statements found
Brilliant-Word2927,unknown,,0.0,364,,no self-identifying statements found
Brilliant_Basil1787,decentral_individual,student,1.0,4,I study at eth,"The user explicitly states 'I study at eth', which directly indicates a current affiliation with ETH Zurich. The second statement does not provide additional evidence but aligns with the first."
Brilliant_Charge_608,unknown,,0.0,3,,no self-identifying statements found
Broad-Acanthisitta17,decentral_individual,student,0.8,4,I switched from Earth Sciences to Environmental Sciences.,"The statement indicates the user is currently enrolled in a program at ETH Zurich, as no other institution is named and the context implies ongoing study at ETH."
BroadComb6309,external_individual,student,0.8,18,studying at ETH next semester on exchange,"The user is currently a student at another institution (implied by 'fourth year electrical engineering and computer science student') and will be on exchange at ETH next semester. Since the current affiliation is not ETH, and the ETH connection is only upcoming and not current, the classification is external_individual/student."
Broad_Warning_2886,decentral_individual,student,1.0,228,Ich mache momentan meinen Master in Informatik,"The statement indicates the user is currently studying for a master's degree in computer science. Since no other university is mentioned and ETH Zurich is the default for r/ethz posts, the affiliation is assumed to be ETH Zurich."
BrocolliCCR5,external_individual,student,0.5,28,I'm graduating university this year!,"The statement mentions graduating from university but does not explicitly name a specific institution. Since no ETH affiliation is mentioned and the user is not explicitly stated to be affiliated with ETH Zurich, the default assumption is that they are affiliated with a non-ETH institution."
Brpro16,unknown,,0.0,15,,no self-identifying statements found
BrunoNasciemento123,unknown,,0.0,2,,no self-identifying statements found
Btrabus,unknown,,0.0,20,,no self-identifying statements found
Bubbletea02,unknown,,0.0,1,,no self-identifying statements found
Bubbly_Cellist_6802,former_individual,student,0.8,175,statements imply the user is no longer a student at ETH Zurich and is reflecting on their experience as an international student,"The user refers to their time at ETHZ in the past tense and expresses regret about their experience as an international student, indicating they are no longer affiliated with the institution."
BuenzliBuex,unknown,,0.0,213,,no self-identifying statements found
BullfrogLeft5403,unknown,,0.0,341,,no self-identifying statements found
BullyNGL,unknown,,0.0,10,,no self-identifying statements found
BusSuch2471,unknown,,0.0,1,,no self-identifying statements found
Busfestival,unknown,,0.0,1,,no self-identifying statements found
Business_Brush_8482,unknown,,0.0,1,,no self-identifying statements found
Business_Stress_3306,unknown,,0.0,19,,no self-identifying statements found
Busy-Belt-992,unknown,,0.0,1,,no self-identifying statements found
Busy_Blood_2220,external_individual,student,0.8,2,studying physics right now at an online private university called UNIR,"The user explicitly mentions studying at a non-ETH institution (UNIR) without any current or upcoming ETH connection, which classifies them as external_individual/student."
ButtYKnot,unknown,,0.0,284,,no self-identifying statements found
Buzz_Cut,unknown,,0.0,31,,no self-identifying statements found
C0R0NA_CHAN,unknown,,0.0,300,,no self-identifying statements found
CDawn1337,external_individual,student,0.8,2,MSc Applied Physics από Σεπτέμβρη εγώ,"The statement mentions studying an MSc in Applied Physics starting in September, but no specific university is named. However, the use of Greek characters and the structure of the statement suggest it is not ETH Zurich. Since the user does not explicitly mention ETH Zurich and the affiliation is not clearly identified as ETH, the default assumption is external_individual."
CHKiri,unknown,,0.0,58,,no self-identifying statements found
CHONO2-CH2ONO2-2,unknown,,0.0,14,,no self-identifying statements found
C_Brick_yt,unknown,,0.0,89,,no self-identifying statements found
C_L42,unknown,,0.0,16,,no self-identifying statements found
CakeYesMang,unknown,,0.0,2,,no self-identifying statements found
CallExner,external_individual,student,0.5,4,I study at ...,"The statement 'I study at ...' indicates a current student role at an unspecified institution. Since no specific university is named and the statement does not mention ETH Zurich, the affiliation is classified as external_individual/student with moderate confidence."
Callisto778,unknown,,0.0,725,,no self-identifying statements found
Calm_Dust_1007,former_individual,student,0.5,49,"graduated, did this master before it got the fancy title","The user mentions graduating and completing a master's program, indicating a past affiliation with a university. However, no specific institution is named, and the statements are vague about the current status. This aligns with 'former_individual/student' as the user is no longer affiliated with any institution in the present."
Calugorron,unknown,,0.0,19,,no self-identifying statements found
Campinggoat,decentral_individual,student,0.9,1,I did the ICE bachelor and got in without any additional course requirements.,"The user mentions being accepted into a program (ICE bachelor) at ETH Zurich, which is the home institution. The statement indicates a current or recent enrollment, aligning with 'decentral_individual/student'."
Candid_Atmosphere148,unknown,,0.0,1,,no self-identifying statements found
CannibalDan,unknown,,0.0,7,,no self-identifying statements found
CannibalEmpire,unknown,,0.0,61,,no self-identifying statements found
Capital-Park-2700,unknown,,0.0,2,I had 2 papers out before starting,downgraded: external_individual confidence 0.20 below threshold
CapitalAd5339,unknown,,0.0,12,,no self-identifying statements found
CaptainCuddles17,unknown,,0.0,11,,no self-identifying statements found
CaptainLoggy,unknown,,0.0,202,,no self-identifying statements found
CaptainNanon,unknown,,0.2,12,I did my apprenticeship in Switzerland and started to study now.,The statement mentions starting to study but does not specify the institution. No explicit or implicit affiliation with ETH Zurich or any other university is provided.
CaptchasSuckAss,unknown,,0.0,3,,no self-identifying statements found
Capybarapolo,unknown,,0.0,3,,no self-identifying statements found
CardiologistKlutzy39,decentral_individual,student,0.8,10,I am a masters student,"The user identifies as a master's student without mentioning any specific university other than ETH Zurich. According to the rules, if a user mentions studying without naming a specific other university, ETH Zurich is assumed as the home institution."
Careful-Tip9157,external_individual,student,1.0,2,I'm an undergrad student at the University of Michigan -Ann Arbor,"The user explicitly states they are a student at the University of Michigan, which is a non-ETH institution, with no mention of a current or upcoming ETH affiliation."
CarefulInterview8101,unknown,,0.0,7,,no self-identifying statements found
Careful_Head_5076,unknown,,0.0,2,,no self-identifying statements found
Careless_Career_8467,decentral_individual,student,0.8,25,Next semester I am going to start my bachelor's degree in biochemistry,"The user mentions starting a bachelor's degree next semester but does not name a specific university. According to the rules, if a user mentions studying without naming a specific other university, ETH Zurich is assumed as the home institution."
Careless_Chemist_997,unknown,,0.0,1,,no self-identifying statements found
Carluskk,decentral_individual,student,1.0,13,I’ve been accepted to conduct my master thesis at a research institute within the ETH Domain.,"The user explicitly mentions being accepted to conduct their master thesis within the ETH Domain, which confirms a current ETH affiliation. Even though the statement mentions a 'research institute within the ETH Domain,' this is still considered part of ETH Zurich's institutional structure. The second statement reinforces that they are a student, aligning with the 'student' subtype under 'decentral_individual.'"
CarpinchoNautico,unknown,,0.0,1,,no self-identifying statements found
CartographerOpen9107,decentral_individual,student,1.0,2,enrolling at ETH soon,"The user explicitly states they are enrolling at ETH, which indicates a current or upcoming affiliation with ETH Zurich."
Cashoo-Doodew,unknown,,0.0,2,,no self-identifying statements found
Castles_Caves,unknown,,0.0,10,,no self-identifying statements found
Catchetan,unknown,,0.0,1,,no self-identifying statements found
CattleParticular7482,decentral_individual,student,1.0,4,was accepted to a bachelor in ETH this week,"The user explicitly states they were accepted to a bachelor program at ETH, which confirms a current ETH affiliation."
Cattleya123,unknown,,0.0,11,,no self-identifying statements found
CauliflowerNormal989,unknown,,0.0,53,,no self-identifying statements found
Cautious_Storage_348,unknown,,0.0,5,,no self-identifying statements found
Cedi26,unknown,,0.0,11,,no self-identifying statements found
Celopeelo_nut,unknown,,0.0,310,,no self-identifying statements found
CementoArmato,unknown,,0.0,152,,no self-identifying statements found
Certain-Operation347,external_individual,other,0.5,38,I got a job in the US straight out of my Masters,"The user mentions having a Masters degree but does not explicitly name a university. However, they mention working in the US, which implies a non-ETH affiliation. Since no ETH connection is mentioned, and the user is not explicitly affiliated with ETH, the classification is external_individual/other with moderate confidence."
Ch3sm0829,unknown,,0.0,2,,no self-identifying statements found
Chadington1234,unknown,,0.0,724,,no self-identifying statements found
Chaingang132,unknown,,0.0,111,,no self-identifying statements found
Chance-Ad3993,decentral_individual,student,1.0,37,"My first semester at ETH Zürich is about to start, and I am currently enrolled in CS","The user explicitly mentions starting their first semester at ETH Zürich and being currently enrolled, which clearly indicates a current affiliation with ETH Zurich as a student."
ChaonesJ,unknown,,0.0,64,,no self-identifying statements found
Character-Ant-2919,unknown,,0.0,4,,no self-identifying statements found
Character-Wedding-56,unknown,,0.0,16,,no self-identifying statements found
Character_Fail826,unknown,,0.0,2,,no self-identifying statements found
CharlieLee666,external_individual,student,1.0,38,I’m at EPFL,"The user explicitly states they are at EPFL, a non-ETH institution, with no mention of a current or upcoming ETH affiliation."
CharlyNuggy,external_individual,student,0.9,32,gratuated at EPFL,"The user explicitly mentions graduating from EPFL, a non-ETH institution, and does not indicate any current or upcoming affiliation with ETH Zurich."
Che_Buoni_I_Biscotti,unknown,,0.0,7,,no self-identifying statements found
Cheap-Cheek8801,decentral_individual,student,0.8,5,I took one before the start of my first semester,"The statement implies the user is currently enrolled at a university (referencing their first semester), and since no other institution is named, ETH Zurich is assumed as the home institution."
Cheap_Claim7165,unknown,,0.0,120,,no self-identifying statements found
Chemboi69,external_individual,student,0.8,485,I am a MS at a german university,"The user explicitly states they are a master's student at a German university without naming ETH Zurich, and there is no mention of a current or upcoming ETH affiliation."
Chemical-Baseball-24,unknown,,0.0,8,,no self-identifying statements found
Chemical_Freedom_227,unknown,,0.0,105,,no self-identifying statements found
Chemical_Rebby17,unknown,,0.0,4,,no self-identifying statements found
Chemist-Nerd,external_individual,student,0.8,55,I am currently completing my BSc in CS from EPFL,"The user explicitly states they are currently completing a degree at EPFL, a non-ETH institution, with no mention of a current or upcoming ETH affiliation."
Chess_Mathematician,decentral_individual,student,1.0,5,I am a first year CS student at ETH.,"The user explicitly states they are a first-year student at ETH Zurich, which is the home institution. This matches rule B of the decision tree, indicating a current ETH affiliation."
ChevalBlanc1947,external_individual,student,0.6,489,studying finance and math at a top 20 US university,The user explicitly mentions studying at a non-ETH institution (a top 20 US university) without naming ETH Zurich or any other specific Swiss institution. This satisfies the criteria for external_individual/student.
ChewieShot,unknown,,0.0,4,,no self-identifying statements found
ChezDudu,unknown,,0.0,940,,no self-identifying statements found
Chinglaner,decentral_individual,student,0.8,162,did my masters here,"The user mentions doing their master's at ETH, which indicates a current or recent affiliation with ETH Zurich. The mention of a prior degree at TUM does not override the current affiliation at ETH."
Chiron_The_Archer,unknown,,0.0,157,,no self-identifying statements found
Chizuru32,unknown,,0.0,453,,no self-identifying statements found
Chocoweetabix,unknown,,0.0,7,,no self-identifying statements found
ChopSueyYumm,unknown,,0.0,1063,,no self-identifying statements found
ChouChou6300,unknown,,0.0,475,,no self-identifying statements found
Chris_P_Nuts_,decentral_individual,student,1.0,1,Opted to go for the MSc ETH mathematics,"The user explicitly mentions being enrolled in an MSc program at ETH Zurich, indicating a current affiliation with ETH Zurich."
Chrisstar56,unknown,,0.0,40,,no self-identifying statements found
Christiandus,unknown,,0.0,74,,no self-identifying statements found
Ciiceeroo,unknown,,0.0,124,,no self-identifying statements found
CineLP,unknown,,0.0,46,,no self-identifying statements found
CircleTool,decentral_individual,student,0.9,8,"I am a physics student, yes I am in my second semester","The user mentions being a student in their second semester without naming a specific university. According to the rules, if a statement mentions studying without naming a specific other university, assume ETH Zurich."
Ciridussy,unknown,,0.0,266,,no self-identifying statements found
Cistude,unknown,,0.0,77,,no self-identifying statements found
Classic-Abies4861,unknown,,0.0,1,,no self-identifying statements found
Classic-Break5888,unknown,,0.0,250,,no self-identifying statements found
ClassicMurderer,unknown,,0.0,17,,no self-identifying statements found
Classic_Indication10,decentral_individual,applicant,0.8,1,planning to apply for bachelors in cs in ETH,"The user explicitly mentions planning to apply to ETH for a bachelor's degree, which indicates a current application status without confirmed acceptance."
Classic_Mousse7941,unknown,,0.0,2,,no self-identifying statements found
Clean-Egg1905,external_individual,,0.5,4,Michigan alum here going for the RSC program!,"The user explicitly identifies as a 'Michigan alum,' indicating a current or past affiliation with the University of Michigan, which is a non-ETH institution. There is no mention of ETH Zurich in the statement."
Clean-Wolverine-1337,unknown,,0.0,56,,no self-identifying statements found
ClemensCle,unknown,,0.0,5,,no self-identifying statements found
ClimateInevitable733,unknown,,0.0,5,,no self-identifying statements found
ClimbRunRide,unknown,,0.0,85,,no self-identifying statements found
Cloudy-weather,unknown,,0.0,1,,no self-identifying statements found
CoachFormer7305,decentral_individual,student,0.8,3,I'm an exchange student coming to ETH,"The user explicitly mentions being an exchange student coming to ETH Zurich, indicating a current or upcoming affiliation with ETH."
Coco_JuTo,unknown,,0.0,2056,,no self-identifying statements found
ColdDense3901,unknown,,0.0,1,,no self-identifying statements found
Cold_Age_535,unknown,,0.0,216,,no self-identifying statements found
Colorpalette696,unknown,,0.0,17,,no self-identifying statements found
Colour_me_shocked_99,decentral_individual,student,1.0,4,"recently got admitted to Msc Management, Technology and Economics at ETH Zurich","The user explicitly mentions being admitted to an ETH Zurich program, which takes precedence over any other information."
Colourful-Fish,unknown,,0.0,2,,no self-identifying statements found
CombinationFeisty699,unknown,,0.0,7,,no self-identifying statements found
CombinatorialCub,unknown,,0.0,1,,no self-identifying statements found
ComeToTheDark_,unknown,,0.0,15,,no self-identifying statements found
Comfortable-Bee-7912,unknown,,0.0,1,,no self-identifying statements found
ComfortableAd6213,unknown,,0.0,5,,no self-identifying statements found
Comfortable_Ad742,decentral_individual,student,0.8,2,I'm a concerned student,"The statement implies the user is currently a student, and since no other university is mentioned, ETH Zurich is assumed as the affiliation."
Comfortable_Bear8998,former_individual,student,0.8,3,I graduated from ETH MSc CS,"The user explicitly mentions graduating from ETH, indicating a former affiliation as a student."
Comfortable_Leek3617,unknown,,0.0,261,,no self-identifying statements found
Comfortable_Turn3162,unknown,,0.0,5,,no self-identifying statements found
Commercial-Claim3290,unknown,,0.0,49,,no self-identifying statements found
Common-Frosting-9434,unknown,,0.0,1002,,no self-identifying statements found
Common_Letterhead423,unknown,,0.0,90,,no self-identifying statements found
Competitive-Cup-6309,unknown,,0.0,5,,no self-identifying statements found
Competitive-Dot-3333,former_individual,student,0.5,432,studied 15 years ago,"The user mentions studying in the past, but does not specify the institution. Since they explicitly state they did not study at ETH, and the study was 15 years ago, they are classified as a former student from an external institution."
Competitive-Song5961,decentral_individual,student,0.8,90,im planning to start masters at eth next year in CS,"The user explicitly mentions planning to start a master's program at ETH, which indicates a current or upcoming ETH affiliation. The mention of 'ETH' (ETH Zurich) confirms the affiliation, and the role as a student is implied by the context of starting a master's program."
Complete-Ad-3165,unknown,,0.0,13,,no self-identifying statements found
Complete-Budget-9512,unknown,,0.0,33,,no self-identifying statements found
Complete-Morning4179,unknown,,0.0,23,,no self-identifying statements found
CompleteCountry6,unknown,,0.0,11,,no self-identifying statements found
Complex-Vanilla-2746,external_individual,student,0.5,11,vor kurzem für mein Informatik Beachlor angenommen,"The user mentions being accepted to a bachelor's program in Informatik (computer science), but does not explicitly name ETH Zurich or any other university. However, the statement implies a non-ETH affiliation due to the lack of explicit ETH connection and the use of 'Informatik Beachlor' (likely a typo for 'Bachelor'), which is commonly offered at other institutions."
Complex-Water-3876,unknown,,0.0,4,,no self-identifying statements found
ComplexWelcome2761,unknown,,0.0,96,,no self-identifying statements found
CompoteMysterious822,external_individual,student,0.5,33,etudier en Suisse alemanique,"The statement mentions studying in 'Suisse alemanique' (German-speaking Switzerland), which implies a non-ETH institution, but does not explicitly name it. This is a strong implicit signal pointing to a non-ETH affiliation."
CompoteSalty3830,unknown,,0.0,21,,no self-identifying statements found
Comprehensive-Chard9,unknown,,0.0,2108,,no self-identifying statements found
ComprehensiveAnt3054,decentral_individual,student,1.0,6,I'm in my first year,"The statement indicates the user is currently a student, and since no other university is mentioned, ETH Zurich is assumed as the affiliation per the subreddit default."
ComprehensiveType907,unknown,,0.0,30,,no self-identifying statements found
ComprehensiveWeb6066,unknown,,0.0,92,,no self-identifying statements found
ConfidentRepair6744,decentral_individual,applicant,0.8,1,I am planning to apply for the Master's program in Computer Science at ETH Zurich,"The user explicitly mentions planning to apply to ETH Zurich's Master's program, which indicates a current application status without confirmed acceptance."
Confident_Bear9311,external_individual,student,0.5,1,studying chemistry (bachelor) at a uni in Switzerland,"The user mentions studying at a university in Switzerland but does not explicitly name ETH Zurich. Since the statement does not confirm ETH affiliation and refers to a non-specific institution, it is classified as external_individual/student with moderate confidence."
Confident_Bug_1833,unknown,,0.0,63,,no self-identifying statements found
Confident_Catch_8641,unknown,,0.2,6,No university affiliation mentioned,The statements do not provide any information about the user's university affiliation or role at an institution.
Confident_Glove_7189,unknown,,0.0,5,,no self-identifying statements found
ConfusedEarthDweller,decentral_individual,student,0.8,20,msc,"The user mentions being a 'non-eu student who moved here for my msc last september', which indicates they are currently enrolled in a master's program at ETH Zurich (as per the subreddit default rule). No other university is explicitly named, and the mention of 'msc' aligns with ETH Zurich's master's programs."
ConfusionNo4339,external_individual,student,1.0,100,I have just moved to Lugano to do a Bachelors at the USI,"The user explicitly mentions studying at the University of St. Gallen (USI), a non-ETH institution, with no indication of a current or upcoming ETH affiliation."
Connect-Speech-7694,external_individual,student,0.7,5,I'm an Italian university student,The user explicitly identifies as a student at an Italian university without mentioning ETH Zurich. No current or upcoming ETH affiliation is indicated.
Conoodler,unknown,,0.0,27,,no self-identifying statements found
ConsciousFollowing54,unknown,,0.0,35,,no self-identifying statements found
Conscious_Party9019,unknown,,0.0,13,,no self-identifying statements found
ConsequenceOk3058,unknown,,0.0,2,,no self-identifying statements found
Consistent-Piglet695,decentral_individual,student,1.0,4,I’m an ITET student in the third semester currently,"The user explicitly mentions being a student in the third semester without naming a specific non-ETH institution. According to the rules, if a statement mentions studying without naming a specific other university, ETH Zurich is assumed as the home institution."
Consistent-Welcome43,unknown,,0.0,207,,no self-identifying statements found
ConsistentMessage547,unknown,,0.0,26,,no self-identifying statements found
ConsistentSpare7760,unknown,,0.0,6,,no self-identifying statements found
Consistent_Form_2460,unknown,,0.0,5,,no self-identifying statements found
Consistent_Lab9978,unknown,,0.0,2,,no self-identifying statements found
Consistent_Pen7016,unknown,,0.0,16,,no self-identifying statements found
Consistent_Vehicle88,unknown,,0.0,2,,no self-identifying statements found
Constant_Medicine_85,unknown,,0.0,38,,no self-identifying statements found
Constant_Parsley_493,decentral_individual,student,0.9,72,Mache auch gerade meinen Elektrotechnik Bachelor.,"The statement indicates the user is currently studying for a Bachelor's degree in Electrical Engineering. Since no other university is mentioned and ETH Zurich is the default for r/ethz posts, the affiliation is assumed to be ETH Zurich."
Content-Afternoon996,unknown,,0.0,1,,no self-identifying statements found
ContentOpportunity41,decentral_individual,student,1.0,5,moving this year from UCL in UK to ETH to do a master in physics,"The user explicitly mentions moving to ETH to do a master's, indicating a current or upcoming ETH affiliation. The mention of UCL is in the past and does not override the current ETH affiliation."
ConversationKey8665,unknown,,0.0,6,,no self-identifying statements found
Convolutioner,unknown,,0.0,1,,no self-identifying statements found
CoocooKitten,unknown,,0.0,294,,no self-identifying statements found
Cool-Newspaper-1,unknown,,0.0,1898,,no self-identifying statements found
Coolmargarita,unknown,,0.0,287,,no self-identifying statements found
CoopPlayerLP,unknown,,0.0,7,,no self-identifying statements found
CopiumCatboy,unknown,,0.0,699,,no self-identifying statements found
CorgiSecret,decentral_individual,student,1.0,3,I'll start a masters program at ETH in September,"The user explicitly states they will start a masters program at ETH in September, indicating a current or upcoming ETH affiliation."
CornelioPandolf,unknown,,0.0,3,,no self-identifying statements found
Correct_Map1057,unknown,,0.0,2,,no self-identifying statements found
Cortana_CH,unknown,,0.0,444,,no self-identifying statements found
CountGinko,unknown,,0.0,60,,no self-identifying statements found
Crafter1515,unknown,,0.0,45,,no self-identifying statements found
Crafty_Effort_8500,unknown,,0.0,11,,no self-identifying statements found
CranberryKindly8432,unknown,,0.0,9,,no self-identifying statements found
CranberrySodaWater,unknown,,0.0,2,,no self-identifying statements found
CrashingBrain,external_individual,other,0.5,9,working as a security consultant in cryptography now,"The user is currently working as a security consultant in cryptography, but no university affiliation is explicitly mentioned. They refer to their past studies (CS master with focus in InfoSec) without naming a specific institution. Since the statement does not provide evidence of a current or past ETH affiliation, and no other university is named, the classification defaults to 'external_individual/other' with moderate confidence."
Crazy-Fly-9464,unknown,,0.0,10,,no self-identifying statements found
CreamedCrackered,unknown,,0.0,4,,no self-identifying statements found
Creative-Fig-1499,unknown,,0.0,5,,no self-identifying statements found
Creative-Road-5293,unknown,,0.0,2145,,no self-identifying statements found
CreativeAd996,former_individual,phd,0.8,1,Holding a PhD from ETH,"The user explicitly mentions holding a PhD from ETH, indicating a past affiliation with ETH. They also mention working in Beijing, but this does not override the ETH affiliation, which is in the past."
Creepy_Floor_1380,external_individual,student,1.0,58,currently studying at Bocconi,"The user explicitly states they are currently studying at Bocconi, a non-ETH institution, with no mention of a current or upcoming ETH affiliation."
CricketWide8581,unknown,,0.0,9,,no self-identifying statements found
CrimeMastergogo_-,unknown,,0.0,6,,no self-identifying statements found
Cristian369369,external_individual,student,0.5,238,currently finishing my bachelor in EE,"The statement mentions studying for a bachelor's degree but does not explicitly name a university. According to the rules, if a user mentions studying without naming a specific other university, it is assumed to be ETH Zurich. However, since the user does not explicitly name ETH Zurich or any other institution, the classification defaults to 'external_individual/student' with moderate confidence."
Critical-Ostrich-884,unknown,,0.0,4,,no self-identifying statements found
CriticalComfortable,unknown,,0.0,39,,no self-identifying statements found
CriticismMaximum7993,unknown,,0.0,1,,no self-identifying statements found
Cryanek,unknown,,0.0,38,,no self-identifying statements found
CryptographerTop6264,unknown,,0.0,183,,no self-identifying statements found
CryptographerVast379,unknown,,0.0,9,,no self-identifying statements found
Ctg2005,decentral_individual,student,1.0,3,I am a second year mechanical engineering student,"The statement indicates the user is currently a student, and since no other university is mentioned, ETH Zurich is assumed as the affiliation per the subreddit default."
CucumberMore7943,unknown,,0.0,3,,no self-identifying statements found
Cultural_Result1317,unknown,,0.0,951,,no self-identifying statements found
Cumburucum,unknown,,0.0,2,,no self-identifying statements found
Cupcake-Full,unknown,,0.0,7,,no self-identifying statements found
Curious-Average-1706,unknown,,0.0,6,,no self-identifying statements found
Curious_Crafter1,decentral_individual,student,1.0,13,I've been admitted to ETH Zurich,"The user explicitly states they have been admitted to ETH Zurich, which indicates a current or upcoming affiliation with ETH. This matches rule B, and since they are admitted, they are classified as a decentral_individual/student."
Curious_Meat_9317,unknown,,0.0,367,,no self-identifying statements found
Curiousbot_777,unknown,,0.0,6,,no self-identifying statements found
Current-Baseball193,unknown,,0.0,34,,no self-identifying statements found
Current_Rub_4992,decentral_individual,student,1.0,4,I am a master student in the master program of Data Science.,"The statement indicates the user is currently a master's student, and since no other university is explicitly named, ETH Zurich is assumed as the affiliation per the subreddit default."
Cursed1978,unknown,,0.0,565,,no self-identifying statements found
Cute-Amount2160,decentral_individual,student,1.0,1,I have started the master in ME,"The user mentions starting a master's program, which implies a current affiliation with ETH Zurich as per the subreddit default rule."
Cute_Chemical_7714,unknown,,0.0,1464,,no self-identifying statements found
Cute_Mind9649,unknown,,0.0,1,,no self-identifying statements found
Cyber2rock,unknown,,0.0,3,,no self-identifying statements found
Cybx,unknown,,0.0,2,,no self-identifying statements found
DDragonn70c,unknown,,0.0,33,,no self-identifying statements found
DELTA84N,unknown,,0.0,496,,no self-identifying statements found
DRay6t,decentral_individual,student,1.0,19,I'm doing my master's here,"The statement 'I'm doing my master's here' clearly indicates the user is currently enrolled at ETH Zurich, as per the subreddit default rule."
DVUZT,unknown,,0.0,237,,no self-identifying statements found
DaDf10,external_individual,student,1.0,11,I'm an incoming exchange student from EPFL,"The user explicitly identifies as an exchange student from EPFL, a non-ETH institution, with no mention of a current or upcoming ETH affiliation."
DaaneJeff,unknown,,0.0,710,,no self-identifying statements found
DadaBnki,unknown,,0.0,1,,no self-identifying statements found
Dadaman3000,unknown,,0.0,282,,no self-identifying statements found
Dajinxed,decentral_individual,student,1.0,10,Ill be be doing my bachelor's here,"The statement explicitly mentions starting a bachelor's program at ETH Zurich, which is the default institution for r/ethz posts."
Daktus05,unknown,,0.0,163,,no self-identifying statements found
Dance_Choice,unknown,,0.0,6,,no self-identifying statements found
Dangerous_Arm887,unknown,,0.0,18,,no self-identifying statements found
Dante_van_Heiko,unknown,,0.0,1176,,no self-identifying statements found
DarioSidd,external_individual,student,0.8,12,I’m graduating after 6 years of medical school from Tbilisi State Medical University,"The user explicitly names a non-ETH institution (Tbilisi State Medical University) as their current role (graduating student), with no mention of a current or upcoming ETH affiliation."
Dark1000,unknown,,0.0,2172,,no self-identifying statements found
DarkKnight0102,external_individual,other,0.5,5,"graduated Magna Cum Laude, experience as a Research Assistant in my lab","The user mentions graduating with honors and having research experience but does not explicitly name a university. However, the absence of any mention of ETH Zurich and the presence of past academic and professional roles imply an external affiliation."
DarkKnight_GMT1,unknown,,0.0,16,,no self-identifying statements found
DarkZoneNinja,decentral_individual,student,1.0,15,I am an EU citizen doing my Master’s at ETH,"The user explicitly states they are currently doing their Master’s at ETH Zurich, which is the home institution. No external university is mentioned, and the role is current."
Darkmight,unknown,,0.0,104,,no self-identifying statements found
Dartze695,unknown,,0.0,58,,no self-identifying statements found
Dashjack30,external_individual,student,0.5,1,I spent a semester during my bachelor's degree in Shanghai,"The statement mentions studying during a bachelor's degree but does not explicitly name a university. However, the mention of a semester in Shanghai implies a non-ETH affiliation, and the absence of any ETH-related information leads to classifying as external_individual/student with moderate confidence."
DaubDavs,external_individual,student,0.9,14,EPFL but no ETH xD,"The user explicitly names EPFL as their current affiliation, indicating they are a student at EPFL and not affiliated with ETH Zurich."
Dave_1412,unknown,,0.0,4,,no text content available
Dazzling_Pie6938,decentral_individual,student,1.0,5,I was recently admitted to the MSc program at ETH.,"The user explicitly states they were admitted to an ETH program, indicating a current affiliation with ETH Zurich."
DcShelby9,unknown,,0.0,3,,no self-identifying statements found
Ddmaltr,unknown,,0.0,3,,no self-identifying statements found
DeaZebra,unknown,,0.0,118,,no self-identifying statements found
DeadManSitting,unknown,,0.0,25,,no self-identifying statements found
DearLeek1822,decentral_individual,phd,1.0,13,I am an ETH student.,"The user explicitly states they are an ETH student, confirming their current affiliation with ETH Zurich."
Dear_Bicycle_5741,unknown,,0.0,17,,no self-identifying statements found
Dear_Duty_1893,unknown,,0.0,747,,no self-identifying statements found
Dear_Helicopter_4006,unknown,,0.0,67,,no self-identifying statements found
Deathfighter2017,decentral_individual,phd,0.8,17,I am a PhD student in image processing and telecom engineering,"The user explicitly identifies as a PhD student but does not mention any specific university. Since they are not explicitly affiliated with a non-ETH institution and the default rule applies (no named external university), ETH Zurich is assumed as the home institution."
Decent_Brain_542,unknown,,0.0,53,,no self-identifying statements found
Decent_Perspective26,decentral_individual,applicant,0.8,1,Im applying to the MSc Physics programme in ETHZ.,"The user explicitly states they are applying to an ETH Zurich program, which indicates a current application status without confirmed acceptance."
Deciperer,unknown,,0.0,1,,no self-identifying statements found
DecisionTreeLeaf,decentral_individual,student,1.0,2,student graduating this autumn,"The user explicitly identifies as a student at ETH Zurich, as the default assumption applies when studying at ETH is implied without naming another institution."
Dede1751,external_individual,student,0.7,23,I've moved to another country for my Master's,"The user explicitly mentions being a Master's student but does not name ETH Zurich or any other specific university. However, the statement implies a current affiliation with a non-ETH institution, which falls under 'external_individual/student'."
Deep-Monitor-6794,unknown,,0.0,1,,no self-identifying statements found
Deet98,unknown,,0.0,142,,no self-identifying statements found
DeezeKnotz,unknown,,0.0,253,,no self-identifying statements found
DefKatsuki,external_individual,student,1.0,19,I‘m a student at UZH,"The user explicitly states they are a student at UZH, which is a non-ETH institution, and there is no mention of a current or upcoming ETH affiliation."
Defending_Eagle,unknown,,0.0,23,,no self-identifying statements found
Defiant-Dare1223,external_individual,other,0.5,6026,I (British) would love to live in Germany (did spend some of my PhD there),"The statement does not explicitly name a current university affiliation. However, it mentions spending time in Germany during a PhD, which implies a past affiliation with a German institution. Since no current ETH affiliation is mentioned and no other specific university is named, the classification defaults to 'external_individual/other' with moderate confidence."
Defiant_Gap5862,unknown,,0.0,17,,no self-identifying statements found
Delicious-Dot8458,unknown,,0.0,2,,no self-identifying statements found
Delicious_Ad7123,unknown,,0.0,48,,no self-identifying statements found
Delicious_Mention234,unknown,,0.0,23,,no self-identifying statements found
DeliriousCakeGobbler,unknown,,0.0,113,,no self-identifying statements found
DenimSilver,unknown,,0.0,279,,no self-identifying statements found
Dense-Document5596,external_individual,student,1.0,7,student from the University of Michigan,"The user explicitly identifies as a student from the University of Michigan, a non-ETH institution, with no mention of a current or upcoming ETH affiliation."
Dependent-Bike1547,unknown,,0.0,9,,no self-identifying statements found
Dependent_Writing_30,external_individual,student,1.0,23,statements 2 and 3 explicitly mention Sorbonne University as the current institution,"The user explicitly states they are a student at Sorbonne University, which is a non-ETH institution. There is no mention of ETH Zurich or any current or upcoming affiliation with ETH."
DepressedGuy89,external_individual,student,0.8,1,I am a first year CS undergraduate,"The user is currently a first-year undergraduate student at an unspecified institution (not ETH Zurich), as they are expressing intent to pursue a Master's at ETH Zurich in the future. Since they are not currently affiliated with ETH Zurich, they are classified as external_individual/student."
Der_Lachsliebhaber,external_individual,student,0.5,115,I study computer science in Europe (Switzerland),"The user mentions studying in Europe (Switzerland) but does not explicitly name ETH Zurich or any other specific university. Since they do not name ETH Zurich and the statement is vague, the classification defaults to external_individual/student based on the implicit signal that they are a student at a non-ETH institution."
Designer-Access-4471,unknown,,0.0,4,,no self-identifying statements found
Designer-Ad441,decentral_individual,student,1.0,2,I am in ETH mscs,"The user explicitly states they are in an ETH master's program, indicating a current affiliation with ETH Zurich."
Designer-Freedom-922,unknown,,0.0,1,,no self-identifying statements found
Designer-Tea2092,unknown,,0.0,171,,no self-identifying statements found
Desperate-Mistake611,unknown,,0.0,220,,no self-identifying statements found
Desperate-Papaya3017,decentral_individual,student,1.0,9,Im in my first semester at ETH (mathematics),"The user explicitly states they are in their first semester at ETH Zurich, indicating a current affiliation with ETH."
DesperateCake826,unknown,,0.0,49,,no self-identifying statements found
Desperate_Sign_1286,former_individual,employee_or_alumni,1.0,1,I'm a Chinese ETH alumnus,"The user explicitly identifies as an ETH alumnus, indicating a former affiliation with ETH Zurich."
Detachment1779,unknown,,0.0,3,,no self-identifying statements found
Diarrhea-Spritz,decentral_individual,student,0.9,7,ETH degree,"The statement explicitly mentions being enrolled in an ETH degree, indicating a current affiliation with ETH Zurich."
Diddleydope,decentral_individual,student,0.8,1,we all go to ETH,"The statement indicates that the user is currently attending ETH Zurich, which aligns with the 'decentral_individual/student' classification."
Didiermaoer,unknown,,0.0,14,,no self-identifying statements found
Die_2,unknown,,0.0,19,,no self-identifying statements found
Different-Chef-7359,unknown,,0.0,2,,no self-identifying statements found
DifferentFroyo1872,external_individual,student,0.5,2,I have a master from Mavt as well,"The statement mentions a master's degree from 'Mavt,' which is not ETH Zurich. Since the user is referring to a completed degree and no current ETH affiliation is mentioned, they are classified as an external_individual/student."
Different_Half_9990,decentral_individual,applicant,0.8,7,about to apply to ETH Zurich,"The user explicitly states they are about to apply to ETH Zurich, which fits the 'applicant' subtype under 'decentral_individual'."
Different_Scholar548,decentral_individual,student,0.8,143,I will finish my bachelors degree in a month,"The user mentions finishing their bachelor's degree soon, but does not explicitly name a university. However, since they are currently a student and no external university is named, the default assumption is ETH Zurich."
DifficultMouse8428,unknown,,0.0,125,,no self-identifying statements found
Difficult_Bar_3827,unknown,,0.0,4,,no self-identifying statements found
Difficult_Bridge_864,unknown,,0.0,47,,no self-identifying statements found
Difficult_Comment564,decentral_individual,applicant,0.8,11,I'm applying for a Master's in electrical engineering at ETH Zurich for 2025,"The user explicitly states they are applying to ETH Zurich for a Master's program, which fits the 'applicant' subtype under 'decentral_individual'."
Difficult_Mulberry20,external_individual,student,0.9,9,I am the EPFL Master student,"The user explicitly states they are a student at EPFL, a non-ETH institution, with no mention of a current or upcoming ETH affiliation."
DifficultyTricky7779,unknown,,0.0,358,,no self-identifying statements found
Diligent-Ant-2269,unknown,,0.0,8,,no self-identifying statements found
Diligent-Floor-156,unknown,,0.0,417,,no self-identifying statements found
DiligentAd655,unknown,,0.0,1,,no self-identifying statements found
Dipak1337,unknown,,0.0,36,,no self-identifying statements found
Direct-Jackfruit-958,unknown,,0.0,188,,no self-identifying statements found
DirectionOther224,external_individual,student,0.8,9,TUM master graduate in Engineering,"The user explicitly mentions being a graduate of TUM (Technische Universität München), a non-ETH institution, with no indication of a current or upcoming ETH affiliation."
DisasterExisting8141,unknown,,0.0,3,,no self-identifying statements found
Disco-Snail,unknown,,0.0,1,,no self-identifying statements found
DiscountOk830,external_individual,student,0.5,116,studying in a European country,"The user mentions studying in a European country but does not explicitly name ETH Zurich or any other specific institution. Since they are a non-EU student and the statement does not confirm an ETH affiliation, the classification defaults to external_individual/student based on the implicit signal of being a current student at an unspecified institution."
Distinct_Maximum3028,decentral_individual,researcher,0.8,4,"By the time I join ETH, I’ll have around two years of full-time experience at Mercedes-Benz R&D, where I’m currently working on ADAS systems.","The user mentions they will join ETH in the future, indicating a current affiliation with Mercedes-Benz R&D and an upcoming ETH affiliation. Since they are not currently affiliated with ETH, but are planning to join, they are classified as decentral_individual/researcher."
Distorted-Nick,unknown,,0.0,8,,no self-identifying statements found
DistributionGreedy32,unknown,,0.0,11,,no self-identifying statements found
DistributionTrue7024,unknown,,0.0,1,,no self-identifying statements found
DjHengel07,unknown,,0.0,5,,no self-identifying statements found
DocKla,external_individual,other,0.5,134,I still work for an academic institution. Precious to that I was at another one under a B-formation permit.,"The user mentions working for an academic institution but does not explicitly name ETH Zurich or any other specific university. The statement implies a current affiliation with an academic institution, but without a named institution, it falls under 'external_individual/other' due to lack of explicit ETH affiliation and presence of a vague academic role."
Dolores_Bush,unknown,,0.0,562,,no self-identifying statements found
DonKajit,unknown,,0.0,358,,no self-identifying statements found
Donthaveaphd,unknown,,0.0,33,,no self-identifying statements found
DooM_SpooN,unknown,,0.0,427,,no self-identifying statements found
DoomedweArenow,unknown,,0.0,2,,no self-identifying statements found
DoritoKingpin69,unknown,,0.0,50,,no self-identifying statements found
DotNetEvangeliser,unknown,,0.0,779,,no self-identifying statements found
Double-Cardiologist8,unknown,,0.0,8,,no self-identifying statements found
Double-Outside-4763,decentral_individual,student,0.8,5,I’ll study chem engineering,"The statement indicates the user is currently studying, and no specific external university is named. According to the rules, if a user mentions studying without naming a specific other university, ETH Zurich is assumed as the home institution."
Double_Employer_1301,unknown,,0.0,2,,no self-identifying statements found
Double_Sun2924,unknown,,0.0,5,,no self-identifying statements found
Double_Vacation545,decentral_individual,student,1.0,186,I will start my bachelors at ETH in a year.,"The user explicitly states they will start their bachelor's at ETH Zurich in the future, which qualifies as a current or upcoming ETH affiliation."
Double_Wishbone_1932,unknown,,0.0,38,,no self-identifying statements found
Doughnut_Potato,unknown,,0.0,164,,no self-identifying statements found
Dovah_120,decentral_individual,student,1.0,34,Fellow psychology bachelor student here.,"The user explicitly identifies as a 'psychology bachelor student' without mentioning any other university. According to the rules, if a statement mentions studying without naming a specific other university, ETH Zurich is assumed as the home institution."
Downtown_Brother6308,unknown,,0.0,70,,no self-identifying statements found
Downtown_Ear7915,unknown,,0.0,27,,no self-identifying statements found
Downtown_Tip_5279,unknown,,0.0,2,,no self-identifying statements found
DrNio1313,unknown,,0.0,33,,no self-identifying statements found
DrOeuf,external_individual,student,0.5,133,I started my studies in biology in 2007. Focus of my masters was human development and life history.,"The statement mentions studying biology and a master's focus but does not explicitly name ETH Zurich or any other institution. However, the absence of ETH affiliation and the presence of a study-related statement implies an external university affiliation."
Dramatic_Analysis417,unknown,,0.0,1,,no self-identifying statements found
DreamBussyBoi,unknown,,0.0,75,,no self-identifying statements found
DreamingLab,unknown,,0.2,1,No explicit or implicit mention of university affiliation,"The statements refer to general experiences with time tables and course completion rates, but do not mention any university affiliation or role."
Drio420,decentral_individual,student,1.0,2,I‘m starting my Bsc this fall,"The user explicitly mentions starting a BSc, which aligns with being a student at ETH Zurich as per the subreddit default rule."
Drive_on_mulholland,unknown,,0.0,14,,no self-identifying statements found
Droid_CC5,unknown,,0.0,3,,no self-identifying statements found
Drunken_Sheep_69,external_individual,student,0.5,11,In my experience from almost completing my CS bachelors,"The statement indicates the user is a student, but does not explicitly name a university. However, since the user is not explicitly stating an affiliation with ETH Zurich, and the default rule applies (no specific non-ETH university is named, but the user is not at ETH), the classification defaults to external_individual/student with moderate confidence."
Druunas,unknown,,0.0,8,,no self-identifying statements found
Dry-Abbreviations-92,former_individual,student,0.8,17,ich habe selber nur an der ETH studiert,"The user explicitly mentions having studied only at ETH, indicating a past affiliation as a student."
Dry-Entertainment380,unknown,,0.0,2,,no self-identifying statements found
Dry-Huckleberry-3979,unknown,,0.0,3,,no self-identifying statements found
DryRound8883,decentral_individual,student,0.8,3,writing my basisprüfung,"The statement mentions 'basisprüfung,' which is a term specific to ETH Zurich's Basisjahr program. This indicates the user is currently a student at ETH Zurich."
Dry_Rabbit_1123,unknown,,0.0,20,,no self-identifying statements found
Dry_Tumbleweed7177,unknown,,0.0,1,,no self-identifying statements found
DudeFromMiami,unknown,,0.0,246,,no self-identifying statements found
Due-Butterfly-5790,unknown,,0.0,163,,no self-identifying statements found
Due-Cardiologist-802,unknown,,0.0,4,,no self-identifying statements found
Due-Giraffe-5478,unknown,,0.0,13,,no self-identifying statements found
Due-Kangaroo863,unknown,,0.0,7,,no self-identifying statements found
Due-Level1978,unknown,,0.0,10,,no self-identifying statements found
Due_Astronomer_604,external_individual,other,0.8,3,Coming from ETH I went to ZHAW; I returned to ZHAW as a teacher myself,The user explicitly mentions ZHAW as their current or past role (teacher) without any indication of a current or upcoming ETH affiliation. The mention of ETH is in the past ('Coming from ETH') and does not override the current affiliation with ZHAW.
Due_Parsnip2466,unknown,,0.0,13,,no self-identifying statements found
Due_Wallaby_3643,unknown,,0.0,125,,no self-identifying statements found
Dulduls,unknown,,0.0,85,,no self-identifying statements found
DummeStudentin,external_individual,student,1.0,590,as a TUM student,"The user explicitly identifies as a student at TUM, a non-ETH institution, with no mention of a current or upcoming ETH affiliation."
Dungeness-Crab,unknown,,0.0,7,,no self-identifying statements found
DyingFish3000,unknown,,0.0,1,,no self-identifying statements found
E715A,unknown,,0.0,136,,no self-identifying statements found
ETHEPFLchallenge,unknown,,0.0,1,,no self-identifying statements found
ETHEREVM,unknown,,0.0,251,,no self-identifying statements found
ETHsurvivor,external_individual,other,0.5,19,After my graduation in CS (master) I started a Job in IT,"The user mentions having a master's degree in CS but does not explicitly name ETH Zurich or any other university. However, they are currently working in IT and studying CISSP for fun, which suggests no current university affiliation. Since there is no explicit mention of ETH Zurich or another institution, the classification defaults to 'external_individual/other' with moderate confidence."
ET_ON_EARTH,unknown,,0.0,23,,no self-identifying statements found
EarDue438,external_individual,student,1.0,1,received an acceptance letter from Stanford’s University for MSc. in Mechanical Engineering,"The user explicitly mentions being accepted to a non-ETH institution (Stanford) for a current degree program, which qualifies as an external_individual/student."
EarlyArcher2584,unknown,,0.0,26,,no self-identifying statements found
Early_Emu_5798,unknown,,0.0,1,,no self-identifying statements found
EaseOdd5533,unknown,,0.0,17,,no self-identifying statements found
East-Ad5173,unknown,,0.0,295,,no self-identifying statements found
East-Celebration-826,unknown,,0.0,2,,no self-identifying statements found
East-Preference164,external_individual,other,0.8,1,"BTech Electrical Engineering from IIT Roorkee, India","The user explicitly mentions a non-ETH institution (IIT Roorkee) as their current or past role, with no indication of a current or upcoming ETH affiliation."
EastRom67,unknown,,0.0,6,,no self-identifying statements found
East_Earth_920,former_individual,student,0.8,235,finished ETH bachelors and masters,"The user explicitly mentions having completed their bachelor's and master's degrees at ETH, indicating a former affiliation as a student."
East_Finance2203,decentral_individual,student,1.0,10,I am starting a Masters degree this fall semester,"The statement indicates the user is starting a master's degree, which aligns with a current ETH Zurich affiliation as per the subreddit default rule."
East_Leg1474,unknown,,0.0,2,,no self-identifying statements found
East_Yesterday_2313,decentral_individual,student,1.0,2,I have just been accepted as an bachlor student at ETH Cs program,"The user explicitly states they have been accepted to ETH Zurich's bachelor program, which takes precedence over the mention of a standing offer from SSE, Stockholm School of Economics."
Eastern-Cause-7762,unknown,,0.0,1,,no self-identifying statements found
Eastern-Rip2821,unknown,,0.0,49,,no self-identifying statements found
Easy-Echidna-7497,unknown,,0.0,386,,no self-identifying statements found
Easy-Explanation1338,unknown,,0.0,239,,no self-identifying statements found
Easy_Ad_5917,unknown,,0.0,8,,no self-identifying statements found
EatThatPotato,unknown,,0.0,1284,,no self-identifying statements found
Ecstatic-Level9286,decentral_individual,student,1.0,24,"Ich bin mir am überlegen, ob ich jetzt schon bei linkdin hinzufügen soll, das ich an der eth studiere, bin im 1. Semester","The user explicitly states they are studying at ETH Zurich ('an der eth studiere') and mentions being in their first semester, which clearly indicates a current student affiliation with ETH Zurich."
Eddos3,external_individual,student,1.0,2,I am an Italian student in the BSc in Materials Engineering from Politecnico di Milano,The user explicitly names a non-ETH institution (Politecnico di Milano) as their current role with no mention of ETH affiliation.
EdoBirelART27,decentral_individual,student,1.0,5,I’m an ersti in mechanical engineering,"The user identifies as an 'ersti' (first-year student) in mechanical engineering. Since no other university is mentioned and ETH Zurich is the default for r/ethz posts, this implies a current ETH affiliation."
EducationOk5938,unknown,,0.0,62,,no self-identifying statements found
Educational-Bad-5029,unknown,,0.0,10,,no self-identifying statements found
Educational-Bite3961,external_individual,other,0.5,21,I did my master's degree at a not very well-known university,"The user explicitly mentions completing a master's degree at a non-ETH university, but does not name the institution. This provides a strong implicit signal that they are affiliated with an external institution."
EducationalAppDev,decentral_individual,phd,0.8,1,I started my PhD,"The user mentions starting a PhD without naming a specific university. According to the rules, if a statement mentions studying, doing a PhD, or working as a researcher without naming a specific other university, it is assumed to be ETH Zurich."
Educational_Tooth560,external_individual,student,0.8,35,i'm on my last year of italian university,"The user explicitly identifies as a student at an Italian university, which is not ETH Zurich. No mention of ETH or any other Swiss institution is present."
Effective-Argument-7,unknown,,0.0,19,,no self-identifying statements found
EffectiveCupcake5971,external_individual,student,0.8,9,currently in the final year of my Bachelor's degree,"The user explicitly states they are a student in their final year of a Bachelor's degree but does not mention ETH Zurich. No ETH affiliation is visible, and the statement does not indicate any current or upcoming ETH connection."
EffectivelyToasted,external_individual,student,1.0,23,I'm a second year physics student studying at University of Melbourne in Australia.,The user explicitly names a non-ETH institution (University of Melbourne) as their current role with no mention of a current or upcoming ETH connection.
Efficient-Day-9662,unknown,,0.0,6,,no self-identifying statements found
Efficient-Dust-1330,decentral_individual,student,1.0,1,Im currently an Erstie at ETH (DITET),"The user explicitly states they are currently an Erstie (first-year student) at ETH Zurich, which confirms a current ETH affiliation."
Efficient-Song-7978,unknown,,0.0,7,,no self-identifying statements found
Efficient_Algae_4057,unknown,,0.0,77,,no self-identifying statements found
Efficient_Pack2008,unknown,,0.0,1,,no self-identifying statements found
Egg-Livid,unknown,,0.0,6,,no self-identifying statements found
Eggsy_x,decentral_individual,applicant,0.9,3,Not an ETHler yet but will be next year,"The user explicitly states they will be an ETH student next year, indicating they have applied and are in the process of being accepted, which aligns with the 'applicant' subtype under 'decentral_individual'."
Eisenfuss19,unknown,,0.0,509,,no self-identifying statements found
Electrical-Ear5319,decentral_individual,applicant,0.8,2,I've recently been accepted to this MSc program.,"The user mentions being 'recently accepted to this MSc program,' which indicates a current or upcoming ETH affiliation. Since no other university is explicitly named, and the default rule applies (no external institution mentioned), the affiliation is assumed to be ETH Zurich. The subtype 'applicant' is used because the user has been accepted but may not yet be enrolled."
Electrical-Pie925,unknown,,0.0,16,,no self-identifying statements found
Electrical_Ad_4848,unknown,,0.0,5,,no self-identifying statements found
Electrical_Cicada_,unknown,,0.0,3,,no self-identifying statements found
Electrical_Lecture87,decentral_individual,student,1.0,6,Next semester I will be doing my bachelor thesis and finishing up some P&S credits and I plan on being done with my bachelors by December.,"The statement indicates the user is currently enrolled in a bachelor's program and will be completing their thesis and credits in the next semester. Since no other university is explicitly named and the context is aligned with ETH Zurich's default assumption (studying without naming a specific other university), the affiliation is assumed to be ETH Zurich."
Electronic-Olive9411,external_individual,student,0.8,8,I'm a student studying in the UK; I'm currently studying BSc computer science in UK,"The user explicitly states they are studying in the UK without mentioning ETH Zurich, and no ETH affiliation is visible."
ElectronicCountry701,unknown,,0.0,22,,no self-identifying statements found
Electronic_Collar931,unknown,,0.0,8,,no self-identifying statements found
Electronic_Garlic600,unknown,,0.0,14,,no self-identifying statements found
Electronic_Sink26,unknown,,0.0,8,,no self-identifying statements found
Electronic_Special48,unknown,,0.0,19,,no self-identifying statements found
Electronic_Tea_914,unknown,,0.0,19,,no self-identifying statements found
Elegant-Path-9235,unknown,,0.0,0,,no text content available
Elegant_Ad6405,unknown,,0.0,8,,no self-identifying statements found
Elegant_Salt8138,unknown,,0.0,4,,no self-identifying statements found
Elephant_pumpkin,former_individual,phd,0.7,49,my PhD in isotope chemistry,"The user mentions completing a PhD, indicating a past affiliation. The statement does not explicitly name ETH Zurich or any other institution, but the context implies the PhD was completed at a university. Since the user is not currently affiliated with ETH and no other institution is named, the classification defaults to former_individual with the subtype 'phd'."
Eli_229,external_individual,student,0.8,109,currently in my 2nd and last year of my Bachelor of CompScience at the Kalaidos FH,"The user explicitly mentions being a current student at Kalaidos FH, a non-ETH institution, with no indication of a current or upcoming ETH affiliation."
ElonMask123,unknown,,0.0,20,,no self-identifying statements found
ElonMax303,unknown,,0.0,70,,no self-identifying statements found
Elric_the_seafarer,unknown,,0.0,671,,no self-identifying statements found
Emanuele_18,unknown,,0.0,7,,no self-identifying statements found
Embarrassed-End-9685,unknown,,0.0,1,,no self-identifying statements found
EmbarrassedAd7823,former_individual,student,0.8,9,had a 5.4 average in my eth-bachelors,"The user mentions having completed a bachelor's degree at ETH Zurich (eth-bachelors), indicating a past affiliation. They are not currently affiliated with ETH, as no current role or enrollment is mentioned."
Embarrassed_Gate5495,unknown,,0.0,4,,no self-identifying statements found
Embarrassed_Offer_46,unknown,,0.0,4,,no self-identifying statements found
EmeraldDream123,unknown,,0.0,340,,no self-identifying statements found
Emergency-Act8436,unknown,,0.0,5,,no self-identifying statements found
Emergency-Horse6928,decentral_individual,student,0.8,8,I'm finishing my masters,"The statement indicates the user is currently a student, and since no other university is explicitly named, ETH Zurich is assumed as the affiliation per the subreddit default rule."
Emergency-Job4136,decentral,department_or_lab,0.9,161,D-Biol,"The user mentions finishing a postdoc in 'D-Biol', which refers to the Department of Biology at ETH Zurich. This indicates a current affiliation with a department/lab at ETH Zurich."
Emergency-Month967,unknown,,0.0,98,,no self-identifying statements found
Emergency-Shower-205,decentral_individual,student,1.0,3,now I will finish my MSc in CS at ETH that semester,"The user explicitly states they are currently finishing their MSc in CS at ETH Zurich, which confirms their current affiliation with ETH Zurich. The mention of a prior BSc at UZH does not override the current ETH affiliation."
EmergencyArtistic634,external_individual,student,0.5,12,I’m finishing a degree in another country,"The user explicitly mentions studying at a non-ETH institution (implied by 'another country') without naming ETH Zurich, and no current ETH affiliation is stated."
Emergency_Coffee_829,former_individual,employee_or_alumni,0.8,6,ETH grad here working in those industries,"The user explicitly identifies as an ETH graduate, indicating a former affiliation with ETH Zurich."
Emergency_Mail6848,decentral_individual,applicant,0.6,104,I'm trying to apply for the Master's in Data Science program,"The user is applying to a Master's program at ETH Zurich (implied by the context of the subreddit and the program name), and there is no explicit mention of a non-ETH institution as their current affiliation."
Emergency_Teacher_55,unknown,,0.0,1,,no self-identifying statements found
Emeth839,unknown,,0.0,2,,no self-identifying statements found
Emm_Mango,decentral_individual,student,1.0,1,starting at ETH this September,"The user explicitly mentions starting at ETH Zurich this September, indicating a current or upcoming affiliation with ETH."
EmongLusk,unknown,,0.0,116,,no self-identifying statements found
Emotional-Share4461,decentral_individual,student,0.8,106,I’m planning to start a bachelor’s degree at age 26,"The statement indicates the user is planning to start a bachelor’s degree, which aligns with the criteria for decentral_individual/student. Since no specific university is named and the default rule applies (assuming ETH Zurich if no other institution is mentioned), the affiliation is classified as ETH Zurich."
Emotional-Skirt7855,unknown,,0.0,45,,no self-identifying statements found
Emotional_Hotel6843,decentral_individual,student,1.0,20,Currently starting master in Mech Eng,"The user explicitly mentions starting a master's program, and no other university is named. According to the rules, if a user mentions studying without naming a specific other university, ETH Zurich is assumed as the home institution."
Emotional_Jello_2119,unknown,,0.0,11,,no self-identifying statements found
Emperror_of_Mankind,unknown,,0.0,81,,no self-identifying statements found
Empty-Suggestion-597,external_individual,phd,0.8,76,I will be starting my doctorate in Vienna,"The user explicitly mentions starting a doctorate at an institution in Vienna, which is not ETH Zurich. This indicates a current affiliation with a non-ETH institution."
Empty_Definition4520,external_individual,other,0.5,1,Russell Group university,"The user explicitly mentions a Russell Group university without naming ETH Zurich, and there is no indication of a current or upcoming ETH affiliation."
EmuMundane8470,unknown,,0.0,1,,no self-identifying statements found
EncelBread,external_individual,student,0.7,158,currently studying a 2 year of a 4 years bachelor in bioinformatics,"The user mentions being a current student in a bachelor's program but does not explicitly name ETH Zurich or any other university. According to the rules, if a user mentions studying without naming a specific university, it is assumed to be external."
Endivi,unknown,,0.0,37,,no self-identifying statements found
EngineerNo2650,unknown,,0.0,673,,no self-identifying statements found
EngineeringFlop,unknown,,0.0,53,,no self-identifying statements found
Enj0yth3silence,unknown,,0.0,1,,no self-identifying statements found
Entire_Bill1804,unknown,,0.0,98,,no self-identifying statements found
Entire_Classroom_920,decentral_individual,student,1.0,3,I was just admitted to ETHz and will begin my study in 24 fall,"The user explicitly states they were admitted to ETH Zurich and will begin their studies, indicating a current and upcoming ETH affiliation."
EntropicalIsland,unknown,,0.0,84,,no self-identifying statements found
Entsche1dungsproblem,unknown,,0.0,4,,no self-identifying statements found
Epic_Diss,unknown,,0.2,2,I use for research purposes at,The statement is incomplete and lacks sufficient information to determine the user's university affiliation. No explicit or implicit affiliation with ETH Zurich or any other institution is clearly stated.
Equal_Many_6750,unknown,,0.0,126,,no self-identifying statements found
Equal_Problem_2749,decentral_individual,student,1.0,5,ich werde jetzt im September meinen Bachelor an der ETH starten,"The user explicitly states they will start their Bachelor's degree at ETH Zurich in September, indicating a current or upcoming ETH affiliation."
Equivalent-Ad5185,unknown,,0.0,57,,no self-identifying statements found
Equivalent-Lime-5656,unknown,,0.0,1,,no self-identifying statements found
Equivalent_Low_8350,unknown,,0.0,754,,no self-identifying statements found
Ericdergrosse,unknown,,0.0,155,,no self-identifying statements found
Eskapismus,unknown,,0.0,1511,,no self-identifying statements found
EtherealEquations,external_individual,student,1.0,41,I’m currently an honors mathematics student at the university of michigan,"The user explicitly names a non-ETH institution (University of Michigan) as their current role, with no mention of ETH Zurich."
Eu8bckAr1,unknown,,0.0,59,,no self-identifying statements found
Eucheria,unknown,,0.0,8,,no self-identifying statements found
Eulercurie,unknown,,0.0,4,,no self-identifying statements found
Euphoric-Momo-7,external_individual,other,0.8,29,I'm a software engineer currently working at Microsoft in India,"The user explicitly identifies as a software engineer at Microsoft, which is a non-ETH institution, and does not mention any current or upcoming ETH affiliation in the present tense."
Euphoric-Present2208,unknown,,0.0,12,,no self-identifying statements found
Euphoric_Bite_759,unknown,,0.0,4,,no self-identifying statements found
Ev3rm0re,unknown,,0.0,41,,no self-identifying statements found
Eve_Z_,external_individual,student,0.8,23,"I am a master's graduate from China, holding a degree from a prestigious 985 university.",The user explicitly mentions being a graduate from a non-ETH institution (a 985 university in China) without any current or upcoming ETH affiliation.
Even-Cod8017,external_individual,other,0.5,12,"mentions LMU and ETH in a comparative context, but does not explicitly state current affiliation with either","The statement compares LMU and ETH but does not explicitly state a current affiliation with any institution. The mention of ETH is in a contextual, non-affirmative way, and no current role is stated."
EvenPumpkinQQQ,unknown,,0.0,2,,no self-identifying statements found
Even_Frame_2494,unknown,,0.0,1,,no self-identifying statements found
Evening_South_5784,unknown,,0.0,1,,no self-identifying statements found
Every-Literature-351,unknown,,0.0,2,,no self-identifying statements found
Every_County4301,decentral_individual,student,1.0,1,I am currently a BSc student majoring in biology at ETH Zurich,"The user explicitly states they are a current student at ETH Zurich, which matches the criteria for 'decentral_individual/student'."
Evoo4820,decentral_individual,student,0.8,44,I am in my last semester of my BS in Biomedical Sciences,"The user is currently enrolled in their final semester of a BS program. Since no specific university other than ETH Zurich is mentioned, and the default rule applies (assuming ETH Zurich if no other institution is named), the affiliation is classified as decentral_individual/student."
EwoksAreAwesome,unknown,,0.0,80,,no self-identifying statements found
ExaBast,unknown,,0.0,2483,,no self-identifying statements found
ExamPrep_Switzerland,unknown,,0.0,3,,no self-identifying statements found
ExcaliburWontBudge,decentral_individual,student,0.9,26,I improved every year at eth,"The statement indicates ongoing involvement at ETH Zurich, and the use of 'improved every year' suggests a current student status."
Excellent_Avocado485,unknown,,0.0,23,,no self-identifying statements found
Excellent_Coconut_81,unknown,,0.0,481,,no self-identifying statements found
Excellent_Skin9697,external_individual,student,1.0,36,I am currently studying at TU Berlin / I will start this semester as Informatik student of the TUM,"The user explicitly names non-ETH institutions (TU Berlin and TUM) as their current or upcoming role, with no mention of ETH Zurich affiliation."
Excellent_Tourist980,unknown,,0.0,503,,no self-identifying statements found
Existing-Escape6320,external_individual,other,0.5,7,I am an intern (SWE) at a famous Tech company,"The user mentions being an intern at a tech company but does not explicitly name a university. Since no ETH affiliation is mentioned and no other university is named, the classification defaults to 'external_individual/other' with moderate confidence based on the implicit signal of being in industry."
ExistingPass8801,decentral_individual,student,1.0,5,I am currently an MSc physics student at ETH,"The user explicitly states they are a current MSc physics student at ETH Zurich, which matches the criteria for 'decentral_individual/student'."
Exotic_Internet5969,unknown,,0.0,1,,no self-identifying statements found
Expat_zurich,unknown,,0.0,149,,no self-identifying statements found
Expensive-Mix-9687,unknown,,0.0,37,,no self-identifying statements found
Experimental_Work,unknown,,0.0,161,,no self-identifying statements found
ExpertPlayful9604,decentral_individual,student,1.0,2,"I'm studying Mathematics in 1st semester and am in the middle of doing Basisprüfungsblock 1 (Informatics, Analysis I, Physics I)","The statement explicitly mentions being in the first semester of studying Mathematics and participating in Basisprüfungsblock 1, which is a known part of the ETH Zurich curriculum. No other university is named, and the context strongly implies ETH Zurich affiliation."
ExplanationEnough295,decentral_individual,student,1.0,61,Eth student here,"The user explicitly identifies as an 'Eth student', indicating a current affiliation with ETH Zurich."
ExplorerGlad168,unknown,,0.0,22,,no self-identifying statements found
Express_Outside4580,decentral_individual,student,1.0,9,enrolled in Mechanical Engineering BSc. at ETH Zürich,"The user explicitly states they are currently enrolled in a BSc program at ETH Zürich, which takes precedence over any past affiliation."
Extension-Ad-4822,unknown,,0.0,2,,no self-identifying statements found
Extension-Reading106,decentral_individual,applicant,0.6,15,I'm looking into a PhD opportunity in ETH,"The user explicitly mentions looking into a PhD opportunity at ETH, indicating an application process. This aligns with the 'applicant' subtype under 'decentral_individual' as per the decision tree."
ExtensionDowntown177,unknown,,0.0,83,,no self-identifying statements found
External_Welcome_225,decentral_individual,student,1.0,12,I am currently doing my masters at eth in computer science,"The user explicitly states they are currently enrolled in a master's program at ETH, which is the home institution. This matches rule B of the decision tree, indicating a current ETH affiliation."
Extra-Strike-264,unknown,,0.0,1,,no self-identifying statements found
Extreme-Ad2408,unknown,,0.0,2,,no self-identifying statements found
Extreme-Stress5545,decentral_individual,student,0.8,5,mention of MSc and BSc without naming a specific other university,"The user refers to being in their MSc and having completed a BSc, but does not explicitly name a university other than ETH Zurich. According to the rules, if a user mentions studying or doing a degree without naming a specific other university, ETH Zurich is assumed as the home institution."
ExtremeCat6613,unknown,,0.0,347,,no self-identifying statements found
Exumax,decentral_individual,student,1.0,6,ETH architecture master student here.,"The user explicitly states they are a current master's student at ETH Zurich, which is the home institution. This matches rule B of the decision tree, indicating a current ETH affiliation."
EyedBread,decentral_individual,student,1.0,13,doing a Masters in Computer Science / Machine Learning that is going to do 1 exchange semester here in ETH during the autumn,"The user is currently a 4th-year student at an unspecified institution but will be doing an exchange semester at ETH Zurich. Since the user is currently enrolled at another institution, they are classified as external_individual. However, the instruction specifies that ETH Zurich is the HOME institution and not external. Therefore, the user is classified as decentral_individual/student based on their upcoming ETH affiliation."
EyeofEnder,unknown,,0.0,577,,no self-identifying statements found
F-_-_-_-_-_-_-_-_-_-,unknown,,0.0,68,,no self-identifying statements found
F3367,decentral_individual,student,1.0,10,I’m currently starting my second semester at ETH; Just got at ETH this year into that same master,"The user explicitly mentions being currently enrolled at ETH Zurich (""starting my second semester at ETH"" and ""got at ETH this year""). This confirms a current affiliation with ETH, which takes precedence over any potential prior or external institutions."
FCCheIsea,unknown,,0.0,344,,no self-identifying statements found
Fa_well,unknown,,0.0,2,,no self-identifying statements found
Fabi8086,decentral_individual,student,1.0,48,I am currently finishing my MSc in physical chemistry and environmental science at ETH Zurich,"The user explicitly states they are currently finishing their MSc at ETH Zurich, which confirms their current affiliation with ETH Zurich."
Fabian_B_CH,unknown,,0.0,368,,no self-identifying statements found
Fabulous-Pen-6249,unknown,,0.0,2,,no self-identifying statements found
Fabulous_Ad_5709,decentral_individual,student,0.8,432,I’m a student from the EU starting my bachelors this year,"The user explicitly identifies as a student starting their bachelor's this year. Since no other university is named and the default rule applies (studying without naming a specific other university implies ETH Zurich), the affiliation is ETH Zurich."
FailerOnBoard,decentral_individual,student,1.0,44,I'm currently in my third year of Bsc Arch,"The user is explicitly stating they are currently studying, and no other university is mentioned. According to the rules, if a statement mentions studying without naming a specific other university, assume ETH Zurich."
Fair-Cod7669,unknown,,0.0,427,,no self-identifying statements found
FairFig5622,unknown,,0.0,283,,no self-identifying statements found
Fair_Rhubarb3249,unknown,,0.0,6,,no self-identifying statements found
FaithlessnessFair682,unknown,,0.0,1,,no self-identifying statements found
Fallap90,external_individual,student,0.8,273,studied at UZH in 2021,"The user explicitly mentions studying at UZH (University of Zurich), a non-ETH institution, and does not indicate any current or upcoming affiliation with ETH Zurich."
False_Description_43,decentral_individual,student,0.8,1,Numerical Analysis 1 course,"The mention of a course (Numerical Analysis 1) strongly implies that the user is currently enrolled as a student at ETH Zurich, as this is a common course offered at ETH."
False_Pizza4215,unknown,,0.0,1,,no self-identifying statements found
Familiar-Ad301,unknown,,0.0,13,,no self-identifying statements found
Familiar_Cupcake_750,unknown,,0.0,50,,no self-identifying statements found
Famous-Exercise6091,unknown,,0.0,6,,no self-identifying statements found
FamousDeer4131,unknown,,0.0,12,,no self-identifying statements found
FanaticalExplorer,unknown,,0.0,7,,no self-identifying statements found
FancyDimension2599,unknown,,0.0,293,,no self-identifying statements found
Fantastic-Pie6179,unknown,,0.0,1,,no self-identifying statements found
Far-Communication886,unknown,,0.0,210,,no self-identifying statements found
Far-Vermicelli1995,unknown,,0.0,1,,no self-identifying statements found
Far_Education4528,unknown,,0.0,21,,no self-identifying statements found
FastLegEnte,decentral_individual,student,1.0,60,I’ve been studying mathematics here since the start of the semester as a first year student,"The statement explicitly mentions being a first-year student at the institution, and since no other university is named, ETH Zurich is assumed as the current affiliation."
FatBoiXL,external_individual,student,1.0,2,final year of a mechanical engineering and computer science degree from UNSW,"The user explicitly names UNSW as their current institution and mentions being in their final year of study, indicating a current affiliation with a non-ETH university."
Fearless-Car9206,unknown,,0.0,4,,no self-identifying statements found
Fearless-Chip6937,unknown,,0.0,336,,no self-identifying statements found
FederalBrick,former_individual,student,0.8,15,Did the same at ETH Zürich.,"The statement refers to past actions at ETH Zürich, indicating a former affiliation as a student."
Federal_Bet_7275,unknown,,0.0,1,,no self-identifying statements found
Federal_Subject_6797,unknown,,0.0,204,,no self-identifying statements found
Feeling-Award6976,unknown,,0.0,68,,no self-identifying statements found
Feeling_Passenger815,decentral_individual,student,0.8,117,As a Master in Zurich for two and a half years,"The statement indicates the user is currently a student at a university in Zurich. Since ETH Zurich is the default institution for posts on r/ethz, and no other university is explicitly named, it is assumed to be ETH Zurich."
Feisty_Anywhere4422,decentral_individual,student,1.0,26,I got accepted to MSc Electrical Engineering at ETH Zurich; I got into ETH Msc EE degree,"The user explicitly states they have been accepted to an ETH Zurich program, which takes precedence over any other potential affiliations. This confirms a current ETH affiliation as a student."
Female_Silverback,unknown,,0.0,168,,no self-identifying statements found
FengCR,unknown,,0.0,20,,no self-identifying statements found
Fernando_III,unknown,,0.0,49,,no self-identifying statements found
FerrousThing,former_individual,phd,0.8,153,former PhD student,"The user explicitly identifies as a former PhD student, which falls under the 'former_individual' voice type with the 'phd' subtype. No specific university is mentioned, but since the user is not currently affiliated with ETH Zurich and no other institution is named, the classification defaults to 'former_individual' based on the role."
Festus-Potter,unknown,,0.0,893,,no self-identifying statements found
Feuermurmel,unknown,,0.0,126,,no self-identifying statements found
Few-Horror-6341,unknown,,0.0,2,,no self-identifying statements found
Few-Salary-409,unknown,,0.0,1,,no self-identifying statements found
Few-Vegetable-3814,unknown,,0.0,4,,no self-identifying statements found
FewBlacksmith6399,decentral_individual,student,0.8,21,"Mathematics, almost done with my bachelor","The user mentions being almost done with their bachelor's degree, which implies they are currently enrolled at a university. Since no other institution is named and ETH Zurich is the default for r/ethz posts, it is assumed to be ETH Zurich."
FewEvidence4309,unknown,,0.0,1,,no self-identifying statements found
Few_Mulberry_8254,unknown,,0.0,19,,no self-identifying statements found
Few_Rope611,unknown,,0.0,35,,no self-identifying statements found
Fickbar_M,unknown,,0.0,32,,no self-identifying statements found
Fickle-Card-7617,decentral_individual,student,1.0,3,I’m and incoming MSc in statistics student,"The user explicitly states they are an incoming MSc student, which indicates a current or upcoming affiliation with ETH Zurich based on the subreddit's default rule."
FickleAssistant7095,unknown,,0.0,5,,no self-identifying statements found
Fickle_Knee_106,external_individual,phd,0.8,736,I am a new PhD student at NTU starting January,"The user explicitly states they are a new PhD student at NTU, which is a non-ETH institution. No current or upcoming ETH affiliation is mentioned."
Fierce_Coffee,unknown,,0.0,11,,no self-identifying statements found
Filippo295,external_individual,student,0.7,561,I am currently in a master in Business Analytics and Data Science,"The user mentions being in a master's program but does not explicitly name ETH Zurich or any other university. However, the absence of ETH affiliation and the presence of a current study role implies an external institution."
FilthyRubber,unknown,,0.0,9,,no self-identifying statements found
Filthykun,unknown,,0.0,12,,no self-identifying statements found
Final-Fisherman-7648,unknown,,0.0,5,,no self-identifying statements found
Final-Share1176,unknown,,0.0,1,,no self-identifying statements found
Final_Gift8813,unknown,,0.0,17,,no self-identifying statements found
FinanceAltTrow,decentral_individual,student,1.0,75,I'll start my masters at eth this September,"The user explicitly mentions starting a master's program at ETH this September, indicating a current and upcoming ETH affiliation."
Financial-Drummer825,unknown,,0.0,2,,no self-identifying statements found
Financial-Read5053,unknown,,0.0,25,,no self-identifying statements found
FinancialPossible240,decentral_individual,student,1.0,1,I'm close to finishing my D-ITET bachelors,"The statement explicitly mentions completing a bachelor's degree at ETH Zurich (D-ITET is a department at ETH Zurich), indicating a current student affiliation with ETH."
Financial_Camp517,unknown,,0.0,49,,no self-identifying statements found
Financial_News_6400,external_individual,student,1.0,23,I am studying engineering at Oxford University.,"The user explicitly names a non-ETH institution (Oxford University) as their current role, with no mention of a current or upcoming ETH connection."
Fine-Cat4708,unknown,,0.0,2,No explicit affiliation mentioned,downgraded: external_individual confidence 0.20 below threshold
Fine-Resident-8157,unknown,,0.0,359,,no self-identifying statements found
Fine_Carry_5348,decentral_individual,student,1.0,3,I got into ETH in 2021 ... now a 6-th semester ... student at D-MAVT,The user explicitly states they are currently a student at ETH Zurich (D-MAVT is a department at ETH Zurich). The mention of being in their 6th semester confirms they are currently enrolled.
FingerPuzzlehead,unknown,,0.0,6,,no self-identifying statements found
FirefighterLast6984,unknown,,0.0,28,,no self-identifying statements found
Firm-Canary-1438,unknown,,0.0,36,,no self-identifying statements found
Firm-Programmer-5627,external_individual,other,0.5,1,I did an internship at eth in biology,"The user mentions an internship at ETH Zurich but does not state that they are currently affiliated with ETH. The statement does not indicate any current role or study at ETH, and the user's affiliation is not explicitly named. The internship is in the past, and no current university is mentioned, leading to 'external_individual/other' with moderate confidence."
Firm_Ad_330,unknown,,0.0,45,,no self-identifying statements found
FishyFrie,unknown,,0.0,16,,no self-identifying statements found
Fit-Conclusion-7579,unknown,,0.0,92,,no self-identifying statements found
Fit-Frosting-7144,unknown,,0.0,392,,no self-identifying statements found
Fit-Philosophy-2261,unknown,,0.0,9,,no self-identifying statements found
Fit-Potential-4614,unknown,,0.0,2,,no self-identifying statements found
Fit-Tumbleweed635,external_individual,other,0.5,1,Bachelor degree(Artificial Intelligence Engineering) from university in Turkey,"The user explicitly mentions a non-ETH university (in Turkey) and does not provide any evidence of a current or upcoming ETH affiliation. They are currently working as an AI Engineer, which does not imply a university affiliation."
FitSeaworthiness4304,unknown,,0.0,2,,no self-identifying statements found
Fit_Entrepreneur_669,unknown,,0.0,204,,no self-identifying statements found
Fit_Platypus7915,unknown,,0.0,1,,no self-identifying statements found
Fit_Spot_4679,decentral_individual,student,0.8,40,I am a university student,"The user identifies as a university student without specifying a non-ETH institution. Since no external university is named, and the default assumption is ETH Zurich for such statements, the affiliation is classified as decentral_individual/student."
Fl0oW,unknown,,0.0,22,,no self-identifying statements found
Flashy-Weird8715,decentral_individual,applicant,0.7,8,I’ve applied for MSc Computer Science,"The user explicitly states they have applied for an MSc in Computer Science, which aligns with ETH Zurich's program. Since they have applied but have not confirmed acceptance, they are classified as an applicant under decentral_individual."
Flashy_Help_7356,unknown,,0.0,26,,no self-identifying statements found
Flat_End4624,unknown,,0.0,2,,no self-identifying statements found
Flat_Fix9873,unknown,,0.0,118,,no self-identifying statements found
FlatwormNo3465,unknown,,0.0,44,,no self-identifying statements found
FlimsyCockroach3,unknown,,0.0,4,,no self-identifying statements found
Flimsy_Woodpecker_28,unknown,,0.0,12,,no self-identifying statements found
Flippperboy,unknown,,0.0,15,,no self-identifying statements found
Flo03DT,external_individual,student,0.8,86,"Bei uns (Uni Stuttgart) dürfen zwischen zwei versuchen nicht mehr als zwei Semester liegen, sonst Ende.","The user explicitly mentions 'Uni Stuttgart' as their current institution, indicating a current affiliation with a non-ETH university. The statement about academic requirements and semester structure strongly implies they are a current student at Uni Stuttgart."
Flockifox,decentral_individual,student,0.8,4,I started with my bsc in mechanical this autumn.,"The user mentions starting a bachelor's program ('bsc') this autumn without naming a specific university. According to the rules, if a statement mentions studying without naming a specific other university, assume ETH Zurich."
Floedebollebolle,decentral_individual,student,0.9,6,Doing my MSc CS first semester,"The user explicitly mentions being in their first semester of an MSc CS program, which aligns with being a current student at ETH Zurich based on the subreddit default rule."
FlounderNecessary729,unknown,,0.0,80,,no self-identifying statements found
FlounderOutrageous42,unknown,,0.0,29,,no self-identifying statements found
FlounderStill,unknown,,0.0,6,,no self-identifying statements found
FlreW0lf,unknown,,0.0,1,,no self-identifying statements found
Flualiengrind,unknown,,0.0,8,,no self-identifying statements found
Fluid_Push8632,unknown,,0.0,1,,no self-identifying statements found
Fly_GP,unknown,,0.0,7,,no self-identifying statements found
Fndundai,unknown,,0.0,11,,no self-identifying statements found
Focus-Proof,unknown,,0.0,126,,no self-identifying statements found
Foreign-Gap-3283,unknown,,0.0,8,,no self-identifying statements found
ForeignLoquat2346,unknown,,0.0,333,,no self-identifying statements found
ForeignUniStudent,unknown,,0.0,25,,no self-identifying statements found
Foreign_Ad9997,unknown,,0.0,10,,no self-identifying statements found
Foreign_Fun_1196,unknown,,0.0,9,,no self-identifying statements found
ForestAppAddict,unknown,,0.0,3,,no self-identifying statements found
Formalutaion,unknown,,0.0,1,,no self-identifying statements found
Former-Ad-9278,unknown,,0.0,12,,no self-identifying statements found
Fornitiedde,unknown,,0.0,8,,no self-identifying statements found
Forsaken_Bid927,decentral_individual,student,0.8,101,incoming PhD student,"The user mentions being an 'incoming PhD student,' which indicates a current or upcoming affiliation with ETH Zurich. No other university is explicitly named, and the default rule applies."
Forsaken_Jewel,unknown,,0.0,3,,no self-identifying statements found
Forsaken_Scientist67,unknown,,0.0,1,,no self-identifying statements found
Forward-Feed-1759,unknown,,0.0,3,,no self-identifying statements found
ForzaCharles16,unknown,,0.0,219,,no self-identifying statements found
FoxLast947,unknown,,0.0,253,,no self-identifying statements found
Fragrant-Ad9773,decentral_individual,applicant,0.8,3,I applied for the master's program at ETHZ,"The user explicitly mentions applying to ETH Zurich's master's program, which qualifies them as a decentral_individual/applicant. The second statement refers to a current bachelor's program at KU Leuven, but the application to ETH takes precedence as it indicates a current affiliation with ETH."
Freddy_Mercurial,decentral_individual,student,0.8,1,Came for my masters,"The statement indicates that the user is currently a student at ETH Zurich, as the default assumption applies when studying at ETH without naming another institution."
Free_Needleworker532,unknown,,0.0,1548,,no self-identifying statements found
Freezemoon,unknown,,0.0,1329,,no self-identifying statements found
Freljord2,external_individual,student,0.7,3,doing a master's replacing my last year in France,"The statement mentions doing a master's but does not explicitly name ETH Zurich or any other university. However, it implies the user is currently enrolled in a master's program at a non-ETH institution (since it refers to 'replacing my last year in France'). This aligns with the default rule that mentions studying without naming ETH Zurich, leading to the classification of external_individual/student."
Frequent-Text-4967,unknown,,0.0,2,,no self-identifying statements found
Frequent_Ad8876,unknown,,0.0,2,,no self-identifying statements found
Frequent_Ad_3444,unknown,,0.0,172,,no self-identifying statements found
Frequent_Ranger_709,unknown,,0.0,10,,no self-identifying statements found
Fresh-Mine6908,external_individual,phd,0.8,2,PhD at EMPA,"The user explicitly states they are pursuing a PhD at EMPA, which is a non-ETH institution. There is no mention of a current or upcoming ETH affiliation."
FreshCandidate8108,unknown,,0.0,54,,no self-identifying statements found
Fri3ndlymushroom,unknown,,0.0,14,,no self-identifying statements found
FriedBrainCells2401,unknown,,0.0,48,,no self-identifying statements found
FriedrichQuecksilber,unknown,,0.0,38,,no self-identifying statements found
Friendly-Bunch-1828,unknown,,0.0,1,,no self-identifying statements found
Friendly-Nose4060,unknown,,0.0,2,,no self-identifying statements found
Friendly_Fox_6041,unknown,,0.2,7,I'm 17 years old and currently trying to figure out where to study.,"The statement does not provide any explicit or implicit evidence of a current or past university affiliation. The user is still in the process of deciding where to study, so no specific institution is mentioned."
Friendly_Weakness_82,unknown,,0.0,3,,no self-identifying statements found
FriendshipPitiful927,decentral_individual,student,1.0,37,I was accepted into the MSc Biology course recently,"The user explicitly states they were accepted into an ETH Zurich program (MSc Biology), which qualifies them as a decentral_individual/student under the classification rules."
Fritzbombur,external_individual,student,0.5,38,planning to study at the ethz,"The user mentions planning to study at ETH Zurich but does not confirm current enrollment or acceptance. Since they are currently in secondary school (Kantonsschule), they are not yet affiliated with ETH Zurich. No other institution is explicitly named, but the intent to study at ETH is clear, and the current role is not yet defined."
Front-Photo-7166,unknown,,0.0,1,,no self-identifying statements found
Front-Pollution-6673,unknown,,0.0,23,,no self-identifying statements found
Front_Discussion_343,unknown,,0.0,49,,no self-identifying statements found
Front_Problem_9847,unknown,,0.0,1,,no self-identifying statements found
Frost-Singularity,unknown,,0.0,5,,no self-identifying statements found
Frosty-Ganache-6334,unknown,,0.0,2,,no self-identifying statements found
Frosty-Wish-3558,decentral_individual,student,1.0,11,I'm a new student at ETH starting this September (Herbstsemester),"The user explicitly states they are a new student at ETH starting this September, which indicates a current and upcoming ETH affiliation."
Frozen_Yoghurt1204,unknown,,0.0,2,,no self-identifying statements found
Full-Piano6969,unknown,,0.0,1,,no self-identifying statements found
Full-Wonder8906,unknown,,0.0,3,,no self-identifying statements found
FullWing2690,decentral_individual,student,1.0,26,I'll graduate from ETH next year,"The user explicitly states they will graduate from ETH next year, indicating a current affiliation with ETH Zurich."
Full_Patience5734,unknown,,0.0,57,,no self-identifying statements found
Fulltime_Capitalist,unknown,,0.0,4,,no self-identifying statements found
Fun-Confection1862,unknown,,0.0,8,,no self-identifying statements found
Fun-Consequence-5844,unknown,,0.0,1,,no self-identifying statements found
Fun-Exit7474,unknown,,0.0,52,,no self-identifying statements found
Fun-News2258,unknown,,0.0,96,,no self-identifying statements found
FunRevolutionary8654,unknown,,0.0,24,,no self-identifying statements found
Fun_Abbreviations477,decentral_individual,student,0.8,5,first year’s exam phase,"The user refers to being in their first year of studies, which implies they are currently enrolled at a university. Since no other institution is named and ETH Zurich is the default for r/ethz posts, it is assumed to be ETH Zurich."
Fun_Ad_3206,unknown,,0.0,2,,no self-identifying statements found
Fun_Cranberry3479,unknown,,0.0,23,,no self-identifying statements found
Fun_Helicopter5785,decentral_individual,student,1.0,6,I am an international student at ETH starting this fall.,"The user explicitly states they are an international student at ETH starting this fall, indicating a current and upcoming ETH affiliation."
Fun_Local800,decentral,department_or_lab,1.0,3,D-ITET ETH,"The statement 'D-ITET ETH' explicitly refers to a department (D-ITET) at ETH Zurich, indicating a current affiliation with a decentral institutional unit at ETH."
Fun_Objective_7779,unknown,,0.0,3235,,no self-identifying statements found
Fun_Preparation_1372,unknown,,0.0,4,,no self-identifying statements found
Function-Diligent,unknown,,0.0,28,,no self-identifying statements found
FunkySnail19,decentral_individual,student,0.8,1447,I'm getting my bachelor's degree,"The statement indicates the user is currently enrolled in a bachelor's program. Since no specific university is named and the default rule applies, ETH Zurich is assumed as the institution."
FunnyPocketBook,unknown,,0.0,270,,no self-identifying statements found
FutureAd6409,external_individual,phd,1.0,4,she’s a PhD student at Zurich University,"The user explicitly names a non-ETH institution (Zurich University) as their current role, which matches the criteria for external_individual."
FuturecashEth,unknown,,0.0,763,,no self-identifying statements found
FuzzyGrizz,unknown,,0.0,61,,no self-identifying statements found
Fuzzy_Ad_8448,external_individual,student,0.5,13,I'm currently involved in a master in France,"The user explicitly mentions being involved in a master's program in France, which is a non-ETH institution. There is no mention of ETH Zurich or any current affiliation with it."
Fuzzy_Box_9138,unknown,,0.0,14,,no self-identifying statements found
Fuzzy_Highlight5366,unknown,,0.0,2,,no self-identifying statements found
Fynnyx,unknown,,0.0,1,,no self-identifying statements found
Fyuryy,external_individual,student,1.0,6,I am a last year CS bachelor student at EPFL,"The user explicitly states they are a student at EPFL, a non-ETH institution, with no mention of a current or upcoming ETH affiliation."
GUniThe,unknown,,0.0,2,,no self-identifying statements found
GYN-k4H-Q3z-75B,unknown,,0.0,2198,,no self-identifying statements found
Gabimariza,decentral_individual,student,1.0,76,I am a studnet at ETH Zurich,"The user explicitly states they are a student at ETH Zurich, which is the home institution. This matches rule B of the decision tree, indicating a current ETH affiliation."
GaboogAas,unknown,,0.0,58,,no self-identifying statements found
Gabroxs,unknown,,0.0,2,,no self-identifying statements found
GaimNoKazeK69,unknown,,0.0,26,,no self-identifying statements found
Galaktische_Gurke,unknown,,0.0,31,,no self-identifying statements found
GaoHAQ,unknown,,0.0,13,,no self-identifying statements found
GarlicThread,unknown,,0.0,2906,,no self-identifying statements found
GayBitchJuice,unknown,,0.0,18,,no self-identifying statements found
Gazellu,unknown,,0.0,7,,no self-identifying statements found
Geekwalker374,unknown,,0.0,667,,no self-identifying statements found
General-Account-,unknown,,0.0,14,,no self-identifying statements found
General2000,unknown,,0.0,1,,no self-identifying statements found
General_T42,unknown,,0.0,5,,no self-identifying statements found
Genjo00,unknown,,0.0,4,,no self-identifying statements found
GermanGodfather,unknown,,0.0,1,,no self-identifying statements found
GeronimoMoles,unknown,,0.0,870,,no self-identifying statements found
Geschak,unknown,,0.0,1785,,no self-identifying statements found
Get0rganiz3d,external_individual,student,1.0,1,I'm currently an undergraduate Architecture student at Pratt Institute in New York City,The user explicitly names a non-ETH institution (Pratt Institute) as their current role with no mention of ETH affiliation.
GetOutBasel,unknown,,0.2,115,I'm a Swiss resident,The statement does not provide any explicit or implicit information about the user's university affiliation or role.
Get_that_A,unknown,,0.0,20,,no self-identifying statements found
Gfuelmaster64,unknown,,0.0,1,,no self-identifying statements found
Gghg625,external_individual,student,0.8,4,studied at both universities and actually did the B. Data Science at UNSW,"The user explicitly mentions studying at UNSW, a non-ETH institution, without indicating any current or upcoming affiliation with ETH Zurich."
Giggs1986,external_individual,student,0.8,42,I begun in EPFL and then changed to do the AEAI in Fribourg,"The user explicitly mentions studying at EPFL and Fribourg, which are non-ETH institutions. There is no mention of a current or upcoming ETH affiliation."
Gigo0078,unknown,,0.0,8,,no self-identifying statements found
Ginerbreadman,unknown,,0.0,738,,no self-identifying statements found
Girlygabenpepe,unknown,,0.0,56,,no self-identifying statements found
Gismoogames,former_individual,student,0.8,1,habe auch bereits den entsprechenden BSc an der ETH besucht,"The user mentions having completed a BSc at ETH Zurich in the past, and is currently pursuing an MSc in Informatik (Computer Science). Since the BSc is completed and the MSc is ongoing, the current affiliation is not explicitly stated, but the past affiliation with ETH is clear."
Glad-Gas9437,unknown,,0.0,4,,no self-identifying statements found
Glad-Jury-6742,unknown,,0.0,1,,no self-identifying statements found
Glad-Neighborhood500,unknown,,0.0,6,,no self-identifying statements found
Glad_Department_9318,external_individual,student,0.7,10,"I’m studying abroad and considering a second bachelor’s at ETH Zurich in Computer Science, Mathematics, or Physics","The user is currently studying abroad and has not confirmed enrollment at ETH Zurich. They are considering a future degree at ETH, but their current affiliation is not explicitly tied to ETH. The statement implies they are currently affiliated with a non-ETH institution."
Glass_Passenger7552,external_individual,other,0.5,5,working in the software industry for the past 15 years,The user mentions working in the software industry for 15 years but does not explicitly name a university or indicate current enrollment in a degree program. There is no mention of ETH Zurich or any other university affiliation. The lack of explicit university affiliation leads to classification as 'external_individual/other' with moderate confidence.
Glass_Phoenix_0052,unknown,,0.0,1,,no self-identifying statements found
Glittering-Deer-2679,decentral_individual,student,1.0,6,I am also a new student at ETHZ,"The user explicitly states they are a new student at ETHZ, which is the home institution. This matches rule B (current ETH affiliation) and assigns the subtype 'student' under 'decentral_individual'."
Glittering-Flow6875,external_individual,other,0.5,2,No mention of ETH Zurich; mentions being an international student from a tier 3 college and working at an AI startup.,"The user does not explicitly mention ETH Zurich or any other university affiliation. They describe themselves as an international student from a tier 3 college and mention working at an AI startup, which aligns with the 'other' subtype under external_individual."
GlitteringPhysics02,unknown,,0.0,8,,no self-identifying statements found
Glittering_Map1710,unknown,,0.0,1026,,no self-identifying statements found
Global-String655,decentral_individual,student,1.0,1,I’m an incoming Data Science student at ETH.,"The user explicitly states they are an incoming student at ETH Zurich, which is the home institution. This matches rule B (current or upcoming ETH affiliation), and the subtype is 'student'."
GlobalTumbleweed8872,unknown,,0.0,1,,no self-identifying statements found
Globalbeauty,unknown,,0.0,141,,no self-identifying statements found
Glopatchwork,unknown,,0.0,39,,no self-identifying statements found
Glum-Commercial1920,unknown,,0.0,74,,no self-identifying statements found
Glum-Gold4014,unknown,,0.0,1,,no self-identifying statements found
Glum_Commission358,unknown,,0.0,51,,no self-identifying statements found
GoblinsGym,former_individual,student,0.8,2,went from Matura straight to ETH,"The user mentions attending ETH after Matura, indicating a past student role at ETH. No current affiliation or external institution is mentioned."
Godnivia,external_individual,student,0.8,5,deciding between ETHZ Data Science / Statistics and EPFL Statistics,"The user explicitly mentions EPFL as a current consideration for study, which is a non-ETH institution. Since they are deciding between options and have not confirmed an ETH affiliation, they are classified as external_individual/student."
Gokudomatic,unknown,,0.0,2688,,no self-identifying statements found
GoldenKiwi69,unknown,,0.0,2,,no self-identifying statements found
Goldesel97,external_individual,student,0.8,14,"currently doing my second Bachelor's degree (Computer Science), having previously completed a Bachelor's degree (Economics) and a Master's degree (Data Science) at a university of applied sciences","The user explicitly mentions studying at a university of applied sciences for their previous degrees and is currently doing their second Bachelor's degree, but does not name ETH Zurich or any other specific institution for the current degree. Since they are studying without naming ETH Zurich, the default assumption is that they are affiliated with a non-ETH institution."
Good_Choice_4722,unknown,,0.0,13,,no self-identifying statements found
Good_Winter7396,external_individual,student,0.8,99,"Currently, I'm studying Electronics and Telecommunications Engineering at NMIMS","The user explicitly states they are currently studying at NMIMS, a non-ETH institution. Despite mentioning ETH in other statements, the current affiliation is with NMIMS, which takes precedence."
Gooodest,unknown,,0.0,17,,no self-identifying statements found
Gorzoid,unknown,,0.0,161,,no self-identifying statements found
GowthamR10,decentral_individual,applicant,0.8,15,applying for a master's program at ETH Zurich,"The user explicitly mentions applying to ETH Zurich, which qualifies them as an applicant under the decentral_individual category."
GraciaK03,unknown,,0.0,27,,no self-identifying statements found
Gragy_0,unknown,,0.0,74,,no self-identifying statements found
Grand_Expert_1278,unknown,,0.0,52,,no self-identifying statements found
Grapefruitlover19,former_individual,student,0.5,25,finished my master's degree in biochemistry,"The user mentions having completed a master's degree but does not specify the institution. Since no university is named, and the statement is in the past tense, the classification defaults to 'former_individual/student' with moderate confidence."
Great-Pollution688,unknown,,0.0,19,,no self-identifying statements found
Great_Director_3280,unknown,,0.0,1,,no self-identifying statements found
Great_River_Bear,unknown,,0.0,14,,no self-identifying statements found
GreazyNoze,unknown,,0.0,1,,no self-identifying statements found
Greedy-Intention-900,unknown,,0.0,5,,no self-identifying statements found
Green_Philosophy_301,unknown,,0.0,125,,no self-identifying statements found
Grouchy-Friend4235,external_individual,other,0.5,694,mention of a software company during a university lecture,"The statement implies the user is affiliated with a university (as they are giving a lecture), but no specific university is named. However, the mention of a software company and the context of a lecture suggests they are not affiliated with ETH Zurich, and the affiliation is likely external but unspecified."
GrumpyKungFu,unknown,,0.0,31,,no self-identifying statements found
Guilty-Mirror628,unknown,,0.0,12,,no self-identifying statements found
GuiltyConsideration5,unknown,,0.0,33,,no self-identifying statements found
Gullible_Ocelot_6148,decentral_individual,student,1.0,17,Just received my admission to Data Science 1h ago.,"The user explicitly mentions receiving admission to a program, which indicates a current or upcoming ETH affiliation. Since ETH Zurich is the home institution and no other university is named, the classification is decentral_individual/student."
Gumphant,unknown,,0.0,198,,no self-identifying statements found
H123G123,unknown,,0.0,67,,no self-identifying statements found
HATECELL,unknown,,0.0,2519,,no self-identifying statements found
HTMLator,unknown,,0.0,5,,no self-identifying statements found
HYSTERYON,unknown,,0.0,4,,no self-identifying statements found
Hairy-Peace-9390,unknown,,0.0,15,,no self-identifying statements found
Hairy_Notice1469,unknown,,0.0,2,,no self-identifying statements found
Hairy_Spirit1636,unknown,,0.0,190,,no self-identifying statements found
Hairyjoes,unknown,,0.0,52,,no self-identifying statements found
Haldenbach,former_individual,student,0.5,177,graduated 4 years ago,"The user mentions graduating 4 years ago, indicating a past affiliation. No current or future ETH affiliation is stated, and no other university is explicitly named. This aligns with the 'former_individual' category with the 'student' subtype."
Halterchronicle,unknown,,0.0,76,,no self-identifying statements found
Hamelama,unknown,,0.0,2,,no self-identifying statements found
HamsterMaster355,unknown,,0.0,8,,no self-identifying statements found
HanniBunny007,unknown,,0.0,1,,no self-identifying statements found
Happy-Apartment9829,unknown,,0.0,3,,no self-identifying statements found
Happy-Key-909,unknown,,0.0,1,,no self-identifying statements found
HappySquid25,decentral_individual,student,0.8,18,This is coming from a maths student,"The statement indicates the user is a current maths student. Since no specific non-ETH institution is named and the default rule applies (studying without naming a specific other university implies ETH Zurich), the affiliation is assumed to be ETH Zurich."
Happy_Ad_4345,external_individual,student,1.0,3,currently study electrical engineering at TU Munich / studiere zurzeit Elektro- und Informationstechnik an der TUM,"The user explicitly names a non-ETH institution (TU Munich/TUM) as their current role with no mention of ETH Zurich. This matches rule A, which classifies such cases as external_individual."
Hariueli69,decentral_individual,phd,1.0,4,I'm 3 years in my PhD but also did my Bachelor and Masters here.,"The user explicitly states they are currently in their PhD, and mentions they did their Bachelor and Masters at ETH Zurich (implied by 'here'). Since they are currently in a PhD program, they are classified as 'decentral_individual/phd' with high confidence."
Haunting-Bet-2491,external_individual,student,0.8,39,I just got accepted to Polimi for a master's in computer science,"The user explicitly mentions being accepted to Polimi, a non-ETH institution, for a master's program, which indicates their current affiliation is external."
Haunting_Nail985,external_individual,student,1.0,5,I am student at monash university studying bachelors in IT cybersecurity,"The user explicitly states they are a student at Monash University, which is a non-ETH institution, with no mention of a current or upcoming ETH affiliation."
HeLst3n1,external_individual,other,0.5,57,in der Lehre als Chemielaborant EFZ,"The user is currently working as a Chemielaborant EFZ (a vocational training role), not as a student or researcher at ETH Zurich or any other university. There is no explicit mention of ETH Zurich or any other university affiliation in the present tense. The statement focuses on their current vocational role and future plans, not on university studies or research."
Head-Excitement-1396,unknown,,0.0,1,,no self-identifying statements found
Head-Pension3949,unknown,,0.2,6,I am leaving for an internship,"The statement does not provide any explicit or implicit information about the user's current university affiliation. It only mentions leaving for an internship, which is not sufficient to determine their institutional connection."
Head_Pollution_7193,unknown,,0.0,78,,no self-identifying statements found
HealthScienceClub,unknown,,0.0,2,,no self-identifying statements found
Healthy_Letter_9694,unknown,,0.0,1,,no self-identifying statements found
HeatEffective1698,unknown,,0.0,6,,no self-identifying statements found
HeaterPieter,unknown,,0.0,2,,no self-identifying statements found
Heathergrey_7654,unknown,,0.0,10,,no self-identifying statements found
Heavy_Show2580,unknown,,0.0,1,,no self-identifying statements found
Heenassr,unknown,,0.0,77,,no self-identifying statements found
HeftyBreakfast1631,unknown,,0.0,367,,no self-identifying statements found
HeftyIntroduction644,unknown,,0.0,8,,no self-identifying statements found
HeisHim7,unknown,,0.0,846,,no self-identifying statements found
Heizor,unknown,,0.0,13,,no self-identifying statements found
Helenke_Dame,unknown,,0.0,16,,no self-identifying statements found
HelicopterNo9453,unknown,,0.0,1372,,no self-identifying statements found
Hello_PleaseAnswer,unknown,,0.0,29,,no self-identifying statements found
Helvetia2021,unknown,,0.0,82,,no self-identifying statements found
Helvetia_1,unknown,,0.0,47,,no self-identifying statements found
Henry-T-01,decentral_individual,student,1.0,12,I'm starting my masters in maths this semester,"The user explicitly states they are starting their master's in maths this semester, which aligns with being a current student at ETH Zurich. No other university is mentioned, and the default rule applies since the statement indicates studying at ETH Zurich."
Henzo26,unknown,,0.0,191,,no self-identifying statements found
Here0s0Johnny,unknown,,0.0,414,,no self-identifying statements found
HerpaderpAldent,unknown,,0.0,19,,no self-identifying statements found
Hesiodix,unknown,,0.0,566,,no self-identifying statements found
Hex30_03,unknown,,0.0,38,,no self-identifying statements found
HeyImSwiss,decentral_individual,student,1.0,553,I'll start my studies at ETH next fall semester,"The user explicitly mentions starting studies at ETH Zurich in the upcoming fall semester, which indicates a current or upcoming ETH affiliation."
Hidden_user2000,unknown,,0.0,1,,no self-identifying statements found
Hidemitsu26,unknown,,0.0,15,,no self-identifying statements found
HideousHades,external_individual,other,0.5,28,I work as a Uber Eats driver in Zurich myself to help finance university,"The statement mentions working as a Uber Eats driver in Zurich to finance university, but does not explicitly name a specific university. However, the absence of any mention of ETH Zurich and the presence of a role (Uber Eats driver) that is not affiliated with a university suggests an external affiliation. The confidence is moderate due to the lack of explicit evidence but the implicit signal of not being affiliated with ETH."
HighfiveBeast,external_individual,student,1.0,1,I’m currently perusing Computer Engineering at RWTH Aachen,"The user explicitly names a non-ETH institution (RWTH Aachen) as their current role, with no mention of a current or upcoming ETH connection."
HilariousMonkeys,decentral_individual,student,1.0,18,I'm a third year undergrad in computer science,"The statement indicates the user is currently enrolled as an undergraduate student. Since no other university is explicitly named and the default rule applies (assuming ETH Zurich if studying without naming another institution), the affiliation is ETH Zurich."
Hippo_n_Elephant,decentral_individual,student,1.0,44,I’m a graduating student in honours CS & bio,"The user explicitly identifies as a student without mentioning any non-ETH institution. Since they are a student and no external university is named, the default assumption is ETH Zurich."
Historical_Cod_3545,unknown,,0.0,2,,no self-identifying statements found
HolidayOptimal,external_individual,student,0.5,188,I studied econ for my undergrad & finance for my master’s,"The statement mentions studying for an undergrad and master’s but does not name ETH Zurich or any other specific university. According to the rules, if a statement mentions studying without naming a specific other university, it is assumed to be ETH Zurich. However, since no university is named, and the default is to assume ETH if no other institution is mentioned, the classification is 'external_individual' with a lower confidence due to lack of explicit evidence."
HomeGrownSilicone,unknown,,0.0,20,,no self-identifying statements found
Honest-Cow1411,unknown,,0.0,5,,no self-identifying statements found
HonestJackfruit9028,unknown,,0.0,2,,no self-identifying statements found
HongkongKings,unknown,,0.0,172,,no self-identifying statements found
HonkHonk05,unknown,,0.0,11,,no self-identifying statements found
Hopeful-Caregiver-47,unknown,,0.0,9,,no self-identifying statements found
Hopeful-Database-221,unknown,,0.0,13,,no self-identifying statements found
Hopeful-dopeful,unknown,,0.0,22,,no self-identifying statements found
Hopeful_Ad9591,unknown,,0.0,16,,no self-identifying statements found
HorrorRemove6851,unknown,,0.0,7,,no self-identifying statements found
Horror_Job_566,unknown,,0.0,76,,no self-identifying statements found
Horsepower_7,unknown,,0.0,233,,no self-identifying statements found
Hot-Leg-2434,unknown,,0.0,8,,no self-identifying statements found
Hot-Profile-1273,unknown,,0.0,41,,no self-identifying statements found
HotDogQaz,unknown,,0.0,47,,no self-identifying statements found
Hot_Cattle8579,former_individual,student,0.5,607,I ex-matriculated from the University,"The user mentions being 'ex-matriculated,' indicating a past affiliation with a university. Since no specific current or future ETH affiliation is mentioned, and no other institution is named, the classification defaults to 'former_individual/student' based on the past matriculation."
Hot_Construction7690,unknown,,0.0,7,,no self-identifying statements found
Hot_File9525,unknown,,0.0,4,,no self-identifying statements found
Hour-Hope7559,external_individual,other,0.8,10,"graduated from the University of South Carolina, works as a Financial Data Analyst at Bloomberg","The user explicitly mentions graduating from the University of South Carolina and currently working at Bloomberg, with no mention of ETH Zurich or any current academic affiliation with ETH."
Hour_Direction9988,decentral_individual,student,1.0,15,I'm starting my MSc Integrated Building Systems (D-ARCH) from this Fall,"The user explicitly mentions starting an MSc program at ETH Zurich (D-ARCH refers to the Department of Architecture at ETH Zurich), indicating a current and upcoming ETH affiliation."
HrGSch,unknown,,0.0,61,,no self-identifying statements found
Hrafnafloki,unknown,,0.0,7,,no self-identifying statements found
Huge-Literature-5978,unknown,,0.0,3,,no self-identifying statements found
Huge-Neighborhood675,external_individual,student,1.0,12,I am currently a final year student in Edinburgh University studying Mathematics and Statistics,The user explicitly names a non-ETH institution (Edinburgh University) as their current role with no mention of ETH affiliation.
Humble_Love2736,unknown,,0.0,46,,no self-identifying statements found
Humbletr33s,unknown,,0.0,60,,no self-identifying statements found
Hungry-Finding2360,decentral_individual,phd,0.8,46,working on my graduate thesis,"The user is explicitly working on a graduate thesis, which strongly implies they are currently enrolled in a PhD program. Since no other university is mentioned, ETH Zurich is assumed as the affiliation per the subreddit default."
Hurbig,unknown,,0.0,63,,no self-identifying statements found
HuustxD,unknown,,0.0,33,,no self-identifying statements found
Hzlqrtz,external_individual,student,1.0,440,I am a foreign student and I started my architecture bachelor in EPFL last autumn,"The user explicitly states they are a student at EPFL, a non-ETH institution, with no mention of a current or upcoming ETH affiliation."
IAmHereForTheStories,unknown,,0.0,139,,no self-identifying statements found
IBM_Research_ZRL,unknown,,0.0,2,,no self-identifying statements found
ICPT-M-Studie,unknown,,0.0,40,,no self-identifying statements found
IICatDestroyerII,unknown,,0.0,600,,no self-identifying statements found
IKnowMeNotYou,unknown,,0.0,2696,,no self-identifying statements found
IQisMySenpai,unknown,,0.0,10,,no self-identifying statements found
Iamexhausted2,unknown,,0.0,27,,no self-identifying statements found
IceChocolateHead,decentral_individual,student,1.0,20,"currently a student in my masters (architecture, quite far from consulting)","The user explicitly states they are a current master's student, and no other university is named. ETH Zurich is the default institution for r/ethz posts."
IcePlus489,unknown,,0.0,573,,no self-identifying statements found
Icy-Adhesiveness-833,unknown,,0.0,200,,no self-identifying statements found
Icy-Piglet-2536,decentral_individual,student,1.0,857,I'm a engineering student,"The statement mentions being a student without naming a specific university. According to the rules, if a statement mentions studying without naming a specific other university, assume ETH Zurich."
Icy_Link_151,unknown,,0.0,4,,no self-identifying statements found
Icy_Study_538,decentral_individual,student,1.0,3,I'm in my first year of my masters in EEIT at ETH,"The user explicitly states they are a first-year master's student at ETH Zurich, which is the home institution."
IdealistCat,external_individual,student,0.8,15,5 year B. Arch for National Autonomous University of Mexico,"The user explicitly names a non-ETH institution (National Autonomous University of Mexico) as their current role (studying a B. Arch), with no mention of ETH Zurich or any current/upcoming ETH connection."
Ideceptive928,unknown,,0.0,1,,no self-identifying statements found
Idontlikecancer0,external_individual,student,1.0,277,Ich mache demnächst mein Bachelor in WiWi an der Goethe Uni in Frankfurt,"The user explicitly states they are starting their Bachelor's degree at Goethe University Frankfurt, which is a non-ETH institution. There is no mention of ETH Zurich or any current or upcoming ETH affiliation."
IgotaMigraine755,unknown,,0.0,1,,no self-identifying statements found
IkeaCreamCheese,external_individual,phd,0.5,248,I have a PhD though.,"The statement mentions having a PhD but does not explicitly name a university. However, the absence of any mention of ETH Zurich and the presence of a PhD implies affiliation with a non-ETH institution, leading to 'external_individual/phd' with moderate confidence."
Iksion10,unknown,,0.0,19,,no self-identifying statements found
Ill-Perspective-7190,former_individual,student,1.0,24,I've done both my bachelors and masters at ETH,"The user explicitly mentions having completed both their bachelor's and master's degrees at ETH Zurich, indicating a former affiliation as a student."
Ill-Split-672,former_individual,student,0.7,45,Didn't stop me from getting my masters,"The statement implies that the user has already completed their master's degree, indicating a former student status. The mention of 'Analysis 2' is a course typically associated with ETH Zurich, but since no current affiliation is stated, it is classified as 'former_individual/student'."
Ill_Brilliant_2650,unknown,,0.0,33,,no self-identifying statements found
Illustrious-Dance976,unknown,,0.0,1,,no self-identifying statements found
Illustrious-Mail-130,unknown,,0.0,3,,no self-identifying statements found
IllustriousBit2033,unknown,,0.0,1,,no self-identifying statements found
Illustrious_List7717,unknown,,0.0,62,,no self-identifying statements found
Illustrious_Pound994,former_individual,student,0.8,3,I did my bachelors in TUM and masters in ETH,"The user mentions having completed a bachelor's at TUM and a master's at ETH. Since the master's is at ETH and the statement does not indicate a current affiliation with ETH or any other institution, the classification is 'former_individual/student'."
Imaginary-Teacher317,unknown,,0.0,1,,no self-identifying statements found
Imaginary_Emotion_24,unknown,,0.0,9,,no self-identifying statements found
Imaginary_Gift_8533,unknown,,0.0,81,,no self-identifying statements found
Imaginary_Paper9578,unknown,,0.0,105,,no self-identifying statements found
Imax1003,unknown,,0.0,58,,no self-identifying statements found
Imgayforpectorals,unknown,,0.0,469,,no self-identifying statements found
Immediate-Outside572,unknown,,0.0,9,,no self-identifying statements found
ImperiaUnum,external_individual,student,0.8,61,I am a student studying engineering in India,"The user explicitly identifies as a student but does not mention ETH Zurich. The statement indicates affiliation with an external institution (India), which is not ETH Zurich."
ImportanceKey5304,external_individual,student,1.0,7,I am an EE student from EPFL,"The user explicitly names EPFL as their current institution, indicating a non-ETH affiliation."
ImportanceSquare1321,unknown,,0.0,37,,no self-identifying statements found
Important-Trick1875,external_individual,student,0.8,2,I’m currently studying computer engineering (outside of Europe),"The user explicitly states they are currently studying but does not mention ETH Zurich. The statement implies they are affiliated with a non-ETH institution, as they are studying 'outside of Europe' and no ETH connection is mentioned."
Important_Bass2711,external_individual,student,0.6,3,I start to study Master in HSLU this fall,"The user explicitly mentions starting a master's program at HSLU (a non-ETH institution) this fall, indicating a current affiliation with HSLU."
Important_Mine_3310,unknown,,0.0,1,,no self-identifying statements found
Important_Variety220,unknown,,0.0,7,,no self-identifying statements found
Impossible-Comb-1375,unknown,,0.0,21,,no self-identifying statements found
ImpossibleCarrot3781,decentral_individual,student,0.9,2,Just got accepted to Data Science,"The user explicitly states they have been accepted to a program, which implies a current affiliation with ETH Zurich as per the rules. No other institution is named, and the mention of acceptance overrides any prior or concurrent external affiliation."
Impossible_Coyote980,external_individual,other,0.5,44,"Currently, I am an SDE at Microsoft","The user is currently working as an SDE at Microsoft, which is a non-ETH institution. They mention planning to apply to ETH Zurich in the future, but this is not a confirmed current or upcoming affiliation. Since they are currently employed at Microsoft, they are classified as external_individual/other."
Impossible_Union4049,unknown,,0.0,48,,no self-identifying statements found
Impressive-Bar-2030,unknown,,0.0,6,,no self-identifying statements found
Impressive-Box6976,unknown,,0.0,3,,no self-identifying statements found
Impressive-Gap7138,decentral_individual,student,1.0,80,I’m a first year student studying electrical engineering,"The statement indicates the user is a first-year student, and since no other university is mentioned, the default assumption is ETH Zurich."
InThePanchine03,unknown,,0.0,26,,no self-identifying statements found
In_Zyzz_We_Trust,unknown,,0.0,14,,no self-identifying statements found
IndependenceAlert495,decentral,,0.5,3,I work at ETH as well,"The user explicitly mentions working at ETH, indicating a current affiliation with ETH Zurich. The mention of UZH in the second statement is not definitive and does not override the explicit ETH affiliation."
Independent-Cat-8551,unknown,,0.0,3,,no self-identifying statements found
Independent-Lynx-671,unknown,,0.0,3,,no self-identifying statements found
IndependentStable952,unknown,,0.0,1,,no self-identifying statements found
Independent_Syrup333,unknown,,0.0,6,,no self-identifying statements found
IndicationOk5884,unknown,,0.0,4,,no self-identifying statements found
Individual-Potato-44,unknown,,0.0,41,,no self-identifying statements found
Individual_Hippo6465,unknown,,0.0,1,,no self-identifying statements found
Individual_Print7350,decentral_individual,student,1.0,30,I have received my acceptance letter to Master of Science UZH ETH in Quantitative Finance program about a week ago,"The user explicitly mentions receiving an acceptance letter to a program at ETH Zurich (UZH ETH), indicating a current or upcoming ETH affiliation. This satisfies condition B of the decision tree, and the subtype 'student' is appropriate for a master's program."
Inevitable-Cap1476,unknown,,0.0,2,,no self-identifying statements found
Inevitable_Finish941,unknown,,0.0,12,,no self-identifying statements found
Inevitable_Head3920,unknown,,0.0,3,,no self-identifying statements found
Infamous-Audience-45,unknown,,0.0,5,,no self-identifying statements found
Infamous-Picture-10,decentral_individual,student,0.8,4,I have prepared my thesis proposal for ETH Zurich,"The user explicitly mentions preparing a thesis proposal for ETH Zurich, indicating a current affiliation with ETH. The other statements are either vague or unrelated to a specific university affiliation."
Infamous-Pizzaman,external_individual,student,0.5,16,undergrad in Maths and master in Finance,"The statement mentions academic degrees but does not explicitly name a university. However, it does not mention ETH Zurich, and the default rule applies: if a statement mentions studying without naming a specific other university, assume ETH Zurich. However, since no university is named, and the default rule only applies if the user is studying at ETH, the classification defaults to external_individual with low confidence due to lack of explicit evidence."
Infernality99,unknown,,0.0,11,,no self-identifying statements found
Infinexcio,unknown,,0.0,1,,no self-identifying statements found
Infinite-Chemist-747,unknown,,0.0,1,,no self-identifying statements found
Informal-Criticism77,unknown,,0.0,1,,no self-identifying statements found
Informal-Way9158,unknown,,0.0,5,,no self-identifying statements found
Informal_Welcome97,unknown,,0.0,1,,no self-identifying statements found
Ingonator2023,unknown,,0.0,240,,no self-identifying statements found
Initial_Ad3554,decentral_individual,student,1.0,35,I am starting ETIT this year.,"The user explicitly states they are starting ETIT (ETH Zurich's Electrical, Electronic and Information Engineering program) this year, which indicates a current affiliation with ETH Zurich."
Initial_Fig2677,unknown,,0.0,19,,no self-identifying statements found
InjuryElegant5024,unknown,,0.0,1,,no self-identifying statements found
Inner_Swim_2941,unknown,,0.0,1,,no self-identifying statements found
Inside-Till3391,unknown,,0.0,721,,no self-identifying statements found
InsidePrinciple9355,decentral_individual,researcher,0.7,11,arrived in a place belonging to ETH 'Bereich' over one year ago,"The statement indicates the user is currently affiliated with ETH Zurich (referenced as 'Bereich'), and the timeline ('over one year ago') suggests an ongoing affiliation. No explicit mention of a non-ETH institution or past affiliation overrides this."
Inside_Assignment524,unknown,,0.0,1,,no self-identifying statements found
InspectorUnlikely595,unknown,,0.0,145,,no self-identifying statements found
InsuranceHonest2230,unknown,,0.0,3,,no self-identifying statements found
Intell10,decentral_individual,student,1.0,1,3rd year ITET here,"The statement indicates the user is currently a 3rd-year student at ETH Zurich (ITET refers to the Institute of Information Technology and Electrical Engineering at ETH Zurich). No external institution is mentioned, and the role is explicitly current."
Intellectualweeber99,unknown,,0.0,10,,no self-identifying statements found
Intelligent-Algae46,unknown,,0.0,3,,no self-identifying statements found
Intelligent-Art4587,unknown,,0.0,8,,no self-identifying statements found
Intelligent-Dot-4926,unknown,,0.0,22,,no self-identifying statements found
Intelligent-Put1607,unknown,,0.0,57,,no self-identifying statements found
IntelligentGur9638,unknown,,0.0,1341,,no self-identifying statements found
IntentionFun4289,unknown,,0.0,3,,no self-identifying statements found
InterestEmpty6876,unknown,,0.0,7,,no self-identifying statements found
Interesting-Basis747,external_individual,student,0.8,28,international student in a german Uni,"The user explicitly identifies as a student at a non-ETH institution ('a german Uni') and is applying to ETH, which does not override the current affiliation."
Interesting-Bit6448,external_individual,student,1.0,2,Student from Politecnico di Milano in BSc Materials Engineering,The user explicitly names a non-ETH institution (Politecnico di Milano) as their current role with no mention of ETH affiliation.
Interesting-Dance911,unknown,,0.0,11,,no self-identifying statements found
Interesting-Maize-45,unknown,,0.0,1,,no self-identifying statements found
Interesting_Area3828,unknown,,0.0,24,,no self-identifying statements found
Interesting_Coast279,unknown,,0.0,36,,no self-identifying statements found
Interesting_Run_7442,unknown,,0.0,5,,no self-identifying statements found
Internal-Bet3910,external_individual,student,1.0,25,I am a student at Bocconi University,"The user explicitly states they are a student at Bocconi University, which is a non-ETH institution. No current or upcoming ETH affiliation is mentioned."
Internal-Flamingo-56,unknown,,0.0,5,,no self-identifying statements found
InternalPromotion982,unknown,,0.0,3,,no self-identifying statements found
Internal_Leke,external_individual,other,0.5,557,I worked for a while close to one technology transfer department,"The statement mentions working near a technology transfer department but does not explicitly name a university or provide enough information to confirm an affiliation with ETH Zurich or any other institution. The lack of specific institutional mention leads to 'unknown' as a fallback, but the presence of a work-related context suggests 'external_individual/other' with moderate confidence."
Internal_Mark_5163,decentral_individual,student,1.0,2,I started the QF this semester,"The statement indicates the user is currently enrolled in a program (QF) at ETH Zurich, as per the subreddit's default rule that mentions studying without naming a specific other university implies ETH Zurich affiliation."
InternationalWay3577,unknown,,0.0,423,,no self-identifying statements found
Intrepid_Challenge52,unknown,,0.0,5,,no self-identifying statements found
Intrepid_Map_6540,unknown,,0.0,42,,no self-identifying statements found
IocusMoechae,decentral_individual,student,1.0,9,I'm a third year BEMACS student,"The user explicitly states they are a student at ETH Zurich (BEMACS is a program offered by ETH Zurich). No other institution is mentioned, and the role is current."
IpJ_exe,external_individual,student,0.8,4,I'm a computer engineering student from Brazil,"The user explicitly identifies as a student but does not mention ETH Zurich or any other specific university. Since they are not explicitly affiliated with ETH and the statement does not imply a connection to ETH, the default assumption is that they are affiliated with another institution (external_individual)."
Iphilbour,unknown,,0.0,12,,no self-identifying statements found
Irgendwer99,decentral_individual,student,0.8,10,I have a place on both the MTEC Master's programme at ETH and the MIM programme at TUM,"The user has a confirmed place at ETH for their Master's programme, which takes precedence over the mention of TUM. The current affiliation is with ETH Zurich."
IsengardMordor,unknown,,0.0,88,,no self-identifying statements found
IssaTrader,external_individual,student,1.0,63,I study math at uzh,"The user explicitly names a non-ETH institution (University of Zurich) as their current role, with no mention of a current or upcoming ETH connection."
Itchy_Muscle_9429,unknown,,0.0,78,,no self-identifying statements found
Itchy_Technician_216,unknown,,0.0,262,,no self-identifying statements found
ItsMagic777,unknown,,0.0,465,,no self-identifying statements found
Its_just_a_nerd,unknown,,0.0,171,,no self-identifying statements found
Ittybittykittypi,unknown,,0.0,47,,no self-identifying statements found
Ivan_pk5,unknown,,0.0,505,,no self-identifying statements found
J3TTpt,unknown,,0.0,7,,no self-identifying statements found
JCur24,unknown,,0.0,8,,no self-identifying statements found
Jaded-Attempt4739,external_individual,student,1.0,12,I study at Tecnologico de Monterrey,"The user explicitly states they are studying at Tecnologico de Monterrey, a non-ETH institution, with no mention of a current or upcoming ETH affiliation."
Jaded_Entertainer505,decentral_individual,student,1.0,1,Just got my ESOP acceptance! M.Sc. Quantum Engineering,"The user explicitly mentions acceptance to ESOP (ETH Zurich's Executive School of Business), which is a current affiliation at ETH Zurich. This supersedes any prior or concurrent external institutions."
Jaded_Hair_2906,unknown,,0.0,10,,no self-identifying statements found
Jaeger-Eren69,unknown,,0.0,89,,no self-identifying statements found
Jafonsoo,decentral_individual,student,1.0,2,I'm an EU citizen studying MSc Computer Science at ETH Zurich.,"The user explicitly states they are currently studying at ETH Zurich, which is the home institution. This matches rule B of the decision tree, indicating a current ETH affiliation."
Jahkral,former_individual,student,0.6,911,Been 7 years since I was there and I only did the Msc.,"The user mentions having completed an MSc at ETH Zurich (implied by 'Been 7 years since I was there') and is now referring to themselves in the past, indicating they are a former student."
Jakey1999,former_individual,student,0.8,85,I recently graduated my EE degree,"The user mentions graduating from their EE degree, indicating a past affiliation. Since no specific university is named, and the default rule applies (no explicit non-ETH affiliation), the classification defaults to former_individual/student."
JakobMeier,unknown,,0.0,15,,no self-identifying statements found
Janedoe34007,unknown,,0.2,124,I did another bachelor’s degree in the meantime that I ended up loving; I am an international student,The statements do not explicitly name a university or provide enough context to determine the current affiliation. 'International student' is too vague to confirm a specific institution.
Japan-Tokyo-1,unknown,,0.0,68,,no self-identifying statements found
Japap_,external_individual,student,0.5,73,I have been studying in France for 3 years,"The user explicitly mentions studying in France, which is a non-ETH institution, and no ETH affiliation is mentioned."
JaqueTheDaque,unknown,,0.0,1,,no self-identifying statements found
JarbringerOfJeff,unknown,,0.0,2,,no self-identifying statements found
JauntyKnight,decentral_individual,student,1.0,18,Got admitted to MSc CS,"The user explicitly mentions being admitted to an MSc program at ETH Zurich (implied by context and the subreddit r/ethz). This indicates a current or upcoming ETH affiliation, which takes precedence over any past or external institutions."
Jazzlike-Box6788,unknown,,0.0,11,,no self-identifying statements found
Jazzlike_Draw2915,unknown,,0.0,3,,no self-identifying statements found
Jeffery_113,unknown,,0.0,4,,no self-identifying statements found
JimGHI,unknown,,0.0,16,,no self-identifying statements found
JimSteak,former_individual,student,0.7,635,I spent all my years at ETH learning together with others in the HIL and HIT building,"The statement indicates past involvement at ETH, specifically learning at the institution, which aligns with being a former student. No current affiliation or external institution is mentioned."
Jininhok,unknown,,0.0,6,,no self-identifying statements found
Jiv_iM,decentral_individual,student,1.0,3,I am finishing my Bachelor studies in a combined program of Mathematics and Computer Science,"The statement indicates the user is currently finishing their Bachelor studies, and since no other university is explicitly named, ETH Zurich is assumed as the home institution."
Jodyr-117,unknown,,0.0,2,,no self-identifying statements found
Joekosler,unknown,,0.2,3,I have a master's degree.,The statement mentions having a master's degree but does not specify the institution. There is no explicit or implicit evidence of affiliation with ETH Zurich or any other university.
JohnDonne2913,external_individual,student,1.0,3,I'm currently studying CS at UZH (Bachelor),"The user explicitly states they are currently studying at UZH, which is a non-ETH institution, with no mention of a current or upcoming ETH affiliation."
Jolieblabla,unknown,,0.0,75,,no self-identifying statements found
Jolly-Victory441,unknown,,0.0,2928,,no self-identifying statements found
Jolly_Cow1006,unknown,,0.0,9,,no self-identifying statements found
Jollydancer,unknown,,0.0,1767,,no self-identifying statements found
Jonathan--,unknown,,0.0,5,,no self-identifying statements found
JuktNichtBesonders,decentral_individual,student,0.8,14,I am thinking about studying Mechanical Engineering at ETH next September,"The user explicitly mentions starting studies at ETH next September, indicating a current or upcoming affiliation with ETH Zurich."
Junior_Sign7223,unknown,,0.0,59,,no self-identifying statements found
JunoKreisler,unknown,,0.0,48,,no self-identifying statements found
JurgenEins,decentral_individual,student,1.0,57,I'm finishing a master's in Electrical Engineering at ETH Zurich,"The user explicitly states they are finishing a master's at ETH Zurich, which confirms their current affiliation with ETH Zurich."
JustF1tAGauss1an,unknown,,0.0,360,,no self-identifying statements found
JustFisherman2957,unknown,,0.0,3,,no self-identifying statements found
JustPatience8936,decentral_individual,student,1.0,4,I'm a CS BSc student at ETH,"The user explicitly states they are a current student at ETH Zurich, which is the home institution."
Justmyoponionman,external_individual,other,0.5,1115,I'm a full-time FPGA developer with a PhD,"The user mentions having a PhD but does not explicitly name a university. They also describe themselves as a full-time FPGA developer, indicating a current role outside of academia. Without explicit mention of ETH Zurich or any other university, the classification defaults to 'external_individual/other' with moderate confidence."
K1sh1-Onepiece,decentral_individual,student,1.0,290,I am planing to study architecture at the ETH in HS24,"The user explicitly mentions planning to study at ETH Zurich (referred to as 'ETH') in the upcoming academic year (HS24), which indicates a current or upcoming ETH affiliation. This matches rule B, and the subtype 'student' is appropriate for someone planning to study."
KATCHAW9,unknown,,0.0,30,,no self-identifying statements found
KPAHK,unknown,,0.0,9,,no self-identifying statements found
KRuss7,unknown,,0.0,34,,no self-identifying statements found
Ka5cHt3,unknown,,0.0,48,,no self-identifying statements found
Kahzu0,unknown,,0.0,82,,no self-identifying statements found
Kakashiiiy,unknown,,0.0,92,,no self-identifying statements found
KaleidoscopeApart802,unknown,,0.0,4,,no self-identifying statements found
KalekTheDalek,unknown,,0.0,4,,no self-identifying statements found
Kangaruan,unknown,,0.0,7,,no self-identifying statements found
Kaptvr,unknown,,0.0,4,,no self-identifying statements found
Karim_acing_it,unknown,,0.0,68,,no self-identifying statements found
Kartium,unknown,,0.0,22,,no self-identifying statements found
KatAddicted69,unknown,,0.0,1,,no self-identifying statements found
Katniped_,unknown,,0.0,98,,no self-identifying statements found
Kaushik2002,unknown,,0.0,7,,no self-identifying statements found
Kawakzaky,decentral_individual,student,1.0,14,I’m a Master’s student,"The user explicitly states they are a Master’s student without mentioning any specific university other than ETH Zurich. According to the rules, if a statement mentions studying without naming a specific other university, ETH Zurich is assumed as the home institution."
Kaylculus,unknown,,0.0,42,,no self-identifying statements found
Kaze027,decentral_individual,phd,1.0,3,I am an ETH PhD student,"The user explicitly states they are an ETH PhD student, indicating a current affiliation with ETH Zurich."
Kc_bu_eze,decentral_individual,student,0.8,15,Studiere Informatik,"The user mentions studying Informatik (Computer Science) without naming a specific university. According to the rules, if a statement mentions studying without naming a specific other university, ETH Zurich is assumed as the home institution."
Ke_vi_n,decentral_individual,student,1.0,5,I will be coming to ETH in September (for MSc),"The user explicitly states they will be starting at ETH in September for an MSc, indicating a current or upcoming ETH affiliation."
KekkoMV,external_individual,student,0.8,122,I want to start in february MSc at the University of twente,"The user explicitly mentions starting an MSc program at the University of Twente, which is a non-ETH institution, and no current or upcoming ETH affiliation is indicated."
KennyClobers,unknown,,0.0,2270,,no self-identifying statements found
Kepsnyy,unknown,,0.0,7,,no self-identifying statements found
Key-Agency-2643,former_individual,student,0.8,10,graduated a few years back,"The user explicitly mentions graduating from an institution, indicating a former affiliation as a student."
Key-Basket4693,unknown,,0.0,33,,no self-identifying statements found
Key-Clothes1258,unknown,,0.0,64,,no self-identifying statements found
Key-Rice-3047,unknown,,0.0,8,,no self-identifying statements found
KeyFroyo1153,unknown,,0.0,13,,no self-identifying statements found
KeyLab3958,decentral_individual,student,0.8,4,im studying physics,"The statement indicates the user is currently studying, and no specific external university is named. According to the rules, if a user mentions studying without naming a specific other university, ETH Zurich is assumed as the home institution."
Key_Flower1793,unknown,,0.0,128,,no self-identifying statements found
Key_Ratio_2828,unknown,,0.0,34,,no self-identifying statements found
Key_Study_1491,former_individual,student,0.5,32,when I did the bachelor,"The statement refers to a past action ('did the bachelor'), indicating the user is no longer a student at ETH Zurich. Since no other university is explicitly named, and the context is past, the classification defaults to former_individual/student."
Khyta,decentral_individual,student,0.8,1489,600 bucks per semester fee here in Switzerland,"The statement implies the user is a student at a Swiss university, and since no other institution is named, ETH Zurich is assumed as the default."
Kikujiroo,unknown,,0.0,208,,no self-identifying statements found
Kiloiki,unknown,,0.0,107,,no self-identifying statements found
KilometresDavis12,unknown,,0.0,9,,no self-identifying statements found
Kim_in_AMS,unknown,,0.0,1,,no self-identifying statements found
Kindly-Caregiver7197,former_individual,student,0.5,100,"Aus meiner Erfahrung in CS, durfte man weiter studieren","The statement implies past experience in CS, suggesting the user may have been a student at ETH Zurich in the past. However, there is no explicit confirmation of current or past affiliation with ETH, and the statement is somewhat ambiguous."
Kindly-Dog1125,unknown,,0.2,21,No explicit or implicit affiliation mentioned,"The statements do not provide any information about the user's current or past university affiliation. They mention general topics (chemistry, PhD student status at ETH) but do not self-identify as being affiliated with any institution."
Kindly-Exercise-5134,unknown,,0.0,38,,no self-identifying statements found
KingDojojoD,unknown,,0.0,20,,no self-identifying statements found
KingKongGorillaKing,unknown,,0.2,43,No explicit or implicit mention of a university affiliation,"The statement does not provide any information about the user's current or past university affiliation. There is no mention of studying, working, or being affiliated with any institution."
KingQuail89,unknown,,0.0,51,,no self-identifying statements found
Kleysley,unknown,,0.0,4,,no self-identifying statements found
KlingonTranslator,unknown,,0.0,542,,no self-identifying statements found
Klutzy_dreams,unknown,,0.0,0,,no text content available
Knorpsl,unknown,,0.0,49,,no self-identifying statements found
Kogulp,decentral_individual,student,1.0,36,I'm a first year student,"The statement indicates a current student role without mentioning any specific university other than ETH Zurich, which is the default assumption."
Konayo,decentral_individual,student,1.0,780,I'm at ETH,"The user explicitly states they are at ETH Zurich, which is the home institution. No mention of a non-ETH affiliation or past connection. This matches the criteria for a current ETH student."
Kongzillaaaa,unknown,,0.0,38,,no self-identifying statements found
KrisseMai,unknown,,0.0,318,,no self-identifying statements found
KrysTallineDream,decentral_individual,student,0.8,11,mention of university peer group and intro day,"The statement refers to attending an intro day and meeting peers, which strongly implies the user is currently enrolled as a student at ETH Zurich, as no other institution is mentioned."
Kug3lfisch,former_individual,student,0.7,9,education in the ETH biology bachelor,"The user mentions having completed their education in the ETH biology bachelor, indicating a past affiliation with ETH Zurich as a student."
Kyrie2901,unknown,,0.2,13,"I'm from latin america too, Uruguay","The statement provides no information about the user's university affiliation. It only mentions their origin (Uruguay) without any reference to studying, working, or being affiliated with any university."
Kyuki88,unknown,,0.0,349,,no self-identifying statements found
L0VESTHE0CEAN,unknown,,0.0,7,,no self-identifying statements found
LG193,external_individual,researcher,0.5,1,working as a research assistant,"The statement mentions working as a research assistant but does not explicitly name a university. However, the absence of any mention of ETH Zurich and the presence of a role typically associated with a university affiliation (research assistant) suggests an external affiliation. The confidence is moderate due to the implicit nature of the evidence."
LLBeep,unknown,,0.0,143,,no self-identifying statements found
LP2222,unknown,,0.0,77,,no self-identifying statements found
LSB06,unknown,,0.0,5,,no self-identifying statements found
LaCasaDeiGatti,unknown,,0.0,219,,no self-identifying statements found
Lachainone,unknown,,0.0,96,,no self-identifying statements found
Laertes1601,unknown,,0.0,8,,no self-identifying statements found
LanguageGlobal2338,unknown,,0.0,36,,no self-identifying statements found
Laokon96,unknown,,0.0,14,,no self-identifying statements found
Laraaaa2002,unknown,,0.0,15,,no self-identifying statements found
LargeFalcon2675,unknown,,0.0,5,,no self-identifying statements found
Larynx_Austrene,unknown,,0.0,50,,no self-identifying statements found
Laschibaschi,decentral_individual,student,0.8,19,taking more advanced ML related lectures and have started a ML related Thesis,"The user is currently taking advanced lectures and starting a thesis, which implies they are currently enrolled as a student at ETH Zurich. No other university is explicitly named, and the context aligns with being a current student at ETH."
Lasermuffel,decentral_individual,student,1.0,13,I'm also a math student; I'm a math student,"The user explicitly identifies as a math student without mentioning any specific university other than ETH Zurich. According to the rules, if a user mentions studying without naming a specific other university, ETH Zurich is assumed as the home institution."
Last_language_bender,external_individual,other,0.5,17,I'm not from the US but asked this to the admissions office last year during my application.,"The statement implies the user applied to a university (likely ETH Zurich, given the context of the subreddit), but does not explicitly name ETH or any other institution as their current affiliation. The mention of 'admissions office' suggests a past application, but no current role or affiliation is stated, leading to 'external_individual/other' with moderate confidence."
LateParsley2574,unknown,,0.0,5,,no self-identifying statements found
LatterEstimate3027,unknown,,0.0,234,,no self-identifying statements found
Latter_Minute_1395,decentral_individual,applicant,0.6,102,I may pick up a few Czech during my study,"The user mentions planning to apply for an English-taught BSc program, which implies they are an applicant. There is no explicit mention of a non-ETH institution, and the context suggests they may be applying to ETH Zurich."
LaufenKopf,unknown,,0.0,19,,no self-identifying statements found
Lazy-Rate6734,unknown,,0.0,453,,no self-identifying statements found
Lazy-Unit-2281,unknown,,0.0,12,,no self-identifying statements found
LeBronTheGreatest31,unknown,,0.0,29,,no self-identifying statements found
LeBrun73,unknown,,0.0,146,,no self-identifying statements found
LeCholax,unknown,,0.0,127,,no self-identifying statements found
LeJanbandhu,unknown,,0.0,28,,no self-identifying statements found
LeadingAd7963,unknown,,0.0,506,,no self-identifying statements found
Leading_Might_6391,unknown,,0.0,2,,no self-identifying statements found
LeagueNo2990,unknown,,0.0,1,,no self-identifying statements found
Leather-Cap-8063,unknown,,0.0,1,,no self-identifying statements found
LeaveEffective1581,unknown,,0.0,2,,no self-identifying statements found
Leducationth,decentral_individual,student,1.0,37,ich studiere einen Zulassungsfreien Studiengang (Biotechnologie im 2. Semester),"The statement explicitly mentions studying in the second semester, and since no other university is named, ETH Zurich is assumed as the current institution."
Left_Ferret1542,unknown,,0.0,200,,no self-identifying statements found
Left_Studio_7022,unknown,,0.0,9,,no self-identifying statements found
Legal-Pear-6497,unknown,,0.0,28,,no self-identifying statements found
Legitimate-Let-5008,unknown,,0.0,42,,no self-identifying statements found
Legitimate_Clue8948,unknown,,0.0,4,,no self-identifying statements found
Legitimate_Date5883,unknown,,0.0,2,,no self-identifying statements found
Legitimate_Gene8047,unknown,,0.0,3,,no self-identifying statements found
Legndj,unknown,,0.0,94,,no self-identifying statements found
Lemon-Federal,external_individual,student,1.0,34,I am at UZH instead of ETH,"The user explicitly states they are at UZH, a non-ETH institution, and contrasts it with ETH, indicating their current affiliation is external."
LemonOnTheMoon,unknown,,0.0,1,,no self-identifying statements found
LemonSniffs,unknown,,0.0,4,,no self-identifying statements found
LengthSuch,unknown,,0.0,7,,no self-identifying statements found
Leo1703,unknown,,0.0,9,,no self-identifying statements found
LeonUPazz,decentral_individual,student,1.0,237,I should graduate next semester with a computer science bachelor; I'm currently a student in computer science; the next will be my last semester,"The user explicitly states they are currently a student in computer science and will graduate next semester. Since no other university is mentioned, and ETH Zurich is the default for r/ethz posts, the affiliation is assumed to be ETH Zurich."
LeonardoPinna,unknown,,0.0,3,,no self-identifying statements found
LeonardoS2,unknown,,0.0,54,,no self-identifying statements found
LeopardSuspicious432,unknown,,0.0,1,,no self-identifying statements found
Leptonne,unknown,,0.0,19,,no self-identifying statements found
LesserValkyrie,unknown,,0.0,1204,,no self-identifying statements found
Lestode,decentral_individual,student,1.0,19,I will be joining ETHZ in September for my master in Computer Science,"The user explicitly states they will be joining ETH Zurich (ETHZ) in September for their master's program, indicating a current or upcoming ETH affiliation."
Lettuce_Logical,unknown,,0.0,6,,no self-identifying statements found
Level-Abroad8807,unknown,,0.0,2,,no self-identifying statements found
Level-Discussion1853,decentral_individual,student,1.0,2,I am a exchange student at the Master's program in CS at ETH,"The user explicitly states they are an exchange student at ETH Zurich's Master's program in CS, which confirms a current ETH affiliation."
Lexi_lys,former_individual,student,0.8,2,just graduated with a bachelor's degree,"The user mentions graduating with a bachelor's degree, indicating a past affiliation. Since no specific university is named, and the default rule applies (no explicit non-ETH affiliation), the classification defaults to former_individual/student."
LiJingQi,unknown,,0.0,29,,no self-identifying statements found
LiberFriso,decentral_individual,student,1.0,278,"I have a completed Bachelor and am in the Master. I am doing master in Statistics, before I did economics bachelor.","The user is currently in a master's program and previously completed a bachelor's. Since no specific external university is named, and the default rule applies (assuming ETH Zurich if studying without naming another institution), the affiliation is ETH Zurich."
Life-Technician-1978,unknown,,0.0,1,,no self-identifying statements found
LifeBus2707,unknown,,0.0,47,,no self-identifying statements found
Life_Local168,unknown,,0.0,78,,no self-identifying statements found
LightDrago,external_individual,postdoc,0.5,92,I am awaiting responses to multiple of my applications for either a postdoc fellowship/position or assistant professorship,"The user is currently applying for postdoc positions at unspecified universities, with no explicit mention of ETH Zurich or any other specific institution. The lack of a clear affiliation and the focus on applications implies an external status."
LightQueasy895,unknown,,0.0,46,,no self-identifying statements found
Limp_Dependent_3887,unknown,,0.0,1,,no self-identifying statements found
Limp_Pomelo_9773,unknown,,0.0,1,,no self-identifying statements found
Lingon_Berry548,unknown,,0.0,14,,no self-identifying statements found
LingonberryGlum226,unknown,,0.0,1,,no self-identifying statements found
LionLu6,unknown,,0.0,15,,no self-identifying statements found
Liquid_Cascabel,unknown,,0.0,1852,,no self-identifying statements found
Liquidity_magician,unknown,,0.0,32,,no self-identifying statements found
Lirionex,unknown,,0.0,239,,no self-identifying statements found
ListenWhich1775,unknown,,0.0,29,,no self-identifying statements found
Listen_Itchy,unknown,,0.0,27,,no self-identifying statements found
Little_Biscotti_9134,decentral_individual,applicant,0.9,78,I’m applying for ETH Zurich’s direct doctorate program soon,"The user explicitly mentions applying to ETH Zurich’s program, which falls under the 'decentral_individual/applicant' category as per the decision tree."
Little_Writing_3171,external_individual,student,1.0,3,I am a 3rd year MSci (4 year) theoretical physics student at Imperial College London,The user explicitly names a non-ETH institution (Imperial College London) as their current role with no mention of ETH affiliation.
Livaliv,former_individual,student,0.8,26,Studied at ETH,"The user explicitly mentions 'Studied at ETH', indicating a past affiliation with ETH Zurich. They do not mention any current affiliation with another institution, and the statement is in the past tense, which aligns with the 'former_individual' category."
Livid-Winter-5652,unknown,,0.0,1,,no self-identifying statements found
LivingIntention6882,decentral_individual,student,1.0,9,I am a first-year student at ETH,"The user explicitly states they are a first-year student at ETH Zurich, which is the home institution. This matches rule B of the decision tree, indicating a current ETH affiliation."
Living_Substance_487,former_individual,student,0.5,635,I studied business administration,"The user mentions studying business administration in the past, but does not specify the institution. Since no non-ETH institution is explicitly named and the statement is in the past, the classification is 'former_individual/student' with moderate confidence."
Liwi-,unknown,,0.2,81,No specific university is named in the statement.,"The statement discusses general aspects of university enrollment and visa policies but does not explicitly or implicitly name any specific university or role, making it impossible to determine the user's affiliation."
LlllDorisiuuuu,unknown,,0.0,3,,no self-identifying statements found
LocalNightDrummer,unknown,,0.2,789,No explicit or implicit university affiliation mentioned,"The statements do not contain any information about the user's university affiliation, current role, or past academic institutions."
Local_Explorer_595,unknown,,0.0,18,,no self-identifying statements found
LockTheMoon,external_individual,other,0.5,127,working since some years now,"The user mentions having completed a bachelor's and master's but does not specify the institution. They also mention being employed, which implies they are no longer a student. Since no specific university is named, and the focus is on work experience, the classification defaults to 'external_individual/other' due to lack of explicit ETH affiliation or clear current academic role."
Loki_is_alive,unknown,,0.0,31,,no self-identifying statements found
Lolekkkkkkk,unknown,,0.0,116,,no self-identifying statements found
Loliges486,unknown,,0.0,1,,no self-identifying statements found
Lonely-Message-8767,unknown,,0.0,3,,no self-identifying statements found
Loner_Cat,decentral_individual,student,0.8,219,I'm a bit eager to start at ETH,"The user mentions starting at ETH, indicating a current or upcoming affiliation with ETH Zurich. They do not explicitly name a non-ETH institution as their current role, and the mention of finishing a Master's is not tied to a specific non-ETH institution."
Long-Piano1275,unknown,,0.0,11,,no self-identifying statements found
LongBit,unknown,,0.0,79,,no self-identifying statements found
LongFisherman2484,unknown,,0.0,1,,no self-identifying statements found
Long_Error8895,unknown,,0.0,2,,no self-identifying statements found
Longjumping-Club-321,unknown,,0.0,1,,no self-identifying statements found
Longjumping-Welder62,decentral_individual,student,0.8,54,ETH HST BSc,"The user explicitly mentions studying at ETH Zurich (ETH HST BSc), indicating a current affiliation as a student."
Longjumping-Win6037,unknown,,0.0,17,,no self-identifying statements found
LongjumpingTheme5252,unknown,,0.0,7,,no self-identifying statements found
Longjumping_Sky_6440,external_individual,student,0.8,3046,EPFL grad here,"The user explicitly names EPFL as their current role (graduated), with no mention of ETH Zurich or any current ETH connection. This falls under the 'external_individual' category."
Lontschie,unknown,,0.0,11,,no self-identifying statements found
LordAmras,unknown,,0.0,497,,no self-identifying statements found
LordScantron,decentral_individual,student,1.0,6,upcoming Physics BSc student,"The user explicitly mentions being an 'upcoming Physics BSc student' at ETHZ, indicating a current or upcoming affiliation with ETH Zurich."
LordVectron,unknown,,0.0,70,,no self-identifying statements found
LordWonker,unknown,,0.0,21,,no self-identifying statements found
Lord_uWu_OkO,external_individual,student,0.5,173,currently a third year student at a university,"The statement mentions being a student at a university but does not name ETH Zurich or any other specific institution. According to the rules, if a user mentions studying without naming a specific university, it is classified as external_individual with a confidence of 0.5."
Lost-Jello679,external_individual,student,0.8,4,third semester of a bachelor in bioinformatics at a high ranked uni in germany,"The user explicitly mentions studying at a non-ETH institution (a high ranked uni in germany) without naming ETH Zurich, and no current or upcoming ETH affiliation is mentioned."
Loud_Eggplant772,unknown,,0.0,1,,no self-identifying statements found
Louis020520,decentral_individual,applicant,0.8,12,I'm also a Chinese and currently applying to ethz,"The user explicitly mentions applying to ETH Zurich, which indicates they are in the application stage but have not yet confirmed acceptance. This matches the 'decentral_individual/applicant' category."
Low-Opposite-7453,unknown,,0.0,11,,no self-identifying statements found
LowAcanthocephala448,decentral_individual,student,1.0,3,doing my 3rd year exchange in computer science at ETH,"The user explicitly states they are currently doing their 3rd year exchange at ETH Zurich, which confirms their current affiliation with ETH."
Low_Objective_1040,decentral_individual,student,1.0,7,I was admitted to start my Bachelor at ETH in fall.,"The user explicitly mentions being admitted to start their Bachelor at ETH Zurich, indicating a current or upcoming ETH affiliation. This matches rule B, which assigns 'decentral_individual/student' for current or upcoming ETH enrollment."
Low_Pudding_8204,unknown,,0.0,44,,no self-identifying statements found
Lower_Fig_3085,unknown,,0.0,70,,no self-identifying statements found
Lower_Proposal_8646,unknown,,0.0,32,,no self-identifying statements found
Luc2992,unknown,,0.0,126,,no self-identifying statements found
Lucifer__Uchiha,external_individual,student,0.8,2,im from a swiss university of applied science,"The user explicitly mentions being from a Swiss university of applied science, which is not ETH Zurich. This indicates an external affiliation."
Lucky_Lettuce5384,unknown,,0.0,4,,no self-identifying statements found
LueddeFromTheBack,unknown,,0.0,2,,no self-identifying statements found
Lukasthuering,unknown,,0.0,27,,no self-identifying statements found
Lukeskykaiser,decentral_individual,student,1.0,30,I'm doing my master's here,"The statement 'I'm doing my master's here' explicitly indicates a current student role at ETH Zurich, as per the subreddit default rule."
Lukkwad1917,unknown,,0.0,1,,no self-identifying statements found
Lulu3454,unknown,,0.0,472,,no self-identifying statements found
LumosDRSG,former_individual,student,0.7,48,lived there during my first year of my Physics MSc,"The user refers to being a student in their first year of a Physics MSc, which implies a past affiliation with ETH Zurich. No explicit external institution is named, and the context aligns with being a former student at ETH."
Lumpy-Lock-5429,unknown,,0.0,284,,no self-identifying statements found
Lumpy_Award3793,unknown,,0.0,4,,no self-identifying statements found
Lumpy_Leg_1826,unknown,,0.0,8,,no self-identifying statements found
Lumpy_Worth6930,unknown,,0.0,3,,no self-identifying statements found
Lunareptilia,unknown,,0.0,15,,no self-identifying statements found
LundZindagiJhand,decentral_individual,applicant,0.6,4,I applied to a PhD opening under D-ITET about a month ago,"The user explicitly mentions applying to a PhD position at ETH Zurich (D-ITET is an ETH Zurich department), which qualifies them as a decentral_individual/applicant."
LuoBiDaFaZeWeiDa,unknown,,0.0,113,,no self-identifying statements found
LusineAd,unknown,,0.0,9,,no self-identifying statements found
Lvm152coc,unknown,,0.0,135,,no self-identifying statements found
LyraddarylGG,unknown,,0.0,580,,no self-identifying statements found
LysanderStorm,unknown,,0.0,81,,no self-identifying statements found
Lyssa_Lud,unknown,,0.0,86,,no self-identifying statements found
MLThottrap,unknown,,0.0,1165,,no self-identifying statements found
MOCingbird,unknown,,0.0,1045,,no self-identifying statements found
MTG_Lukas,unknown,,0.0,2,,no self-identifying statements found
MUCU-,unknown,,0.0,43,,no self-identifying statements found
MaMont02,unknown,,0.0,1,,no self-identifying statements found
MacBareth,unknown,,0.0,1668,,no self-identifying statements found
Macroneconomist,unknown,,0.0,124,,no self-identifying statements found
Maddox_1503,unknown,,0.0,41,,no self-identifying statements found
MagicianPale9562,unknown,,0.0,194,,no self-identifying statements found
MagnoliaboiZoy,unknown,,0.0,14,,no self-identifying statements found
MahoneyTree,unknown,,0.0,17,,no self-identifying statements found
MailWide5861,external_individual,student,0.5,2,interested in taking a math seminar in ETH next semester,"The user is not currently affiliated with ETH Zurich but is interested in taking a seminar there next semester. They do not explicitly name another university as their current affiliation, but their interest in ETH does not confirm an affiliation with ETH itself."
Majestic-Hall4954,unknown,,0.0,2,,no self-identifying statements found
MajesticCow9622,unknown,,0.0,12,,no self-identifying statements found
Majestic_Example2529,decentral_individual,student,1.0,7,I am a Physics MSc student,"The statement indicates the user is currently a student at ETH Zurich, as no other university is explicitly named and the default rule applies."
Majestic_Sail7094,decentral_individual,student,1.0,1,I’ll be starting the bio master in September,"The user explicitly mentions starting a master's program at ETH Zurich (implied by 'bio master' and the default rule for r/ethz posts). No other institution is named, and the affiliation is current/future."
MajorTheSecond,unknown,,0.0,2,,no self-identifying statements found
MalaMuerteSCN,unknown,,0.0,4,,no self-identifying statements found
MaleficentAd3783,unknown,,0.0,275,,no self-identifying statements found
Maleficent_Business4,unknown,,0.0,9,,no self-identifying statements found
MalkoZai4e,unknown,,0.0,2,,no self-identifying statements found
ManaNeko,unknown,,0.0,429,,no self-identifying statements found
Mandelmus100,decentral_individual,student,1.0,325,nearing the end of our CS master's studies at ETH Zurich,"The user explicitly states they are currently studying a master's at ETH Zurich, which confirms their current affiliation."
MangoBlackTea,unknown,,0.0,1,,no self-identifying statements found
MangoExciting9169,unknown,,0.0,36,,no self-identifying statements found
Mankra23,decentral_individual,student,1.0,34,mention of 'MAVT bachelor’s degree' and '3rd semester' implies current enrollment at ETH Zurich,"The user is explicitly in their 3rd semester of a MAVT bachelor’s degree, which is a program offered by ETH Zurich. This confirms a current ETH affiliation, and no other institution is mentioned."
Mankus,external_individual,other,0.5,24,A friend of mine is a US citizen studying here,"The statement refers to a friend studying at an institution, but the user does not explicitly identify their own affiliation. However, the mention of a US citizen studying 'here' implies the user is referring to an external institution (as ETH Zurich is in Switzerland). This is a weak signal for external affiliation."
Manship21,unknown,,0.0,2,,no self-identifying statements found
MantisPymp,decentral_individual,phd,0.8,252,a soon to be PhD (thesis defense this week),"The user is in the process of completing their PhD, and since no other university is explicitly mentioned, ETH Zurich is assumed as the affiliation based on the subreddit default rule."
Manvav,unknown,,0.0,32,,no self-identifying statements found
Many-Beyond6619,unknown,,0.0,16,,no self-identifying statements found
Many_Slice_9646,decentral_individual,applicant,0.5,7,I've intended to pursue my further education at ETH for a while now,"The user mentions intending to pursue education at ETH, which indicates an application or interest in joining ETH, but does not confirm acceptance or current enrollment."
MaracCabubu,former_individual,student,0.9,33,Former ETH Physics student here.,"The user explicitly identifies as a former ETH student, indicating a past affiliation with ETH Zurich."
Marchel1234,decentral_individual,student,0.8,74,I've been using office 365 for my studies,"The statement implies current study activity without naming a specific university. According to the rules, if a user mentions studying without naming a specific other university, ETH Zurich is assumed as the home institution."
MarcoBernet,external_individual,student,0.8,13,Materials Scientist MSc here,"The statement indicates the user is a current student (MSc) but does not explicitly name ETH Zurich or any other institution. However, since the user is not explicitly stating ETH Zurich as their current affiliation, and no other institution is named, the default assumption is that they are an external individual."
MariGabay,unknown,,0.0,3,,no self-identifying statements found
MarinatedPickachu,unknown,,0.0,2152,,no self-identifying statements found
Marinegr,unknown,,0.0,42,,no self-identifying statements found
MarioPnt,decentral_individual,student,1.0,57,I'm studying a BSc in Bioinformatics; I'm a Bioinformatics student,"The statements indicate the user is currently studying a BSc in Bioinformatics. Since no other university is mentioned and ETH Zurich is the default for r/ethz posts, the affiliation is assumed to be ETH Zurich."
Maritime_Khan,unknown,,0.0,561,,no self-identifying statements found
Marmar_9241,unknown,,0.0,1,,no self-identifying statements found
MarsBoy_2,external_individual,student,0.8,5,exchange student from Australia,"The user explicitly identifies as an exchange student from Australia, which implies a current affiliation with a non-ETH institution. No mention of ETH Zurich in the current role."
Marsbars_xxxxxxxxx,unknown,,0.0,128,,no self-identifying statements found
Martha_007,external_individual,student,1.0,113,I am doing a Bachelor Degree (in Mathematics) at UBC in Canada,"The user explicitly states they are currently studying at UBC, a non-ETH institution, with no mention of a current or upcoming ETH affiliation."
Master-Ear-1558,unknown,,0.0,5,,no self-identifying statements found
Master-Self-6760,unknown,,0.0,47,,no self-identifying statements found
MasterJJ2701,decentral_individual,applicant,0.7,1,applying to MTEC,"The user mentions applying to MTEC at ETH Zurich, which indicates they are an applicant for a program at ETH. The mention of an engineering bachelor's degree from ETH suggests they may have previously studied at ETH, but the current status is as an applicant."
MasterYoda0207,unknown,,0.0,3,,no self-identifying statements found
Master_Sergeant,unknown,,0.0,73,,no self-identifying statements found
MaterialOwl1114,unknown,,0.0,3,,no self-identifying statements found
Mathemagician218,unknown,,0.0,1,,no self-identifying statements found
MathematicianOne1112,decentral_individual,applicant,0.9,3,ich habe mich für das erste Semester in einem Bachelorstudiengang an der ETH beworben,"The user explicitly states that they applied to ETH Zurich for a bachelor's program, which matches the 'decentral_individual/applicant' category under rule B2."
MattSymetry,external_individual,student,0.8,18,graduated my BSc in computer science at a swiss university of applied science (HSLU),"The user explicitly mentions graduating from a non-ETH institution (HSLU), which is a Swiss university of applied science. There is no mention of a current or upcoming ETH affiliation."
Matty_Liquor,unknown,,0.0,2,,no self-identifying statements found
Maurice1001,decentral_individual,student,1.0,11,I am a MSc Computer Science student at ETH.,"The user explicitly states they are a current student at ETH Zurich, which is the home institution."
MaximilianJanisch,unknown,,0.0,1,,no self-identifying statements found
Maximum-Community-89,unknown,,0.0,1,,no self-identifying statements found
Maximum-Duck2721,unknown,,0.0,1,,no self-identifying statements found
Maximum_Smell9853,decentral_individual,student,0.8,1,TA in second year,"The statement indicates the user is a teaching assistant in their second year, which implies they are currently enrolled as a student at ETH Zurich. No other institution is mentioned, and the default rule applies."
McLovin_reformed,unknown,,0.0,36,,no self-identifying statements found
Mckax1942,unknown,,0.0,15,,no self-identifying statements found
Mcwedlav,decentral_individual,,0.5,356,When I did my PhD,"The statement 'When I did my PhD' implies a past affiliation with a university, and the mention of 'ETH Zürich' confirms that the university was ETH Zurich. Since the user is referring to the past ('did my PhD'), this aligns with the 'former_individual' classification."
MeNamem-me,unknown,,0.0,5,,no self-identifying statements found
Me_K_Hell,unknown,,0.0,94,,no self-identifying statements found
MeatLasers,unknown,,0.0,24,,no self-identifying statements found
MedYog-6262,unknown,,0.0,4,,no self-identifying statements found
Medical-Detective-33,unknown,,0.0,5,,no self-identifying statements found
MedicalPrinciple5042,unknown,,0.0,33,,no self-identifying statements found
Medical_Baseball901,unknown,,0.0,2,,no self-identifying statements found
MediocreNickname,unknown,,0.0,170,,no self-identifying statements found
Medium-Specific3801,unknown,,0.0,17,,no self-identifying statements found
MeetStill3914,unknown,,0.0,2,,no self-identifying statements found
MehImages,unknown,,0.0,3201,,no self-identifying statements found
MeisterMumpitz,unknown,,0.0,71,,no self-identifying statements found
MelonLord25-3,decentral_individual,student,1.0,1,Expected Stream: MS in Quantitative Finance (ETHZ),"The user explicitly mentions being enrolled in a Master's program at ETH Zurich (ETHZ), indicating a current affiliation with ETH Zurich."
Memory4468,unknown,,0.0,89,,no self-identifying statements found
Menthos_,decentral_individual,student,1.0,4,ITET Msc here,"The user explicitly mentions being an ITET MSc student, which is a current role at ETH Zurich. This matches the criteria for 'decentral_individual/student' as it indicates a current affiliation with ETH Zurich."
MentionSerious5311,unknown,,0.0,1,,no self-identifying statements found
Mersire,unknown,,0.0,1,,no self-identifying statements found
MessageBeneficial790,external_individual,student,1.0,7,I'm about to start my third year of my bachelor at the university of Trento,"The user explicitly names a non-ETH institution (University of Trento) as their current role, with no mention of ETH Zurich."
Met4physics,unknown,,0.0,1,,no self-identifying statements found
Metapont1618,unknown,,0.0,29,,no self-identifying statements found
Mexifyderstoehnt,unknown,,0.0,38,,no self-identifying statements found
Mhaupt23,unknown,,0.0,12,,no self-identifying statements found
Michaelson57,external_individual,student,0.8,20,I’m a Spanish Civil Engineering student from Madrid,The user explicitly identifies as a student at a non-ETH institution (implied by 'Spanish Civil Engineering student from Madrid') and does not mention any current or upcoming ETH affiliation.
Midshipfilly913,decentral_individual,phd,0.9,20,I’ll be moving to zurich for my phd from canada,"The user explicitly states they will be moving to Zurich for their PhD, which implies a current or upcoming affiliation with ETH Zurich. The mention of turning down Cambridge and being from North America provides context but does not override the clear indication of joining ETH Zurich."
MiekoOnReddit,decentral_individual,applicant,0.8,11,I plan on applying for MSc in Computer Science this year,"The user explicitly mentions planning to apply for an MSc program, which aligns with the 'applicant' subtype under 'decentral_individual'. No current ETH affiliation is stated, but the application is not confirmed, so 'applicant' is the correct classification."
MightyKifran,unknown,,0.0,12,,no self-identifying statements found
Mihalis_balts,unknown,,0.0,26,,no self-identifying statements found
MikeDoesDo,unknown,,0.0,117,,no self-identifying statements found
Minelayer42,unknown,,0.0,1,,no self-identifying statements found
Minimum_Parsnip165,unknown,,0.0,32,,no self-identifying statements found
Minute-Court-8785,unknown,,0.0,2,,no text content available
Minute-Preference383,unknown,,0.0,481,,no self-identifying statements found
Minute-Watercress-55,unknown,,0.0,2,,no self-identifying statements found
Mirdclawer,unknown,,0.0,171,,no self-identifying statements found
Miserable-Pea-472,unknown,,0.0,1,,no self-identifying statements found
Miserable-Signal8753,unknown,,0.0,1,,no self-identifying statements found
Miserable-Whale,unknown,,0.0,50,,no self-identifying statements found
Miserable_Ad2265,unknown,,0.0,2,,no self-identifying statements found
Misgir,unknown,,0.0,333,,no self-identifying statements found
Mishanya_lt,unknown,,0.0,21,,no self-identifying statements found
Mission-Mushroom902,unknown,,0.0,26,,no self-identifying statements found
MisterThomas29,unknown,,0.0,50,,no self-identifying statements found
Mister_Zerfister,unknown,,0.0,4,,no self-identifying statements found
MixtureBrilliant1840,external_individual,student,0.8,3,I started studying math at TSU (Tbilisi State University) this year.,"The user explicitly states they are currently studying at Tbilisi State University (TSU), which is a non-ETH institution. No mention of ETH Zurich or any current affiliation with ETH is present."
Mnkhtuul,unknown,,0.0,113,,no self-identifying statements found
Mobile-Bid-9848,decentral_individual,student,0.7,1418,I would be traveling to a European country for my master's this September.,"The statement indicates that the user is starting a master's program in the near future (this September), but does not explicitly name a university. According to the rules, if a user mentions studying or starting a program without naming a specific other university, ETH Zurich is assumed as the home institution."
Mobile-Hospital-1025,unknown,,0.0,9,,no self-identifying statements found
Mocha-Mona,decentral_individual,phd,0.8,9,started my PhD in Zurich last year,"The user explicitly mentions starting a PhD in Zurich, which aligns with ETH Zurich as the home institution. No other university is named, and the context implies a current affiliation with ETH."
Moefeee,former_individual,student,0.8,1,With a BSc in ME from ETH,"The user mentions having a BSc from ETH, indicating a past affiliation. Since they are not currently affiliated with ETH and no other institution is named, they are classified as a former student of ETH."
Mogreal,unknown,,0.0,14,,no self-identifying statements found
Moist-Delivery-1909,unknown,,0.0,2,,no self-identifying statements found
MoistMaintenance2,decentral_individual,student,1.0,1,Math MSc student here,"The user explicitly identifies as a current student in the Math MSc program, which is offered by ETH Zurich. No other institution is mentioned, and the use of 'here' implies the current affiliation is ETH Zurich."
Moist_Horror_7627,unknown,,0.0,36,,no self-identifying statements found
Moisty_Amphibian,unknown,,0.0,88,,no self-identifying statements found
MommySlayer699,unknown,,0.0,57,,no self-identifying statements found
Money-Panda9038,external_individual,student,1.0,21,"I study at University (not ETH), I am doing a math and computer science degree at University (not ETH)","The user explicitly names a non-ETH institution as their current role (studying), with no mention of ETH affiliation."
Money-Total,external_individual,student,0.8,107,i re enrolled at uzh for a degree in a totally different field,"The user explicitly mentions re-enrolling at UZH (University of Zurich), a non-ETH institution, and does not indicate any current or upcoming ETH affiliation. This satisfies the criteria for 'external_individual/student'."
MonkeyIslandWizzard1,unknown,,0.0,52,,no self-identifying statements found
MoonKnight99,unknown,,0.0,168,,no self-identifying statements found
Moonwalking_Diogenes,unknown,,0.0,3,,no self-identifying statements found
MoreLingonberry8630,decentral_individual,student,1.0,7,I am currently finishing my Masters at ETH (also did my Bachelors here),"The user explicitly states they are currently finishing their Masters at ETH, which confirms a current ETH affiliation. The mention of having done their Bachelors there does not override the current affiliation."
More_Minimum6145,unknown,,0.0,2,,no self-identifying statements found
More_Wave6548,unknown,,0.0,20,,no self-identifying statements found
MoridinB,external_individual,other,0.5,1,applied from a US university,The user mentions applying from a US university without specifying ETH Zurich or any current affiliation with ETH. This indicates an external affiliation.
Morqz,unknown,,0.0,35,,no self-identifying statements found
MortgageAdventurous8,unknown,,0.0,713,,no self-identifying statements found
MortgageSimilar5576,unknown,,0.0,1,,no self-identifying statements found
Mortifer_I,decentral_individual,student,0.8,253,I study CS,"The user explicitly mentions studying, which under the default rule implies ETH Zurich affiliation unless another institution is named."
Motor_Worldliness489,unknown,,0.0,18,,no self-identifying statements found
Mountain-Yak3304,unknown,,0.0,1,,no self-identifying statements found
Mourdine,decentral_individual,applicant,0.8,36,I will soon apply for a PhD at ETH in neuroscience,"The user explicitly mentions applying for a PhD at ETH, which indicates a current application status without confirmed acceptance. This fits the 'decentral_individual/applicant' category."
Mouschi_,external_individual,student,1.0,280,I say this as an international student at EPFL.,"The user explicitly identifies as a current student at EPFL, a non-ETH institution, with no mention of a current or upcoming ETH affiliation."
MrBank42,unknown,,0.0,1,,no self-identifying statements found
MrCreator1002,unknown,,0.0,4,,no self-identifying statements found
MrHippo17,unknown,,0.0,11,,no self-identifying statements found
MrMcFreddy,unknown,,0.0,2,,no self-identifying statements found
MrStroopwafel,unknown,,0.0,6,,no self-identifying statements found
MrTroll420,unknown,,0.0,43,,no self-identifying statements found
Much-Acanthaceae3312,decentral_individual,applicant,0.8,23,I'm planning to apply for an MSc in Computer Science with a specialization in Secure and Reliable Systems at ETH Zurich,"The user explicitly mentions planning to apply to ETH Zurich, which indicates they are an applicant for a current or upcoming program at ETH."
Much-Caterpillar1903,unknown,,0.0,271,,no self-identifying statements found
Much-Championship169,unknown,,0.0,1,,no self-identifying statements found
Much_Philosophy9946,unknown,,0.0,9,,no self-identifying statements found
Much_Sprinkles_7096,unknown,,0.0,28,,no self-identifying statements found
MuffinKingStudios,unknown,,0.0,180,,no self-identifying statements found
Mundane-Carry-6632,unknown,,0.0,3,,no self-identifying statements found
Mundane-Map6686,unknown,,0.0,1145,,no self-identifying statements found
MundaneAdeptness4024,decentral_individual,student,1.0,15,Ich plane an der ETHZ Architektur zu studieren.,"The user explicitly states their intention to study at ETH Zurich (ETHZ), which qualifies as a current or upcoming ETH affiliation. This falls under the 'decentral_individual/student' category."
MundaneJudgment3491,unknown,,0.0,16,,no self-identifying statements found
Muoitran,external_individual,postdoc,0.5,9,postdoc in Switzerland,"The user mentions being a postdoc in Switzerland but does not explicitly name ETH Zurich or any other specific university. Since they do not state a current affiliation with ETH Zurich and the mention of Switzerland is not specific enough to confirm ETH Zurich, the classification defaults to external_individual with a postdoc subtype based on the evidence provided."
Muri_bei_Bern,unknown,,0.0,55,,no self-identifying statements found
Murky-Case-8958,decentral_individual,student,0.9,3,incoming cse student here,"The user explicitly identifies as an incoming CSE student, which aligns with being a current student at ETH Zurich. No other university is mentioned, and the statement implies enrollment at ETH Zurich."
Murtaza_Nomani,external_individual,student,0.8,10,I am a US Student studying Mechanical Engineering at a top 5 US University (receiving BS),"The user explicitly states they are a student at a non-ETH institution (a top 5 US University), with no mention of ETH Zurich or any current or upcoming ETH affiliation."
MusicModeShop,external_individual,student,0.7,1,dropping out from INFK,"The user explicitly mentions dropping out from INFK, which is a department at ETH Zurich. However, since they are no longer affiliated with ETH and are instead considering joining RW/CSE (which is external to ETH), the classification is external_individual/student."
Musixen_,unknown,,0.0,10,,no self-identifying statements found
MustBeNiceToBeHappy,unknown,,0.2,522,No mention of university or academic role,"The statements focus on personal background and hobbies (growing up in the countryside, horse riding) and do not provide any information about university affiliation or academic role."
My-gel-is-leaking,unknown,,0.0,22,,no self-identifying statements found
MyBeatifulFantasy,external_individual,student,0.6,171,top prestigious university in my country,"The user mentions studying engineering at a 'top prestigious university in my country' without naming ETH Zurich or any other specific institution. Since the statement does not explicitly name ETH Zurich and refers to a current role at an unspecified university, it is classified as external_individual/student."
MyColaZero,unknown,,0.0,89,,no self-identifying statements found
MyEternalName,unknown,,0.0,1,,no self-identifying statements found
MyIQis1000000000bil,unknown,,0.0,4,,no self-identifying statements found
MyPunsAreKoalaTea,unknown,,0.0,155,,no self-identifying statements found
Mykoliux-1,unknown,,0.0,145,,no self-identifying statements found
Mysterious-Candle-31,unknown,,0.0,5,,no self-identifying statements found
Mysterious_Lab_9043,unknown,,0.0,629,,no self-identifying statements found
Mysterious_Tax_1226,unknown,,0.0,1,,no self-identifying statements found
N8_90,decentral,department_or_lab,0.8,48,At my department,"The statement refers to 'my department,' indicating a current affiliation with a department or lab at ETH Zurich, as no other institution is explicitly named and the context aligns with an ETH-affiliated individual."
NO5575,unknown,,0.0,1,,no self-identifying statements found
NRGNTRO,unknown,,0.0,8,,no self-identifying statements found
NYCooookie,unknown,,0.0,3,,no self-identifying statements found
Naarusgaut,unknown,,0.0,9,,no self-identifying statements found
Nag_143,external_individual,student,0.8,32,I am currently doing my Master Thesis in Faculty 8 in RWTH.,"The user explicitly mentions being a student at RWTH, a non-ETH institution, with no indication of a current or upcoming ETH affiliation."
Nahtlos,unknown,,0.0,2,,no self-identifying statements found
Naive-Mechanic4683,unknown,,0.0,400,,no self-identifying statements found
NameofMineisThisOne,unknown,,0.0,3,,no self-identifying statements found
NappingVolcano,unknown,,0.2,6,statements do not explicitly name a current university affiliation,"The statements do not provide any explicit or implicit evidence of the user's current university affiliation. The first statement refers to an oral bar exam, which is not tied to a specific institution, and the second statement mentions ETH Zurich's recorded lecture but does not indicate that the user is affiliated with ETH or any other university."
Narrow-Funny-1741,unknown,,0.0,48,,no self-identifying statements found
National-Flower5188,unknown,,0.0,4,,no self-identifying statements found
National_Badger8336,unknown,,0.0,42,,no self-identifying statements found
National_Traffic252,external_individual,other,0.8,1,"Vilnius Tech University, BSc Information Technology","The user explicitly names a non-ETH institution (Vilnius Tech University) as their current or past role, with no mention of a current or upcoming ETH affiliation."
NatsukiSubaru-,unknown,,0.0,5,,no self-identifying statements found
NaturalAd4151,external_individual,student,1.0,22,I’m Swiss studying in Lausanne(epfl) at the moment,"The user explicitly states they are currently studying at EPFL, a non-ETH institution, with no mention of a current or upcoming ETH affiliation."
Natural_Guest7978,decentral_individual,student,1.0,1,I'm studying at ETH Zurich,"The user explicitly states they are currently studying at ETH Zurich, which matches the criteria for a decentral_individual with the subtype 'student'."
Nauckle225,former_individual,student,0.8,4,Did my comp sci masters at ETH,"The user explicitly mentions having completed a master's degree at ETH, indicating a former affiliation with ETH Zurich. The mention of studying at UNSW is in the past and does not override the ETH affiliation."
Nauticat37,unknown,,0.0,5,,no self-identifying statements found
Nck____a,unknown,,0.0,4,,no self-identifying statements found
Ncolas_Grimm,unknown,,0.0,1,,no self-identifying statements found
Neat-Assignment5940,decentral_individual,student,1.0,44,study mechanical engineering - mechatronics and robotics focus at ETH for my bachelrs degree,"The user explicitly states they are currently studying at ETH Zurich for their bachelor's degree, which matches the criteria for a decentral_individual/student."
Neat-Firefighter-934,unknown,,0.0,1,,no self-identifying statements found
NeatSolid6535,unknown,,0.0,4,,no self-identifying statements found
Nebula0375,unknown,,0.0,24,,no self-identifying statements found
NecessaryAd5562,unknown,,0.0,94,,no self-identifying statements found
NecessaryFan8396,unknown,,0.0,2,,no self-identifying statements found
Necessary_Ant_9505,decentral_individual,student,1.0,2,"Hey, I'm a first year student","The user explicitly states they are a first-year student without mentioning any other university. According to the rules, if a statement mentions studying without naming a specific other university, assume ETH Zurich."
Necessary_One_2590,unknown,,0.0,21,,no self-identifying statements found
Negative_Republic973,unknown,,0.0,17,,no self-identifying statements found
Nervous-Ear-477,unknown,,0.0,144,,no self-identifying statements found
Nervous_Grapefruit99,unknown,,0.0,3,,no self-identifying statements found
New-Boysenberry-5125,unknown,,0.0,10,,no self-identifying statements found
New-Interest-8020,unknown,,0.0,20,,no self-identifying statements found
NewCoddder,unknown,,0.2,6,I am a foreign student with a residence permit B.,"The statement does not mention any specific university affiliation, neither ETH Zurich nor any other institution. The mention of a residence permit does not indicate a current university role or affiliation."
New_Analyst1866,unknown,,0.0,26,,no self-identifying statements found
New_Highway_2898,unknown,,0.0,652,,no self-identifying statements found
New_Individual_8679,unknown,,0.0,76,,no self-identifying statements found
New_Release6355,decentral_individual,student,1.0,3,HST first year student,"The user identifies as a first-year student in HST (Human Systems Engineering), which is a program at ETH Zurich. Since the statement does not mention any other university and implies current enrollment at ETH, the affiliation is classified as decentral_individual/student."
NewspaperDense4644,unknown,,0.0,6,,no self-identifying statements found
Newton-Leibniz,unknown,,0.0,179,,no self-identifying statements found
Nick0805,unknown,,0.0,18,,no self-identifying statements found
Nick224,unknown,,0.0,1,,no self-identifying statements found
Nick88stam,unknown,,0.0,7,,no self-identifying statements found
Nicolas_YN,unknown,,0.0,1,,no self-identifying statements found
Nicolas__97,unknown,,0.0,31,,no self-identifying statements found
Nicopavo,external_individual,student,0.8,11,originally from Politecnico di Milano,"The user explicitly states they are originally from Politecnico di Milano, a non-ETH institution, and refers to their Master's thesis without mentioning a current ETH affiliation."
Niduck,external_individual,other,0.5,355,mis 6 años de experiencia de hecho han sido en Suiza,"The user mentions experience in Switzerland but does not explicitly name a university. The statement 'ESTUDIOS: Grado en Ingeniería de Software, Master en Ciencia de Datos' does not specify the institution. Since there is no explicit mention of ETH Zurich or any other named university, and the user's experience is not tied to a specific academic role at a university, the classification is 'external_individual/other' with moderate confidence."
Nightfurry1997,unknown,,0.0,69,,no self-identifying statements found
NikolNikopoulou,unknown,,0.0,73,,no self-identifying statements found
Nile_Quote2642,unknown,,0.0,6,,no self-identifying statements found
Nizza99,unknown,,0.0,48,,no self-identifying statements found
Nlck0li,unknown,,0.0,34,,no self-identifying statements found
No-Animator-7931,decentral_individual,phd,0.7,77,I am in the middle of a PhD in one of the worlds best institutions in one of the best groups.,"The user is currently pursuing a PhD, and while they do not explicitly name ETH Zurich, the default rule applies: if a statement mentions studying (in this case, a PhD) without naming a specific other university, assume ETH Zurich."
No-Assumption-6889,external_individual,student,0.8,135,I did my engineering in material science from IIT BHU,"The user explicitly mentions studying at IIT BHU, a non-ETH institution, with no indication of a current or upcoming ETH affiliation."
No-Bat6834,unknown,,0.0,37,,no self-identifying statements found
No-Cardiologist8473,unknown,,0.0,239,,no self-identifying statements found
No-Citron8371,unknown,,0.0,2,,no self-identifying statements found
No-Distance3115,unknown,,0.0,2,,no self-identifying statements found
No-Efficiency6694,decentral_individual,student,0.9,1,love it at ETH,"The user explicitly mentions being at ETH and refers to their experience in the present tense, indicating they are currently a student at ETH Zurich."
No-Entrepreneur-7164,unknown,,0.0,1,,no self-identifying statements found
No-Entry8156,unknown,,0.0,1,,no self-identifying statements found
No-Faithlessness7246,unknown,,0.0,196,,no self-identifying statements found
No-Fill9172,external_individual,student,1.0,21,I am an engineering and physics student from UNSW in Australia.,The user explicitly names a non-ETH institution (UNSW) as their current role with no mention of ETH affiliation.
No-Grapefruit1341,external_individual,other,0.5,32,I am a hiring manager myself now,"The user does not explicitly name a current university affiliation. They mention being a hiring manager, which implies a professional role outside of academia, and no current university is named. The internship at a company is not sufficient to infer a current university affiliation."
No-Heat517,unknown,,0.0,31,,no self-identifying statements found
No-Meat1818,decentral_individual,student,1.0,5,I'm a first-year Master's student in Computer Science,"The statement indicates a current student role at ETH Zurich, as no other institution is named and the default rule applies."
No-Novel-1192,external_individual,student,0.7,49,currently a BSc student at a top 10 ranking uni,"The user explicitly states they are a BSc student at a top 10 ranking university without naming ETH Zurich, and there is no mention of ETH affiliation or connection."
No-Patient8520,unknown,,0.2,5,statements about future intentions and considerations,"The user is a high school student who has not yet enrolled at any university. They mention interest in studying in Switzerland and ETH Zürich, but there is no explicit or implicit evidence of a current affiliation with any institution."
No-Philosopher-5773,unknown,,0.0,49,,no self-identifying statements found
No-Pineapple-5318,unknown,,0.0,259,,no self-identifying statements found
No-Pudding-8622,unknown,,0.0,2,,no self-identifying statements found
No-Significance779,unknown,,0.0,770,,no self-identifying statements found
No-Start8890,decentral_individual,student,0.8,50,currently doing my master,"The statement indicates the user is currently enrolled in a master's program. Since no specific external university is mentioned and the default rule applies (ETH Zurich is the home institution), the affiliation is assumed to be ETH Zurich."
No-Still-7020,unknown,,0.0,3,,no self-identifying statements found
No-Supermarket-4378,external_individual,student,0.7,11,I did my bachelor thesis at PSI / I did my master thesis at CERN,"The user mentions completing their bachelor and master theses at external institutions (PSI and CERN), but does not explicitly state their current university affiliation. Since they do not mention being enrolled at ETH Zurich or any other institution in the present tense, and no current affiliation is explicitly stated, the classification defaults to external_individual with a student subtype based on the academic context."
No-Tiger-7812,decentral_individual,student,1.0,4,I will be an exchange student at ETH this fall term,"The user explicitly states they will be an exchange student at ETH Zurich this fall term, indicating a current or upcoming affiliation with ETH."
No-Tip3654,unknown,,0.0,1550,,no self-identifying statements found
No-Two-4337,unknown,,0.0,56,,no self-identifying statements found
NoFearImAnEngineer,unknown,,0.0,1,,no self-identifying statements found
NoFlounder5177,external_individual,student,0.5,99,studied International Management here in Switzerland,"The user mentions studying in Switzerland but does not explicitly name ETH Zurich. Since no specific ETH affiliation is mentioned, and the statement does not indicate a current or upcoming ETH connection, the affiliation is classified as external_individual/student with moderate confidence."
NoForm7090,unknown,,0.0,1,,no self-identifying statements found
NoLet4988,unknown,,0.0,1,,no self-identifying statements found
NoSloLace,decentral_individual,student,1.0,1,I'm in 4th semester EE,"The user mentions being in their 4th semester of EE (Electrical Engineering), which implies they are currently enrolled as a student at ETH Zurich. No other university is named, and the statement aligns with the default rule for ETH Zurich affiliation."
NoTruck242,unknown,,0.0,1,,no self-identifying statements found
No_Bodybuilder7446,unknown,,0.0,509,,no self-identifying statements found
No_Carpenter7252,external_individual,student,0.7,34,top 20 university (according to QS Ranking),"The user explicitly states they are a first-year MSc student at a top 20 university but does not mention ETH Zurich. Since they do not name ETH as their current institution and provide no evidence of an ETH affiliation, the classification defaults to external_individual."
No_Combination_6429,external_individual,student,0.8,206,finished my Bachelors at ZHAW,"The user explicitly mentions completing a bachelor's degree at ZHAW, a non-ETH institution, with no indication of a current or upcoming ETH affiliation."
No_Difference_1515,unknown,,0.0,4,,no self-identifying statements found
No_Excitement5489,unknown,,0.0,1,,no self-identifying statements found
No_Excitement7991,unknown,,0.0,13,,no self-identifying statements found
No_Feedback_1728,unknown,,0.0,2,,no self-identifying statements found
No_Inflation4169,unknown,,0.0,134,,no self-identifying statements found
No_Interest_1285,external_individual,student,1.0,75,I am currently studying at UZH informatics,"The user explicitly states they are currently studying at UZH, which is a non-ETH institution, with no mention of a current or upcoming ETH affiliation."
No_Listen7185,unknown,,0.0,13,,no self-identifying statements found
No_Outcome_1760,unknown,,0.0,6,,no self-identifying statements found
No_Passion9960,external_individual,student,0.8,3,ich besuche aktuell eine HTL für Automatisierungstechnik in Österreich,"The user explicitly mentions attending an HTL (a type of secondary school in Austria) for automation technology, which is not a university. Since no ETH Zurich affiliation is mentioned, and the user is currently enrolled at a non-ETH institution, the classification is external_individual/student."
No_Pollution_1312,unknown,,0.0,227,,no self-identifying statements found
No_Pop8531,external_individual,student,0.7,4,statistics masters at a good German university,"The user explicitly mentions a non-ETH university (a good German university) as their current role (statistics masters), with no mention of ETH Zurich or any current/upcoming ETH connection."
No_Radio_9062,unknown,,0.0,2,,no self-identifying statements found
No_Rice_9717,unknown,,0.0,909,,no self-identifying statements found
No_Second1489,unknown,,0.0,201,,no self-identifying statements found
No_Specific_8742,unknown,,0.0,14,,no self-identifying statements found
No_Tough_4172,unknown,,0.0,63,,no self-identifying statements found
No_Writing_7050,unknown,,0.0,52,,no self-identifying statements found
No_bitches_but_f1fan,external_individual,student,0.8,24,I’m a first year CSE student in India,"The user explicitly identifies as a student at an institution in India, which is not ETH Zurich. No mention of ETH Zurich or any other specific university is made, but the location and role clearly indicate an external affiliation."
NoahIH,unknown,,0.0,28,,no self-identifying statements found
Noblicke61,decentral_individual,student,1.0,11,First year mechanical engineering student here.,"The statement indicates the user is a current student, and since no other university is mentioned, ETH Zurich is assumed as the affiliation per the subreddit default."
NomadicContrarian,unknown,,0.0,1356,,no self-identifying statements found
Nomenbeb,external_individual,student,0.8,41,I'm studing at a state industrial technical institute,"The user explicitly mentions studying at a non-ETH institution without naming ETH Zurich, and there is no indication of a current or upcoming ETH affiliation."
Norby314,unknown,,0.0,538,,no self-identifying statements found
Normal-Thanks5055,unknown,,0.0,1,,no self-identifying statements found
Not_Voyeur,unknown,,0.0,6,,no self-identifying statements found
NotableSenior,unknown,,0.0,1,,no self-identifying statements found
Novel_Ad_1766,unknown,,0.0,3,,no self-identifying statements found
NovikovMorseHorse,unknown,,0.0,7,,no self-identifying statements found
Numerous-Pressure-94,unknown,,0.0,5,,no self-identifying statements found
Numerous_Current892,decentral_individual,student,0.8,7,I am currently in the process of choosing an atmospheric science MSc thesis,"The statement indicates the user is currently working on an MSc thesis, which implies they are a student at ETH Zurich. No other university is mentioned, and the default rule applies since the user is studying without naming a specific external institution."
Nurnstatist,unknown,,0.0,272,,no self-identifying statements found
NutellaHoden,external_individual,other,0.5,19,I studied in Switzerland.,"The statement mentions studying in Switzerland but does not explicitly name a specific non-ETH university. However, since it does not mention ETH Zurich and provides no evidence of a current ETH affiliation, it falls under 'external_individual/other' with moderate confidence."
Objective-Ad-2643,external_individual,other,0.5,221,No university affiliation mentioned,"The statements do not mention any university affiliation, current or past. The user discusses work at Intel and language learning, but no explicit or implicit university connection is present."
Objective-Web7083,unknown,,0.0,10,,no self-identifying statements found
ObjectiveMall,unknown,,0.0,322,,no self-identifying statements found
ObscureOmen,unknown,,0.0,4,,no self-identifying statements found
Obvious-Degree1970,unknown,,0.0,11,,no self-identifying statements found
Obvious_Bit7674,decentral_individual,student,0.8,21,if you study at ETH,"The statement refers to studying at ETH, indicating a current affiliation with ETH Zurich. No other institution is mentioned, and the context implies the user is a student."
Obviously_Special,decentral_individual,student,0.8,218,I plan to study at ETH Zurich after my school,"The user explicitly states their intention to study at ETH Zurich in the future, which qualifies as a current or upcoming ETH affiliation."
Odd-Air-7588,decentral_individual,student,0.8,1,Im done with my first semester of architecture and I ve done 3 so far.,"The statement indicates the user is currently studying architecture, and since no other university is explicitly named, ETH Zurich is assumed as the affiliation."
Odd-Dog-4038,unknown,,0.0,1,,no self-identifying statements found
Odd-Tomatillo4119,unknown,,0.0,79,,no self-identifying statements found
Odd_Bridge_1863,unknown,,0.0,191,,no self-identifying statements found
Odd_Feeling_8021,external_individual,student,1.0,19,Bsc in management engineering at Politecnico di Milano,The user explicitly names a non-ETH institution (Politecnico di Milano) as their current role with no mention of ETH affiliation.
Odd_Instruction_1440,external_individual,student,0.8,1,i'm a master student from a university in italy,"The user explicitly identifies as a master student from a university in Italy, which is a non-ETH institution. There is no mention of ETH Zurich or any current or upcoming affiliation with ETH."
Odd_Jellyfish_5710,external_individual,phd,0.7,387,PhD student at a prestigious European university,"The user explicitly identifies as a PhD student at a non-ETH institution (referred to as a 'prestigious European university'), with no mention of ETH Zurich in their current role."
Odd_Permission8373,unknown,,0.0,498,,no self-identifying statements found
Odd_Raspberry_2402,decentral_individual,student,0.8,243,decided to study the 3rd (pure) math heaviest subject at the hardest University in CH,"The user mentions studying at the 'hardest University in CH,' which is implicitly referring to ETH Zurich, as it is widely regarded as the most prestigious and challenging university in Switzerland for technical and scientific disciplines."
Odd_Student_7313,unknown,,0.0,245,,no self-identifying statements found
Odd_Television_6382,external_individual,student,1.0,79,I am a master's student at EPFL (Switzerland),"The user explicitly states they are a master's student at EPFL, a non-ETH institution, with no mention of a current or upcoming ETH affiliation."
OfficialOnix,former_individual,student,0.5,10,graduated over 15 years ago,"The user mentions graduating, indicating a past affiliation. No current or future ETH affiliation is stated, and no other institution is explicitly named. This aligns with the 'former_individual' category with the 'student' subtype."
OhMySBI,unknown,,0.0,77,,no self-identifying statements found
OhioDeez44,unknown,,0.0,576,,no self-identifying statements found
Ok-Abbreviations-938,external_individual,student,0.5,10,i'm thinking about doing my masters there,"The statement indicates an intention to pursue a master's degree at an unspecified institution, but no specific university is named. Since the user is not currently affiliated with ETH Zurich and no ETH connection is mentioned, the affiliation is classified as external_individual/student with moderate confidence."
Ok-Award-839,unknown,,0.0,4,,no self-identifying statements found
Ok-Bottle-1341,unknown,,0.0,196,,no self-identifying statements found
Ok-Campaign894,unknown,,0.0,2,,no self-identifying statements found
Ok-Clothes-8833,unknown,,0.0,9,,no self-identifying statements found
Ok-Conference6068,unknown,,0.0,159,,no self-identifying statements found
Ok-Consequence-4617,decentral_individual,student,1.0,1,I am an incoming non-EU Master's ETHZ student.,"The user explicitly states they are an incoming Master's student at ETH Zurich (ETHZ), which is the home institution. The mention of a prior university (Bocconi University) does not override the current ETH affiliation."
Ok-Construction-6309,decentral_individual,student,0.9,16,I am a new Master student; I am a cs master student,"The user explicitly identifies as a Master student and mentions being at ETH Zurich implicitly through the context of paying tuition fees before the semester started, which aligns with ETH's process. No other university is named, and the current role is at ETH."
Ok-Dependent8357,unknown,,0.0,21,,no self-identifying statements found
Ok-Event-8709,decentral_individual,student,1.0,9,I have been admitted to study masters at ETH Zurich this SEP,"The user explicitly states they have been admitted to study a master's program at ETH Zurich, indicating a current or upcoming affiliation with ETH Zurich."
Ok-Head8238,unknown,,0.0,15,,no self-identifying statements found
Ok-Hospital7142,unknown,,0.0,1,,no self-identifying statements found
Ok-Investigator-2402,unknown,,0.0,4,,no self-identifying statements found
Ok-Investigator8061,unknown,,0.0,1,,no self-identifying statements found
Ok-Mathematician1294,unknown,,0.0,2,,no self-identifying statements found
Ok-Objective-7506,unknown,,0.0,4,,no self-identifying statements found
Ok-Painter573,unknown,,0.0,51,,no self-identifying statements found
Ok-Pattern-9588,unknown,,0.0,12,,no self-identifying statements found
Ok-Post4320,unknown,,0.0,39,,no self-identifying statements found
Ok-Purpose-1822,former_individual,student,0.8,179,I did everything at eth. I learnt many valuable skills (mainly coding) at eth.,"The user mentions having done everything and learned skills at ETH, indicating a past affiliation. The use of 'at eth' suggests they were a student there, and there is no mention of a current or future affiliation with another institution."
Ok-Quote-396,unknown,,0.0,1,,no self-identifying statements found
Ok-Sea-8139,unknown,,0.0,3,,no self-identifying statements found
Ok-Stock4586,unknown,,0.0,3,,no self-identifying statements found
Ok-Technician-9704,external_individual,phd,0.5,219,my mom made up for it by being a pharmacology PhD in big pharma,"The statement mentions a PhD but does not explicitly name a university. However, it refers to 'big pharma,' which implies an external (non-academic) affiliation rather than a university. Since no ETH affiliation is mentioned, and there is a clear indication of a non-ETH role, the classification is external_individual/phd with moderate confidence."
Ok-Upstairs-131,unknown,,0.0,7,,no self-identifying statements found
Ok-Worldliness6287,unknown,,0.0,12,,no self-identifying statements found
Ok-Yellow5605,unknown,,0.0,89,,no self-identifying statements found
OkAlternative6515,unknown,,0.0,13,,no self-identifying statements found
OkBlacksmith4013,unknown,,0.0,52,,no self-identifying statements found
OkEconomy9512,external_individual,student,0.8,6,currently in Netherlands studying 2nd yrs of master,"The user explicitly states they are currently studying in the Netherlands but does not mention ETH Zurich. Since they do not name ETH Zurich as their current institution, and there is no indication of an upcoming or current ETH affiliation, the classification defaults to external_individual."
OkImprovement8743,unknown,,0.2,102,No mention of university or academic role,The statement does not provide any information about the user's university affiliation or academic role.
OkLawfulness9224,unknown,,0.0,1,,no self-identifying statements found
OkWaltz4307,unknown,,0.0,1,,no self-identifying statements found
Ok_Abbreviations7805,unknown,,0.0,5,,no self-identifying statements found
Ok_Act_8987,unknown,,0.0,1,,no self-identifying statements found
Ok_Actuary8,unknown,,0.0,169,,no self-identifying statements found
Ok_Addendum6295,unknown,,0.0,5,,no self-identifying statements found
Ok_Application4371,unknown,,0.0,4,,no self-identifying statements found
Ok_Ask_6378,decentral_individual,applicant,0.7,3,I'm thinking about studying at ETH,"The user mentions considering studying at ETH, which indicates an application stage without confirmed acceptance. This matches the 'decentral_individual/applicant' category."
Ok_Association_9625,unknown,,0.0,1805,,no self-identifying statements found
Ok_Bat4262,unknown,,0.0,4,,no self-identifying statements found
Ok_Beach6624,decentral_individual,student,1.0,1,Just got accepted to Applied Mathematics MS,"The user explicitly states they have been accepted to a program, which indicates a current or upcoming ETH affiliation. Since ETH Zurich is the home institution and no other university is named, the affiliation is assumed to be ETH Zurich."
Ok_Biscotti2172,unknown,,0.0,1,,no self-identifying statements found
Ok_Childhood4231,unknown,,0.0,1,,no self-identifying statements found
Ok_Connection_3294,unknown,,0.0,1,,no self-identifying statements found
Ok_Construction2330,unknown,,0.0,26,,no self-identifying statements found
Ok_Effect666,unknown,,0.0,12,,no self-identifying statements found
Ok_Error_4110,unknown,,0.0,543,,no self-identifying statements found
Ok_Establishment4432,decentral_individual,student,1.0,9,I'm a third year bachelor student,"The statement indicates the user is currently enrolled in a bachelor's program. Since no other university is mentioned and ETH Zurich is the default for r/ethz posts, the affiliation is assumed to be ETH Zurich."
Ok_Garage_683,unknown,,0.0,37,,no self-identifying statements found
Ok_Job5626,unknown,,0.0,1,,no self-identifying statements found
Ok_Journalist_2052,unknown,,0.0,183,,no self-identifying statements found
Ok_Mistake1498,unknown,,0.0,18,,no self-identifying statements found
Ok_Nail7169,unknown,,0.0,3,,no self-identifying statements found
Ok_Night3075,decentral_individual,applicant,0.7,45,As I(Indian) am about to apply for phd in material science or mechanical domain in ETH,"The user explicitly mentions applying to ETH for a PhD, which falls under the 'decentral_individual/applicant' category. The second statement does not provide a clear affiliation and is not specific enough to override the first statement."
Ok_Peanut_5685,external_individual,other,0.5,298,No specific university mentioned,"The statement mentions university and master's studies but does not explicitly name a specific institution. Since ETH Zurich is the default for r/ethz posts unless another institution is named, but the user does not identify with ETH, the classification defaults to external_individual/other due to lack of explicit affiliation."
Ok_Revolution3592,unknown,,0.0,60,,no self-identifying statements found
Ok_Satisfaction448,unknown,,0.0,42,,no self-identifying statements found
Ok_Trifle_3863,unknown,,0.0,1,,no self-identifying statements found
Ok_Way4741,unknown,,0.0,2,,no self-identifying statements found
Okabee_Rintaro,decentral_individual,student,1.0,2,I am a 2nd year math student,"The statement indicates the user is currently a student at ETH Zurich, as no other university is mentioned and the default rule applies."
Old-Cycle-3721,unknown,,0.0,14,,no self-identifying statements found
Old-Feed1306,external_individual,student,0.8,5,I didn't have great grades at EPFL but was still admitted!,"The user explicitly mentions studying at EPFL (a non-ETH institution) in the present tense, indicating a current or past affiliation with EPFL. No current or upcoming ETH affiliation is mentioned."
Old-Initiative-6373,unknown,,0.0,33,,no self-identifying statements found
Old-Membership7415,unknown,,0.0,9,,no self-identifying statements found
OldRip7185,unknown,,0.0,69,,no self-identifying statements found
OldSeries256,former_individual,student,0.8,20,my MSc is over,"The user mentions that their MSc is over, indicating they are no longer a current student at ETH Zurich. This aligns with the 'former_individual' voice type with the 'student' subtype."
Old_Acanthocephala75,decentral_individual,researcher,0.8,4,I m working in the domain of the environmental sciences (D USYS),"The user mentions working in a domain (D USYS) at ETH Zurich, which is a known department/unit within ETH. No explicit mention of a non-ETH institution, and the context implies a current affiliation with ETH."
Old_Eggplant4934,unknown,,0.0,25,,no self-identifying statements found
Old_Handle4278,unknown,,0.0,3,,no self-identifying statements found
Old_Opening9822,external_individual,student,0.7,3,I have been working on my semester project in EPFL,"The user explicitly mentions working on a semester project at EPFL, a non-ETH institution, with no indication of a current or upcoming ETH affiliation."
OleksandrHalipchak,decentral_individual,student,0.5,1,I am at the program,"The statement implies current enrollment in a program, and no specific university is named. According to the rules, if a user mentions studying or being in a program without naming a specific other university, ETH Zurich is assumed as the home institution."
Oligu,unknown,,0.0,32,,no self-identifying statements found
Olivia-2021,unknown,,0.0,7,,no self-identifying statements found
OmaMorkie,unknown,,0.0,19,,no self-identifying statements found
One-Function7275,unknown,,0.0,1,,no self-identifying statements found
One-Log1938,unknown,,0.0,1,,no self-identifying statements found
OneAboveAll3,unknown,,0.0,10,,no self-identifying statements found
OneArugula1415,unknown,,0.0,1,,no self-identifying statements found
OneRefrigerator8599,unknown,,0.0,5,,no self-identifying statements found
OneTip5351,unknown,,0.0,14,,no self-identifying statements found
One_Tap_2244,unknown,,0.0,3,,no self-identifying statements found
OnionLai,unknown,,0.0,5,,no self-identifying statements found
Open-Farmer-7285,decentral,department_or_lab,0.8,41,my lab members at ETH,"The user explicitly mentions being part of a lab at ETH Zurich, indicating a current affiliation with a department or lab within ETH."
Open_Ad_8599,unknown,,0.0,36,,no self-identifying statements found
Opening-Net-4735,unknown,,0.0,12,,no self-identifying statements found
OpeningPilot700,unknown,,0.0,1,,no self-identifying statements found
OperationSalt3860,external_individual,researcher,0.7,17,senior researcher at a Swiss university,"The user explicitly identifies as a 'senior researcher at a Swiss university' without naming ETH Zurich, and no current or upcoming ETH affiliation is mentioned."
OpportunityEastern16,decentral_individual,student,1.0,4,I started the first semester of Bsc Mech Engineering in September,"The statement indicates the user is currently enrolled in a bachelor's program at ETH Zurich, as per the subreddit default rule. No other university is mentioned, and the context implies ETH Zurich as the home institution."
Ordinary-Annual1429,decentral_individual,applicant,0.8,149,I am applying to ETH for a Masters in Biotechnology. I am currently in the process of applying to ETH zurich for a masters in Biotechnology.,"The user explicitly states they are in the process of applying to ETH Zurich for a master's program, which falls under the 'decentral_individual/applicant' category. The mention of being a non-European student and studying in the Netherlands does not override the current application status to ETH."
Ordinary_Ad_9838,decentral_individual,student,0.9,2,data science master,"The statement mentions being in a master's program without naming a specific university other than ETH Zurich. According to the rules, if a user mentions studying without naming a specific other university, ETH Zurich is assumed as the home institution."
Organic_Hovercraft77,unknown,,0.0,150,,no self-identifying statements found
Organic_Tradition820,unknown,,0.0,64,,no self-identifying statements found
Original-Ad-3674,unknown,,0.0,40,,no self-identifying statements found
Original-Tell-5222,unknown,,0.0,1,,no self-identifying statements found
Orillians,unknown,,0.0,157,,no self-identifying statements found
Ornery-Fisherman2175,decentral_individual,student,1.0,13,I’m currently a Master’s exchange student in Computer Science at ETH Zurich,"The user explicitly states they are a current exchange student at ETH Zurich, which takes precedence over any mention of a prior or external institution."
OrneryRefrigerator53,unknown,,0.0,56,,no self-identifying statements found
Ornery_Cake_9864,unknown,,0.0,167,,no self-identifying statements found
OsakaTosuto,unknown,,0.0,71,,no self-identifying statements found
Ossigen,unknown,,0.0,296,,no self-identifying statements found
Osuiw,unknown,,0.0,1,,no self-identifying statements found
Other-Elevator3593,external_individual,student,0.8,101,received offers from both Imperial and NTU,The user explicitly mentions receiving offers from non-ETH institutions (Imperial and NTU) without indicating a current or upcoming ETH affiliation. This aligns with the 'external_individual' classification.
Other-Smile600,unknown,,0.0,136,,no self-identifying statements found
Otherwise-East-990,unknown,,0.0,11,,no self-identifying statements found
Otherwise-Fan8822,external_individual,student,1.0,2,incoming masters/phd student at the University of Bologna,"The user explicitly states they are an incoming student at the University of Bologna, a non-ETH institution, with no mention of ETH Zurich or any current/upcoming ETH affiliation."
Otherwise_Internet71,unknown,,0.0,1374,,no self-identifying statements found
OutOfCharm,unknown,,0.2,47,I am an international student.,The statement does not explicitly name a university or provide enough information to determine the affiliation. 'International student' is too vague to confirm whether the user is affiliated with ETH Zurich or another institution.
Outrageous-Boot7092,external_individual,phd,0.8,43,I am currently finishing my phd at harvard,"The user explicitly names Harvard as their current PhD institution, which is a non-ETH university. They also mention being employed by UZH, but this does not override the explicit current affiliation with Harvard."
Outrageous-Lake-2950,unknown,,0.0,1881,,no self-identifying statements found
Outrageous-Power-562,external_individual,student,0.7,6,background in electrical engineering from a well-known university in Germany,"The user mentions a 'well-known university in Germany' but does not explicitly name ETH Zurich. They also do not mention any current or upcoming ETH affiliation. Since they are studying at a non-ETH institution, they are classified as external_individual/student."
Outrageous-Writer935,unknown,,0.0,4,,no self-identifying statements found
OutrageousAd1101,unknown,,0.0,10,,no self-identifying statements found
Outrageous_Spinach85,unknown,,0.0,207,,no self-identifying statements found
Outside_Long5907,unknown,,0.0,161,,no self-identifying statements found
Outside_Strategy_563,unknown,,0.0,7,,no self-identifying statements found
OverGoat7,unknown,,0.0,60,,no self-identifying statements found
OverallFood8550,external_individual,student,0.8,47,BSc in AI program in Italy,"The user explicitly mentions studying in a BSc program in Italy, which is a non-ETH institution. There is no mention of ETH Zurich or any current/upcoming ETH affiliation."
OverallPractice7381,external_individual,other,0.5,1,I am an architecture graduate,"The statement mentions being an architecture graduate but does not explicitly name a university. However, since it does not mention ETH Zurich and provides no evidence of a current or past ETH affiliation, it is classified as external_individual/other with moderate confidence."
Overall_Comb9019,unknown,,0.0,1,,no self-identifying statements found
OvomatVonBuenzline,unknown,,0.0,530,,no self-identifying statements found
OwIts4AM,unknown,,0.0,13,,no self-identifying statements found
OwlAffectionate158,decentral_individual,student,1.0,1,MACIS Student here,"The user explicitly identifies as a MACIS student. MACIS is a department at ETH Zurich, so this indicates a current affiliation with ETH Zurich."
Own-Fee-4752,unknown,,0.0,52,,no self-identifying statements found
OwnStorm2983,unknown,,0.0,17,,no self-identifying statements found
Own_Reference6631,unknown,,0.0,2,,no self-identifying statements found
Own_Relationship9794,unknown,,0.0,10,,no self-identifying statements found
Own_Salt1799,unknown,,0.0,4,,no self-identifying statements found
OziAviator,unknown,,0.0,358,,no self-identifying statements found
PJannis,unknown,,0.0,6,,no self-identifying statements found
PLS_SEND_TRAIN_PICS,unknown,,0.0,38,,no self-identifying statements found
PM_ME_YOUR_ANUS_PIC,unknown,,0.0,198,,no self-identifying statements found
PPTTRRKK,unknown,,0.0,118,,no self-identifying statements found
PQTRIOT88,unknown,,0.0,1,,no self-identifying statements found
Pael-eSports,unknown,,0.0,122,,no self-identifying statements found
PaintCharacter8338,decentral_individual,student,1.0,2,i got into eth last year because i passed the comprehensive entrance exam,"The user explicitly states they 'got into ETH last year,' indicating a current affiliation with ETH Zurich. Despite mentioning a desire to switch to FHNW, this is not a current role and does not override the confirmed ETH affiliation."
PaintingAnnual,unknown,,0.0,1,,no self-identifying statements found
PalePianist7025,unknown,,0.0,16,,no self-identifying statements found
Pana_Guiskas,unknown,,0.0,17,,no self-identifying statements found
Panda-Calm,decentral_individual,student,1.0,37,I'm an incoming MSc student of ETH. I will be starting a Master's Degree in Switzerland this year.,"The user explicitly states they are an incoming MSc student of ETH and will be starting a Master's Degree in Switzerland this year, indicating a current or upcoming ETH affiliation."
Pandaaorta,unknown,,0.0,1,,no self-identifying statements found
Pandafaryan,unknown,,0.0,2,,no self-identifying statements found
PaneSborraSalsiccia,unknown,,0.0,123,,no self-identifying statements found
Papierkor654,unknown,,0.0,22,,no self-identifying statements found
ParfaitFinancial9765,decentral_individual,student,1.0,16,I'm in the process of finishing my master's at ETH,"The user explicitly states they are currently finishing their master's at ETH Zurich, which is the home institution. This matches rule B, indicating a current ETH affiliation."
Pargona,unknown,,0.0,61,,no self-identifying statements found
ParisianFlower,former_individual,student,0.8,5,studied HST (Medical Technology) at ETH,"The user explicitly mentions having studied at ETH Zurich in the past, indicating a former student affiliation."
ParkingBite6357,unknown,,0.0,41,,no self-identifying statements found
ParticularEmu4420,unknown,,0.0,62,,no self-identifying statements found
Particular_Act_9563,unknown,,0.0,3,,no self-identifying statements found
Particular_Lion_1873,unknown,,0.0,13,,no self-identifying statements found
PartyConnection1,unknown,,0.0,143,,no self-identifying statements found
PassAppropriate5891,unknown,,0.0,7,,no self-identifying statements found
PastInternational249,external_individual,other,0.5,8,I am a mechanical engineer at a green energy start-up,The statement indicates a current role in industry (green energy start-up) without mentioning any university affiliation. No explicit or implicit reference to ETH Zurich or any other university is present.
Pastelgarten,unknown,,0.0,16,,no self-identifying statements found
Patient-Breakfast310,unknown,,0.0,75,,no self-identifying statements found
Patient-Movie231,unknown,,0.0,11,,no self-identifying statements found
Patient-Winter2719,unknown,,0.0,20,,no self-identifying statements found
Pattt2602,unknown,,0.0,31,,no self-identifying statements found
Pb_Plumbum,unknown,,0.0,2,,no self-identifying statements found
PeaQueasy9195,unknown,,0.0,3,,no self-identifying statements found
Peace_and_Joy,unknown,,0.0,482,,no self-identifying statements found
PedroJOSH,unknown,,0.0,15,,no self-identifying statements found
PenGeek030609,unknown,,0.0,22,,no self-identifying statements found
Perfect_Gur2266,unknown,,0.0,1,,no self-identifying statements found
PersonX132,unknown,,0.0,16,,no self-identifying statements found
Perun01,former_individual,student,0.8,5,I studied Physics at the ETH a long time ago,"The user explicitly mentions studying at ETH in the past, indicating a former student affiliation."
PeteZahad,unknown,,0.0,730,,no self-identifying statements found
PeterBeast37,unknown,,0.0,4,,no self-identifying statements found
PeterGriffinOwO,unknown,,0.0,5,,no self-identifying statements found
Petingo,external_individual,student,1.0,28,I'm about to graduate with a master's degree in Computer Science from EPFL,"The user explicitly states they are graduating from EPFL, a non-ETH institution, with no mention of a current or upcoming ETH affiliation."
PetitArvine,unknown,,0.0,459,,no self-identifying statements found
PhiDeltaChi,unknown,,0.0,16,,no self-identifying statements found
Philfreeze,unknown,,0.0,332,,no self-identifying statements found
Philippe_Z,unknown,,0.0,52,,no self-identifying statements found
Phippe,unknown,,0.0,48,,no self-identifying statements found
Phocasola,unknown,,0.0,86,,no self-identifying statements found
PhoebusAbel,unknown,,0.0,560,,no self-identifying statements found
Phoenix-fn1zx,unknown,,0.0,704,,no self-identifying statements found
PhotojournalistNew45,unknown,,0.0,1,,no self-identifying statements found
Physical-Tip9184,unknown,,0.0,1,,no self-identifying statements found
Physical_Sleep_9918,unknown,,0.0,126,,no self-identifying statements found
PianistWinter8293,unknown,,0.0,561,,no self-identifying statements found
PieHistorical30,unknown,,0.0,189,,no self-identifying statements found
PietroPentolo,decentral_individual,student,1.0,5,I'm currently in my first semester of a Master's program in Electrical Engineering,"The statement indicates the user is currently enrolled in a Master's program at ETH Zurich, as no other institution is mentioned and the default rule applies."
Pigna099,unknown,,0.0,8,,no self-identifying statements found
PineappleOk3727,former_individual,student,0.8,39,after a year at eth I don‘t like it anymore haha,"The user mentions being at ETH in the past (""after a year at eth"") and implies they are no longer there, which aligns with the 'former_individual' category. The subtype 'student' is inferred from the context of being at ETH for a year."
Pinoletto,unknown,,0.0,11,,no self-identifying statements found
PinsAndGambits,unknown,,0.0,96,,no self-identifying statements found
PintoCH,unknown,,0.0,3,,no self-identifying statements found
PirateTerrible5118,decentral_individual,student,1.0,1,I'm currently in MSc in my first year as an international student,"The statement indicates the user is currently enrolled in an MSc program at ETH Zurich, as per the subreddit's default rule when no other university is named."
Pitiful-Sector7975,unknown,,0.0,4,,no self-identifying statements found
Pitiful-Situation494,unknown,,0.0,161,,no self-identifying statements found
Pixelheini,unknown,,0.0,10,,no self-identifying statements found
PizzaPartyBro,unknown,,0.0,22,,no self-identifying statements found
PlaneSpirited2507,external_individual,student,0.7,43,I'm thinking on starting a Msc on ZHAW,"The user explicitly mentions starting a master's program at ZHAW, which is a non-ETH institution, and there is no confirmation of current or upcoming ETH affiliation."
PlaneStrawberry6640,unknown,,0.0,306,,no self-identifying statements found
Plane_Inevitable2329,external_individual,student,0.8,6,currently studying in the Pure Mathematics department,"The user explicitly states they are currently studying in the Pure Mathematics department but does not mention ETH Zurich. No ETH affiliation is visible, and the statement implies a non-ETH institution."
Plane_Space_1635,external_individual,student,0.5,2,I study at ...,"The statement 'I study at ...' indicates a current student role at an unspecified institution. Since no specific university is named and the statement does not mention ETH Zurich, the affiliation is classified as external_individual/student with moderate confidence."
Plastic-Kitchen3689,decentral_individual,student,1.0,7,As a Chinese student at ETH Zurich,"The user explicitly states they are a student at ETH Zurich, which is the home institution."
Plastic_Share2619,external_individual,student,0.5,1,I'm finishing my master's with a GPA of 4.0,"The user mentions finishing a master's but does not explicitly name ETH Zurich or any other university. However, the first statement implies they are affiliated with a non-ETH institution (best university in LATAM). The lack of explicit mention of ETH and the presence of a non-ETH affiliation leads to classification as external_individual/student with moderate confidence."
PlatypusExisting5730,decentral_individual,student,1.0,33,I am now doing the last exams of my Masters.,"The statement indicates the user is currently enrolled in a master's program. Since no other university is explicitly named and the default rule applies (ETH Zurich is the home institution), the affiliation is assumed to be ETH Zurich."
Playful-Matter-5757,decentral_individual,phd,1.0,1,I am a doctoral student in D-CHAB.,The user explicitly states they are a doctoral student at ETH Zurich (D-CHAB is a department at ETH Zurich). This confirms a current ETH affiliation.
Playful-Ostrich-7210,external_individual,student,0.8,2,master’s student from China in the department of environmental science,"The user explicitly identifies as a master’s student but does not mention ETH Zurich. The statement does not provide any indication of an ETH affiliation, and the user is identified as being from China, which implies a non-ETH institution."
Playful-Winner5122,unknown,,0.0,1,,no self-identifying statements found
PlayfulPerformance12,unknown,,0.0,344,,no self-identifying statements found
Playful_Bass7295,unknown,,0.0,14,,no self-identifying statements found
Pleasant_Bug_6121,unknown,,0.0,11,,no self-identifying statements found
Ploviee,unknown,,0.0,10,,no self-identifying statements found
Plus_Yogurt_9647,unknown,,0.0,11,,no self-identifying statements found
PoignantPoison,decentral_individual,phd,0.7,288,I am finishing a phd right now,"The user is currently finishing a PhD, but no specific university is named. According to the rules, if a user mentions studying or doing a PhD without naming a specific other university, ETH Zurich is assumed as the home institution."
PokemonAttorney,unknown,,0.0,1,,no self-identifying statements found
Pokeristo555,unknown,,0.0,196,,no self-identifying statements found
Poldi_06,unknown,,0.0,1,,no self-identifying statements found
Poldi_7,unknown,,0.0,26,,no self-identifying statements found
Poodina,unknown,,0.0,1125,,no self-identifying statements found
PoolBright5356,external_individual,student,0.5,1,i study computer science in switzerland,"The statement mentions studying in Switzerland but does not explicitly name ETH Zurich or any other specific institution. However, since the user is not explicitly affiliated with ETH Zurich, and no other institution is named, the classification defaults to external_individual with a confidence of 0.5."
Poppyseeds369,unknown,,0.0,42,,no self-identifying statements found
Popular-Art6864,decentral_individual,student,1.0,18,I'm a MSc student,"The user explicitly states they are a MSc student without mentioning any other university. According to the rules, if a statement mentions studying without naming a specific other university, ETH Zurich is assumed as the home institution."
Popular-Traffic967,unknown,,0.0,114,,no self-identifying statements found
Popular-Use9857,decentral_individual,student,0.8,1,I'm doing an MS in a bioinformatics-related program,"The statement mentions studying for an MS without naming a specific university. According to the rules, if a user mentions studying, doing a master's, or similar without naming a specific other university, ETH Zurich is assumed as the home institution."
PopularRooster1131,unknown,,0.0,2,,no self-identifying statements found
Popular_Ad1466,unknown,,0.0,8,,no self-identifying statements found
PoqQaz,unknown,,0.0,222,,no self-identifying statements found
Positive-Crab00,unknown,,0.0,7,,no self-identifying statements found
Positive-Strategy161,unknown,,0.0,273,,no self-identifying statements found
Positive_Diamond_300,unknown,,0.0,33,,no self-identifying statements found
Possible-Trip-6645,unknown,,0.0,1180,,no self-identifying statements found
PossibleEntrance7886,unknown,,0.0,3,,no self-identifying statements found
Possible_Barnacle_68,decentral_individual,student,1.0,12,I am in data science master and doing a student researcher job,"The statement indicates the user is currently enrolled in a master's program and working as a student researcher. Since no specific external university is mentioned, and the default assumption is ETH Zurich, the affiliation is classified as decentral_individual/student."
Possible_Bike7252,unknown,,0.0,2,,no self-identifying statements found
Possibly_your_mom,unknown,,0.0,13,,no self-identifying statements found
Potential-Sea3260,unknown,,0.0,15,,no self-identifying statements found
Potential_Candle20,external_individual,other,0.8,1,I graduated from Beijing University of Posts and Telecommunications (BUPT),The user explicitly mentions graduating from a non-ETH institution (BUPT) without any current or upcoming ETH affiliation. This fits the 'external_individual/other' category.
Powerful-Squash4367,unknown,,0.0,3,,no self-identifying statements found
Powerful_Pace_2597,unknown,,0.0,10,,no self-identifying statements found
PoxControl,unknown,,0.0,407,,no self-identifying statements found
Practical-Ad5634,unknown,,0.0,1,,no self-identifying statements found
PracticeMammoth387,external_individual,phd,0.7,126,"I am a Swiss, finance PhD student","The user explicitly identifies as a PhD student in finance but does not mention ETH Zurich or any other specific university. Since the statement does not name ETH Zurich and does not provide any current or upcoming ETH connection, the default assumption is that the user is affiliated with a non-ETH institution."
Present_Investment14,unknown,,0.0,3,,no self-identifying statements found
PresentationHot7059,unknown,,0.0,930,,no self-identifying statements found
PressureCold,external_individual,student,0.5,14,An international student with 4.7/5 CGPA in Building Technology from my home country,"The user identifies as an international student without mentioning ETH Zurich, and there is no explicit or implicit indication of a current or upcoming ETH affiliation."
Prestigious-Key-8948,unknown,,0.0,11,,no self-identifying statements found
Prestigious-Pair-785,unknown,,0.0,5,,no self-identifying statements found
Prestigious-Pause-17,unknown,,0.0,6,,no self-identifying statements found
PrestigiousAssist689,unknown,,0.0,47,,no self-identifying statements found
PrestigiousCamp5169,unknown,,0.0,28,,no self-identifying statements found
Prestigious_Ad_5355,unknown,,0.0,2,,no self-identifying statements found
Prestigious_Aerie824,unknown,,0.0,3,,no self-identifying statements found
Prestigious_Idea4723,unknown,,0.0,11,,no self-identifying statements found
Prestigious_Road7872,decentral_individual,student,1.0,31,I’m a student.,"The user explicitly identifies as a student without mentioning any specific university other than ETH Zurich. According to the rules, if a user mentions studying or being a student without naming a specific other university, ETH Zurich is assumed as the home institution."
Pretend_Football4721,unknown,,0.0,4,,no self-identifying statements found
Pretty_Employ_8657,decentral_individual,student,0.9,18,I’m in the process of submitting the final documents for a Master’s here at ETHZ,"The user explicitly mentions being in the process of submitting final documents for a Master’s at ETHZ, indicating a current affiliation with ETH Zurich."
PreviousLeadership55,unknown,,0.0,1,,no self-identifying statements found
PreviousSteak8901,unknown,,0.0,1,,no self-identifying statements found
Primary_Drive_3359,unknown,,0.0,264,,no self-identifying statements found
Primary_Wolverine_52,unknown,,0.0,1,,no self-identifying statements found
Printadmin,unknown,,0.0,34,,no self-identifying statements found
Pristine-Author1384,unknown,,0.0,17,,no self-identifying statements found
Pristine_Anteater_36,unknown,,0.0,1,,no self-identifying statements found
Pristine_Tie8418,unknown,,0.0,1,,no self-identifying statements found
Privatewanker,unknown,,0.0,114,,no self-identifying statements found
ProRussianPlayer,decentral_individual,student,0.8,6,I'm at my last semester in my Master's,"The statement indicates the user is currently a master's student. Since no other university is explicitly named and the default rule applies (no mention of a non-ETH institution), ETH Zurich is assumed as the current affiliation."
Process0331,unknown,,0.0,2,,no self-identifying statements found
Prof_Blutfleck,decentral_individual,applicant,0.8,4,applied for mechanical engineering for the upcomming year,"The user explicitly mentions applying to ETH Zurich for mechanical engineering, which indicates they are an applicant at ETH."
Professional-Ask246,decentral_individual,applicant,0.8,1,I am applying for Phd in ETH CS as well,"The user explicitly states they are applying for a PhD at ETH Zurich, which indicates a current application status without confirmed acceptance."
ProfessionalLoad238,unknown,,0.0,1431,,no self-identifying statements found
ProfessionalSmoker69,unknown,,0.0,66,,no self-identifying statements found
Professional_Bus_574,unknown,,0.0,9,,no self-identifying statements found
Professional_Ear7173,unknown,,0.0,293,,no self-identifying statements found
Professional_Fig1828,decentral_individual,student,0.8,10,finishing my Master's there as well,"The user mentions being a Master's student at one of the best engineering unis in Europe, which is implicitly ETH Zurich. No explicit external institution is named, and the context aligns with ETH Zurich as the home institution."
Professional_Law8023,unknown,,0.0,2,,no self-identifying statements found
Professional_boffin,unknown,,0.0,8,,no self-identifying statements found
ProjectDaBu,unknown,,0.0,2,,no self-identifying statements found
PromptImpossible,unknown,,0.0,5,,no self-identifying statements found
Proof-Wafer9199,unknown,,0.0,9,,no self-identifying statements found
ProofSmooth7317,decentral_individual,student,1.0,1,I will start my MSc degree in Physics at ETH this September,"The user explicitly states they will start their MSc degree at ETH Zurich, indicating a current or upcoming affiliation with ETH."
Proof_Violinist_9373,unknown,,0.0,6,,no self-identifying statements found
Proper-Delivery-7120,decentral_individual,student,1.0,27,I am an international MSc CSE student at ETH,"The user explicitly states they are a current student at ETH Zurich, which is the home institution."
Proud_Process3548,unknown,,0.0,23,,no self-identifying statements found
PseudoRandomStudent,unknown,,0.0,69,,no self-identifying statements found
Psychological-Owl-76,unknown,,0.0,5,,no self-identifying statements found
PsychologyEast7457,external_individual,student,0.8,122,I'm a UZHler,"The user explicitly identifies as a 'UZHler,' which refers to a student or affiliated individual of the University of Zurich (UZH), a non-ETH institution. This directly falls under the 'external_individual' category with the 'student' subtype."
Public-Parfait5769,unknown,,0.0,18,,no self-identifying statements found
Public-Standard7684,unknown,,0.0,1,,no self-identifying statements found
Public_Leadership_14,unknown,,0.0,29,,no self-identifying statements found
PullyLutry,external_individual,student,1.0,186,je suis étudiant à l'université de Berne,"The user explicitly states they are a student at the University of Bern, which is a non-ETH institution. There is no mention of any current or upcoming ETH affiliation."
PureAsk9038,unknown,,0.0,5,,no self-identifying statements found
PureContext1186,unknown,,0.0,4,,no self-identifying statements found
Purple-Peak-6487,unknown,,0.0,10,,no self-identifying statements found
Purple-Round472,unknown,,0.0,3,,no self-identifying statements found
Purple_Passenger_244,external_individual,student,0.5,37,I’m an international student at an university,"The user identifies as an international student but does not explicitly name ETH Zurich or any other specific university. However, the mention of being an 'international student' without naming ETH implies affiliation with a non-ETH institution."
Purple_p0tat059,decentral_individual,student,0.8,6,I started HEST this year with a bio/chem background,"The statement indicates the user is currently enrolled in a program (HEST) at ETH Zurich, which is the default assumption when no other institution is explicitly named."
Purpose_roam,external_individual,student,0.5,53,I went to uni in Denmark in DTU,"The user explicitly mentions studying at DTU, a non-ETH institution, without any current or upcoming ETH affiliation."
PussyOnDaChainwax-,decentral_individual,student,0.8,161,doing a masters,"The statement 'doing a masters' implies current enrollment in a master's program. Since no other university is explicitly named and the context is from r/ethz, the default assumption is ETH Zurich affiliation."
Puubuu,unknown,,0.0,306,,no self-identifying statements found
PuzzleWalrus,unknown,,0.0,1,,no self-identifying statements found
Puzzleheaded-Ad-4817,unknown,,0.0,1,,no self-identifying statements found
Puzzleheaded-Dish816,decentral_individual,student,0.9,2,"I am still in my first year; I did the exact same thing as you, except for Bm2 instead of Bm1, and am now studying chemistry in my bachelor","The user mentions being in their first year and studying chemistry in their bachelor, which aligns with being a current student at ETH Zurich. No other university is explicitly named, and the context fits ETH's academic structure."
Puzzleheaded-Law34,unknown,,0.0,407,,no self-identifying statements found
PuzzleheadedWind5806,external_individual,student,0.5,8,I'm an international student,"The user identifies as an international student but does not explicitly name a specific university. However, the absence of any mention of ETH Zurich and the use of 'international student' implies affiliation with a non-ETH institution."
Puzzleheaded_Run_312,unknown,,0.0,1,,no self-identifying statements found
Puzzleheaded_Sail729,unknown,,0.0,919,,no self-identifying statements found
Puzzleheaded_War9413,unknown,,0.0,5,,no self-identifying statements found
Pynabb,unknown,,0.0,255,,no self-identifying statements found
PyroZy,external_individual,student,0.5,51,I'm a current undergrad studying in the US,"The user explicitly states they are a current undergrad studying in the US, which implies a non-ETH affiliation. No specific ETH connection is mentioned."
PythonEDTA,unknown,,0.0,2,,no self-identifying statements found
QYbear,decentral_individual,student,0.8,4,mention of campus and VSETH (ETH Zurich's music service),"The user refers to 'campus' and 'VSETH', which is a known service at ETH Zurich, indicating they are currently affiliated with ETH Zurich as a student."
Qu3st10nmark,unknown,,0.0,11,,no self-identifying statements found
QuArKzzz01,unknown,,0.0,570,,no self-identifying statements found
Quantum-Scribe1011,unknown,,0.0,31,,no self-identifying statements found
QuarterReasonable204,unknown,,0.0,1,,no self-identifying statements found
Queasy-Sundae-1201,unknown,,0.0,5,,no self-identifying statements found
QueenGwendolynSnow,unknown,,0.0,3,,no self-identifying statements found
QueensTarget,decentral_individual,student,1.0,6,I am currently doing an MSc in ETH,"The user explicitly states they are currently doing an MSc at ETH Zurich, which qualifies them as a decentral_individual/student."
Queku08,unknown,,0.0,62,,no self-identifying statements found
QuestioningMyLifeJa,unknown,,0.0,93,,no self-identifying statements found
Quick-Coat,unknown,,0.0,1,,no self-identifying statements found
QuietOtherwise7530,unknown,,0.0,35,,no self-identifying statements found
Quiet_Difference7658,unknown,,0.0,85,,no self-identifying statements found
Quirky-spaghet,unknown,,0.0,3,,no self-identifying statements found
Quixiote,unknown,,0.0,19,,no self-identifying statements found
Qverman,unknown,,0.0,2,,no self-identifying statements found
R0R5C84C8,unknown,,0.0,1,,no self-identifying statements found
R4pper1noStu,decentral_individual,student,1.0,12,I'm in my first year as a Cyber Security student here at ETH,"The user explicitly states they are a student at ETH Zurich, which is the home institution. The mention of an exchange semester at EPFL does not override the current ETH affiliation."
R4spberryStr4wberry,unknown,,0.0,41,,no self-identifying statements found
R_H_02,decentral_individual,student,1.0,3,I'm an incoming master student in mathematics,"The user explicitly states they are an incoming master student, which implies a current affiliation with ETH Zurich as per the subreddit default rule."
Radical_X75,former_individual,student,0.5,100,recently graduated from a Swiss university,"The user mentions graduating from a Swiss university but does not explicitly name ETH Zurich or any other institution. Since they graduated, they are classified as a former_individual/student. The lack of specific university naming results in a moderate confidence level."
RadishRocket,former_individual,employee_or_alumni,0.8,45,ETH as alumni,"The user explicitly identifies as an 'alumni' of ETH, indicating a former affiliation."
Raetlr,unknown,,0.0,34,,no self-identifying statements found
Rakru84,unknown,,0.0,75,,no self-identifying statements found
RandQuantumMechanic,unknown,,0.0,18,,no self-identifying statements found
RaresDerBares,decentral_individual,student,1.0,8,First year ITET here.,"The user explicitly mentions being in their first year at ITET, which is a program at ETH Zurich. This indicates a current affiliation with ETH Zurich."
RareswanX,decentral_individual,student,0.8,45,im in Mechanical Engineering,"The statement indicates the user is currently studying Mechanical Engineering. Since no specific university is mentioned and the default rule applies (assuming ETH Zurich if studying without naming another institution), the affiliation is classified as decentral_individual/student at ETH Zurich."
Raskolnikov98,decentral_individual,student,0.8,98,ETH Zurich,"The user explicitly mentions 'ETH Zurich' in the second statement, indicating a current affiliation with the institution. No conflicting external institution is named, and the context suggests a student role."
RateRevolutionary177,unknown,,0.0,2,,no self-identifying statements found
RatioDesigner5528,former_individual,student,0.8,3,I graduated from the University of Auckland,"The user explicitly mentions graduating from the University of Auckland, indicating a past affiliation. The second statement mentions being admitted to ETH Zurich, but since the user is classified as a former individual (based on the graduation), the current affiliation is not applicable."
Raupenpanzer,unknown,,0.0,49,,no self-identifying statements found
ReactionOk3609,unknown,,0.0,112,,no self-identifying statements found
Reactive-Battery,unknown,,0.0,42,,no self-identifying statements found
RealNPCDuude,unknown,,0.0,488,,no self-identifying statements found
RealPerplexeus,unknown,,0.0,229,,no self-identifying statements found
Real_Principle_8446,external_individual,student,0.8,3,I‘m currently studying Informatics plus statistics (Bs.) at LMU in Munich,"The user explicitly states they are currently studying at LMU Munich, a non-ETH institution, with no current or upcoming ETH affiliation mentioned. This matches rule A, where a non-ETH institution is named as the current role."
Realistic-Garage-369,unknown,,0.0,6,,no self-identifying statements found
RealisticBookWoman,unknown,,0.0,38,,no self-identifying statements found
Realistic_Book_5713,unknown,,0.0,2,,no self-identifying statements found
Really-hot-soup,decentral_individual,student,1.0,22,studying at ETH,"The user explicitly states they are 'studying at ETH', which confirms their current affiliation with ETH Zurich. No other institution is mentioned, and the role is clearly that of a student."
ReaperDaemon666,unknown,,0.0,435,,no self-identifying statements found
Reasonable-Fuel-8084,unknown,,0.0,2,,no self-identifying statements found
Reasonable_Candle817,unknown,,0.0,1,,no self-identifying statements found
Reasonable_Duty6013,external_individual,other,0.5,3,"statements 1, 2, 3","The user mentions looking for PhD positions at ETH Zurich but does not explicitly state they are currently affiliated with ETH. They also mention degrees in Humanities from an unspecified university, and a graduate program without naming ETH. No current ETH affiliation is confirmed, and the statements do not name a specific non-ETH institution as their current role, but the lack of ETH affiliation and the focus on external degrees suggest an external_individual with 'other' subtype."
Reasonable_Road5842,decentral_individual,student,1.0,15,I am a student at ETH for this semester,"The user explicitly states they are a student at ETH for this semester, indicating a current affiliation with ETH Zurich."
Reasonable_Sundae333,unknown,,0.0,20,,no self-identifying statements found
Reasonable_Swim3339,unknown,,0.0,18,,no self-identifying statements found
Reasonable_Writer255,unknown,,0.0,71,,no self-identifying statements found
Reasonable_Yak_526,unknown,,0.0,43,,no self-identifying statements found
Rebecca123457,unknown,,0.0,605,,no self-identifying statements found
Recent-Special-109,unknown,,0.0,8,,no self-identifying statements found
Recent_Wrangler_1064,unknown,,0.0,14,,no self-identifying statements found
ReceptionStreet1707,unknown,,0.0,1,,no self-identifying statements found
RedRuhm101,unknown,,0.0,103,,no self-identifying statements found
RedditRule3,unknown,,0.0,17,,no self-identifying statements found
Redouantoukani,unknown,,0.0,6,,no self-identifying statements found
ReelingRambutan,unknown,,0.0,15,,no self-identifying statements found
Rekhyt24,unknown,,0.0,5,,no self-identifying statements found
RelationshipLevel129,external_individual,student,0.5,7,I'm attending a bachelor in a swiss fachhochschule,"The user explicitly mentions attending a bachelor's program at a Swiss Fachhochschule (a type of university of applied sciences), which is not ETH Zurich. This provides sufficient evidence to classify them as an external_individual/student."
Relative-Ad-3217,unknown,,0.0,5,,no self-identifying statements found
RelativeMortgage8690,unknown,,0.0,7,,no self-identifying statements found
Relative_Produce6759,unknown,,0.0,1,,no self-identifying statements found
RelevantAgency7979,decentral_individual,student,1.0,4,Iam starting my 2nd year of master here at eth.,"The user explicitly mentions starting their 2nd year of a master's program at ETH, indicating a current affiliation with ETH Zurich."
Relvind,unknown,,0.0,34,,no self-identifying statements found
Remarkable-Minute171,unknown,,0.0,33,,no self-identifying statements found
Remarkable-Music7684,unknown,,0.0,16,,no self-identifying statements found
Remarkable-Town-2733,decentral_individual,student,1.0,5,I am Canadian and I will be studying at ETH Zurich this fall.,"The user explicitly states they will be studying at ETH Zurich this fall, indicating a current or upcoming ETH affiliation."
RemarkableBed92,unknown,,0.0,6,I am a non-EU citizen who just got a job,downgraded: external_individual confidence 0.20 below threshold
Remarkable_Garden477,unknown,,0.0,2,,no self-identifying statements found
Remarkable_Guitar830,unknown,,0.0,1,,no self-identifying statements found
Remote_Magician_5448,unknown,,0.0,4,,no self-identifying statements found
Reporte219,unknown,,0.0,54,,no self-identifying statements found
ReporterWooden3441,unknown,,0.0,79,,no self-identifying statements found
Representative-Tea57,external_individual,student,1.0,150,I'm at OST currently,"The user explicitly states they are currently at OST, which is a non-ETH institution. This matches rule A, where a non-ETH institution is named as the current role with no current or upcoming ETH connection."
RepulsiveDonkey739,unknown,,0.0,13,,no self-identifying statements found
Repulsive_Break9856,decentral_individual,student,1.0,4,I'm a MSc Student,"The user explicitly states they are an MSc student without mentioning any other university. According to the rules, if a statement mentions studying without naming a specific other university, ETH Zurich is assumed as the home institution."
ReputationFull4819,external_individual,student,0.8,7,Ich studiere derzeit dual bei einem großen deutschen Unternehmen Mechatronik,"The statement explicitly mentions studying at a non-ETH institution (a large German company) without mentioning ETH Zurich. The use of 'dual' suggests a dual study program, which is typically associated with industry partners rather than a university. No ETH affiliation is mentioned."
ResearcherNo4681,unknown,,0.0,39,,no self-identifying statements found
ResistAlternative935,external_individual,other,0.5,1,internship in Switzerland,"The statement mentions an internship in Switzerland but does not explicitly name a university or indicate any current or past university affiliation. The user identifies as French and mentions an internship, which is not tied to a university. Since there is no explicit mention of ETH Zurich or any other university, the classification defaults to 'external_individual/other' with moderate confidence."
RespondSea4861,external_individual,student,0.8,10,graduated with a first-class degree from a top UK university,"The user explicitly mentions graduating from a top UK university, which is not ETH Zurich. There is no mention of ETH Zurich or any current affiliation with it."
Responsible-Hawk5908,decentral_individual,researcher,1.0,1,I am currently doing a paid internship at a lab in ETH,"The user explicitly mentions being at a lab in ETH, indicating a current affiliation with ETH Zurich."
Responsible-Menu-428,decentral_individual,student,0.8,7,halfway through my final year of my bachelor in data science,"The user is currently enrolled in a bachelor's program, but no specific university is named. According to the rules, if a user mentions studying without naming a specific other university, ETH Zurich is assumed as the home institution."
Responsible-War-1179,unknown,,0.0,506,,no self-identifying statements found
Responsible_Pin_3387,external_individual,student,0.8,1,"3-University of Liverpool, 4-Business and Economics","The user explicitly names a non-ETH institution (University of Liverpool) as their current role, with no mention of ETH Zurich or any current/upcoming ETH connection."
Rettiratata,former_individual,student,0.7,15,started a few years back at MAVT,"The user mentions starting at MAVT (a department at ETH Zurich) in the past, indicating a former student affiliation with ETH Zurich."
ReturnWonderful376,unknown,,0.0,1,,no self-identifying statements found
ReverseElectron,unknown,,0.0,59,,no self-identifying statements found
RevolutionFull111,external_individual,researcher,1.0,10,"statements explicitly mention working and studying at EPFL, a non-ETH institution, with no mention of ETH affiliation","The user explicitly states they are studying and working at EPFL, which is a non-ETH institution. There is no mention of any current or upcoming ETH affiliation, and the statements are in the present tense, indicating a current role at EPFL."
Revolutionary_Clue59,unknown,,0.0,19,,no self-identifying statements found
RexBadger,unknown,,0.0,1,,no self-identifying statements found
Rfky301,unknown,,0.0,5,,no self-identifying statements found
Ribsl,unknown,,0.0,10,,no self-identifying statements found
Rich_homeless_01,unknown,,0.0,2,,no self-identifying statements found
Riegler77,unknown,,0.0,103,,no self-identifying statements found
Right_Fisherman_9320,unknown,,0.0,1,,no self-identifying statements found
RipParty6055,unknown,,0.0,43,,no self-identifying statements found
Ririri88,unknown,,0.0,12,,no self-identifying statements found
RiseWarm,unknown,,0.0,74,,no self-identifying statements found
Ristlii,decentral_individual,student,1.0,17,second semester at eth,"The user explicitly mentions being in their second semester at ETH Zurich, which indicates a current affiliation with ETH Zurich."
River_Raven_Rowee,unknown,,0.0,111,,no self-identifying statements found
RoastedRhino,unknown,,0.0,2084,,no self-identifying statements found
RodCherokee,unknown,,0.0,1446,,no self-identifying statements found
Rodudu,unknown,,0.0,2,,no self-identifying statements found
Rollingblade77,unknown,,0.0,76,,no self-identifying statements found
Rollstein_,decentral_individual,student,1.0,4,beginning my masters at ETH soon,"The user explicitly states they are beginning their master's at ETH, indicating a current and upcoming affiliation with ETH Zurich."
RomanRiesen,decentral_individual,student,1.0,88,"Now in my master's, i have an exam of 10 hours split over 2 days ^^","The user explicitly mentions being in their master's program at ETH Zurich, indicated by the reference to 'ethz' in the first statement and the context of the exam structure, which is consistent with ETH Zurich's academic practices."
Romerini81,unknown,,0.0,94,,no self-identifying statements found
RoosterPrevious7856,unknown,,0.0,120,,no self-identifying statements found
RosefromB-612,unknown,,0.0,12,,no self-identifying statements found
RossYT,decentral_individual,student,1.0,13,I am an incoming RW/CSE student,"The user explicitly states they are an incoming student at ETH Zurich (RW/CSE refers to the Department of Computer Science at ETH Zurich). This indicates a current and upcoming ETH affiliation, which takes precedence over any past or external institutions."
Rough-Big-2371,unknown,,0.0,9,,no self-identifying statements found
RoundUpGaming,unknown,,0.0,42,,no self-identifying statements found
Routine-Animator-774,external_individual,student,0.8,1,nearing the end of my CS bachelor's at a german university,"The user explicitly states they are nearing the end of their CS bachelor's at a German university, which is not ETH Zurich. No mention of ETH affiliation or connection is present."
Royal-Candidate7234,unknown,,0.0,46,,no self-identifying statements found
Royal-Librarian-7825,unknown,,0.0,16,,no self-identifying statements found
RubenLaorden,unknown,,0.0,4,,no self-identifying statements found
Rude-Pressure6256,decentral_individual,student,1.0,59,I'm a first year master student,"The statement indicates a current student role at ETH Zurich, as no other university is explicitly named and the default rule applies."
RumaliRotii,unknown,,0.0,3,,no self-identifying statements found
Runaaan,unknown,,0.0,55,,no self-identifying statements found
RushDvd,unknown,,0.0,62,,no self-identifying statements found
RycinCZ,unknown,,0.0,25,,no self-identifying statements found
SCHWIFTY_BURSCH,unknown,,0.0,11,,no self-identifying statements found
SHChan1986,unknown,,0.0,1149,,no self-identifying statements found
SHIROYASHA120311,unknown,,0.0,55,,no self-identifying statements found
SMTP2024,unknown,,0.0,444,,no self-identifying statements found
SaPpHiReFlAmEs99,external_individual,student,0.8,304,currently studying Climate Science at the University of Bern,"The user explicitly states they are currently studying at the University of Bern, a non-ETH institution, with no indication of a current or upcoming ETH affiliation."
Sad-Bit-2234,decentral_individual,phd,1.0,13,I recently accepted the offer as an incoming PhD student; I am an international student and I studied at a top American school and I am now here at ETH,"The user explicitly mentions being an incoming PhD student at ETH, which confirms a current ETH affiliation. The mention of a prior non-ETH institution does not override the current ETH connection."
Sad-Ladder-1455,former_individual,student,0.8,1,MsC in Biomedical Engineering at ETH Zurich,"The user explicitly mentions having an MSC in Biomedical Engineering at ETH Zurich, indicating a past affiliation with ETH Zurich. The second statement refers to a current degree from a Greek university, but no specific institution is named, and the focus is on the past ETH affiliation."
Sad-Macaroon-7577,unknown,,0.0,6,,no self-identifying statements found
Sad_Bookkeeper8630,unknown,,0.0,30,,no self-identifying statements found
SadlyASpring,external_individual,student,1.0,4,I study at an ok University in Australia. (University of Melbourne),"The user explicitly names a non-ETH institution (University of Melbourne) as their current role, which matches the criteria for 'external_individual'."
Saegmers,unknown,,0.0,29,,no self-identifying statements found
Safe-Heron-195,unknown,,0.0,67,,no self-identifying statements found
SafeAcademic1544,unknown,,0.0,30,,no self-identifying statements found
Safe_Preference772,unknown,,0.0,3,,no self-identifying statements found
SakuraTheCatLady,unknown,,0.0,16,,no self-identifying statements found
Salt_Mushroom_4608,unknown,,0.0,14,,no self-identifying statements found
Salty-Traffic-7202,unknown,,0.0,21,,no self-identifying statements found
SaltyFish69,unknown,,0.0,17,,no self-identifying statements found
Salty_Idea1437,decentral_individual,student,1.0,1,I am currently doing my master thesis (M.Sc. Physics),"The statement indicates the user is currently enrolled in a master's program. Since no other university is explicitly named and the default rule applies (ETH Zurich is the home institution), the affiliation is assumed to be ETH Zurich."
SamFC,unknown,,0.0,8,,no self-identifying statements found
SamaireB,unknown,,0.0,3486,,no self-identifying statements found
Same-Scholar-8182,unknown,,0.0,11,,no self-identifying statements found
Same_Wonder_2703,unknown,,0.0,40,,no self-identifying statements found
Samilainthemirror,unknown,,0.0,88,,no self-identifying statements found
SammyWo,unknown,,0.0,32,,no self-identifying statements found
SamonBoulevard,unknown,,0.0,13,,no self-identifying statements found
Sans_Moritz,external_individual,researcher,0.5,253,I work in physical chemistry/chemical physics research at a university,"The user mentions working in research at a university but does not specify ETH Zurich or any other institution. Since they do not name ETH Zurich or another university explicitly, and the statement is implicit, the confidence is moderate."
Saonimay,unknown,,0.0,4,,no self-identifying statements found
Sapperlotta,unknown,,0.0,16,,no self-identifying statements found
Sarvu18,unknown,,0.0,1,,no self-identifying statements found
SatisfactionMany5171,unknown,,0.0,80,,no self-identifying statements found
Saturn2777,unknown,,0.0,3,,no self-identifying statements found
Sauron_78,unknown,,0.0,725,,no self-identifying statements found
Savings-Ad-5585,unknown,,0.0,8,,no self-identifying statements found
Savings-Height3404,external_individual,other,0.5,1,Both of my bachelor and master have come from Australian universities,"The user explicitly mentions that their bachelor's and master's degrees were obtained from Australian universities, which are non-ETH institutions. There is no mention of a current or upcoming affiliation with ETH Zurich, and the user is not explicitly identified as being affiliated with ETH at the moment."
Scared-Room-8534,unknown,,0.0,3,,no self-identifying statements found
Scared-You-4311,unknown,,0.0,3,,no self-identifying statements found
Scary-Implement-4407,unknown,,0.2,16,I'm a swiss person.,The statement does not provide any explicit or implicit information about the user's university affiliation. Being Swiss does not indicate a specific institution.
Scattered99,unknown,,0.0,1,,no self-identifying statements found
Scentsuelle,external_individual,other,0.5,357,"studying abroad, interviewed for a place at Cambridge","The user mentions being interviewed for a place at Cambridge, which is a non-ETH institution, and refers to studying abroad without explicitly stating a current affiliation with ETH. There is no evidence of a current or upcoming ETH affiliation, so the classification defaults to external_individual/other."
Schmackofatzke,unknown,,0.0,344,,no self-identifying statements found
SchoggiToeff,unknown,,0.0,3274,,no self-identifying statements found
Schuano,unknown,,0.0,488,,no self-identifying statements found
Schwarzwaldstube,unknown,,0.0,621,,no self-identifying statements found
Sciencescience_1,unknown,,0.0,137,,no self-identifying statements found
Scott_z_Zueri,unknown,,0.0,81,,no self-identifying statements found
ScrapAccountLad,unknown,,0.0,19,,no self-identifying statements found
ScratchAccurate7044,unknown,,0.0,2,,no self-identifying statements found
Scypher_Tzu,unknown,,0.0,445,,no self-identifying statements found
Sea-Bother-4079,unknown,,0.0,625,,no self-identifying statements found
Sea-Flower5108,unknown,,0.0,59,,no self-identifying statements found
SeaCompetitive6806,unknown,,0.0,962,,no self-identifying statements found
Sea_Web9898,unknown,,0.0,10,,no self-identifying statements found
SeaworthinessNo6435,unknown,,0.0,2,,no self-identifying statements found
SeaworthinessPale733,external_individual,student,0.9,11,currently studying CS in a medium Italian University; want to apply to the Master in computer science from a small university in Italy,The user explicitly mentions studying at non-ETH institutions (a medium Italian University and a small university in Italy) without any indication of a current or upcoming ETH affiliation.
Sebajf,unknown,,0.0,1,,no self-identifying statements found
Sebasite,unknown,,0.0,374,,no self-identifying statements found
Second_innings,unknown,,0.0,1,,no self-identifying statements found
Secure-Initial2376,unknown,,0.0,28,,no self-identifying statements found
Secure-Technician274,unknown,,0.0,2,,no self-identifying statements found
SecureStandard3274,decentral_individual,student,0.8,77,I am currently doing my last semester of master's,"The user mentions being in their last semester of a master's program without naming any specific university. According to the rules, if a user mentions studying or being in a master's program without naming a specific other university, ETH Zurich is assumed as the home institution."
Secure_Cress7206,unknown,,0.0,3,,no self-identifying statements found
Secure_Cupcake_986,decentral_individual,student,1.0,2,I'm a mechanical engineering MSc student who just completed his first semester at ETHZ.,"The user explicitly states they are a current MSc student at ETH Zurich, which is the home institution."
SegfaultSensei,unknown,,0.0,217,,no self-identifying statements found
Sekatorxd,unknown,,0.0,4,,no self-identifying statements found
SelectionWrong2180,unknown,,0.0,2,,no self-identifying statements found
SellSideShort,unknown,,0.0,299,,no self-identifying statements found
SeltenerPeter,unknown,,0.0,10,,no self-identifying statements found
Senbean,decentral_individual,student,1.0,3,being in my second exam phase now for mechanical engineering BSc,"The statement indicates the user is currently enrolled in a BSc program in mechanical engineering. Since no other university is mentioned and ETH Zurich is the default for r/ethz posts, the affiliation is assumed to be ETH Zurich."
Seni_draws,unknown,,0.0,20,,no self-identifying statements found
Senior_Juice5380,unknown,,0.0,466,,no self-identifying statements found
SenpaiKai,unknown,,0.0,84,,no self-identifying statements found
Senshi988,unknown,,0.0,90,,no self-identifying statements found
Separate_Football_20,unknown,,0.2,16,No explicit or implicit affiliation with ETH or any other university is stated.,"The statements do not mention the user's own university affiliation. The first statement refers to a friend, and the second is a general statement about waiting for a device, which does not indicate any academic or institutional role."
Separate_Walrus119,unknown,,0.0,163,,no self-identifying statements found
SerRacelot,unknown,,0.0,3,,no self-identifying statements found
Serious-North-1,unknown,,0.0,2,,no self-identifying statements found
Serious_Reporter950,decentral_individual,student,1.0,1,I'm currently in my first year,"The statement indicates the user is currently a student, and since no other university is mentioned, ETH Zurich is assumed as the affiliation per the subreddit default."
Sesquilinear,decentral_individual,student,1.0,1,I'm gonna start my MSc in Data Science this week,"The user explicitly states they are starting an MSc program, which aligns with being a student at ETH Zurich as per the subreddit default rule."
Seven_Over_Four,unknown,,0.0,1886,,no self-identifying statements found
Several-Programmer68,external_individual,student,0.8,2,I’m a second-year undergraduate student in Computer Science in Italy,"The user explicitly mentions being a student in Italy without naming ETH Zurich, and there is no indication of a current or upcoming ETH affiliation."
SeveralConcert,external_individual,other,0.5,2162,Master in International Trade Law,"The statement mentions a Master's degree but does not explicitly name a university. However, since the user is identified as a lawyer and the degree is not tied to ETH Zurich, it implies affiliation with a non-ETH institution. The lack of explicit naming reduces confidence slightly."
Several_Falcon_7005,unknown,,0.0,328,,no self-identifying statements found
Severe-Beach-2585,unknown,,0.0,1,,no self-identifying statements found
Severe-Elk-3993,unknown,,0.0,26,,no self-identifying statements found
SevereMushroom5592,unknown,,0.0,1,,no self-identifying statements found
Severe_Cookie1567,decentral_individual,student,1.0,50,incoming exchange student at ETH,"The user explicitly identifies as an incoming exchange student at ETH Zurich, which confirms a current affiliation with ETH."
Severe_Rock3301,unknown,,0.0,1,,no self-identifying statements found
Sexy_M_F,unknown,,0.0,63,,no self-identifying statements found
ShadowVerses,external_individual,other,0.5,10,T20 school in the US,"The user explicitly mentions graduating from a T20 school in the US, which is a non-ETH institution. No current or upcoming ETH affiliation is mentioned."
ShadowZpeak,unknown,,0.0,828,,no self-identifying statements found
Shanilkagimhan,unknown,,0.0,123,,no self-identifying statements found
Sharanbasav,unknown,,0.0,67,,no self-identifying statements found
ShepherdDesign,decentral_individual,phd,1.0,18,I'll be moving to Switzerland soon to start a PhD at ETH.,"The user explicitly states they will start a PhD at ETH Zurich, indicating a current or upcoming ETH affiliation."
Shidoni,former_individual,student,0.7,101,former EU student here in Switzerland,"The user explicitly refers to being a 'former EU student,' indicating a past academic or educational role, which aligns with the 'former_individual/student' classification. There is no mention of a specific university, but the context of being a 'former student' at an institution in Switzerland (likely ETH Zurich, given the subreddit) supports the classification."
Shining_star_875,external_individual,researcher,0.5,149,research intern at a tier 1 uni of my country,"The user mentions being a research intern at a non-specific tier 1 university in their country, which implies an external affiliation. There is no explicit mention of ETH Zurich as their current institution, and the statements about reaching out to ETH professors are for research opportunities, not as a current student or affiliated individual."
Shoddy_Map5575,external_individual,student,1.0,12,I have been accepted to the Master in Financial Engineering at EPFL / I have been accepted at FME at EPFL as well,"The user explicitly names EPFL as their current accepted institution for a master's program, which is a non-ETH university. There is no mention of ETH Zurich in the current or upcoming role."
Shofield41610,unknown,,0.0,1,,no self-identifying statements found
Shoggyhaze,unknown,,0.0,9,,no self-identifying statements found
Shompen,external_individual,phd,1.0,2,I am a PhD student at DUSYS.,"The user explicitly names a non-ETH institution (DUSYS) as their current role, with no mention of a current or upcoming ETH connection."
Short_Assignment5601,external_individual,,0.5,57,applying to study at a university abroad,"The statement indicates the user is applying to a university abroad, which implies a non-ETH affiliation. No specific university is named, but the context of applying to a foreign institution aligns with 'external_individual/applicant'."
ShotSmile169,unknown,,0.0,14,,no self-identifying statements found
ShrimpBunny,unknown,,0.0,1,,no self-identifying statements found
SiNoName101,unknown,,0.0,6,,no self-identifying statements found
Sideralis_,unknown,,0.0,125,,no self-identifying statements found
SidereusEques,unknown,,0.0,301,,no self-identifying statements found
Sig_MaGiiK,unknown,,0.0,4,,no self-identifying statements found
Signal_Egg_5360,unknown,,0.0,29,,no self-identifying statements found
SignatureAdvanced916,unknown,,0.0,1,,no self-identifying statements found
Significance-Far,unknown,,0.0,4,,no self-identifying statements found
Significant-Goose120,decentral_individual,student,0.8,6,started my master's in physics,"The user mentions starting a master's in physics, which implies a current affiliation with a university. Since no specific non-ETH institution is named and the statement does not indicate a prior or concurrent non-ETH affiliation, ETH Zurich is assumed as the home institution."
SignificantBluejay11,external_individual,student,0.8,14,I've just received my acceptance letter from UZH. I will begin my studies in September.,"The user explicitly mentions being accepted to UZH (University of Zurich), a non-ETH institution, and states they will begin their studies there. This confirms a current affiliation with UZH, not ETH Zurich."
SignificantShape1593,unknown,,0.0,1,,no self-identifying statements found
Significant_Ad_3918,unknown,,0.0,25,,no self-identifying statements found
Significant_Gap_4788,unknown,,0.0,38,,no self-identifying statements found
Significant_War_2802,unknown,,0.0,7,,no self-identifying statements found
Significant_Way2882,decentral_individual,student,1.0,16,I recently got admitted to both ETH MSc Mathematics and EPFL MSc Financial Engineering,"The user explicitly mentions being admitted to ETH's MSc Mathematics program, which qualifies as a current or upcoming ETH affiliation. Even though they also mention EPFL, the presence of an ETH admission takes precedence and classifies them as decentral_individual/student."
Silentfoxy,unknown,,0.0,7,,no self-identifying statements found
SilverBladeCG,unknown,,0.0,143,,no self-identifying statements found
SilverDouble7043,external_individual,student,1.0,8,I’m doing my Bachelor’s in TU Vienna in Informatik right now,"The user explicitly states they are currently studying at TU Vienna, a non-ETH institution, with no mention of a current or upcoming ETH affiliation."
Simoendli,unknown,,0.0,1,,no self-identifying statements found
Simonjhfgh,unknown,,0.0,22,,no self-identifying statements found
Simozzzo,unknown,,0.0,13,,no self-identifying statements found
Simple-Seaweed7072,unknown,,0.0,1,,no self-identifying statements found
Simple_Rope2969,unknown,,0.0,41,,no self-identifying statements found
Single-Sky9457,unknown,,0.0,2,,no self-identifying statements found
Singularitaet_,unknown,,0.0,383,,no self-identifying statements found
SirDamian,unknown,,0.0,11,,no self-identifying statements found
SirDrystan,decentral_individual,student,1.0,5,i'm currently in my masters at d-itet,"The user explicitly mentions being in their master's program at d-itet, which is a department at ETH Zurich. This indicates a current affiliation with ETH Zurich."
SirJohnSmith,unknown,,0.0,40,,no self-identifying statements found
Skairin,unknown,,0.0,27,,no self-identifying statements found
Skejdisisiwuej,unknown,,0.0,197,,no self-identifying statements found
SkyNo234,unknown,,0.0,1360,,no self-identifying statements found
Slayer10101,decentral_individual,student,1.0,7,I am graduating with MSc at ETH soon,"The user explicitly mentions being a current student at ETH Zurich, with no indication of a non-ETH affiliation or past affiliation."
Sleien,external_individual,student,0.8,13,From ZHAW - Energy and Environmental Engineering,"The user explicitly names ZHAW as their current affiliation, which is a non-ETH institution. The mention of ETH is not in the context of a current role or enrollment, but rather as a field of study, which does not establish an affiliation with ETH."
SlideHammer86,unknown,,0.0,6,,no self-identifying statements found
Slim_Jue,decentral_individual,student,1.0,6,Got accepted to the MS program at ETH,"The user explicitly states they were accepted to the MS program at ETH, which takes precedence over any past or other institutions mentioned."
Slimmanoman,external_individual,student,0.8,602,I've studied at DTU,"The user explicitly mentions studying at DTU, a non-ETH institution, and does not indicate any current or upcoming affiliation with ETH Zurich."
Slingshot_42,unknown,,0.0,2,,no self-identifying statements found
SlipObjective5846,unknown,,0.0,5,,no self-identifying statements found
SmOothOperatOR123456,unknown,,0.0,12,,no self-identifying statements found
Small_Table_7083,unknown,,0.0,7,,no self-identifying statements found
Small_Telephone_6587,unknown,,0.0,3,,no self-identifying statements found
Smart-mouth-VLO,unknown,,0.0,1,,no self-identifying statements found
SmartBeagle,external_individual,student,0.9,9,BS CS student at a mid-tier US university,The user explicitly identifies as a student at a non-ETH institution (a mid-tier US university) without mentioning any current or upcoming ETH affiliation.
Smart_Idea9035,unknown,,0.0,17,,no self-identifying statements found
Smart_Rooster_9687,unknown,,0.0,92,,no self-identifying statements found
Smart_Technology_433,decentral,department_or_lab,1.0,4,Im at ITET in my second year,"The user explicitly mentions being at ITET, which is a department or lab within ETH Zurich. The statement indicates a current affiliation with ETH Zurich."
Smephite,unknown,,0.0,6,,no self-identifying statements found
SmitherCH,unknown,,0.0,388,,no self-identifying statements found
SmoothEnjoyer,external_individual,student,0.8,8,a nice Spanish university,The user explicitly mentions studying at a non-ETH institution (a Spanish university) without any current or upcoming ETH affiliation.
SnackettiXD,unknown,,0.0,22,,no self-identifying statements found
Snake_Dog,unknown,,0.2,1,I also had to finance my studies myself and did work during the semester and the semester breaks.,The statement mentions studying and working during semesters but does not explicitly name any university or provide enough context to determine the affiliation. No clear evidence of ETH Zurich or another institution is present.
Snoo40710,unknown,,0.0,4,,no self-identifying statements found
SnooChipmunks2112,unknown,,0.0,6,,no self-identifying statements found
SnooGuavas6832,former_individual,student,0.6,1,I did my Master’s thesis there,"The statement refers to a past academic activity (Master’s thesis) without explicitly naming a current institution. Since the user is not currently affiliated with ETH Zurich or any other named institution, and the statement implies a prior affiliation, the classification is 'former_individual/student' with moderate confidence."
SnooLobsters6170,unknown,,0.0,6,,no self-identifying statements found
SnooObjections6532,decentral_individual,student,0.8,4,I’m looking to add a few courses for my master,"The statement implies the user is currently enrolled in a master's program. Since no other university is explicitly named and the default rule applies (mentioning study without naming a specific other university implies ETH Zurich), the affiliation is assumed to be ETH Zurich."
SnooPies7301,external_individual,student,1.0,17,I’m an Engineering Tech student at Group T KU Leuven,The user explicitly names a non-ETH institution (KU Leuven) as their current role with no mention of a current or upcoming ETH connection.
SnooRadishes3418,unknown,,0.0,15,,no self-identifying statements found
SnooRobots582,external_individual,student,0.8,228,both from global top 50 universities in Australia,"The user explicitly mentions studying at universities in Australia without naming ETH Zurich, and there is no indication of a current or upcoming ETH affiliation."
SnooSprouts9384,unknown,,0.0,34,,no self-identifying statements found
SnooSquirrels3902,unknown,,0.0,4,,no self-identifying statements found
SnooTomatoes5729,unknown,,0.0,511,,no self-identifying statements found
SnooTomatoes8722,unknown,,0.0,51,,no self-identifying statements found
SnooWoofers237,unknown,,0.0,26,,no self-identifying statements found
Snoo_90501,unknown,,0.0,1,,no self-identifying statements found
SnowEmbarrassed6407,unknown,,0.0,3,,no self-identifying statements found
SnowflakeGangster,external_individual,other,0.5,5,you're pursuing a Bachelor's Degree in Sweden; you've been working as a developer for two years in Norway,"The user mentions pursuing a degree in Sweden and working as a developer in Norway, but does not explicitly name ETH Zurich or any other specific university as their current affiliation. The statements imply an external affiliation, but without a named institution, the classification is 'other' under 'external_individual' with moderate confidence."
SoZur,unknown,,0.0,735,,no self-identifying statements found
SockNecessary9116,unknown,,0.0,3,,no self-identifying statements found
SofferPsicol,unknown,,0.0,845,,no self-identifying statements found
Soggy-Pin-1936,unknown,,0.0,114,,no self-identifying statements found
Solaire2991843,external_individual,student,0.5,1,I did biomedical now,"The user mentions studying biomedical but does not explicitly name a university. However, the absence of any mention of ETH Zurich and the focus on a current field of study (biomedical) implies an external affiliation."
Soldann,unknown,,0.0,1,,no self-identifying statements found
Some-Relationship774,decentral_individual,applicant,0.8,22,I am in the process of submitting my Visa D application for MSc study in ETH,"The user is in the process of applying to ETH for an MSc program, which matches the 'decentral_individual/applicant' category as they have applied to ETH but have not yet confirmed acceptance."
Some-Satisfaction-80,unknown,,0.0,2,,no self-identifying statements found
SomeGuyOnInternet7,former_individual,student,0.6,187,I did my Master's degree on LSTMs back in 2015,"The user mentions completing a Master's degree in the past, but does not explicitly name the institution. Since the degree is not tied to ETH Zurich and no other university is named, the classification defaults to 'former_individual/student' with moderate confidence."
Son_of_a-PreacherMan,unknown,,0.0,363,,no self-identifying statements found
Song_Forsaken,unknown,,0.0,1,,no self-identifying statements found
SoothingRain35,external_individual,student,1.0,21,"I‘m not an ETH student, but rather one at german university.","The user explicitly states they are a student at a non-ETH institution ('german university'), which qualifies as external_individual/student."
Sorcumalot,decentral_individual,student,0.8,12,I’m an exchange student in D-ITET for this semester,"The user is currently an exchange student at ETH Zurich's D-ITET department, which is a current affiliation at ETH. No external institution is named, and the role is explicitly tied to ETH Zurich."
Sorkeners,unknown,,0.0,3,,no self-identifying statements found
Sorry_Mushroom5493,unknown,,0.0,111,,no self-identifying statements found
Sorry_Warthog_4910,unknown,,0.0,82,,no self-identifying statements found
SoulOfSword_,unknown,,0.2,143,statements do not mention a specific university,The statements do not provide explicit or implicit evidence of a specific university affiliation. They mention 'university' in a general sense and do not name any institution.
SourDough99,unknown,,0.0,300,,no self-identifying statements found
SourProcessing,unknown,,0.0,2,,no self-identifying statements found
SpaceDebri,decentral_individual,student,1.0,54,I have only added my studies at eth zurich so far...,"The user explicitly mentions studying at ETH Zurich, which is the home institution. The statement indicates a current student role at ETH Zurich."
Spare-Twist-9574,unknown,,0.0,3,,no self-identifying statements found
Sparomat,unknown,,0.0,988,,no self-identifying statements found
Specialist-Appeal257,unknown,,0.0,4,,no self-identifying statements found
Specialist_Pop6500,unknown,,0.0,2,,no self-identifying statements found
Specific-Length-9783,unknown,,0.0,73,,no self-identifying statements found
SpeedCuber69,unknown,,0.0,319,,no self-identifying statements found
Spesolis421,unknown,,0.0,2,,no self-identifying statements found
Spielername124,unknown,,0.0,130,,no self-identifying statements found
Spielopoly,unknown,,0.0,67,,no self-identifying statements found
SpiritArchitect12,decentral_individual,student,0.8,55,"ich bin ersti, Ich stecke im Maschinenbau","The user identifies as 'ersti' (first-year student) and mentions being in 'Maschinenbau' (Mechanical Engineering), which is a field studied at ETH Zurich. No other university is named, and the context implies current enrollment at ETH Zurich."
Spirited_Scallion971,unknown,,0.0,18,,no self-identifying statements found
Spiritual-Freedom-20,external_individual,other,0.5,1,MIT,"The user mentions being selected to go to MIT, which is a non-ETH institution. There is no explicit current affiliation with ETH, and the statement refers to past events. The lack of current ETH connection and presence of a named non-ETH institution leads to classification as external_individual/other."
Spiritual-Hat0,unknown,,0.0,10,,no self-identifying statements found
Spiritual_Tailor7698,unknown,,0.2,24,btw you study at ETH?,"The statement is a question directed at someone else, not a self-identifying statement. There is no explicit or implicit evidence of the user's own university affiliation."
Sploter289,unknown,,0.0,33,,no self-identifying statements found
Square_Ad1103,unknown,,0.0,1,,no self-identifying statements found
Square_Target8391,unknown,,0.0,146,,no self-identifying statements found
Sree03,unknown,,0.0,1,,no self-identifying statements found
Srgaala,unknown,,0.0,7,,no self-identifying statements found
StEvUgnIn,unknown,,0.0,321,,no self-identifying statements found
Stan-stanman17,unknown,,0.0,1,,no self-identifying statements found
Standard_Monitor4291,decentral_individual,student,0.8,3,Some people are not supposed to be studying at eth (me included),"The statement explicitly mentions being a student at ETH Zurich, even though it is phrased sarcastically. The use of 'studying at eth' indicates a current affiliation with ETH Zurich."
Standard_Talk_4670,unknown,,0.0,7,,no self-identifying statements found
StarfireSoSo,decentral_individual,phd,1.0,1,I am a PhD student in Systems Group,"The statement explicitly identifies the user as a PhD student, and since the Systems Group is a department at ETH Zurich, this indicates a current affiliation with ETH Zurich."
StationDeer,unknown,,0.0,52,,no self-identifying statements found
StationNo6708,unknown,,0.0,799,,no self-identifying statements found
StationSad1229,unknown,,0.0,5,,no self-identifying statements found
StatisticianBusy5416,external_individual,other,0.8,11,working as a data scientist in a Finnish company,"The user is currently working in industry (as a data scientist) and has no explicit or implicit affiliation with ETH Zurich. Their education was completed at institutions in Bangladesh and Finland, and they are not currently affiliated with any university."
Stats_are_hard,external_individual,researcher,0.5,98,I am working as a biology researcher,"The statement mentions working as a researcher but does not explicitly name ETH Zurich or any other university. Since the user does not mention ETH Zurich or any other institution, the classification defaults to 'external_individual' with the subtype 'researcher' based on the role mentioned."
Status_Emu_5142,unknown,,0.0,13,,no self-identifying statements found
StefanFizyk,former_individual,student,0.8,1,studying at ETH,"The statement refers to past studying at ETH, indicating a former student affiliation."
Stefaniie0612,decentral_individual,student,0.8,2,switched over to ETH for my Masters,"The user explicitly mentions being at ETH for their Masters, indicating a current or ongoing affiliation with ETH Zurich."
StephWhatever100,unknown,,0.0,146,,no self-identifying statements found
Stev_OL123,unknown,,0.0,1,,no self-identifying statements found
Stock-Charity-9610,decentral_individual,student,1.0,1,I'm currently writing my Basisprüfungen,"The statement indicates the user is currently engaged in academic activities at ETH Zurich, as Basisprüfungen are part of the ETH Zurich curriculum."
Stomach_Academic,external_individual,other,0.5,5,I’ve moved here from the states,"The statement indicates a move from the United States but does not explicitly mention a university affiliation. However, the absence of any mention of ETH Zurich and the implication of being external (from the states) leads to the classification of 'external_individual/other' with moderate confidence."
Stonks71211,unknown,,0.0,125,,no self-identifying statements found
Straight_Turnip7056,unknown,,0.0,1178,,no self-identifying statements found
Stranger_Dude__,unknown,,0.0,27,,no self-identifying statements found
Street-Cover-2874,unknown,,0.0,8,,no self-identifying statements found
Street-Difficulty-42,decentral_individual,student,1.0,8,I’m in the 1st semester of my BSc at D-MAVT,"The user explicitly mentions being in their first semester of a BSc program at D-MAVT, which is a department at ETH Zurich. This indicates a current affiliation with ETH Zurich."
Street-Passenger8497,external_individual,student,1.0,29,I'm currently doing my bachelors at Erasmus Univeristy in Rotterdam,"The user explicitly states they are currently studying at Erasmus University in Rotterdam, which is a non-ETH institution. No mention of ETH Zurich or any current/upcoming ETH affiliation is present."
Street_Corgi2610,unknown,,0.0,90,,no self-identifying statements found
StrictRelationship52,unknown,,0.0,10,,no self-identifying statements found
Striking-Bank-5760,unknown,,0.0,48,,no self-identifying statements found
Striking-Desk-7345,unknown,,0.0,9,,no self-identifying statements found
Strivingformoretoday,unknown,,0.0,605,,no self-identifying statements found
Strong-Depth-4067,decentral_individual,student,0.9,4,I'm a new data science masters student,"The user explicitly states they are a new master's student, and no other university is mentioned. According to the rules, if a user mentions studying without naming a specific other university, ETH Zurich is assumed as the home institution."
Strong-Usual-6077,unknown,,0.0,2,,no self-identifying statements found
Strong_Individual223,unknown,,0.0,7,,no self-identifying statements found
Student_Hacks,unknown,,0.0,10,,no self-identifying statements found
StuffOpening9962,decentral_individual,student,1.0,54,I am an engineering master's student,"The user explicitly states they are an engineering master's student without mentioning any non-ETH institution. According to the rules, if a statement mentions studying without naming a specific other university, ETH Zurich is assumed as the home institution."
StuffPuzzleheaded689,decentral_individual,student,0.8,9,enrolling in the Data Science DAS next autumn semester,"The user explicitly mentions enrolling in a program at ETH Zurich (Data Science DAS), which indicates a current or upcoming affiliation with ETH Zurich."
Stuff_I_Made,unknown,,0.0,435,,no self-identifying statements found
StuffyDuckLover,unknown,,0.0,29,,no self-identifying statements found
Stunning-Scar-9907,unknown,,0.0,3,,no self-identifying statements found
Stunning_Calendar595,unknown,,0.0,3,,no self-identifying statements found
Subject_Elk_4762,former_individual,student,0.5,55,I have a bachelor’s degree (no-name) and a master’s degree (from a world top-10 university) on the way. I am supposed to graduate by august,"The user mentions having a bachelor’s degree from an unnamed institution and a master’s degree from a top-10 university, but does not explicitly name ETH Zurich or any other specific university. They also mention being on track to graduate, indicating a past or current student role. Since no current ETH affiliation is stated, and no other institution is explicitly named, the classification defaults to former_individual/student with moderate confidence."
Substantial-Concern7,unknown,,0.0,2,,no self-identifying statements found
Substantial-Leg-9000,decentral_individual,student,0.8,159,CS Bachelor,"The statement mentions studying for a Bachelor's degree in Computer Science, which implies current enrollment at ETH Zurich as per the subreddit default rule."
Substantial-Plate433,unknown,,0.0,28,,no self-identifying statements found
SubstantialGap7335,unknown,,0.0,118,,no self-identifying statements found
Substantial_Gur9431,unknown,,0.0,1,,no self-identifying statements found
Substantial_Mud7026,unknown,,0.0,220,,no self-identifying statements found
Successful_Bill_4607,unknown,,0.0,6,,no self-identifying statements found
Successful_Elk_3011,decentral_individual,student,0.9,9,studying at ETH,"The user explicitly states they are 'studying at ETH', which indicates a current affiliation with ETH Zurich. No other institution is mentioned, and the statement does not suggest a prior or concurrent affiliation with a non-ETH institution."
SuccotashCold7114,unknown,,0.0,192,,no self-identifying statements found
Such-Emotion3247,unknown,,0.0,273,,no self-identifying statements found
Such_Negotiation4683,unknown,,0.0,127,,no self-identifying statements found
Such_Return278,unknown,,0.0,1,,no self-identifying statements found
Sudden_Membership491,external_individual,other,0.5,9,I am a Ph.D. holder in Mathematics from India,"The user explicitly mentions holding a Ph.D. from India but does not name a specific university. Since no ETH affiliation is mentioned and the user is not currently affiliated with ETH Zurich, the classification defaults to external_individual/other due to lack of explicit ETH connection."
Sudden_Shopping_735,external_individual,student,0.5,166,The university I go to is a large state school,The user explicitly mentions attending a university but does not name ETH Zurich. The statement implies a non-ETH affiliation due to the description of a 'large state school' and absence of any mention of ETH Zurich.
Sufficient-Chef5785,external_individual,student,0.8,21,"I’m doing my bachelor in Germany, in the Technical University of Munich","The user explicitly names a non-ETH institution (Technical University of Munich) as their current role, with no current or upcoming ETH connection."
Sufficient-History71,unknown,,0.0,440,,no self-identifying statements found
Sufficient-Stay-7358,unknown,,0.0,42,,no self-identifying statements found
Sufficient-Treat-846,decentral_individual,student,1.0,95,I'll be doing masters from eth Zurich,"The user explicitly states they will be doing a master's at ETH Zurich, indicating a current or upcoming affiliation with ETH."
Sufficient-Wave1132,former_individual,student,0.8,46,BA and MSc student at ETH (back then),"The user explicitly mentions being a student at ETH in the past, indicating a former affiliation."
SufficientSpare9499,unknown,,0.0,1,,no self-identifying statements found
SuggestionSimple1850,unknown,,0.0,385,,no self-identifying statements found
SuisseTea,unknown,,0.0,266,,no self-identifying statements found
SuitableEye4785,unknown,,0.0,38,,no self-identifying statements found
Suitable_Anxiety208,unknown,,0.0,265,,no self-identifying statements found
SultanMJH,unknown,,0.0,3,,no self-identifying statements found
Sunflowerblue123,unknown,,0.0,1,,no self-identifying statements found
Superhero_889,external_individual,other,0.5,1,I hold a Master's degree in Computer Science from a Non-EU country,"The user mentions holding a Master's degree from a Non-EU country, which implies a non-ETH affiliation. However, no specific university is named, so the classification is based on the implicit signal that the degree is from an external institution."
SuperstarRockYou,decentral_individual,applicant,0.8,1,applied for Doctoral Fellowship in Landscape and Architecture studies in ETH Zurich for Fall 2024 entry,"The user explicitly states they have applied to ETH Zurich for a doctoral fellowship, which falls under the 'applicant' subtype under 'decentral_individual'."
Superultra_,unknown,,0.0,5,,no self-identifying statements found
SupposedToBeInTheLab,unknown,,0.2,5,No explicit or implicit mention of a university affiliation,"The statement does not provide any information about the user's current or past university affiliation. It only mentions contacting a supervisor and attaching transcripts, which is not sufficient to determine the user's institutional connection."
Sure-Chocolate-2946,unknown,,0.0,4,,no self-identifying statements found
Sure_Neighborhood_79,external_individual,student,0.5,8,Do you really study at ETH?,"The user is being questioned about studying at ETH, implying they may be affiliated with a different institution, but no explicit non-ETH affiliation is stated. This results in a moderate confidence level due to the implicit signal."
SusannaDeV,unknown,,0.0,1,,no self-identifying statements found
Suspicious-Ask-7231,decentral_individual,student,0.8,18,currently at the beginning of my second year at a Swiss university,"The user is currently enrolled at a Swiss university, but no specific institution is named. Since they are studying at a Swiss university and no other institution is explicitly mentioned, ETH Zurich is assumed as the default affiliation."
Suspicious-Form8724,unknown,,0.0,10,,no self-identifying statements found
Suspicious-Positive8,unknown,,0.0,13,,no self-identifying statements found
SuspiciousTea4224,unknown,,0.0,1219,,no self-identifying statements found
Suspicious_Jelly_398,unknown,,0.0,3,,no self-identifying statements found
Suspicious_Lawyer272,unknown,,0.0,39,,no self-identifying statements found
Suspicious_Season_26,unknown,,0.0,12,,no self-identifying statements found
Suspicious_Self8332,decentral,department_or_lab,1.0,78,ETH Zurich for those who know it,"The user explicitly mentions ETH Zurich as their current institution, indicating a decentral affiliation."
Suspicious_Wind_7978,unknown,,0.0,10,,no self-identifying statements found
SvrT_3108,unknown,,0.0,357,,no self-identifying statements found
SwaggingtonMcYolo,unknown,,0.0,1,,no self-identifying statements found
Sweet-Rutabaga-2606,unknown,,0.0,64,,no self-identifying statements found
Sweet_Reach8318,unknown,,0.0,8,,no self-identifying statements found
Swi_Pol_Eng_guy,unknown,,0.0,65,,no self-identifying statements found
Swiffertoy,unknown,,0.0,2,,no self-identifying statements found
SwimmingPen1458,decentral_individual,student,1.0,1,I am currently doing my chemistry bachelor at the ETH,"The user explicitly states they are currently enrolled in a bachelor's program at ETH Zurich, which matches the criteria for a decentral_individual/student."
Swimming_Ride_1143,unknown,,0.0,6,,no self-identifying statements found
Swiss-Smarties,unknown,,0.0,18,,no self-identifying statements found
SwissGifted,unknown,,0.0,127,,no self-identifying statements found
SwissLover2004,unknown,,0.0,54,,no self-identifying statements found
SwissNationalist48,unknown,,0.0,187,,no self-identifying statements found
Swiss_wow,unknown,,0.0,77,,no self-identifying statements found
Swissaliciouse,unknown,,0.0,87,,no self-identifying statements found
Swisscom8940,unknown,,0.0,83,,no self-identifying statements found
Swissgank,unknown,,0.0,129,,no self-identifying statements found
Sydon-X3,unknown,,0.0,26,,no self-identifying statements found
Syvisaur,unknown,,0.0,97,,no self-identifying statements found
Szuchy666,unknown,,0.0,3,,no self-identifying statements found
T0MOWN,decentral_individual,student,1.0,14,statements 1 and 3,"The user explicitly states they are currently studying CS at the bachelor level, which aligns with being a student at ETH Zurich. Statement 2 indicates interest in a master's program at ETH, but the current affiliation is clearly ETH Zurich based on the present tense and direct mention of studying at the bachelor level."
TD1248,unknown,,0.0,1,,no self-identifying statements found
TGD187,unknown,,0.0,171,,no self-identifying statements found
THE_CODING_ERA3791,external_individual,student,1.0,30,studying at Indian Institute of Technology,"The user explicitly states they are a student at the Indian Institute of Technology, which is a non-ETH institution, with no mention of ETH Zurich or any current/upcoming ETH affiliation."
TJuKj7WofKLzBZjt7w9t,unknown,,0.0,45,,no self-identifying statements found
TS925,decentral_individual,student,1.0,1,I’m an incoming bachelor student.,"The user explicitly states they are an incoming bachelor student, which indicates a current affiliation with ETH Zurich based on the subreddit default rule."
TZKP,unknown,,0.0,5,,no self-identifying statements found
TackomeiI,former_individual,student,0.8,17,I don't attend ETH anymore,"The user explicitly states they no longer attend ETH, indicating a former affiliation. The subtype 'student' is assumed based on the context of attendance, which is commonly associated with students."
Taikutsu4567,external_individual,student,0.8,38,I'm a 3rd year BSc student in computer science at TU Delft,"The user explicitly names TU Delft as their current institution, which is a non-ETH university. They also mention interest in ETH Zurich, but that is not their current affiliation."
Tajuja5,former_individual,student,0.6,20,I studied Biology (also at a different uni in CH),"The user mentions studying in the past and references a different university in Switzerland, but does not explicitly name it. This implies a former affiliation, likely as a student."
Tall-Touch-9964,unknown,,0.0,1,,no self-identifying statements found
Tall_Computer_4050,unknown,,0.0,2,,no self-identifying statements found
Tall_Ladder8399,decentral_individual,student,1.0,1,incoming international (Dutch) master student at ETH,"The user explicitly states they are an incoming master student at ETH Zurich, which is the home institution. This matches rule B (current or upcoming ETH affiliation), and the subtype is 'student'."
Tall_Yogurtcloset797,unknown,,0.0,7,,no self-identifying statements found
Tallbigboi,unknown,,0.0,1,,no self-identifying statements found
TankiniLx,unknown,,0.0,390,,no self-identifying statements found
Tarobubbly,external_individual,student,0.8,5,I got my Bachelor's in Chemistry from UC Berkeley,"The user explicitly names a non-ETH institution (UC Berkeley) as their current or past role, with no mention of a current or upcoming ETH affiliation."
TaskUnlikely99,unknown,,0.0,6,,no self-identifying statements found
Tasty-Bat9953,unknown,,0.0,26,,no self-identifying statements found
Tatay_17,unknown,,0.0,123,,no self-identifying statements found
Tautili,unknown,,0.0,79,,no self-identifying statements found
Technical_Spell2870,unknown,,0.0,17,,no self-identifying statements found
TechnoWho,unknown,,0.0,43,,no self-identifying statements found
TeeMug__,unknown,,0.0,24,,no self-identifying statements found
TemirTuran,decentral_individual,student,0.8,118,pursue my MSc,"The user mentions starting an MSc program in Zurich, which is strongly associated with ETH Zurich. No other university is named, and the statement implies a current or upcoming ETH affiliation."
Temporary-Contest-20,unknown,,0.0,296,,no self-identifying statements found
TemporaryConfusion53,unknown,,0.0,5,,no self-identifying statements found
Temporary_Ad2328,external_individual,student,0.8,45,I'm on an exchange program right now in Spain for another year,"The user explicitly mentions being on an exchange program in Spain, indicating a current affiliation with a non-ETH institution. No mention of ETH Zurich in the present or future, and the focus is on a program in Spain."
Temporary_Privacy,unknown,,0.0,424,,no self-identifying statements found
Tenebraxis,unknown,,0.0,104,,no self-identifying statements found
Tenn_essee,decentral_individual,student,0.8,19,I got in no problem,"The user implies they have been accepted to ETH Zurich, which qualifies them as a decentral_individual/student."
Tentacled_Whisperer,unknown,,0.0,357,,no self-identifying statements found
Th-Eben,unknown,,0.0,75,,no self-identifying statements found
That-Secret5932,decentral_individual,student,1.0,38,I will soon finish my CS masters degree from ETH. I am only an average ETH student,"The user explicitly mentions being a current student at ETH Zurich, with no indication of a non-ETH affiliation or past affiliation."
That_Agent1983,external_individual,student,0.8,359,upcoming UZH student,"The user explicitly mentions being an upcoming student at UZH, which is a non-ETH institution. No current or upcoming ETH affiliation is stated."
That_Walrus3455,unknown,,0.0,263,,no self-identifying statements found
The3dsTeoooo,unknown,,0.0,2,,no self-identifying statements found
TheAntisocialMuffin6,decentral_individual,student,1.0,3,Im in my first semester at ethz,"The user explicitly states they are in their first semester at ETH Zurich, indicating a current affiliation with ETH Zurich."
TheAthleticDiabetic,external_individual,other,0.5,31,studied physics with astrophysics to the undergrad level in the UK,"The user mentions studying in the UK but does not explicitly name a specific university. However, the statement implies a past affiliation with a non-ETH institution, which qualifies as 'external_individual/other' due to the lack of explicit ETH connection and the presence of a non-ETH educational background."
TheCoffeeNB,unknown,,0.0,178,,no self-identifying statements found
TheDerplessHerp,decentral_individual,postdoc,0.8,2,"Statements imply current involvement with ETH, such as advising on PhD applications and referencing a lab at ETH.","The user references advising on applying for a PhD at ETH and mentions being in a lab with PhD students, indicating a current affiliation with ETH. There is no explicit mention of a non-ETH institution as their current role, and the context aligns with a postdoc or researcher role at ETH."
TheDutchCardist,decentral_individual,student,1.0,127,I'm studying interdisciplinary Sciences (PCN) at the moment in my first year,"The statement explicitly mentions being a student at ETH Zurich (interdisciplinary Sciences PCN is a program offered by ETH Zurich). No other university is named, and the role is current."
TheGilrich,unknown,,0.0,72,,no self-identifying statements found
TheGraphicsFrog,unknown,,0.0,14,,no self-identifying statements found
TheInebriati,unknown,,0.0,239,,no self-identifying statements found
TheJacksy,decentral_individual,student,0.9,5,future CBB student,"The user mentions being a 'future CBB student,' which indicates a current or upcoming affiliation with ETH Zurich (CBB is a department at ETH). No external institution is named, and the mention of being a 'future student' aligns with the criteria for decentral_individual/student."
TheJoyfulEccentric,unknown,,0.2,15,No mention of university affiliation,The statements do not provide any information about the user's university affiliation or role.
TheLaylinette,external_individual,student,0.6,1,Coming from a Bachelor degree in Canada,"The user mentions a Bachelor degree obtained in Canada, which is a non-ETH institution. There is no explicit mention of ETH Zurich or any other Swiss university in the current role. The statement implies a past or external affiliation, and no current ETH connection is indicated."
TheMehGamer,decentral_individual,student,1.0,47,I'm a MSC student at ETH and also did my bachelor's here.,"The user explicitly states they are a current MSC student at ETH Zurich, which is the home institution. The mention of having done their bachelor's here does not override the current affiliation."
TheMexxx,unknown,,0.0,1,,no self-identifying statements found
TheQuantixXx,unknown,,0.0,728,,no self-identifying statements found
TheRealDeal2024,decentral_individual,student,1.0,57,I got accepted to the Msc Robotics program,"The user explicitly states they were accepted to a master's program, which under the rules implies a current or upcoming ETH affiliation. No other university is named, and ETH is the default institution for r/ethz posts."
TheRealEmmek6,unknown,,0.0,47,,no self-identifying statements found
TheRealRyuuko,unknown,,0.0,47,,no self-identifying statements found
TheRealSaerileth,unknown,,0.0,555,,no self-identifying statements found
TheRedditofJaming,unknown,,0.0,1,,no self-identifying statements found
TheSK_001,unknown,,0.0,10,,no self-identifying statements found
TheSquire8221,unknown,,0.0,40,,no self-identifying statements found
TheTomatoes2,decentral,,0.5,2216,"I'm from ETH, the top 7 university in the world","The user explicitly identifies with ETH Zurich, which is the home institution. The statement does not mention any other university or a past affiliation, and the tone suggests current affiliation with ETH."
TheVivek,former_individual,student,0.6,11,When I finished the bachelors,"The statement refers to a past action (finished the bachelors), indicating the user is no longer a student. Since no specific university is mentioned, the classification defaults to 'former_individual/student' with moderate confidence based on the implicit signal of completion."
The_Gobi_1,unknown,,0.0,634,,no self-identifying statements found
The_Ph03n1x_F1r3,unknown,,0.0,56,,no self-identifying statements found
The_Reto,unknown,,0.0,31,,no self-identifying statements found
The_Russian_Racoon,decentral_individual,student,0.9,3,I am currently doing my second semester of masters,"The user explicitly mentions being in their second semester of a master's program, which indicates they are currently enrolled at ETH Zurich as per the subreddit default rule."
Thebosonsword,unknown,,0.0,152,,no self-identifying statements found
Thehockeyplayer,unknown,,0.0,1,,no self-identifying statements found
Then_Magician1002,unknown,,0.0,13,,no self-identifying statements found
These-Machine-253,unknown,,0.0,11,,no self-identifying statements found
TheseHoesAintLoyal01,unknown,,0.0,62,,no self-identifying statements found
These_Honeydew_2570,unknown,,0.0,2,,no self-identifying statements found
Thiagoalbu,unknown,,0.0,386,,no self-identifying statements found
Thick-Revenue-5342,unknown,,0.0,1,,no self-identifying statements found
ThickMathematician0,unknown,,0.0,3,,no self-identifying statements found
ThickShift40,unknown,,0.0,14,,no self-identifying statements found
This-Proof-5195,unknown,,0.0,2,,no self-identifying statements found
This_One_Guy2,unknown,,0.0,344,,no self-identifying statements found
Thoaishea,unknown,,0.0,7,,no self-identifying statements found
ThomasJAsimov,unknown,,0.0,5,,no self-identifying statements found
ThomasP2000,unknown,,0.0,2,,no self-identifying statements found
Thomas_KT,external_individual,student,0.5,442,I'm now 22 and in University for Aerospace Engineering,"The statement mentions being a student in 'University for Aerospace Engineering' but does not explicitly name ETH Zurich or any other specific institution. Since the user is not explicitly stating ETH Zurich as their current affiliation, and no other institution is named, the classification defaults to external_individual with a confidence of 0.5."
Thomas_Steiner_1978,unknown,,0.0,356,,no self-identifying statements found
ThorusBonus,unknown,,0.0,178,,no self-identifying statements found
Thresh_will_q_you,unknown,,0.0,14,,no self-identifying statements found
ThrowRA_Paul98,former_individual,student,0.8,40,After two years at ETH,"The user explicitly mentions having spent two years at ETH, indicating a past affiliation. They now mention considering a Fachhochschule (FH), which is a non-ETH institution, but this is framed as a future consideration, not a current role. Since the current role is not explicitly named, and the ETH affiliation is in the past, the classification is 'former_individual/student'."
ThrowRAunimess99,unknown,,0.0,1,,no self-identifying statements found
ThrowRaTranslator,external_individual,other,0.8,9,"statements 2 and 3 mention PSL university and Sorbonne, respectively",The user explicitly names non-ETH institutions (PSL university and Sorbonne) as their current or past affiliations without mentioning any current or upcoming ETH connection.
ThrowayGigachad,unknown,,0.0,1058,,no self-identifying statements found
TiPrincess,former_individual,student,0.5,189,I studied chemistry,"The user mentions studying chemistry in the past, but does not specify a current affiliation or mention ETH Zurich explicitly. Since the statement does not provide evidence of a current or upcoming ETH affiliation, and the user does not name another institution, the classification defaults to 'former_individual/student' based on the past study activity."
TiSapph,unknown,,0.0,115,,no self-identifying statements found
Tia_Scholar11,unknown,,0.0,82,,no self-identifying statements found
Tierriminator,former_individual,student,0.8,1,Habe vor zwei Jahren meinen Master abgeschlossen,"The statement indicates that the user completed their Master's degree two years ago, which implies a former affiliation as a student."
Tight-Implement-4988,decentral_individual,student,1.0,1,plan to begin studying Computer Science at ETHZ in September 2025,"The user explicitly states their intention to begin studying at ETH Zurich (ETHZ) in September 2025, which qualifies as a current or upcoming ETH affiliation. This takes precedence over any past or concurrent roles (e.g., software engineer or full-time work)."
Tight_Guidance_5597,former_individual,student,0.8,2,I recently finished my degree at ETH,"The user explicitly mentions finishing their degree at ETH, indicating a former affiliation as a student."
Tight_Net7260,unknown,,0.0,2,,no self-identifying statements found
Tight_Remote_1571,unknown,,0.0,27,,no self-identifying statements found
Tiiimmoo,unknown,,0.0,10,,no self-identifying statements found
Timber_77,unknown,,0.0,4,,no self-identifying statements found
Time-Comfortable489,unknown,,0.0,25,,no self-identifying statements found
Time-Measurement-778,decentral_individual,student,1.0,5,I recently started at ETHZ,"The user explicitly states they have recently started at ETH Zurich, indicating a current affiliation with ETH."
Time-Tension-4891,former_individual,student,0.7,1,I was in the data science masters program,"The statement refers to a past role (""was in"") in a master's program, which implies the user is no longer affiliated with ETH Zurich. Since no other institution is named, and the context is academic, the default assumption is ETH Zurich, making the voice type 'former_individual' with subtype 'student'."
Timely-Yam7702,unknown,,0.0,1,,no self-identifying statements found
Tiny-Web9536,unknown,,0.0,4,,no self-identifying statements found
Tired_science_gal_61,external_individual,phd,0.6,7,IMPRS PhD program in Munich,"The user mentions an IMPRS PhD program in Munich, which is a non-ETH institution. There is no explicit mention of ETH Zurich or any current ETH affiliation. The statement implies a current application or interview process for a PhD at a non-ETH institution."
TitanTraffic,unknown,,0.0,11,,no self-identifying statements found
TittyStClaire,unknown,,0.0,1445,,no self-identifying statements found
ToBe1357,unknown,,0.0,294,,no self-identifying statements found
ToboPotato,unknown,,0.0,18,,no self-identifying statements found
Tobyey,external_individual,student,0.5,322,friend who switched from ETH CS to Uni CS,"The user mentions a friend who switched from ETH CS to a different university (referred to as 'Uni CS'), indicating that the friend is currently affiliated with a non-ETH institution. The user themselves does not explicitly state their own affiliation, but the context implies they may be external or unknown. However, the presence of a named non-ETH institution (Uni) in the context of a current role (student) provides a moderate signal for external_individual."
Todesnachti,unknown,,0.0,18,,no self-identifying statements found
Tom1380,decentral_individual,applicant,0.8,264,I'm applying for the Computer Science master's,"The user explicitly states they are applying for a master's program at ETH Zurich (implied by context of r/ethz), which matches the 'applicant' subtype under 'decentral_individual'."
TomPistola,unknown,,0.0,6,,no self-identifying statements found
Tomathor13,unknown,,0.0,15,,no self-identifying statements found
Tomisido,unknown,,0.0,42,,no self-identifying statements found
Tomlishorn2128,unknown,,0.0,30,,no self-identifying statements found
Tomurs,unknown,,0.0,4,,no self-identifying statements found
Tony0695,unknown,,0.0,209,,no self-identifying statements found
TopSoft9645,unknown,,0.0,11,,no self-identifying statements found
Top_Budget_9947,decentral_individual,phd,1.0,28,"I am a PhD student (24,m) at ETH Zurich.","The user explicitly states they are a PhD student at ETH Zurich, which is the home institution."
Top_Technician7675,unknown,,0.0,46,,no self-identifying statements found
TortoisesSlap,external_individual,student,0.8,234,studying at ZHAW,"The user explicitly names ZHAW as their current institution of study, which is a non-ETH university. No current or upcoming ETH affiliation is mentioned."
ToshiakiTakenori,external_individual,student,1.0,21,"I am a master student, major in Information and Communications at a Tokyo Tech","The user explicitly names Tokyo Tech as their current institution, which is a non-ETH university. No mention of ETH affiliation or connection."
TotalWorker,unknown,,0.0,1,,no self-identifying statements found
TotallyNotVikiNg,unknown,,0.2,32,No explicit university affiliation mentioned,"The user mentions self-studying German and intending to apply to ETH Zurich in the future, but does not currently have a university affiliation. No current role or enrollment at any institution is stated."
Tottybox,unknown,,0.0,131,,no self-identifying statements found
TouchGrasso,external_individual,student,1.0,70,I'm entering my 3rd year of a Bachelor as an international student at UCL in London.,"The user explicitly states they are a student at UCL in London, which is a non-ETH institution, and there is no mention of any current or upcoming ETH affiliation."
Tough-Celebration-80,decentral_individual,student,0.8,7,ich bin aktuell im letzten Schuljahr und gehe daher nächstes Jahr studieren,"The user mentions they will start studying next year, but does not name a specific university. According to the rules, if a user mentions studying without naming a specific other university, ETH Zurich is assumed as the home institution."
ToxicCooper,unknown,,0.0,1730,,no self-identifying statements found
ToxicTop2,unknown,,0.0,232,,no self-identifying statements found
Traditional-Nail-720,unknown,,0.0,2,,no self-identifying statements found
Traditional_Pear_425,decentral_individual,student,0.9,2,D-MATH,"The mention of 'D-MATH' refers to a department at ETH Zurich. The user is looking for a master thesis, which implies they are currently enrolled or accepted at ETH Zurich."
Traditional_Pen_3698,unknown,,0.0,379,,no self-identifying statements found
TrainerCivil,unknown,,0.0,31,,no self-identifying statements found
Training-Area6316,decentral_individual,student,0.7,130,next year I'll start university,"The user mentions starting university next year but does not specify an institution. Since they are starting university and no external institution is named, the default assumption is ETH Zurich."
Training-Argument-58,external_individual,student,0.8,59,"statements 1, 2, 3, and 4","The user explicitly identifies as a student at EPFL (statements 2 and 3) and mentions starting a bachelor’s at UZH (statement 4). However, the current role is at EPFL, which is a non-ETH institution. The mention of starting at UZH does not override the current affiliation at EPFL, which is external to ETH Zurich."
Training-Bake-4004,external_individual,other,0.5,259,I managed a similar transition after my PhD in bio,"The statement mentions a PhD but does not specify the institution. Since no ETH affiliation is mentioned and the user is not explicitly stated to be affiliated with ETH Zurich, the classification defaults to external_individual/other with moderate confidence."
Training-Jaguar-901,unknown,,0.0,1,,no self-identifying statements found
Training-Upstairs518,unknown,,0.0,55,,no self-identifying statements found
Training_Listen_1449,unknown,,0.0,12,,no self-identifying statements found
TransportationFast50,external_individual,student,0.8,86,masters in data science and machine learning from national technical university of Athens,"The user explicitly names a non-ETH institution (National Technical University of Athens) as their current role, with no mention of a current or upcoming ETH connection."
TrashAdvanced84,unknown,,0.0,1,,no self-identifying statements found
Traumbaguette2,unknown,,0.0,316,,no self-identifying statements found
Traveller-2001,unknown,,0.0,5,,no self-identifying statements found
Trendios,unknown,,0.0,69,,no self-identifying statements found
TribeWars,unknown,,0.0,56,,no self-identifying statements found
TriboarHiking,unknown,,0.0,257,,no self-identifying statements found
Trick_Horse_13,unknown,,0.0,488,,no self-identifying statements found
TrickyBench,former_individual,student,0.6,13,When i was studying,"The statement refers to a past experience of studying, indicating the user was a student at some point, but does not explicitly name a current or past institution. Based on the context, the user is likely referring to a past affiliation, and since no specific university is named, 'former_individual/student' is the most appropriate classification with moderate confidence."
TrickyEstate6128,unknown,,0.0,7,,no self-identifying statements found
Tricky_Poetry847,unknown,,0.0,744,,no self-identifying statements found
Triple_L_Master,unknown,,0.0,45,,no self-identifying statements found
Tritiumoxid,unknown,,0.0,3,,no self-identifying statements found
TrofimS,unknown,,0.0,39,,no self-identifying statements found
Troste69,unknown,,0.0,20,,no self-identifying statements found
True_Cupcake2634,external_individual,student,0.7,12,Habe meinen Bachelor an der RWTH gemacht,"The user explicitly mentions studying a bachelor's degree at RWTH, a non-ETH institution, without indicating a current or upcoming ETH affiliation. This satisfies the criteria for 'external_individual/student'."
TrumpfBuur,unknown,,0.0,1,,no self-identifying statements found
Trzyq0712,unknown,,0.0,3,,no self-identifying statements found
Tsgoat,unknown,,0.0,360,,no self-identifying statements found
TuDictator,decentral_individual,phd,1.0,4,I am a recent PhD student at ETHZ.,"The user explicitly states they are a PhD student at ETH Zurich, which is the home institution."
Turbulent-Freedom325,decentral_individual,student,1.0,1,I'm starting my first year in the MSc in Spatial Development and Infrastructure Systems program,"The user explicitly mentions starting their first year in an MSc program at ETH Zurich, which is the home institution. This indicates a current affiliation with ETH Zurich."
Turbulent-Point-3341,unknown,,0.0,1,,no self-identifying statements found
Turbulent_Koala8281,unknown,,0.0,1,,no self-identifying statements found
TurnAdministrative60,unknown,,0.0,4,,no self-identifying statements found
Tuscany_kangale564,unknown,,0.0,430,,no self-identifying statements found
TwoAffectionate2965,unknown,,0.0,223,,no self-identifying statements found
TwoJarl7,unknown,,0.0,17,,no self-identifying statements found
Typical-Weather1254,unknown,,0.0,10,,no self-identifying statements found
Typical_North5046,decentral_individual,student,1.0,42,Hey 2. semester CSE here,"The statement explicitly mentions being in the second semester of a program (CSE), which indicates a current student status at ETH Zurich based on the subreddit default rule."
UC-Cali05,unknown,,0.0,6,,no self-identifying statements found
USRplusFan,unknown,,0.0,539,,no self-identifying statements found
Ue-De-yeh,unknown,,0.0,37,,no self-identifying statements found
Ukula_69,decentral_individual,student,1.0,4,2nd year ITET student here,"The user explicitly mentions being a student in their second year at ITET, which is a program at ETH Zurich. This indicates a current affiliation with ETH Zurich."
Ultimate260,unknown,,0.0,3,,no self-identifying statements found
UnableLettuce344,unknown,,0.0,72,,no self-identifying statements found
UncharteredComic,unknown,,0.0,4,,no self-identifying statements found
Unconv_mob_24,unknown,,0.0,43,,no self-identifying statements found
UnderstandingNo8613,unknown,,0.0,4,,no self-identifying statements found
Unhappy-Froyo8828,external_individual,other,0.5,7,I did my undergraduate in Germany.,"The user mentions studying in Germany but does not specify a particular university. Since no ETH affiliation is mentioned and the statement refers to a past degree, it is classified as external_individual/other with moderate confidence."
Unhappy_Doubt_355,unknown,,0.0,106,,no self-identifying statements found
UniqGamora,unknown,,0.0,7,,no self-identifying statements found
Unique_username_7171,unknown,,0.0,9,,no self-identifying statements found
University_Routine,unknown,,0.0,6,,no self-identifying statements found
Unlucky-Camp-7668,unknown,,0.0,70,,no self-identifying statements found
Unlucky-Increase-732,unknown,,0.0,4,,no self-identifying statements found
UnluckyInvestment893,decentral_individual,phd,1.0,51,I’m staring my PhD next month; I am starting my PhD next month; I am doing a PhD in an engineering faculty,"The user explicitly mentions starting a PhD next month and is currently engaged in a PhD program. Since no specific non-ETH university is named and the statement aligns with ETH Zurich's default assumption (no external institution is mentioned), the affiliation is assumed to be ETH Zurich."
Unnaturalempathy,decentral_individual,postdoc,1.0,7,I moved to Switzerland for my postdoc at ETH,"The statement explicitly mentions a current postdoc role at ETH Zurich, which is the home institution."
Unusual-Hippo1,unknown,,0.0,33,,no self-identifying statements found
Upbeat_Hat1089,external_individual,student,0.8,50,I was a master student from an Italian uni,The user explicitly identifies as a student from a non-ETH institution (an Italian university) without mentioning any current or upcoming ETH affiliation. The use of past tense ('was') indicates this is not a current affiliation.
UphillTowardsTheSun,unknown,,0.0,751,,no self-identifying statements found
Upper-State-1003,unknown,,0.0,17,,no self-identifying statements found
Upper_Poem_3237,unknown,,0.0,256,,no self-identifying statements found
Upset-Crazy-4913,decentral_individual,student,0.8,8,ETHs low tuition fees and the fact that it is a 2 year program makes it the most interesting choice,"The user is considering studying at ETH, which is the home institution. They have not explicitly named a non-ETH institution as their current role, and the statement indicates interest in enrolling at ETH, which qualifies as a current or upcoming ETH affiliation."
Upset_Appointment_89,external_individual,student,1.0,2,"Hello, I'm a physics student at EPFL","The user explicitly states they are a student at EPFL, a non-ETH institution, with no mention of a current or upcoming ETH affiliation."
Upset_Quiet_8907,unknown,,0.0,94,,no self-identifying statements found
Upstairs-Chest6736,decentral_individual,student,0.8,2,I'm still deciding if I'm gonna start Pharmazeutische Wissenschaften this Fallsemester,"The statement indicates the user is considering starting a program (Pharmazeutische Wissenschaften) at ETH Zurich, which is the default institution for r/ethz posts. No other university is explicitly named, and the context implies a current or upcoming ETH affiliation."
Upstairs-Chipmunk579,unknown,,0.0,11,,no self-identifying statements found
Upstairs_Occasion_86,unknown,,0.0,3,,no self-identifying statements found
Ur_M0m_420_,unknown,,0.0,2,,no self-identifying statements found
Uranium_Donut_,unknown,,0.0,247,,no self-identifying statements found
Used-Implement9108,decentral_individual,student,1.0,5,I'm already accepted and registered starting September 2024; I got accepted to MSc at ETHZ; I'm going to do MSc Bioinformatics at ETHZ,"The user explicitly states they are accepted and registered at ETHZ for an upcoming MSc program, which confirms a current or upcoming ETH affiliation. This matches rule B in the decision tree, and the subtype 'student' is appropriate for an MSc program."
Usual-Royal1804,external_individual,other,0.5,11,apprenticeship with a Federal Diploma in an industrial R&D environment,"The user is currently in an apprenticeship and has no explicit current or upcoming ETH affiliation. They mention thinking about attending ETH in two years, but this is not a confirmed current or upcoming affiliation. The evidence points to an external individual with no clear ETH connection at the moment."
UsualPhysics8462,unknown,,0.0,10,,no self-identifying statements found
Usual_Opposite_5022,decentral_individual,student,1.0,3,First year student here! I'm an international student,"The user explicitly identifies as a 'first year student' at ETH Zurich, which is the default assumption when no other institution is named and the context is r/ethz."
VINX1988,unknown,,0.0,58,,no self-identifying statements found
Valentin_el_Patron,unknown,,0.0,3,,no self-identifying statements found
Valfaros,unknown,,0.0,12,,no self-identifying statements found
Vallaaris,unknown,,0.0,4,,no self-identifying statements found
Valuable-Still-3187,unknown,,0.0,1304,,no self-identifying statements found
Valuevow,unknown,,0.0,78,,no self-identifying statements found
VanDerRohesome,unknown,,0.0,5,,no self-identifying statements found
Vanessa1502,unknown,,0.0,3,,no self-identifying statements found
VanillaTrue452,external_individual,phd,1.0,5,I'll be starting my PhD journey this October in Enschede (university of Twente)!,"The user explicitly names a non-ETH institution (University of Twente) as their current role (starting PhD), with no mention of ETH affiliation."
Various_Biscotti_147,unknown,,0.0,1,,no self-identifying statements found
Varun5621,unknown,,0.0,826,,no self-identifying statements found
Vashym,unknown,,0.0,5,one time i heard an eth professor,downgraded: external_individual confidence 0.20 below threshold
Vast-Rock-4512,decentral_individual,applicant,0.7,2,I’m planning to apply for a Bachelor's program at ETH Zurich,"The user explicitly states they are planning to apply to ETH Zurich, which indicates a current application status. This falls under 'decentral_individual/applicant' as per the decision tree."
Vast-Signature-8138,unknown,,0.0,30,,no self-identifying statements found
VastStandard6769,external_individual,,0.5,449,"previous one (university, stay for 5.5 years)","The statement refers to a previous university affiliation without explicitly naming ETH Zurich or any other institution. The user is not currently affiliated with ETH, and the evidence points to a past university role, which classifies them as external_individual/employee_or_alumni."
Vdog1206,unknown,,0.0,4,,no self-identifying statements found
VeganBaguette,unknown,,0.0,147,,no self-identifying statements found
Vegetable-Brother-31,unknown,,0.0,9,,no self-identifying statements found
VegetableBike3537,unknown,,0.0,2,,no self-identifying statements found
VegetableSea7044,unknown,,0.0,244,,no self-identifying statements found
Vegetable_Collar_565,unknown,,0.0,2,,no self-identifying statements found
Vegetable_Meal_1781,unknown,,0.0,10,,no self-identifying statements found
Vemba13,unknown,,0.0,1,,no self-identifying statements found
Venomfenz,unknown,,0.0,4,,no self-identifying statements found
Vergnossworzler,unknown,,0.0,223,,no self-identifying statements found
VermicelliStill7625,external_individual,student,0.7,17,Currently I am doing my masters in Physics at a European university.,"The user explicitly states they are currently studying at a European university without naming ETH Zurich, and there is no mention of ETH affiliation."
Versailles_ro,decentral_individual,student,0.8,7,I’m going to move to Zurich to start my international and comparative law.,"The statement indicates the user is starting a program (international and comparative law) at ETH Zurich, as it is implied to be the institution in Zurich without naming another university. The use of 'start' suggests a current or upcoming affiliation with ETH Zurich."
VeterinarianOk6275,unknown,,0.0,18,,no self-identifying statements found
VeterinarianTight102,external_individual,student,0.8,7,I'm an external student who has been actively enquiring about doing a Masters Thesis at some ETH Labs.,"The user explicitly identifies as an 'external student,' indicating they are not currently affiliated with ETH Zurich. They are seeking to do a thesis at ETH Labs, but this does not imply current affiliation with ETH."
Viking_Chemist,unknown,,0.0,517,,no self-identifying statements found
Vincenz0ne,decentral_individual,student,0.8,13,I would have lectures at the ETH central building,The statement 'I would have lectures at the ETH central building' indicates that the user is currently a student at ETH Zurich. The other statements do not provide evidence of a non-ETH affiliation or a past affiliation.
Virgilontheway,unknown,,0.0,3,,no self-identifying statements found
Virtual-Emergency737,unknown,,0.0,634,,no self-identifying statements found
Virtual-Hold5099,unknown,,0.0,11,,no self-identifying statements found
VirtualPanic6798,unknown,,0.0,13,,no self-identifying statements found
Virtual_Decision_898,unknown,,0.0,88,,no self-identifying statements found
Virtual_Yoghurt_5300,unknown,,0.0,19,,no self-identifying statements found
VirusTechnical69,unknown,,0.2,6,I live there,The statement does not provide any information about the user's university affiliation or role.
VisibleWindow505,decentral_individual,phd,1.0,1,now doing a phd at ETH,"The user explicitly states they are currently doing a PhD at ETH Zurich, which takes precedence over their prior affiliation with TUM."
Visual-Set-2736,unknown,,0.0,4,,no self-identifying statements found
Visual_Ordinary9826,unknown,,0.0,9,,no self-identifying statements found
Voda06,unknown,,0.0,2,,no self-identifying statements found
Volameter,external_individual,student,0.8,3,I currently study Pharmacy at a Swiss University (University of Bern),"The user explicitly names the University of Bern as their current institution, which is a non-ETH university. This satisfies the condition for 'external_individual' with the subtype 'student'."
VonDueCH,unknown,,0.0,318,,no self-identifying statements found
Vontaxis,unknown,,0.0,304,,no self-identifying statements found
VoyagerViaPasserby,unknown,,0.0,3,,no self-identifying statements found
VulpesVulpes001,unknown,,0.0,11,,no self-identifying statements found
W47erM01e,decentral_individual,student,1.0,10,I am a first year Master's student from D-MAVT,"The user explicitly states they are a first-year Master's student at D-MAVT, which is a department at ETH Zurich. This indicates a current ETH affiliation."
WEAluka,former_individual,student,0.8,775,Stepping out of ETHZ with a degree,"The statement 'Stepping out of ETHZ with a degree' indicates that the user has graduated from ETH Zurich, which classifies them as a former student."
WZZ410A,unknown,,0.0,46,,no self-identifying statements found
Wacern,decentral_individual,student,0.8,7,Admitted to the Science Technology and Policy Master,"The user explicitly mentions being admitted to a master's program at ETH Zurich (implied by the context of the subreddit and the program name), which indicates a current or upcoming ETH affiliation. This satisfies condition B of the decision tree, leading to 'decentral_individual/student'."
Walk_EmDown,unknown,,0.0,2,,no self-identifying statements found
Waltekin,unknown,,0.0,111,,no self-identifying statements found
Warm-Discipline6414,unknown,,0.0,5,,no self-identifying statements found
Warm_Advantage_2337,unknown,,0.0,2,,no self-identifying statements found
Warm_Theory_9145,unknown,,0.0,9,,no self-identifying statements found
Warm_Tough_4290,unknown,,0.0,12,,no self-identifying statements found
Waste-Rope-9724,unknown,,0.0,1044,,no self-identifying statements found
WatchmeDoc,unknown,,0.0,4,,no self-identifying statements found
Wavernky,external_individual,student,1.0,36,I am currently finishing my bachelor in mechanical engineering at EPFL,"The user explicitly states they are currently finishing their bachelor's degree at EPFL, a non-ETH institution, with no mention of a current or upcoming ETH affiliation."
Wayne-420,external_individual,student,0.8,263,IIT Kharagpur (3rd in the Country for Engineering),"The user explicitly names a non-ETH institution (IIT Kharagpur) as their current affiliation, with no mention of ETH Zurich or any upcoming connection to it."
WeWaagh,unknown,,0.0,33,,no self-identifying statements found
Weak_Tea_5505,unknown,,0.0,1,,no self-identifying statements found
Weak_Tone8326,unknown,,0.0,5,,no self-identifying statements found
WeaknessDistinct4618,external_individual,other,0.5,2,I work for one of them.,"The statement is vague and does not explicitly name a university, but it implies affiliation with an external institution (""one of them""), which is not ETH Zurich. This is a weak signal for external affiliation."
Weary-Novel-440,unknown,,0.0,1,,no self-identifying statements found
Weary-Television3170,unknown,,0.0,1,,no self-identifying statements found
WeightPurple4515,unknown,,0.0,136,,no self-identifying statements found
WeirdBalloonLights,unknown,,0.0,131,,no self-identifying statements found
Weird_Internal9607,unknown,,0.0,61,,no self-identifying statements found
Weirdoonline42,decentral_individual,student,1.0,3,I'm a maths B.Sc student finishing 5th sem.,"The user explicitly states they are a student, and since no other university is mentioned, ETH Zurich is assumed as the home institution."
Welcie,unknown,,0.0,3,,no self-identifying statements found
West-Instruction-577,external_individual,student,0.5,8,I studied in both institutions before.,"The statement mentions studying in 'both institutions' but does not explicitly name any specific non-ETH institution as the current role. However, the use of 'studied' implies a past affiliation, and the lack of any explicit current ETH affiliation leads to the classification of 'external_individual' with a subtype of 'student' based on the implicit signal."
WesternMost993,unknown,,0.0,247,,no self-identifying statements found
Western_Gear5643,unknown,,0.0,16,,no self-identifying statements found
Wew1800,decentral_individual,student,1.0,78,study at eth,"The statement explicitly mentions 'study at eth', indicating a current student affiliation with ETH Zurich."
WhichConcentrate9451,unknown,,0.0,14,,no self-identifying statements found
Which_Guess_2429,unknown,,0.0,35,,no self-identifying statements found
WhiskeyDolphine,unknown,,0.0,1,,no self-identifying statements found
White_TCR,unknown,,0.0,39,,no self-identifying statements found
Whole-Discount-8770,unknown,,0.0,2,,no self-identifying statements found
Whole-Library-59,unknown,,0.0,1,,no self-identifying statements found
Whole_Bad_3819,external_individual,student,0.8,5,graduated with a bachelor's in electrical engineering in Canada,"The user explicitly mentions graduating from a Canadian institution, which is not ETH Zurich. There is no mention of ETH Zurich in the current or past roles, and the focus is on a completed degree from an external university."
Whole_Chemical_6470,unknown,,0.0,14,,no self-identifying statements found
Whole_Entrance7619,unknown,,0.0,7,,no self-identifying statements found
Whole_Leadership_100,unknown,,0.0,6,,no self-identifying statements found
WhyNotCollegeBoard,unknown,,0.0,7002,,no self-identifying statements found
Wichu04,unknown,,0.0,98,,no self-identifying statements found
Wide-Run6554,unknown,,0.0,31,,no self-identifying statements found
Wide_Ad_9129,unknown,,0.0,1,,no self-identifying statements found
WildlifePhysics,external_individual,researcher,0.8,157,"statements 1, 2, 3","The user explicitly mentions having research experience at MIT and EPFL/ETH labs, but also states they did their PhD in physics at MIT. Since they are not currently affiliated with ETH Zurich and their current role is not specified, they are classified as external_individual/researcher."
Willing-Tomorrow-380,unknown,,0.0,4,,no self-identifying statements found
WindowAromatic6228,unknown,,0.0,33,,no self-identifying statements found
Wise-Command2807,external_individual,student,0.8,15,I’m a student at the UZH in the 2. semester,"The user explicitly states they are a student at UZH (University of Zurich), which is a non-ETH institution. This satisfies the condition for 'external_individual' with the subtype 'student'."
Wise-Newspaper7926,unknown,,0.0,1,,no self-identifying statements found
WiseSpread4435,unknown,,0.0,115,,no self-identifying statements found
Wise_whisper_,unknown,,0.0,13,,no self-identifying statements found
WiselyIndeed,unknown,,0.0,5,,no self-identifying statements found
WishboneNo4583,decentral_individual,student,0.8,17,I’m studying psychology,"The user mentions studying without naming a specific university. According to the rules, if a statement mentions studying without naming a specific other university, assume ETH Zurich."
Witty-Direction6756,decentral_individual,applicant,0.8,1,I want to apply for a PhD here,"The user explicitly states their intention to apply for a PhD at ETH Zurich, which is the home institution. This indicates a current application status without confirmation of acceptance, fitting the 'applicant' subtype under 'decentral_individual'."
Witty-Tie4172,unknown,,0.0,85,,no self-identifying statements found
Witty_Reality_7065,decentral_individual,student,1.0,2,enrolled in the electrical engineering program at D-ITET,"The user explicitly states they are currently enrolled in a program at D-ITET, which is a department at ETH Zurich. This confirms a current ETH affiliation."
WizardyJohnny,former_individual,student,0.8,370,I just finished my master's,"The user mentions having completed their master's, indicating a past affiliation. Since no specific university is named, and the default rule applies (no explicit non-ETH affiliation), the affiliation is assumed to be ETH Zurich."
WolfInner7540,unknown,,0.0,94,,no self-identifying statements found
WonderProud8512,unknown,,0.0,7,,no self-identifying statements found
Wonder_human9225,unknown,,0.0,65,,no self-identifying statements found
Wonderful-Comment558,decentral_individual,student,1.0,3,I am doing a MechEng MSc,"The user is currently studying for an MSc in Mechanical Engineering at ETH Zurich, as per the subreddit's default rule that mentions studying without naming a specific other university implies ETH Zurich affiliation."
Wonderful-Edge-2883,unknown,,0.0,7,,no self-identifying statements found
Wonderful-Friend8815,external_individual,student,0.5,6,I am currently studying at a small university in europe.,"The user explicitly states they are currently studying at a non-ETH institution (a small university in Europe), which qualifies as external_individual/student."
Wonderful-Train-465,unknown,,0.0,10,,no self-identifying statements found
Wonderful_Dirt5069,unknown,,0.0,10,,no self-identifying statements found
Wonderful_Setting195,unknown,,0.0,330,,no self-identifying statements found
Wooden-Ad-3151,external_individual,student,0.9,1,I just finished my second year of a bachelor's in Electrical and Electronic Engineering at EPFL,"The user explicitly states they are a student at EPFL, a non-ETH institution, with no mention of a current or upcoming ETH affiliation."
WorkSuspicious4916,unknown,,0.0,2,,no self-identifying statements found
Working-Ad5682,unknown,,0.0,2,,no self-identifying statements found
Working_Proposal7261,unknown,,0.0,2,,no self-identifying statements found
WorldML,unknown,,0.0,119,,no self-identifying statements found
WorldinessSuch998,external_individual,student,1.0,27,"I'm a Data and Cybersecurity student at the University of Doha, Qatar","The user explicitly names a non-ETH institution (University of Doha, Qatar) as their current role with no mention of a current or upcoming ETH connection."
WorldlyDetective4257,unknown,,0.0,7,,no self-identifying statements found
Worldly_Mango4543,unknown,,0.0,6,,no self-identifying statements found
Worried_Guarantee_98,unknown,,0.0,62,,no self-identifying statements found
WorthPersonalitys,unknown,,0.0,4501,,no self-identifying statements found
WrathOfTheKressh,unknown,,0.0,64,,no self-identifying statements found
Wrong-Adagio-511,unknown,,0.0,58,,no self-identifying statements found
WrongSeaworthiness60,external_individual,student,0.8,17,I got admitted this year as a TUM student,"The user explicitly names TUM (Technische Universität München) as their current role with no mention of ETH Zurich or any upcoming ETH connection, which fits the 'external_individual' classification."
XH4869,decentral,department_or_lab,1.0,6,I'm in D-BAUG,"D-BAUG is a department at ETH Zurich, and the user is currently affiliated with it."
Xandalf23,unknown,,0.0,39,,no self-identifying statements found
Xenon_Vrykolakas,unknown,,0.0,226,,no self-identifying statements found
Xentoxus,decentral_individual,student,0.8,53,as I will be stating my BSc in Zurich in september,"The user mentions starting their BSc in Zurich, which refers to ETH Zurich. The statement indicates a current or upcoming affiliation with ETH Zurich, even though it is phrased in the future tense."
Xpert_Ash,unknown,,0.0,4,,no self-identifying statements found
XxXJEFF_XDXxX,unknown,,0.0,3,,no self-identifying statements found
Xx_SHINJINN_LP_HD_xX,unknown,,0.0,91,,no self-identifying statements found
YCV17,decentral_individual,student,1.0,4,I'm starting my bachelor in Physics this year,"The user mentions starting a bachelor's program this year without naming any other university, which by default implies ETH Zurich as the institution."
YOLollok,unknown,,0.0,1,,no self-identifying statements found
Y_mc,unknown,,0.0,87,,no self-identifying statements found
Yarza,unknown,,0.0,1,,no self-identifying statements found
YeesusFistus,decentral_individual,student,1.0,20,I'm in the middle of my bachelor's degree,"The statement indicates the user is currently enrolled in a bachelor's program. Since no specific external university is named and the default rule applies (studying implies ETH Zurich as the home institution), the affiliation is classified as decentral_individual/student."
YigitDemirag,unknown,,0.0,5,,no self-identifying statements found
Yinggggg_,unknown,,0.2,6,I’m a Chinese and I graduated from one of the top high schools in China,The statement mentions high school graduation but provides no information about university affiliation. There is no explicit or implicit mention of ETH Zurich or any other university.
YoghurtCompetitive10,external_individual,student,0.8,7,I'm currently a Master's student in France,"The user explicitly states they are a Master's student in France, which is a non-ETH institution. There is no mention of ETH Zurich or any current affiliation with ETH."
Yogurt_Motor,unknown,,0.0,2,,no self-identifying statements found
Youshoudntlookthere,unknown,,0.0,13,,no self-identifying statements found
Ythion,unknown,,0.0,119,,no self-identifying statements found
Yunikk_sc2,unknown,,0.0,1,,no self-identifying statements found
Zainto,unknown,,0.0,3,,no self-identifying statements found
Zankoku96,unknown,,0.0,120,,no self-identifying statements found
Zealousideal-Dog1156,unknown,,0.0,107,,no self-identifying statements found
ZealousidealEnd8841,unknown,,0.0,3,,no self-identifying statements found
Zealousideal_Soft298,unknown,,0.0,1,,no self-identifying statements found
Zenith_Predator,unknown,,0.0,193,,no self-identifying statements found
ZeoChill,unknown,,0.0,570,,no self-identifying statements found
Zestyclose-Ad-4383,unknown,,0.0,3,,no self-identifying statements found
Zestyclose-Ice-3434,unknown,,0.0,102,,no self-identifying statements found
Zestyclose_Taro_136,unknown,,0.0,2,,no self-identifying statements found
Zoeeyyy1234,unknown,,0.0,1,,no self-identifying statements found
Zoesan,unknown,,0.0,4468,,no self-identifying statements found
Zombie46,unknown,,0.0,21,,no self-identifying statements found
ZookeepergameBig7491,unknown,,0.0,318,,no self-identifying statements found
Zuriquois,unknown,,0.0,94,,no self-identifying statements found
Zuuuuuuuuuuuuuuuuul,unknown,,0.0,8,,no self-identifying statements found
Zymonick,unknown,,0.2,153,"Btw, I do speak from experience. I was in the exact same spot as you. Narrowed down, stressed out, worked hard, finishe",The statement does not provide any explicit or implicit information about the user's current or past university affiliation. It is too vague and lacks any reference to a specific institution.
Zz_TiMeZz,unknown,,0.0,22,,no self-identifying statements found
_-Spitfire-_,unknown,,0.0,1,,no self-identifying statements found
_BarelyAcceptable_,unknown,,0.0,4,,no self-identifying statements found
_Blurgh_,unknown,,0.0,71,,no self-identifying statements found
_HGWXX7,unknown,,0.0,21,,no self-identifying statements found
_Hurdy_Gurdy_,unknown,,0.0,441,,no self-identifying statements found
_Swideru,unknown,,0.0,135,,no self-identifying statements found
_TitanoPigro_,unknown,,0.0,1,,no self-identifying statements found
_Zinio_,decentral_individual,student,1.0,24,I've been studying ETH's physics bachelor for 4 semesters now,"The user explicitly states they are currently studying at ETH Zurich, which is the home institution. This matches rule B of the decision tree, indicating a current ETH affiliation."
__D3U5__,former_individual,student,0.5,18,recently graduated student,"The user mentions being a 'recently graduated student,' which indicates a past affiliation with a university. Since no specific institution is named, and the statement does not imply a current or upcoming ETH affiliation, the classification defaults to 'former_individual/student' with moderate confidence."
__Reddidiot__,external_individual,student,1.0,210,studying at EPFL,"The user explicitly states they are studying at EPFL, a non-ETH institution, with no mention of a current or upcoming ETH affiliation."
__deadpoet__,decentral_individual,student,1.0,23,I'm coming as Master's student at ETH; I am incoming MSc CS; I'm an international student to ETHZ; I'm an international student incoming to ETH,"The user explicitly states they are an incoming Master's student at ETH, which is the home institution. The use of terms like 'incoming' and 'coming' indicates a current or upcoming affiliation with ETH Zurich, which takes precedence over any external references."
__laeri,unknown,,0.0,4,,no self-identifying statements found
_bluelemon,unknown,,0.0,16,,no self-identifying statements found
_blueye_,unknown,,0.0,89,,no self-identifying statements found
_conspicuous_avocado,unknown,,0.0,10,,no self-identifying statements found
_fairychicken58,unknown,,0.0,2,,no self-identifying statements found
_halex_,unknown,,0.0,1,,no self-identifying statements found
_hat_fish_,unknown,,0.2,4,I'm a Swiss student,"The statement does not mention any specific university affiliation, only nationality. There is no explicit or implicit evidence of a current or past university connection."
_levin_1,unknown,,0.0,7,,no self-identifying statements found
_mortal_chaos_,unknown,,0.0,111,,no self-identifying statements found
_mostdefinitelynot,unknown,,0.0,13,,no self-identifying statements found
_null__,external_individual,student,0.8,79,I’m doing my thesis this semester in another university,"The user explicitly mentions doing their thesis at 'another university' and working with a professor from an 'external institution,' which confirms a current affiliation with a non-ETH institution."
_oscarstott,unknown,,0.0,54,,no self-identifying statements found
_quantum_girl_,unknown,,0.2,543,I’m allowed to work remotely,The statement does not provide any explicit or implicit information about the user's university affiliation or role.
_random__redditor,unknown,,0.0,9,,no self-identifying statements found
_saem_,unknown,,0.0,188,,no self-identifying statements found
_shadow_moon_,unknown,,0.0,329,,no self-identifying statements found
_simu_,unknown,,0.2,1,I used for my thesis,The statement is too vague and lacks any explicit or implicit reference to a specific university or role. It does not provide enough information to determine the user's affiliation.
_urmumlol_,unknown,,0.0,32,,no self-identifying statements found
_white_noise,unknown,,0.0,79,,no self-identifying statements found
a2biR,external_individual,student,1.0,15,I just completed my first year in the Bachelor's in Microengineering at EPFL,"The user explicitly states they are currently studying at EPFL, which is a non-ETH institution, with no mention of a current or upcoming ETH affiliation."
a_smilingpsycho,unknown,,0.0,10,,no self-identifying statements found
aaTONI,unknown,,0.0,243,,no self-identifying statements found
aaarbeikop,unknown,,0.0,13,,no self-identifying statements found
aashnalize,unknown,,0.0,1,,no self-identifying statements found
abcdefmoi,unknown,,0.0,47,,no self-identifying statements found
abe_girl77,unknown,,0.0,1,,no self-identifying statements found
absolutely__no,unknown,,0.0,19,,no self-identifying statements found
academiaswiss,decentral_individual,applicant,0.8,5,looking forward to do my undergrad in medicine from ETH Zurich after a drop year,"The user explicitly mentions planning to start an undergraduate program at ETH Zurich in the future, which falls under the 'applicant' category under 'decentral_individual'."
acemep,decentral_individual,student,1.0,1,I'm now in my second year of the CSE BSc.,"The statement indicates the user is currently enrolled in the CSE BSc program at ETH Zurich, as per the subreddit's default rule that mentions studying without naming a specific other university implies ETH Zurich."
acespaceingout,unknown,,0.0,61,,no self-identifying statements found
acro_albaner,external_individual,student,0.5,1,I did my Bachelors at a FH,The user mentions studying at a non-ETH institution (FH) without any current or upcoming ETH affiliation. This aligns with the 'external_individual' classification.
adambolamdesenyz,unknown,,0.0,2,,no self-identifying statements found
adventurousgirl3,unknown,,0.0,103,,no self-identifying statements found
aebelge1,unknown,,0.0,10,,no self-identifying statements found
aedlearndl,external_individual,student,1.0,20,I am an international MSc student in data science and engineering at Politecnico di Torino,The user explicitly names a non-ETH institution (Politecnico di Torino) as their current role with no mention of ETH affiliation.
aerialbubble,former_individual,student,0.8,144,got my MSc in 1 year and 3 months,"The user mentions having completed their MSc, indicating a past affiliation. Since no current or future ETH affiliation is mentioned, and no other university is explicitly named, the classification defaults to former_individual/student."
aetdotcom,unknown,,0.0,1,,no self-identifying statements found
agil7717,unknown,,0.0,2,,no self-identifying statements found
ahangary,unknown,,0.0,2,,no self-identifying statements found
ahmeddu26540,unknown,,0.0,6,,no self-identifying statements found
ahmetfirat,unknown,,0.0,104,,no self-identifying statements found
ai4bing,unknown,,0.0,3,,no self-identifying statements found
aieidotch,unknown,,0.0,671,,no self-identifying statements found
ajisuntihoe,unknown,,0.0,115,,no self-identifying statements found
ajnosz120,unknown,,0.0,41,,no self-identifying statements found
ak_karuna,unknown,,0.0,17,,no self-identifying statements found
akhenator,former_individual,student,1.0,81,I just finished my master in biology at the ETH of Zürich,"The user explicitly mentions completing a master's degree at ETH Zurich, indicating a former affiliation as a student."
akshith_rao1623,decentral_individual,applicant,0.8,52,I’m applying for a Master’s in Agricultural Sciences at ETH Zurich,"The user explicitly states they are applying to ETH Zurich for a Master’s program, which falls under the 'applicant' subtype under 'decentral_individual'."
alberet06,decentral_individual,student,0.8,7,I'm doing a master's degree in architecture,"The statement mentions studying for a master's degree without naming a specific university. According to the rules, if a user mentions studying, doing a PhD/master/bachelor/thesis, or working as a researcher without naming a specific other university, ETH Zurich is assumed as the home institution."
ale86ch,unknown,,0.0,80,,no self-identifying statements found
ale_skrt,decentral_individual,student,1.0,9,I'm starting my Master's in CS in September,"The user mentions starting a Master's program in September, which indicates a current or upcoming affiliation with ETH Zurich as per the subreddit default rule."
alepetitti,unknown,,0.0,35,,no self-identifying statements found
alexfuchs2020,unknown,,0.0,47,,no self-identifying statements found
alinary2222,unknown,,0.0,4,,no self-identifying statements found
allornkcor,unknown,,0.0,9,,no self-identifying statements found
alphahighendpro,unknown,,0.0,3,,no self-identifying statements found
alpisgood,unknown,,0.0,36,,no self-identifying statements found
alsbos1,unknown,,0.0,1414,,no self-identifying statements found
amajusk,unknown,,0.0,81,,no self-identifying statements found
amigdala21,unknown,,0.0,550,,no self-identifying statements found
amogus_guy1904,unknown,,0.0,65,,no self-identifying statements found
amtz_____,unknown,,0.0,1,,no self-identifying statements found
an-ordinary-manchild,unknown,,0.0,44,,no self-identifying statements found
andich,unknown,,0.0,6,,no self-identifying statements found
andre_zanna_01,unknown,,0.0,1,,no self-identifying statements found
andrea,unknown,,0.0,1,,no self-identifying statements found
andreaaazo,unknown,,0.2,31,I was there too :),The statement is vague and does not provide any explicit or implicit information about the user's current or past university affiliation.
andreas16700,unknown,,0.0,119,,no self-identifying statements found
andris907,unknown,,0.0,8,,no self-identifying statements found
angelomirkovic,decentral_individual,student,0.8,4,Im on exchange here currently.,"The statement indicates the user is currently on exchange at ETH Zurich, which is the home institution. No other university is explicitly named, and the use of 'here' implies ETH Zurich."
anikook,unknown,,0.0,4,,no self-identifying statements found
anonymous-311,unknown,,0.0,103,,no self-identifying statements found
anonymous3953294,unknown,,0.0,14,,no self-identifying statements found
anothers0meone,unknown,,0.0,48,,no self-identifying statements found
anoymous_dreamer,unknown,,0.0,87,,no self-identifying statements found
anprme,unknown,,0.0,1316,,no self-identifying statements found
antCABBAG3,external_individual,student,0.8,173,Having gotten my first BA at the University if Berne,"The user explicitly mentions studying at the University of Berne, which is a non-ETH institution, and there is no indication of a current or upcoming ETH affiliation."
anthunter7,unknown,,0.0,116,,no self-identifying statements found
antonio_alberti,unknown,,0.0,1,,no self-identifying statements found
anxious_human_431231,former_individual,student,0.8,33,I studied in stockholm university and at eth,"The user mentions having studied at Stockholm University and ETH, but since the statement is in the past tense and does not indicate a current affiliation with ETH, the classification is 'former_individual/student'."
aorozco1996,external_individual,student,0.8,3,I went to Purdue for undergrad; I have a Comp. E Bachelors from Purdue,"The user explicitly mentions studying at Purdue University for their undergraduate degree, which is a non-ETH institution. There is no mention of a current or upcoming affiliation with ETH Zurich."
aparchure,unknown,,0.0,6,,no self-identifying statements found
apotropaica,unknown,,0.0,4,,no self-identifying statements found
aramkrat,unknown,,0.0,24,,no self-identifying statements found
arbobendik,unknown,,0.0,232,,no self-identifying statements found
archiebirtles0,unknown,,0.0,7,,no self-identifying statements found
architectureNomad,decentral_individual,student,0.9,269,Im Masterstudium - Angedacht mit 4 Semester +2 bin ich dann wohl jetzt schon am Weg die +2 zu überschreiten,"The user explicitly mentions being in a Master's program at ETH Zurich, indicating a current student affiliation."
areomigeo,decentral_individual,student,1.0,11,"accepted to MSc at ETHZ, will be a MSc student","The user explicitly states they have been accepted to an MSc program at ETHZ and will be a student, indicating a current ETH affiliation."
arifsiam,unknown,,0.0,1,,no self-identifying statements found
arisaurusrex,unknown,,0.0,440,,no self-identifying statements found
arjuna66671,unknown,,0.0,792,,no self-identifying statements found
arsbars17,external_individual,student,0.8,1,im currently studying in the 5th semester of Electrical Engineering in Germany,"The user explicitly states they are currently studying in Germany without mentioning ETH Zurich, indicating a non-ETH affiliation."
arst289,unknown,,0.0,7,,no self-identifying statements found
artha_penn_,decentral_individual,phd,0.8,17,PhD,"The user identifies as a PhD student, and no specific non-ETH university is mentioned. According to the rules, if a user mentions studying or doing a PhD without naming a specific other university, ETH Zurich is assumed as the home institution."
arturoEE,unknown,,0.0,46,,no self-identifying statements found
asdfg_lkjh,unknown,,0.0,111,,no self-identifying statements found
asdfghjkl12345678996,unknown,,0.0,1,,no self-identifying statements found
asdfmoon2012,unknown,,0.0,180,,no self-identifying statements found
asianpeoplesinging,unknown,,0.0,89,,no self-identifying statements found
askforward,unknown,,0.0,15,,no self-identifying statements found
askswitzerland,unknown,,0.0,80,,no self-identifying statements found
asozzi,unknown,,0.0,26,,no self-identifying statements found
aspa34,decentral_individual,student,0.8,139,when I joined ETH in the first math class,"The statement explicitly mentions joining ETH, indicating a current or past affiliation with ETH Zurich. Since no other institution is named, and the user is described as having joined ETH, the classification is decentral_individual/student."
asphtk,unknown,,0.0,5,,no self-identifying statements found
astkaera_ylhyra,unknown,,0.0,2075,,no self-identifying statements found
astromonkey5000,unknown,,0.0,1,,no self-identifying statements found
asurasiva,unknown,,0.0,1,,no self-identifying statements found
aswin997,unknown,,0.0,9,,no self-identifying statements found
athvasilopoulos,unknown,,0.0,3,,no self-identifying statements found
atrusdaskoenig,external_individual,student,0.5,2,now I am studying math,"The user mentions they are currently studying math but does not explicitly name a university. However, since they do not mention ETH Zurich and the context implies a non-ETH affiliation (based on the default rule), they are classified as external_individual/student."
attalgreg,external_individual,student,0.5,32,I was a Bachelor's student at EPFL,"The user explicitly mentions being a student at EPFL, a non-ETH institution, and there is no indication of a current or upcoming ETH affiliation."
authentichooman,external_individual,student,0.9,90,Got the Master admission at ZHAW,"The user explicitly states they have been admitted to ZHAW, a non-ETH institution, with no mention of a current or upcoming ETH affiliation."
autizmisreel,unknown,,0.0,6,,no self-identifying statements found
averysaltyburrito,unknown,,0.0,2,,no self-identifying statements found
avgnamasendaenjoyer,unknown,,0.0,6,,no self-identifying statements found
aviviel,unknown,,0.0,529,,no self-identifying statements found
avogadro-,unknown,,0.0,4,,no self-identifying statements found
avokadolainen,external_individual,student,0.8,2,graduated from a Master’s program (UZH),"The user explicitly mentions graduating from UZH, a non-ETH institution, and does not indicate a current ETH affiliation. The second statement refers to a potential future PhD at ETH, but since it is not confirmed or current, it does not override the past affiliation with UZH."
avonburger,unknown,,0.0,80,,no self-identifying statements found
b0sstweed,decentral_individual,postdoc,0.8,6,moved to ETH as a postdoc,"The user explicitly mentions being a postdoc at ETH Zurich, which is the home institution. Prior education at UCLA is mentioned but does not override the current affiliation at ETH."
b3MxZG8R3C9GRTHV,unknown,,0.0,131,,no self-identifying statements found
ba-13,unknown,,0.0,5,,no self-identifying statements found
bacan2,unknown,,0.0,4,,no self-identifying statements found
back-stabbath,unknown,,0.0,21,,no self-identifying statements found
back_again13,unknown,,0.0,1253,,no self-identifying statements found
backgammon_no,decentral,department_or_lab,0.8,331,I supervise MSc and PhD students in a bioinformatics lab,"The statement indicates involvement in a bioinformatics lab, which is typically a decentralized unit within a university. Since no other institution is named and the context aligns with ETH Zurich's structure, the affiliation is classified as decentral."
badUFO,unknown,,0.0,85,,no self-identifying statements found
badboi86ij99,unknown,,0.0,605,,no self-identifying statements found
bafe,former_individual,phd,0.6,226,I was a PhD student,"The user explicitly mentions being a PhD student in statement 2, indicating a past affiliation. No current or future ETH affiliation is mentioned, and no other institution is named. The mention of 'the university' is vague and does not provide enough evidence to classify as external_individual."
barberousse1122,unknown,,0.0,388,,no self-identifying statements found
barfbutler,unknown,,0.0,1370,,no self-identifying statements found
barthii,unknown,,0.0,36,,no self-identifying statements found
basicberkeleybitch,unknown,,0.0,2,,no self-identifying statements found
bawbaw1,unknown,,0.2,130,No explicit or implicit mention of university affiliation,"The statement does not provide any information about the user's university affiliation, current role, or connection to any institution."
bbalazs721,unknown,,0.0,427,,no self-identifying statements found
bbbf01,unknown,,0.0,2,,no self-identifying statements found
bbboooooobbbssss,unknown,,0.0,1,,no self-identifying statements found
bbvs247,decentral_individual,student,1.0,4,I am currently in my first year of my chemical engineering bachelor,"The statement indicates the user is currently enrolled in a bachelor's program. Since no other university is mentioned and ETH Zurich is the default for r/ethz posts, the affiliation is assumed to be ETH Zurich."
bdaikis,unknown,,0.0,2,,no self-identifying statements found
beachwavesshrimp,external_individual,student,0.9,51,received an admit from TU Stuttgart,"The user explicitly mentions being admitted to TU Stuttgart and is currently in their 8th semester, indicating a current affiliation with a non-ETH institution."
beeartic,unknown,,0.0,103,Ich hab im Master im oberen zweistelligen Bereich pro Stunde verdient.,downgraded: external_individual confidence 0.20 below threshold
beingmisogynist,unknown,,0.0,4,,no self-identifying statements found
bennellis1,unknown,,0.0,4,,no self-identifying statements found
benutzername127,unknown,,0.0,60,,no self-identifying statements found
berriesandcigars,unknown,,0.0,21,,no self-identifying statements found
bert1808,unknown,,0.0,12,,no self-identifying statements found
beyhai,external_individual,student,0.8,5,mathematics BSc from the university of Warwick,"The user explicitly mentions studying at the University of Warwick, a non-ETH institution, with no indication of a current or upcoming ETH affiliation."
beyond1980,unknown,,0.0,7,,no self-identifying statements found
bfnflflknn,unknown,,0.0,1,,no self-identifying statements found
bi7worker,unknown,,0.0,146,,no self-identifying statements found
big_skapinsky,unknown,,0.0,81,,no self-identifying statements found
bigboy3126,unknown,,0.0,85,,no self-identifying statements found
bigfr0g,unknown,,0.0,91,,no self-identifying statements found
biggelone,external_individual,other,0.5,6,I did HEST but a few years ago already; I came from a (competitive) language school,"The user mentions HEST (a language school) and a competitive language school, but does not explicitly name a university. However, the absence of any ETH affiliation and the presence of a language school background suggests an external individual with no clear university affiliation."
biglarrypoo,unknown,,0.0,871,,no self-identifying statements found
bil-y,external_individual,student,0.5,12,I did my Bachelor's in a rather small programme (CSE),"The statement mentions completing a Bachelor's degree but does not explicitly name ETH Zurich or any other institution. However, the use of 'did my Bachelor's' implies a past affiliation, and since no current affiliation with ETH is mentioned, it is classified as external_individual with a subtype of student."
biologicalwastehere,unknown,,0.0,51,,no self-identifying statements found
bippingtevers,unknown,,0.0,8,,no self-identifying statements found
bitchmuchannon_,unknown,,0.0,36,,no self-identifying statements found
bitulator,unknown,,0.0,8,,no self-identifying statements found
bkb07,unknown,,0.0,4,,no self-identifying statements found
bl0mb0r,unknown,,0.0,33,,no self-identifying statements found
bl3achl4sagna,unknown,,0.0,228,,no self-identifying statements found
blabla63blabla,unknown,,0.0,1,,no self-identifying statements found
black_knight87,unknown,,0.0,108,,no self-identifying statements found
bleulivide,unknown,,0.0,7,,no self-identifying statements found
blooming_edelweiss,unknown,,0.0,26,,no self-identifying statements found
bluedude42,unknown,,0.0,2,,no self-identifying statements found
bluelight_dogmatix,unknown,,0.0,12,,no self-identifying statements found
blueswancsgo,former_individual,student,0.8,13,I studied Architecture for 1 year at ETH,"The user explicitly mentions studying at ETH in the past, indicating a former affiliation as a student."
blupilobup,unknown,,0.0,11,,no self-identifying statements found
blvckb1rd,unknown,,0.2,54,I tried 600CHF (excluding rent) for a bit when I was 21 and qualified for all kinds of discounts,"The statement does not mention any university affiliation, current or past, and provides no explicit or implicit evidence of being a student, researcher, or affiliated with any institution."
bobailike,unknown,,0.0,1,,no self-identifying statements found
bobbyfischerchic,external_individual,student,0.5,502,I am doing a ir degree in a university that isnt among the top in the rankings,"The user explicitly mentions studying at a university that is not among the top in the rankings, but does not name ETH Zurich or any other specific institution. This implies a current affiliation with a non-ETH university, hence 'external_individual/student'."
bobijntje,external_individual,other,0.5,892,my daughter is studying Architecture at the ETH,"The statement refers to the user's daughter, not the user themselves. The user's own affiliation is not explicitly mentioned, and there is no indication of the user being affiliated with ETH or any other institution."
bogdanTNT,external_individual,student,0.8,73,I am from another EU country and I have a pretty good CV so far for a third year mechanical engineering student.,"The user explicitly identifies as a 'third year mechanical engineering student' without mentioning ETH Zurich, and instead implies affiliation with another EU institution."
bomboloco,decentral_individual,student,0.8,3,master degree,"The user mentions being in a master degree without specifying a university. According to the rules, if a user mentions studying without naming a specific other university, ETH Zurich is assumed as the home institution."
bongosformongos,unknown,,0.0,696,,no self-identifying statements found
bonkersforevers,decentral_individual,student,1.0,3,We are two architecture students who are exploring the potentials of ETH Zentrum buildings as part of a studio project.,"The user explicitly identifies as a student at ETH Zurich, referring to ETH Zentrum buildings as part of a studio project, which indicates current enrollment at ETH Zurich."
bonnet666,unknown,,0.0,5,,no self-identifying statements found
boomersimpattack,unknown,,0.0,501,,no self-identifying statements found
boredDODO,unknown,,0.0,141,,no self-identifying statements found
bottle_of_pastas,unknown,,0.0,19,,no self-identifying statements found
botulrich,unknown,,0.0,3,,no self-identifying statements found
bozaro_za_rokku,unknown,,0.0,1,,no self-identifying statements found
brateboi,unknown,,0.0,8,,no self-identifying statements found
bread_or_me,unknown,,0.2,2,No explicit or implicit mention of university affiliation,"The statements do not provide any information about the user's university or academic role. There is no mention of studying, working, or affiliating with any institution."
breakthealpha,unknown,,0.0,9,,no self-identifying statements found
brg119,unknown,,0.0,41,,no self-identifying statements found
bringbackDM2,unknown,,0.0,132,,no self-identifying statements found
broesmmeli-99,decentral_individual,student,0.8,38,taking a preparatory class that sets the path to said thesis in Spring 25,"The user mentions being in the process of preparing for a thesis, which implies they are currently enrolled in a program at ETH Zurich. No other university is explicitly named, and the context aligns with being a current student at ETH."
browncatnip,unknown,,0.0,8,,no self-identifying statements found
brunnertu,unknown,,0.0,8,,no self-identifying statements found
bsaverio,decentral_individual,researcher,1.0,4,I am a senior scientist at ETH.,"The user explicitly states they are a senior scientist at ETH Zurich, which is the home institution. This matches the criteria for 'decentral_individual' with the subtype 'researcher'."
bschne1,unknown,,0.0,11,,no self-identifying statements found
bub1q,external_individual,student,0.8,97,Studoval som v CZ,The user explicitly mentions studying at a non-ETH institution ('CZ' likely refers to a university in the Czech Republic). This is a clear current affiliation with a non-ETH institution.
bullpup1337,unknown,,0.0,173,,no self-identifying statements found
bumble_bianc,decentral_individual,applicant,0.8,5,I applied to masters of earth science and had my ESOP interview yesterday!,"The user explicitly mentions applying to a master's program at ETH Zurich (implied by 'ESOP' and the context of the statement), which fits the 'decentral_individual/applicant' category."
buythedamndip,unknown,,0.0,1,,no self-identifying statements found
c1u5t3r,unknown,,0.0,335,,no self-identifying statements found
cablecar1024,decentral_individual,student,0.8,5,I'm a DS student,"The user identifies as a student but does not mention any specific university other than ETH Zurich. According to the rules, if a user mentions studying without naming a specific other university, ETH Zurich is assumed as the home institution."
cactii281,unknown,,0.0,6,,no self-identifying statements found
caexial,unknown,,0.0,5,,no self-identifying statements found
cami_banani,external_individual,student,0.8,7,I went to ZHAW for bachelors,"The user explicitly mentions studying at ZHAW, a non-ETH institution, with no indication of a current or upcoming ETH affiliation."
cantfindapseudo26,unknown,,0.0,1,,no self-identifying statements found
capital-man,unknown,,0.0,16,,no self-identifying statements found
carb0nyl3,external_individual,other,0.5,354,"I, i cannot share my own story as it was UZH","The user explicitly mentions UZH (University of Zurich), a non-ETH institution, as their past affiliation. While they do not specify their current role, the statement implies a non-ETH background, and no current ETH affiliation is mentioned."
cariprazine1,unknown,,0.0,1,,no self-identifying statements found
carmichaelthe3rd,unknown,,0.0,153,,no self-identifying statements found
caslea94,unknown,,0.0,37,,no self-identifying statements found
casolitaire,former_individual,employee_or_alumni,0.8,1,As a Chinese ETH graduated Alumni,"The user explicitly identifies as an ETH graduate, indicating a former affiliation with ETH Zurich."
cat_ass_trophy_91,unknown,,0.0,92,,no self-identifying statements found
cauchymeanvalue,unknown,,0.0,46,,no self-identifying statements found
cavallo_impazzito,unknown,,0.0,22,,no self-identifying statements found
cecedede1,unknown,,0.0,2,,no self-identifying statements found
ceesqo,unknown,,0.0,4,,no self-identifying statements found
centrevia,unknown,,0.0,2,,no self-identifying statements found
cfdismypassion,unknown,,0.0,27,,no self-identifying statements found
chan123chan123,unknown,,0.0,2,,no self-identifying statements found
chandaliergalaxy,unknown,,0.0,577,,no self-identifying statements found
chaneloptional,decentral_individual,student,1.0,14,I'm doing a consecutive master in CSE with the physics specialization.,"The statement indicates the user is currently enrolled in a master's program at ETH Zurich (CSE with physics specialization is a known ETH program). No other university is mentioned, and the default rule applies."
chapcoin,unknown,,0.0,43,,no self-identifying statements found
chatscheder,unknown,,0.0,1,,no self-identifying statements found
checklistfanatic,unknown,,0.0,1,,no self-identifying statements found
chemape876,unknown,,0.0,949,,no self-identifying statements found
chevyymontecarlo,unknown,,0.0,87,,no self-identifying statements found
chewie_42,unknown,,0.0,31,,no self-identifying statements found
chiffchaff_mother,unknown,,0.0,2,,no self-identifying statements found
chiubicheib,unknown,,0.0,56,,no self-identifying statements found
choconutz_coco,unknown,,0.0,33,,no self-identifying statements found
chridii,unknown,,0.0,141,,no self-identifying statements found
chrisly227,unknown,,0.0,8,,no self-identifying statements found
chrismclp,unknown,,0.0,17,,no self-identifying statements found
chuchupic,unknown,,0.0,22,,no self-identifying statements found
churel98,unknown,,0.0,32,,no self-identifying statements found
cipri_tom,unknown,,0.0,588,,no self-identifying statements found
ciracam,unknown,,0.0,7,,no self-identifying statements found
cirehw,unknown,,0.0,14,,no self-identifying statements found
cjncbhxx,unknown,,0.0,2,,no self-identifying statements found
clairedlalune,former_individual,phd,0.5,2,I did that after my phd,"The statement refers to a past PhD, indicating the user is a former PhD student. No current or specific university is mentioned, so the classification defaults to 'former_individual' with the 'phd' subtype."
clay_me,unknown,,0.0,84,,no self-identifying statements found
clickchem,unknown,,0.0,18,,no self-identifying statements found
clorox_1g,unknown,,0.0,7,,no self-identifying statements found
cmdPixel,unknown,,0.0,31,,no self-identifying statements found
cmnemeth,external_individual,student,0.5,38,I'm an undergraduate student from Canada,"The user identifies as an undergraduate student but does not mention ETH Zurich or any other specific university. Since they are from Canada, it is implied they are affiliated with a Canadian institution, which is external to ETH Zurich."
cocaine_and_h00kers,unknown,,0.0,10,,no self-identifying statements found
cocktailcock,unknown,,0.0,1,,no self-identifying statements found
codeviser,unknown,,0.0,8,,no self-identifying statements found
compassWorn,unknown,,0.0,120,,no self-identifying statements found
complexJoey,unknown,,0.0,66,,no self-identifying statements found
compozitez,unknown,,0.0,9,,no self-identifying statements found
compsciguy__,unknown,,0.0,1,,no self-identifying statements found
compvisengineer,unknown,,0.0,1,,no self-identifying statements found
confirmation_please,decentral_individual,student,1.0,4,Incoming maths master student here.,"The user explicitly states they are an incoming master's student, which indicates a current affiliation with ETH Zurich as per the subreddit default rule."
conradkun,unknown,,0.0,24,,no self-identifying statements found
constar93,former_individual,phd,0.8,43,After my PhD,"The statement 'After my PhD' indicates that the user has completed their PhD, which is a past affiliation. There is no mention of a current or future affiliation with ETH or any other institution, so the classification defaults to 'former_individual' with the subtype 'phd'."
cookiemonster671939,decentral_individual,student,1.0,7,I‘m currently studying at ETH in Zurich,"The user explicitly states they are currently studying at ETH Zurich, which matches the criteria for a decentral_individual with the subtype 'student'."
copyrightlover,unknown,,0.2,12,"statements about high school, LGS exam, and dorm life","The user mentions being a 10th-grade student, taking the LGS exam, and living in a dorm at age 13, which indicates they are still in high school and not affiliated with a university. No university is explicitly named, and the context suggests they are not yet enrolled in a university program."
corey-lammie-ibm,unknown,,0.0,1,,no self-identifying statements found
corny96,unknown,,0.0,46,,no self-identifying statements found
cosbay,unknown,,0.0,1,,no self-identifying statements found
cozy_mike,unknown,,0.0,5,,no self-identifying statements found
crack_cocain,unknown,,0.0,3,,no self-identifying statements found
crashwinston,unknown,,0.0,12,,no self-identifying statements found
cratstatna,external_individual,student,0.8,11,graduated from Berkeley,"The user explicitly mentions graduating from Berkeley, a non-ETH institution, and does not indicate any current or upcoming ETH affiliation."
creative_empathy,unknown,,0.0,1,,no self-identifying statements found
crimson1206,unknown,,0.0,68,,no self-identifying statements found
crimson4snow,unknown,,0.0,1,,no self-identifying statements found
crispin97,unknown,,0.0,17,,no self-identifying statements found
crowchan114514,unknown,,0.0,386,,no self-identifying statements found
crunshysalt,external_individual,student,0.5,46,Ich studiere Physik an einer Top-Uni,"The user explicitly states they are studying physics at a 'Top-Uni' without naming ETH Zurich. Since the statement does not mention ETH and refers to a current role at an unspecified institution, it is classified as external_individual/student."
cryptocrypto0815,unknown,,0.0,189,,no self-identifying statements found
cryptofreedoom,external_individual,student,0.8,8,graduated from UniBo,"The user explicitly mentions graduating from UniBo, a non-ETH institution, with no current or upcoming ETH connection."
csman86,unknown,,0.0,62,,no self-identifying statements found
csueiras,unknown,,0.0,180,,no self-identifying statements found
cucurbitaecaputX,unknown,,0.0,2,,no self-identifying statements found
curiossceptic,unknown,,0.0,756,,no self-identifying statements found
cwc___13,unknown,,0.0,1,,no self-identifying statements found
cwinparr,unknown,,0.0,27,,no self-identifying statements found
cwormer,decentral_individual,postdoc,0.8,11,now doing my first postdoc in ETH,"The user explicitly states they are currently doing a postdoc at ETH Zurich, which is the home institution. Prior PhD at a non-ETH institution does not override the current ETH affiliation."
cyao12,unknown,,0.2,92,"statements mention being a high-school student, not a university student","The user identifies as a high-school (lycee) student, which indicates they are not currently affiliated with a university. There is no mention of any university affiliation, past or present."
cyberpunk00c,unknown,,0.0,23,,no self-identifying statements found
cyk_cky,unknown,,0.0,2,,no self-identifying statements found
cyrilp21,unknown,,0.0,259,,no self-identifying statements found
czee96,decentral_individual,phd,1.0,55,I am a PhD student (non-EE),"The statement explicitly identifies the user as a PhD student without mentioning any external institution. Since no external university is named, and the default assumption is ETH Zurich, the affiliation is classified as decentral_individual/phd."
cztian1990,former_individual,employee_or_alumni,0.8,1,As a graduate of ETH,"The user explicitly identifies as a graduate of ETH, indicating a former affiliation."
d3nizy,unknown,,0.0,53,,no self-identifying statements found
d_rassem,external_individual,student,0.8,3,I am a master’s student in AI in France,"The user explicitly states they are a master’s student in France, which implies a non-ETH institution. No ETH affiliation is mentioned."
da_f0511,unknown,,0.0,54,,no self-identifying statements found
dag00dag33,unknown,,0.0,1,,no self-identifying statements found
damanfordajobb,unknown,,0.0,34,,no self-identifying statements found
damianUHX,unknown,,0.0,212,,no self-identifying statements found
danholics,unknown,,0.0,36,,no self-identifying statements found
daniele_danielo,unknown,,0.0,18,,no self-identifying statements found
daromz_,unknown,,0.0,126,,no self-identifying statements found
dath_bane,unknown,,0.0,654,,no self-identifying statements found
dav_the_vader,unknown,,0.0,2,,no self-identifying statements found
davethehacker,decentral_individual,student,0.7,4,I definitely took Msc courses,"The statement 'I definitely took Msc courses' implies current enrollment in a master's program. Since no other university is explicitly named and the default rule applies (mentioning study without naming a specific other university implies ETH Zurich), the affiliation is assumed to be ETH Zurich."
davidTheEngineer,decentral_individual,student,0.8,9,I am CS masters though,"The user mentions being a CS master's student, which implies a current affiliation with ETH Zurich as the default institution since no other university is explicitly named."
davincix,unknown,,0.0,1,,no self-identifying statements found
davit_i_guess,unknown,,0.0,3,,no self-identifying statements found
dawnstrata1996,decentral_individual,researcher,1.0,73,I work at the University of Cambridge and ETH Zurich,"The user explicitly mentions working at ETH Zurich, which is the home institution. They also mention working at the University of Cambridge, but since ETH Zurich is explicitly named as a current workplace, the classification is decentral_individual/researcher."
dayanadaway,unknown,,0.0,10,,no self-identifying statements found
db600db,decentral_individual,student,0.8,561,changed to ETHZ,"The user explicitly mentions changing to ETH Zurich for their master's, indicating a current affiliation with ETH Zurich."
dddanielllll,external_individual,,0.5,45,"I applied before even graduating, from the University of Cagliari","The user explicitly mentions applying from the University of Cagliari, a non-ETH institution, with no indication of a current or upcoming ETH affiliation."
dddtry,unknown,,0.0,2,,no self-identifying statements found
dead_by_aprl,external_individual,student,0.5,15,Masters student in Germany on a student visa,"The user mentions being a Masters student in Germany but does not explicitly name ETH Zurich or any other specific university. However, the statement implies a non-ETH affiliation due to the mention of being in Germany and not referencing ETH explicitly."
deathcoder727,unknown,,0.0,77,,no self-identifying statements found
decaillv,unknown,,0.0,25,,no self-identifying statements found
deception2022,unknown,,0.0,379,,no self-identifying statements found
deekachuu,unknown,,0.2,7,I worked as a waitress from the 2nd year of Bachelor’s until the end of my Master’s,"The statement mentions studying a Bachelor’s and Master’s but does not explicitly name a university. There is no clear indication of ETH Zurich or any other institution, so the affiliation remains unknown."
deepshark14,former_individual,student,0.8,12,ETH does not really have ideal working spots,"The user refers to their experience during their master's at ETH, indicating they are no longer affiliated with ETH (former student)."
denfaina__,unknown,,0.0,578,,no self-identifying statements found
depressedandpsycho,unknown,,0.0,22,,no self-identifying statements found
der-wixer,unknown,,0.0,37,,no self-identifying statements found
deragent,unknown,,0.0,16,,no self-identifying statements found
deruben,unknown,,0.0,494,,no self-identifying statements found
des_illusion,unknown,,0.0,5,,no self-identifying statements found
desperatelamp74,decentral_individual,student,1.0,10,I have my eth student card,"The user explicitly mentions having an ETH student card, which confirms their current affiliation with ETH Zurich as a student."
deuduze,unknown,,0.0,3,,no self-identifying statements found
devangm,unknown,,0.0,153,,no self-identifying statements found
devshah19,unknown,,0.0,179,,no self-identifying statements found
dgarcia_eu,unknown,,0.0,12,,no self-identifying statements found
dheeman_roy,external_individual,student,0.6,147,currently doing my masters in Southern Europe,"The user explicitly states they are currently doing their masters in Southern Europe without naming ETH Zurich, and no ETH affiliation is mentioned."
dianam1n,unknown,,0.0,1,,no self-identifying statements found
dilutedblacktea,unknown,,0.0,27,,no self-identifying statements found
dimitriglaukon,unknown,,0.2,321,I just started myself half a year ago and I am 26...,The statement does not provide any explicit or implicit information about the user's university affiliation or role.
dimsum69420,unknown,,0.0,14,,no self-identifying statements found
dinhth,unknown,,0.0,82,,no self-identifying statements found
dinimuetterrr,unknown,,0.0,6,,no self-identifying statements found
diocane04,external_individual,student,0.8,5,I’m an Italian computer engineering student (bachelor),"The statement explicitly identifies the user as a student but does not mention ETH Zurich. Since no ETH affiliation is named, and the user is identified as a student at an unspecified institution, the classification defaults to external_individual/student."
diqkd,unknown,,0.0,1,,no self-identifying statements found
disciples_of_Seitan,unknown,,0.0,43,,no self-identifying statements found
divergence_of_curl,unknown,,0.0,364,,no self-identifying statements found
divind1115,unknown,,0.0,13,,no self-identifying statements found
dlPhil,external_individual,student,0.8,1,I studied math at the Sorbonne,"The user explicitly names a non-ETH institution (Sorbonne) as their current or past role, with no mention of a current or upcoming ETH connection. This fits the 'external_individual' classification."
dobrimoj,unknown,,0.0,161,,no self-identifying statements found
dogancemd,unknown,,0.0,16,,no self-identifying statements found
dogsdiner,unknown,,0.0,3,,no self-identifying statements found
domijeri,unknown,,0.0,4,,no self-identifying statements found
donutfruit,unknown,,0.0,20,,no self-identifying statements found
doppio280,unknown,,0.0,611,,no self-identifying statements found
doudoualexou,unknown,,0.0,5,,no self-identifying statements found
doyoueven1996,unknown,,0.0,55,,no self-identifying statements found
dpaleka,unknown,,0.0,3,,no self-identifying statements found
dplume,unknown,,0.0,137,,no self-identifying statements found
dreameroutloud,unknown,,0.0,3,,no self-identifying statements found
drsnoggles,unknown,,0.0,1821,,no self-identifying statements found
dstemcel,external_individual,student,0.8,1302,recently got accepted to a really big university in USA for MS in ECE,"The user explicitly mentions being accepted to a non-ETH university (in the USA) for a master's program, which falls under the 'external_individual/student' category."
duckduckyourself,unknown,,0.0,3,,no self-identifying statements found
dumogin,unknown,,0.0,12,,no self-identifying statements found
durandal,unknown,,0.0,89,,no self-identifying statements found
dust-and-disquiet,external_individual,student,0.5,10,studied in the university,"The statement mentions studying at a university but does not explicitly name ETH Zurich or any other institution. However, since the user is not currently affiliated with ETH and the statement refers to a past affiliation without naming a specific university, it is classified as external_individual/student with moderate confidence."
dwaiix,unknown,,0.0,1,,no self-identifying statements found
ebes_77,unknown,,0.0,12,,no self-identifying statements found
ecchi4ever,decentral_individual,student,1.0,15,"Anyone starting their master at ETH Zurich? And would like to connect beforehand. Just got admission too, I wish a lot of luck to the rest! 🍀","The user explicitly mentions starting a master's program at ETH Zurich and states they have been admitted, indicating a current affiliation with ETH Zurich."
eclipseflyer,unknown,,0.0,1,,no self-identifying statements found
ecologist23,external_individual,researcher,0.5,55,I am a postdoctoral researcher,"The statement mentions a postdoctoral researcher role but does not explicitly name a university. Since no ETH affiliation is mentioned and no other institution is named, the classification defaults to 'external_individual' with 'researcher' subtype based on the role."
eee_bume,former_individual,student,0.8,2,I did my bachelors and masters at ETH.,"The user mentions completing their bachelor's and master's degrees at ETH, indicating a past affiliation. Since they are no longer enrolled, this falls under 'former_individual/student'."
egbreo,unknown,,0.0,4,,no self-identifying statements found
egiorgis,unknown,,0.0,21,,no self-identifying statements found
einsJannis,unknown,,0.0,165,,no self-identifying statements found
ektoplazmahhh,external_individual,other,0.5,8,I do theoretical physics,"The user mentions being involved in theoretical physics but does not explicitly name a university. However, the absence of any mention of ETH Zurich and the presence of a vague statement about applying (without confirmation) suggests an external affiliation."
elber3th,decentral_individual,student,0.8,75,jointly supervised by a computer science lab here,"The statement mentions a computer science lab at ETH Zurich (implied by 'here'), indicating the user is currently affiliated with ETH Zurich as a student."
elegant-yapper,unknown,,0.0,1,,no self-identifying statements found
elettod,unknown,,0.0,2,,no self-identifying statements found
elia_bluelle,unknown,,0.0,1,,no self-identifying statements found
elixirofsoup,unknown,,0.0,24,,no self-identifying statements found
elliot18620,unknown,,0.0,1,,no self-identifying statements found
elmarceeel,unknown,,0.0,1,,no self-identifying statements found
elmeronero,unknown,,0.0,19,,no self-identifying statements found
elpapac,decentral_individual,student,0.8,9,about to start a master’s in landscape architecture,"The user mentions starting a master’s program but does not name a specific university. According to the rules, if a statement mentions studying without naming a specific other university, assume ETH Zurich."
elsbergs,former_individual,student,0.8,5,Having done my studies at ETH-Z (and PhD at EPFL),"The user mentions having completed their studies at ETH-Z, indicating a past affiliation. The mention of a PhD at EPFL is additional but does not override the ETH-Z affiliation for the studies."
elxu54,decentral_individual,student,0.8,6,incoming master student,"The user identifies as an 'incoming master student' without mentioning any specific non-ETH institution. Since they are incoming and no external university is named, the default assumption is ETH Zurich."
emerk102,unknown,,0.0,7,,no self-identifying statements found
emirhcgl,unknown,,0.0,1,,no self-identifying statements found
emoceanally,unknown,,0.0,3,,no self-identifying statements found
employeenumber1359,unknown,,0.0,20,,no self-identifying statements found
endtoabeginning,unknown,,0.0,445,,no self-identifying statements found
energy_zoey03,unknown,,0.0,1,,no self-identifying statements found
enlightened-sloth,decentral_individual,student,0.8,6,"I'm planning to do my Msc Thesis abroad, in the scope of 30 ECTS","The user is currently a student at ETH Zurich, as they are planning to do their MSc thesis, which implies they are enrolled in a program at ETH. No other university is explicitly named, and the default rule applies."
enomostar,unknown,,0.0,2,,no self-identifying statements found
envo_logicist,unknown,,0.0,2,,no self-identifying statements found
envyyeet,decentral_individual,student,1.0,40,D-MAVT erstie,"The user identifies as a 'D-MAVT erstie' and 'MAVT erstie', which refers to a first-year student in the Department of Mechanical and Process Engineering (D-MAVT) at ETH Zurich. This is a clear indication of a current student affiliation with ETH Zurich."
eomertherider,unknown,,0.0,135,,no self-identifying statements found
epfl_person,unknown,,0.0,30,,no self-identifying statements found
equin_x,unknown,,0.0,23,,no self-identifying statements found
erizon,unknown,,0.0,24,,no self-identifying statements found
escasiyo,decentral,department_or_lab,0.8,3,PhD at D-GESS,"The statement mentions a PhD at D-GESS, which is a department or lab at ETH Zurich. This indicates a current affiliation with ETH Zurich."
esketut,unknown,,0.0,2,,no self-identifying statements found
essigguerkli,unknown,,0.0,5,,no self-identifying statements found
etan1,unknown,,0.0,45,,no self-identifying statements found
eternalpanic,unknown,,0.0,86,,no self-identifying statements found
ethustler,unknown,,0.0,9,,no self-identifying statements found
ethz-ModTeam,unknown,,0.0,17,,no self-identifying statements found
evadingagainandagain,unknown,,0.0,148,,no self-identifying statements found
evian_water,unknown,,0.0,121,,no self-identifying statements found
exp-multicast,unknown,,0.0,3,,no self-identifying statements found
exp_max8ion,external_individual,other,0.8,134,UCSD,"The user explicitly mentions graduating from UCSD (a non-ETH institution) and does not indicate any current or upcoming affiliation with ETH Zurich. The mention of 'van living' suggests a past activity unrelated to academia, reinforcing that the user is not currently affiliated with ETH."
f00ld,decentral_individual,student,0.8,16,Now I am in University,"The user mentions being in university without specifying a non-ETH institution, and no explicit mention of a non-ETH university is made. ETH Zurich is the default institution in this context."
f1u82ypd,unknown,,0.0,122,,no self-identifying statements found
f3fff2f2f2f,unknown,,0.0,11,,no self-identifying statements found
fabiiimert,unknown,,0.0,2,,no self-identifying statements found
fabkosta,unknown,,0.0,1575,,no self-identifying statements found
fabmatazz,unknown,,0.0,22,,no self-identifying statements found
faboo811,unknown,,0.0,6,,no self-identifying statements found
fanconic,external_individual,student,0.6,16,Did my BSc and MSc at a target uni in continental Europe; I was lucky enough to have been accepted by a top university in Europe for a programme in ML,"The user mentions studying at a non-specific university in continental Europe and being accepted by a top European university, but does not explicitly name ETH Zurich or any other specific institution. The statements imply a current or upcoming affiliation with a non-ETH institution, which classifies them as external_individual/student."
faranzki,unknown,,0.0,15,,no self-identifying statements found
fast_zh,unknown,,0.0,102,,no self-identifying statements found
fat-garfield,unknown,,0.0,143,,no self-identifying statements found
favfavfav,unknown,,0.0,13,,no self-identifying statements found
fbanis,unknown,,0.0,10,,no self-identifying statements found
fcgjgjdfjdahdjfddg,unknown,,0.0,2,,no self-identifying statements found
fduct,unknown,,0.0,3,,no self-identifying statements found
feelingalive99,unknown,,0.0,12,,no self-identifying statements found
felixcra,unknown,,0.0,11,,no self-identifying statements found
fennecfoxxx123,unknown,,0.0,1242,,no self-identifying statements found
ffxx8811,unknown,,0.0,12,,no self-identifying statements found
fi-le,unknown,,0.0,11,,no self-identifying statements found
fifibg,decentral_individual,student,1.0,18,I just started my first year in informatics,"The statement indicates the user is currently enrolled in their first year of study. Since no other university is mentioned and ETH Zurich is the default for r/ethz posts, the affiliation is assumed to be ETH Zurich."
finanzgipfel,unknown,,0.0,55,,no self-identifying statements found
fingerprint187,former_individual,student,0.5,56,Bachelor at ETH,"The statement refers to a past Bachelor degree at ETH, indicating a former student affiliation."
fishanddipflip,unknown,,0.0,147,,no self-identifying statements found
fishbirdsfoxesmoles,external_individual,phd,0.8,532,I’m a PhD student from the UK,"The user explicitly identifies as a PhD student from the UK, which is a non-ETH institution. There is no mention of ETH Zurich or any current affiliation with ETH."
fishyfishtony,unknown,,0.0,1,,no self-identifying statements found
fjxif,unknown,,0.0,2,,no self-identifying statements found
fkb089,unknown,,0.0,284,,no self-identifying statements found
flammkuch,unknown,,0.0,7,,no self-identifying statements found
flenkenhues,unknown,,0.0,33,,no self-identifying statements found
flexseason,unknown,,0.0,1,,no self-identifying statements found
flipper-1703,unknown,,0.0,659,,no self-identifying statements found
flower-999,unknown,,0.0,12,,no self-identifying statements found
flowtuz,unknown,,0.0,77,,no self-identifying statements found
flute-man,unknown,,0.0,22,,no self-identifying statements found
fmartiescofet,unknown,,0.0,1,,no self-identifying statements found
forallem,decentral_individual,student,1.0,49,"I’m enrolled, starting studies in the upcoming Wintersemester","The user explicitly states they are enrolled and starting studies, which aligns with a current ETH Zurich affiliation as per the rules."
fortniteprooooooooo,unknown,,0.0,1,,no self-identifying statements found
frankthornewell,unknown,,0.0,2,,no self-identifying statements found
frankybasel,unknown,,0.0,4,,no self-identifying statements found
free_kmart36,unknown,,0.0,25,,no self-identifying statements found
freebullshitaccount,unknown,,0.0,373,,no self-identifying statements found
friendslikeapplepies,unknown,,0.0,3,,no self-identifying statements found
frigley1,unknown,,0.0,302,,no self-identifying statements found
fromtheptothee,unknown,,0.0,2,,no self-identifying statements found
fruppster,unknown,,0.0,5,,no self-identifying statements found
fuckthiscentury175,unknown,,0.0,228,,no self-identifying statements found
fuckyou12342023,unknown,,0.0,42,,no self-identifying statements found
furious_sheeps,external_individual,student,0.8,24,nominated by my home university for an exchange program at ETHZ,"The user explicitly identifies as a student at their home university, which is not ETH Zurich, and is currently on an exchange program at ETHZ. Since the home university is not named and the current role is at ETHZ, the classification is external_individual/student."
gangster4-ever09,unknown,,0.0,4,,no self-identifying statements found
gantii,unknown,,0.0,35,,no self-identifying statements found
gary_cooper_01,unknown,,0.0,4,,no self-identifying statements found
gcalligher,unknown,,0.0,7,,no self-identifying statements found
geethaa_,unknown,,0.0,1,,no self-identifying statements found
geger42,former_individual,student,0.8,9,recent CS grad,"The user mentions being a 'recent CS grad' without specifying a university, but since they are not currently affiliated with ETH Zurich and no other institution is named, the classification defaults to 'former_individual/student' based on the assumption that they graduated from a university (likely ETH Zurich, but not explicitly stated)."
gehp150,unknown,,0.0,1,,no self-identifying statements found
geigergopp,unknown,,0.0,130,,no self-identifying statements found
gen_z_snowflake,decentral_individual,student,0.8,1,I am doing a regular Masters in Computer Science not Data Science,"The user is explicitly stating they are currently enrolled in a Master's program, and since no other university is named, ETH Zurich is assumed as the institution."
genauerstrasse,unknown,,0.0,3,,no self-identifying statements found
geniusdeath,unknown,,0.0,906,,no self-identifying statements found
genoche63,unknown,,0.0,2,,no self-identifying statements found
gerrad830,unknown,,0.0,1,,no self-identifying statements found
getMewRONGg,external_individual,other,0.8,251,graduated at a medium/small Italian university,"The user explicitly mentions graduating from a non-ETH institution (a medium/small Italian university) and does not indicate any current or upcoming affiliation with ETH Zurich. The role is not specified as a student, researcher, or employee, so 'other' is used as the subtype."
getshreckdindeass,decentral_individual,student,1.0,10,Second year mech eng here.,"The user explicitly mentions being in their second year of a mechanical engineering program, which aligns with being a current student at ETH Zurich based on the subreddit default rule."
gfcanneverseethis,decentral_individual,student,1.0,3,"Currently I am, a second year Computer Science master's student","The user explicitly states they are a second-year master's student at ETH Zurich, which is the default institution for r/ethz posts."
gfrhFFDF,external_individual,student,0.5,7,study in Zürich,"The statement mentions studying in Zürich but does not explicitly name ETH Zurich or any other university. However, since the user does not mention ETH Zurich and the location is Zürich, it is classified as external_individual with a subtype of student due to the implicit signal of studying."
ghazi_syed,unknown,,0.0,1,,no self-identifying statements found
gheimifurt,unknown,,0.0,17,,no self-identifying statements found
giacomomaggiore,decentral_individual,student,1.0,15,I’m currently pursuing a Bachelor’s degree in Automation Engineering,"The user is currently enrolled in a Bachelor’s program, and no specific external university is named. ETH Zurich is the default institution for r/ethz posts."
gian_69,unknown,,0.0,1,,no self-identifying statements found
giantZorg,unknown,,0.0,67,,no self-identifying statements found
gil0999,unknown,,0.0,28,,no self-identifying statements found
ginarrbrik,former_individual,student,0.8,14,I consider my time at ETH to be the most formative and intellectually stimulating period of my life so far,"The user refers to their time at ETH in the past tense, indicating they are no longer affiliated with ETH. The statement suggests they were a student at ETH."
ginsunuva,unknown,,0.0,439,,no self-identifying statements found
girly-lady,unknown,,0.0,843,,no self-identifying statements found
githubrepo,external_individual,student,0.5,93,studied in Switzerland for my Bachelors (in French) and Masters (German/English),"The user mentions studying in Switzerland but does not explicitly name ETH Zurich or any other specific university. However, the absence of ETH affiliation and the presence of a clear external study location (Switzerland) with no indication of current ETH connection leads to classification as external_individual/student."
gitty7456,unknown,,0.0,1750,,no self-identifying statements found
gjarne,external_individual,student,1.0,5,will start studying at UZH,"The user explicitly states they will start studying at UZH (University of Zurich), a non-ETH institution, with no mention of a current or upcoming ETH affiliation."
glazmann,external_individual,phd,0.8,15,I am doing a PhD in the UK,"The user explicitly states they are doing a PhD in the UK, which is a non-ETH institution. No mention of ETH Zurich or any current ETH affiliation is present."
globetrotterdiamond,unknown,,0.0,41,,no self-identifying statements found
gloriad00,unknown,,0.0,11,,no self-identifying statements found
gluons48,unknown,,0.0,27,,no self-identifying statements found
gobacktomonke31,unknown,,0.0,145,,no self-identifying statements found
godly_carpet,decentral_individual,student,1.0,294,I'm doing my master's here,"The statement explicitly indicates that the user is currently enrolled in a master's program at ETH Zurich, as per the subreddit's default rule that mentions studying without naming a specific other university implies ETH Zurich."
gojir0,unknown,,0.0,10,,no self-identifying statements found
goldfischglas79,unknown,,0.0,8,,no self-identifying statements found
goremagalafan,unknown,,0.0,204,,no self-identifying statements found
gorkia,unknown,,0.0,2,,no self-identifying statements found
gowth130,unknown,,0.0,1,,no self-identifying statements found
greenappleFF,unknown,,0.0,46,,no self-identifying statements found
griffithisinnocent,unknown,,0.0,4,,no self-identifying statements found
gruengle,unknown,,0.0,102,,no self-identifying statements found
gsaltintas,unknown,,0.0,3,,no self-identifying statements found
gtancev,unknown,,0.0,12,,no self-identifying statements found
guemeller,external_individual,other,0.5,18,My BEng degree is from the UK (Cranfield),"The user explicitly mentions a non-ETH institution (Cranfield) as their educational background, but does not indicate any current or past affiliation with ETH Zurich. No current role or study at ETH is mentioned."
guetibuetu,unknown,,0.0,1,,no self-identifying statements found
guiserg,unknown,,0.0,43,,no self-identifying statements found
gunslingerson,unknown,,0.0,109,,no self-identifying statements found
gurji123,unknown,,0.0,20,,no self-identifying statements found
gustapa,decentral_individual,student,1.0,51,Yes I study CS here,"The user explicitly states they are studying at ETH Zurich (implied by 'here' in the context of r/ethz), which matches the rule for current ETH affiliation."
gyoza__fairy,unknown,,0.0,12,,no self-identifying statements found
gyzmot,unknown,,0.0,4,,no self-identifying statements found
h-musicfr,unknown,,0.0,1447,,no self-identifying statements found
h3cker999,unknown,,0.0,7,,no self-identifying statements found
haCKerCK,unknown,,0.0,65,,no self-identifying statements found
hadronmachinist,decentral_individual,student,1.0,42,I've just completed my first year as a master student in applied mathematics,"The statement indicates the user is currently a master's student, and since no other university is explicitly named, ETH Zurich is assumed as the home institution."
hainb,decentral_individual,student,0.8,15,I am an EU student doing my masters here,"The user explicitly mentions being a student at their current institution without naming a specific external university. The phrase 'here' implies ETH Zurich, as it is the home institution for the subreddit r/ethz."
hakim_ziane,external_individual,student,0.8,1,I’m from the Université de Montréal,"The user explicitly names a non-ETH institution (Université de Montréal) as their current affiliation. Other statements mention studying and working at the same institution, reinforcing the current affiliation. No mention of ETH Zurich or any upcoming connection to ETH."
halilemreisik,unknown,,0.0,2,,no self-identifying statements found
hallojuhu,unknown,,0.0,12,,no self-identifying statements found
halzhang,unknown,,0.0,3,,no self-identifying statements found
hann953,unknown,,0.0,70,,no self-identifying statements found
hans_wie_heiri,former_individual,student,0.7,72,I am a newly grad. (Msc. europe based) in organic and biological chemistry. I am going to finish my masters in organic chemistry in july (europe based),"The user mentions completing a master's degree but does not explicitly name ETH Zurich or any other institution. The statements imply a past academic role (graduated/master's completion), and since no current affiliation is mentioned, the classification defaults to 'former_individual/student' with moderate confidence."
happy_ieng,external_individual,other,0.5,1,currently working 50% alongside to university,"The user mentions working alongside a university but does not explicitly name ETH Zurich or any other institution. The statement implies a current affiliation with a university, but without a specific name, it is classified as external_individual/other due to lack of explicit ETH affiliation."
haraldfranck,unknown,,0.0,66,,no self-identifying statements found
harryethzurich,unknown,,0.0,3,,no self-identifying statements found
harryf,unknown,,0.0,102,,no self-identifying statements found
hatepoop,unknown,,0.0,2,,no self-identifying statements found
haverkla,unknown,,0.0,1,,no self-identifying statements found
hazelnussibus,unknown,,0.0,58,,no self-identifying statements found
hciruzhte,unknown,,0.0,18,,no self-identifying statements found
head-ta,unknown,,0.0,15,,no self-identifying statements found
heehehehehehh,unknown,,0.0,2,,no self-identifying statements found
hellbanan,external_individual,student,0.5,132,I study at ...,"The user mentions studying at an unspecified institution, but no specific university is named. Since the statement does not explicitly name ETH Zurich or any other institution, and the context is ambiguous, the classification defaults to external_individual with a subtype of student based on the mention of studying."
hellvetic147,unknown,,0.0,21,,no self-identifying statements found
herbertdm,external_individual,phd,0.8,17,recruitment process for a PhD position at a research centre through a Marie Curie Doctoral Network,"The user is currently in the recruitment process for a PhD position at an unspecified research centre, and no ETH Zurich affiliation is mentioned. The prior degrees are from the University of Aveiro, but the current affiliation is not tied to ETH Zurich."
heresacorrection,unknown,,0.0,337,,no self-identifying statements found
hette4,unknown,,0.0,29,,no self-identifying statements found
heyheni,unknown,,0.0,4,,no self-identifying statements found
hhhdzy,unknown,,0.0,1,,no self-identifying statements found
hhoverflow,unknown,,0.0,44,,no self-identifying statements found
highlevel_fucko,unknown,,0.0,92,,no self-identifying statements found
hitemth,unknown,,0.2,16,I know since I am the one from a sanctioned country.,"The statement does not provide any explicit or implicit information about the user's university affiliation. It refers to being from a 'sanctioned country' but does not mention any institution, study, or work related to a university."
hitzgi,unknown,,0.0,67,,no self-identifying statements found
hoang252,unknown,,0.0,1364,,no self-identifying statements found
hoechsten2,unknown,,0.0,24,,no self-identifying statements found
hohenheim5678,former_individual,student,0.8,10,bachelor mechanical engineering from eth,"The user mentions having a bachelor's degree from ETH, indicating a past affiliation as a student."
holzbei,unknown,,0.0,2,,no self-identifying statements found
hopeful_learner123,unknown,,0.0,6,,no self-identifying statements found
hopefulbrownies,unknown,,0.0,5,,no self-identifying statements found
hornystoner161,unknown,,0.0,45,,no self-identifying statements found
horse_s_mouth,decentral_individual,student,1.0,3,"I’m starting my ETH studies next semester, September.","The user explicitly states they are starting their studies at ETH Zurich, which is the home institution. This matches rule B of the decision tree, indicating a current or upcoming ETH affiliation."
hot-plato,decentral_individual,student,1.0,10,studies at ETH Zurich,"The user explicitly mentions studying at ETH Zurich, which confirms their current affiliation as a student at ETH Zurich."
hotterthanyou69,unknown,,0.0,3,,no self-identifying statements found
htcu11,unknown,,0.0,4,,no self-identifying statements found
human3483933883,former_individual,student,0.9,1,recent ETH CS MSc grad,"The user explicitly identifies as a recent graduate from ETH Zurich, indicating a former affiliation as a student."
hunterdayawife,unknown,,0.0,59,,no self-identifying statements found
hyperbrainer,unknown,,0.0,844,,no self-identifying statements found
hyperionXO,external_individual,student,1.0,5,I'm currently doing my bachelor's in mechanical engineering at EPFL,"The user explicitly states they are currently studying at EPFL, a non-ETH institution, with no mention of a current or upcoming ETH affiliation."
hyperswiss,unknown,,0.0,169,,no self-identifying statements found
hytrax,unknown,,0.0,7,,no self-identifying statements found
iAmCatton,unknown,,0.0,9,,no self-identifying statements found
iDankYourMemes,unknown,,0.0,2,,no self-identifying statements found
iDhanushReddy,external_individual,student,1.0,4,I'm an Indian student in my final year of a [B.Tech] in Information Technology (Specialization in AI & Robotics) under the University of Mumbai,"The user explicitly names the University of Mumbai as their current institution and identifies as a student, with no mention of ETH Zurich or any current or upcoming ETH affiliation."
iRobi8,unknown,,0.0,1829,,no self-identifying statements found
i_am_bloating,unknown,,0.0,56,,no self-identifying statements found
i_see_the_ocean,former_individual,phd,0.5,112,I studied in England but really focused on my PhD and research during that time.,"The user mentions studying in the UK and focusing on their PhD, but does not explicitly name a university. The focus on past study and PhD suggests a former affiliation, though the specific institution is not named."
i_would_say_so,unknown,,0.0,1626,,no self-identifying statements found
iam_thedoctor,unknown,,0.0,112,,no self-identifying statements found
iamnogoodatthis,unknown,,0.0,3713,,no self-identifying statements found
iampujan,external_individual,student,0.8,4,I am doing a masters of data science from Italy,"The user explicitly mentions studying a master's program at an institution in Italy, which is not ETH Zurich. This satisfies the condition for 'external_individual' with the subtype 'student'."
iamsimbaba,unknown,,0.0,36,,no self-identifying statements found
iatamajira,unknown,,0.0,2,,no self-identifying statements found
ica94,unknown,,0.0,40,,no self-identifying statements found
iceby,unknown,,0.0,159,,no self-identifying statements found
icwkdzajz,unknown,,0.0,78,,no self-identifying statements found
ida63838991,unknown,,0.0,32,,no self-identifying statements found
idkjustgimmeusername,unknown,,0.0,2,,no self-identifying statements found
idontknowbutitsokay,unknown,,0.0,2,,no self-identifying statements found
iesterdai,unknown,,0.0,87,,no self-identifying statements found
ignorantgal5,former_individual,student,0.8,362,I am msc physics grad.,"The user mentions being an MSc physics graduate, which indicates a past affiliation. Since no specific university is named, and the default rule applies (no explicit non-ETH affiliation), the affiliation is assumed to be ETH Zurich. The voice type is 'former_individual' with subtype 'student' due to the completed degree."
ikamran_khan,external_individual,student,0.5,6,statements 1 and 3,"The user mentions having a Master's in Chemistry and is currently a chemistry student, but does not explicitly state they are currently affiliated with ETH Zurich. They also mention plans to apply to ETH Zurich and consider doing a PhD in the USA, which implies their current affiliation is external."
ilikethelettery,unknown,,0.0,32,,no self-identifying statements found
ilovecrystals889,external_individual,student,0.8,1,B.S. in chemistry from a highly-ranked program here in the US,"The user explicitly identifies as an undergraduate student from a US-based institution, which is not ETH Zurich. No mention of ETH Zurich or any affiliated role is present."
ilovejesus1234,unknown,,0.0,121,,no self-identifying statements found
ilvetikos,unknown,,0.0,4,,no self-identifying statements found
im_person_nate,unknown,,0.0,12,,no self-identifying statements found
imbaldcuzbetteraero,decentral_individual,student,1.0,584,I am in my second year of my bachelor in physics at ETH Zürich,"The user explicitly states they are a current student at ETH Zürich, which is the home institution."
imcompletelyhonest,unknown,,0.0,3,,no self-identifying statements found
imkarthikeyans,decentral,department_or_lab,1.0,1,joining MTEC at ETH Zurich,"The user explicitly mentions joining MTEC at ETH Zurich, which is a department or lab within ETH Zurich. This indicates a current affiliation with ETH Zurich."
impulserave,unknown,,0.0,8,,no self-identifying statements found
inadal,unknown,,0.0,1,,no self-identifying statements found
inainam,unknown,,0.0,8,,no self-identifying statements found
individualismus,unknown,,0.0,6,,no self-identifying statements found
indizonen,unknown,,0.0,14,,no self-identifying statements found
inedijx,unknown,,0.0,4,,no self-identifying statements found
infinitedillpickles,unknown,,0.0,2,,no self-identifying statements found
inkognitro90,unknown,,0.0,74,,no self-identifying statements found
intimate_economics,unknown,,0.0,30,,no self-identifying statements found
intrepidlady97,unknown,,0.0,15,,no self-identifying statements found
ipokestuff,unknown,,0.0,410,,no self-identifying statements found
irago_,unknown,,0.0,1241,,no self-identifying statements found
iris_flower_girl,unknown,,0.0,2,,no self-identifying statements found
irisosaurus,external_individual,student,0.5,17,living abroad for my Masters,"The statement mentions being a Masters student but does not explicitly name a specific university. However, since the user is not affiliated with ETH Zurich and is studying abroad, the default classification applies to an external institution."
isam2k,unknown,,0.0,2,,no self-identifying statements found
it-isss-what-it-isss,unknown,,0.0,20,,no self-identifying statements found
iterative_iteration,unknown,,0.0,32,,no self-identifying statements found
itisamariel,unknown,,0.0,42,,no self-identifying statements found
its-focking-me,unknown,,0.0,7,,no self-identifying statements found
itsleis,unknown,,0.0,24,,no self-identifying statements found
ivica555,unknown,,0.0,323,,no self-identifying statements found
ivy_winterborn,unknown,,0.0,240,,no self-identifying statements found
iwontremembr,external_individual,phd,1.0,3,I'm going to start a PhD at MIT in EECS this year,"The user explicitly states they are starting a PhD at MIT, a non-ETH institution, with no mention of a current or upcoming ETH affiliation."
jacobinsilico,unknown,,0.0,3,,no self-identifying statements found
jal1926,unknown,,0.0,5,,no self-identifying statements found
jan-jan-14,former_individual,student,0.8,11,I studied at the ETH.,"The user explicitly mentions studying at ETH in the past, which aligns with the 'former_individual' category and 'student' subtype."
jappsugthesorcerer,decentral_individual,student,0.8,56,first week bachelors,"The user mentions being in their first week of a bachelor's program, which implies they are currently enrolled at a university. Since no other institution is named and the default rule applies (mentioning studying without naming a specific other university implies ETH Zurich), the affiliation is ETH Zurich."
java-the-alien,unknown,,0.0,2,,no self-identifying statements found
jayinnn,unknown,,0.0,2,,no self-identifying statements found
jeanmichelcrapaud,external_individual,student,1.0,18,I’m from EPFL,"The user explicitly names a non-ETH institution (EPFL) as their current affiliation, with no mention of a current or upcoming ETH connection."
jeffxxxxx,decentral_individual,student,1.0,3,"I’ve just recently been offered a place at ETH comp bio and bioinformatics, starting 2024","The user explicitly mentions being offered a place at ETH Zurich (comp bio and bioinformatics) and states that they will start in 2024, indicating a current or upcoming ETH affiliation. This matches rule B, and the subtype 'student' is appropriate for someone starting a program."
jenisurgod,unknown,,0.0,2,,no self-identifying statements found
jerry_22292,unknown,,0.0,29,,no self-identifying statements found
jetblack164,decentral_individual,student,1.0,1,the majority (or at the very least in the first year) of an ETH Bachelor’s is in German,"The statement explicitly refers to being in an ETH Bachelor’s program, indicating a current student affiliation with ETH Zurich."
jfang00007,former_individual,student,0.5,115,graduated university in computer science last year,"The user mentions graduating from university but does not specify the institution. Since they graduated last year, they are no longer affiliated with any university, and there is no explicit mention of ETH Zurich or another institution. This leads to a classification of 'former_individual/student' with moderate confidence due to the implicit signal of past affiliation."
jfjdndixjd,unknown,,0.0,1,,no self-identifying statements found
jfolzy,unknown,,0.0,2,,no self-identifying statements found
jitter1337,unknown,,0.0,2,,no self-identifying statements found
jj_HeRo,unknown,,0.0,287,,no self-identifying statements found
jjjj_83,unknown,,0.0,106,,no self-identifying statements found
jjooniii,unknown,,0.0,23,,no self-identifying statements found
jkflying,unknown,,0.0,601,,no self-identifying statements found
jkochh,decentral_individual,student,0.8,3,I am doing a degree in DS,"The user is currently enrolled in a DS degree program, which is implied to be at ETH Zurich based on the context of prior studies at ETH ITET and the absence of any explicit mention of a non-ETH institution for the current role."
jmesfin,decentral_individual,student,1.0,4,studying at ETH in September,"The user explicitly mentions starting to study at ETH in September, indicating a current or upcoming affiliation with ETH Zurich."
joeboeho,unknown,,0.0,71,,no self-identifying statements found
johnny-T1,unknown,,0.0,1175,,no self-identifying statements found
jojo_504,former_individual,phd,0.7,19,Recently graduated from a Swiss university (PhD),"The user mentions graduating from a Swiss university with a PhD, but does not explicitly name ETH Zurich or any other institution. Since the statement refers to a past affiliation and does not provide enough information to confirm the specific university, the classification defaults to 'former_individual/phd' with moderate confidence."
jonah1011,unknown,,0.0,2,,no self-identifying statements found
jonarivado,unknown,,0.0,8,,no self-identifying statements found
joyjoy1515,decentral_individual,student,0.8,1,joined ETH for my masters,"The user explicitly states they are currently at ETH for their master's, which takes precedence over a prior non-ETH degree."
jpeg11111010001,unknown,,0.0,9,,no self-identifying statements found
jpjbagdi,unknown,,0.0,14,,no self-identifying statements found
jred11219,unknown,,0.0,1,,no self-identifying statements found
jrsowa,unknown,,0.0,357,,no self-identifying statements found
jsbi,unknown,,0.0,36,,no self-identifying statements found
jujumusk,external_individual,student,1.0,15,I'm doing my MS thesis in physics at Caltech,"The user explicitly states they are currently doing their MS thesis at Caltech, a non-ETH institution, with no mention of a current or upcoming ETH affiliation."
julian0722,unknown,,0.0,3,,no self-identifying statements found
junionpect1,unknown,,0.0,9,,no self-identifying statements found
junkfood113,unknown,,0.0,3,,no self-identifying statements found
jusjsndjdhdjd,unknown,,0.0,178,,no self-identifying statements found
justTinkering,unknown,,0.0,22,,no self-identifying statements found
just_alfa,unknown,,0.0,2,,no self-identifying statements found
justimperator,unknown,,0.0,98,,no self-identifying statements found
justonesharkie,decentral_individual,phd,0.8,965,I’m doing my PhD,"The user explicitly states they are doing their PhD, and no specific external university is mentioned. According to the rules, if a user mentions studying or doing a PhD without naming a specific other university, ETH Zurich is assumed as the affiliation."
k1234567m,unknown,,0.0,1,,no self-identifying statements found
ka2753,unknown,,0.0,20,,no self-identifying statements found
kaengururu,unknown,,0.0,1,,no self-identifying statements found
kaliumsorbath,unknown,,0.0,42,,no self-identifying statements found
kamiem123,external_individual,other,0.5,7,no explicit mention of ETH or any other university,"The statements do not mention any specific university affiliation, and there is no clear indication of current or past enrollment at ETH or another institution."
kamsariii,unknown,,0.0,6,,no self-identifying statements found
kanoa_riddle,unknown,,0.0,9,,no self-identifying statements found
kart0ffel12,unknown,,0.0,91,,no self-identifying statements found
kasapkapo,unknown,,0.0,17,,no self-identifying statements found
katatonikk,external_individual,professor,1.0,21,I'm a CS lecturer at ZHAW,"The user explicitly names ZHAW as their current role with no mention of ETH Zurich or any upcoming ETH connection, which fits the 'external_individual' category."
katzenliegestuetze,unknown,,0.0,2,,no self-identifying statements found
kekwwwww999665,decentral_individual,student,0.8,80,I'm an EE,"The statement 'I'm an EE' implies the user is currently studying electrical engineering. Since no other university is mentioned and ETH Zurich is the default for r/ethz posts, the affiliation is assumed to be ETH Zurich."
kenzoy0426,unknown,,0.0,4,,no self-identifying statements found
kephyrion,unknown,,0.0,223,,no self-identifying statements found
keplerian01,unknown,,0.0,10,,no self-identifying statements found
kermittheelfo,decentral_individual,student,1.0,120,Master Student cheming at ETH Zürich,"The user explicitly states they are a Master Student at ETH Zürich, which matches the criteria for a current ETH affiliation."
keskec,decentral_individual,student,0.8,7,I study there,"The statement 'I study there' implies the user is currently a student at an institution. Since no other university is explicitly named and the default rule applies (mentioning studying without naming a specific other university implies ETH Zurich), the affiliation is ETH Zurich."
kidastray,unknown,,0.0,5,,no self-identifying statements found
killmeatap,unknown,,0.0,3,,no self-identifying statements found
kindermd,unknown,,0.0,4,,no self-identifying statements found
king_grifffin,unknown,,0.0,8,,no self-identifying statements found
kingb134p,unknown,,0.2,6,at least that was the case when i got to that level,The statement is vague and does not provide any explicit or implicit information about the user's current or past university affiliation.
kinkyaboutjewelry,unknown,,0.0,648,,no self-identifying statements found
kisa-male,unknown,,0.0,27,,no self-identifying statements found
kitten_twinkletoes,unknown,,0.0,542,,no self-identifying statements found
kittenkorb,external_individual,student,1.0,6,I am currently studying political science at the University of Basel,"The user explicitly names a non-ETH institution (University of Basel) as their current role, with no mention of a current or upcoming ETH connection."
kjm_zhh,unknown,,0.0,7,,no self-identifying statements found
kkkllllllllll,unknown,,0.0,1,,no self-identifying statements found
kloodarmstium,unknown,,0.0,10,,no self-identifying statements found
kmader,unknown,,0.0,4,,no self-identifying statements found
knicksinfo,unknown,,0.0,2,,no self-identifying statements found
ko_nuts,unknown,,0.0,201,,no self-identifying statements found
koki51,external_individual,student,0.8,14,I will be entering my last year of Bachelor in Mechanical Engineering at EPFL,"The user explicitly states they are currently a student at EPFL, which is a non-ETH institution, and there is no mention of a current or upcoming ETH affiliation."
kolmiw,external_individual,other,0.5,88,graduated Waldorf in Detroit (Brasil),"The user explicitly mentions graduating from Waldorf in Detroit (Brasil), which is not ETH Zurich. There is no mention of a current or upcoming ETH affiliation, and the statement refers to a past affiliation. Since the user is not affiliated with ETH Zurich, the classification is external_individual/other."
konsuli7,unknown,,0.0,9,,no self-identifying statements found
kovariantenkaktus,unknown,,0.0,4,,no self-identifying statements found
kr_store,unknown,,0.0,20,,no self-identifying statements found
kriccs,decentral_individual,student,0.8,3,international master's students,"The statement refers to being an international master's student, which implies a current affiliation with ETH Zurich as the home institution, as per the rules provided."
kriegshuehnchen,unknown,,0.0,29,,no self-identifying statements found
kriscnik,unknown,,0.0,358,,no self-identifying statements found
krokoloco,unknown,,0.0,14,,no self-identifying statements found
ksjwo,external_individual,other,0.5,12,working for an environmental engineering firm,"The user mentions working in an environmental engineering firm but does not explicitly name a university. However, the absence of any mention of ETH Zurich or any other university affiliation, combined with the presence of a current professional role, leads to the classification of 'external_individual/other' with moderate confidence."
kuaile258890,external_individual,student,0.5,7,international student with a dual bachelor’s degree in computer science and mathematics,"The user identifies as an international student but does not explicitly name ETH Zurich or any other university. The absence of a named institution and the focus on a dual bachelor’s degree implies affiliation with a non-ETH institution, but the evidence is implicit rather than explicit."
kushkus,unknown,,0.0,1,,no self-identifying statements found
kuzzzmina_,external_individual,student,1.0,3,I am a second year BSc Biomedical Sciences at UCL,"The user explicitly states they are a student at UCL, which is a non-ETH institution, with no mention of a current or upcoming ETH affiliation."
kvutxdy,decentral_individual,student,1.0,21,pursuing a Master's degree in Computer Science,"The user is currently pursuing a Master's degree, and no specific external university is named. According to the rules, if a user mentions studying without naming a specific other university, ETH Zurich is assumed as the home institution."
kylinandy,external_individual,student,0.7,20,Im going to study in the university of Szeged majoring in CS this September,"The user explicitly states they will be studying at the University of Szeged, a non-ETH institution, starting this September. This indicates a current (upcoming) affiliation with an external university."
kyurigang,external_individual,student,1.0,53,I am a student in the Department of Child and Youth Studies at Sungkyunkwan University,"The user explicitly names Sungkyunkwan University as their current institution, which is not ETH Zurich. The statement clearly identifies them as a current student at a non-ETH institution."
l33dplayer,unknown,,0.0,5,,no self-identifying statements found
lamamilinda,unknown,,0.0,2,,no self-identifying statements found
lamperi-,unknown,,0.0,107,,no self-identifying statements found
langkexiaoyi,external_individual,,0.5,7,applied for EPFL’s EDIC online before,"The user explicitly mentions applying to EPFL, a non-ETH institution, and is currently waiting for results from both EPFL and ETH AI center. However, no confirmation of ETH acceptance is provided, so the current affiliation is external."
languagestudent1546,unknown,,0.0,242,,no self-identifying statements found
laooomo,unknown,,0.0,2,,no self-identifying statements found
lapp3m,unknown,,0.0,118,,no self-identifying statements found
lars99971,decentral_individual,student,1.0,1,I am finishing my Msc in D-CHAB,"The statement indicates the user is currently finishing their MSc at ETH Zurich (D-CHAB is a department at ETH Zurich). This is a current affiliation, and no other university is mentioned."
larsie001,unknown,,0.0,50,,no self-identifying statements found
lashiskappa,decentral_individual,student,0.8,44,currently pursuing my BSc. in Materials Science and Engineering,"The user is currently pursuing a BSc, and no specific university is mentioned. According to the rules, if a user mentions studying without naming a specific other university, ETH Zurich is assumed as the home institution."
lasker99,decentral_individual,student,1.0,2,Fellow Mtec student here,The statement explicitly identifies the user as a current student at ETH Zurich (Mtec refers to the Master of Technology program at ETH Zurich).
latticeperson,former_individual,student,0.9,5,graduated last year after 5 years at eth,"The user explicitly mentions graduating from ETH Zurich, indicating a former affiliation as a student."
latyrus,unknown,,0.0,2,,no self-identifying statements found
laura8m,unknown,,0.0,0,,no text content available
lazy-rushi,unknown,,0.0,3,,no self-identifying statements found
lazy_warlord,unknown,,0.0,99,,no self-identifying statements found
lealyr,unknown,,0.0,2,,no self-identifying statements found
leezaard,unknown,,0.0,6,,no self-identifying statements found
lefory538,unknown,,0.0,4,,no self-identifying statements found
lela2011,unknown,,0.0,3,,no self-identifying statements found
lelezorm,unknown,,0.2,40,statements about thinking about a degree programme and potential fields of study,"The user mentions thinking about a degree programme and potential fields of study, but does not explicitly name ETH Zurich or any other university as their current affiliation. There is no clear indication of current enrollment, acceptance, or affiliation with any institution."
lemeneis,unknown,,0.0,1,,no self-identifying statements found
lemonadexpert,unknown,,0.0,7,,no self-identifying statements found
lemonhead94,unknown,,0.0,9,,no self-identifying statements found
leo33_,unknown,,0.0,1,,no self-identifying statements found
leraysp3s3,unknown,,0.0,2,,no self-identifying statements found
les-alpes,unknown,,0.0,18,,no self-identifying statements found
letha_smurf_361,unknown,,0.0,21,,no self-identifying statements found
licheyyyy,unknown,,0.0,4,,no self-identifying statements found
light_is_time,unknown,,0.0,10,,no self-identifying statements found
ligregni,unknown,,0.0,151,,no self-identifying statements found
lil_fib,unknown,,0.0,4,,no self-identifying statements found
lilla_00,unknown,,0.0,4,,no self-identifying statements found
lilordeo,decentral_individual,student,1.0,16,i am studying d-mavt,"The statement indicates the user is currently studying at ETH Zurich, as 'd-mavt' refers to a department at ETH Zurich. No external institution is mentioned, and the tense implies a current role."
lilsosa23,external_individual,student,0.8,5,from a good University in Italy,The user explicitly mentions studying at a non-ETH institution (a good University in Italy) without any current or upcoming ETH affiliation.
lisf666,unknown,,0.0,228,,no self-identifying statements found
litbizwiz,decentral_individual,researcher,0.8,152,I work as a researcher at ...,"The statement 'I work as a researcher at ...' indicates a current role without naming a specific non-ETH institution. Since no other university is explicitly mentioned, and the user is working at ETH Zurich (as per the default rule), the affiliation is classified as decentral_individual/researcher."
little__riddle,decentral_individual,student,1.0,7,I recently started a degree in Data Science at ETH.,"The user explicitly states they have recently started a degree at ETH Zurich, which is the home institution. This matches rule B of the decision tree, indicating a current ETH affiliation."
littlemarmmot,unknown,,0.0,50,,no self-identifying statements found
livelifetodream,external_individual,student,0.8,22,incoming master's student starting this July intake at the Clayton campus,"The user explicitly mentions starting a master's program at the Clayton campus, which is not ETH Zurich. No mention of ETH Zurich or any current/upcoming ETH affiliation is present."
liverpenguin,unknown,,0.2,1,myself included,"The statement 'myself included' does not provide any explicit or implicit information about the user's university affiliation. It is too vague and lacks any reference to a university, role, or study program."
lobstaAr,unknown,,0.0,5,,no self-identifying statements found
logishoder,unknown,,0.0,146,,no self-identifying statements found
loitremac,unknown,,0.0,11,,no self-identifying statements found
look1ngforheroes,decentral_individual,student,0.8,6,We are a group of ETH/UZH students.,"The statement explicitly mentions being a student at ETH, which is the home institution. The mention of UZH does not override the ETH affiliation, as the user is identified as part of a group including ETH students."
lookatyou23,unknown,,0.0,2,,no self-identifying statements found
lookoutforthetrain_0,unknown,,0.0,507,,no self-identifying statements found
lordgthegreat,unknown,,0.0,11,,no self-identifying statements found
lordjamie666,decentral_individual,phd,1.0,376,She makes her PhD in Uni Zurich.,"The statement explicitly mentions that the user is pursuing a PhD at 'Uni Zurich', which is ETH Zurich's common name. This confirms a current affiliation with ETH Zurich."
lost_leopard_,external_individual,student,0.9,8,Just got accepted to RSC! GPA 5.13/6 from epfl with a couple TA experiences.,The user explicitly mentions studying at EPFL (a non-ETH institution) and does not indicate any current or upcoming ETH affiliation. The mention of being accepted to RSC (likely a research center or program) does not override the explicit affiliation with EPFL.
lotformulas,unknown,,0.0,36,,no self-identifying statements found
loveYourMomBro,unknown,,0.0,1,,no self-identifying statements found
lovro_nigel,unknown,,0.0,66,,no self-identifying statements found
lownerbeach,unknown,,0.0,16,,no self-identifying statements found
lspkiller,unknown,,0.0,1,,no self-identifying statements found
lswans,external_individual,other,0.8,35,graduated from an American university (University of Washington - Seattle),"The user explicitly mentions graduating from the University of Washington - Seattle, a non-ETH institution, with no current or upcoming ETH connection. This falls under 'external_individual/other' as there is no indication of a current ETH affiliation."
ltsaNewDay,decentral_individual,student,1.0,307,Momentan studiere ich Ingenieurwesen,"The statement indicates the user is currently studying engineering. Since no other university is mentioned and ETH Zurich is the default for r/ethz posts, the affiliation is assumed to be ETH Zurich."
lucas_critique,decentral_individual,student,1.0,9,I’m an incoming master’s student at ETH,"The user explicitly states they are an incoming master’s student at ETH Zurich, which is the home institution. This matches rule B (current or upcoming ETH affiliation), and the subtype is 'student'."
lucidgazorpazorp,unknown,,0.0,37,,no self-identifying statements found
luckystarof2020,decentral_individual,student,1.0,80,"I am studying Business IT, next year I start with master of “Medical Informatics”","The user mentions starting a master's program next year but does not name a specific university. According to the rules, if a statement mentions studying or starting a program without naming a specific other university, ETH Zurich is assumed as the home institution."
luckyvice323,decentral_individual,student,1.0,4,I am master in d-itet,"The statement indicates the user is currently studying in the d-itet department at ETH Zurich, which is a decentralized unit within the university."
lukebeckcg,unknown,,0.0,20,,no self-identifying statements found
lukee910,unknown,,0.0,97,,no self-identifying statements found
luky_66,unknown,,0.0,4,,no self-identifying statements found
luneedananswer,decentral_individual,student,0.8,6,I’m currently in my last year of Gymnasium and I want to study engineering at ETH.,"The user is currently enrolled in Gymnasium (pre-university education) and intends to study at ETH, which is their current target institution. Since they are not yet a student at ETH but are planning to enroll, they are classified as a decentral_individual/student."
luthiena12,unknown,,0.0,1,,no self-identifying statements found
luvsemih,unknown,,0.0,42,,no self-identifying statements found
luxumb,unknown,,0.0,40,,no self-identifying statements found
m_shark,unknown,,0.0,130,,no self-identifying statements found
mac4ron,unknown,,0.0,26,,no self-identifying statements found
macdestroe234,decentral_individual,student,1.0,2,I will be studying abroad this fall at ETH Zurich,"The user explicitly states they will be studying at ETH Zurich in the future, which qualifies as a current or upcoming ETH affiliation."
majestickr2,external_individual,student,0.5,21,I've done both a Bachelor and a master that way while full time travelling,"The statement mentions completing a bachelor's and master's degree but does not explicitly name a university. However, the absence of any mention of ETH Zurich and the implication of having completed degrees elsewhere suggests an external affiliation."
majimearun,external_individual,student,0.8,15,BE CS from a top university in India,"The user explicitly mentions studying at a top university in India, which is not ETH Zurich. No current or upcoming ETH affiliation is mentioned."
makaros622,unknown,,0.0,887,,no self-identifying statements found
malake44,unknown,,0.0,47,,no self-identifying statements found
manchmaldrauf,unknown,,0.0,174,,no self-identifying statements found
mandoleeeen,unknown,,0.0,86,,no self-identifying statements found
mangozeroice,unknown,,0.0,47,,no self-identifying statements found
manwendi_,unknown,,0.0,197,,no self-identifying statements found
mapa33,unknown,,0.0,64,,no self-identifying statements found
marcogaudenzi,unknown,,0.0,27,,no self-identifying statements found
marcy818181,decentral_individual,student,0.8,42,starting my masters,"The user mentions starting their master's program, which implies a current affiliation with a university. Since no other institution is named and ETH Zurich is the default for r/ethz posts, it is assumed to be ETH Zurich."
mardmax,decentral_individual,student,1.0,1,as a first year student,"The statement indicates the user is a first-year student, and since no other university is mentioned, ETH Zurich is assumed as the affiliation per the subreddit default rule."
marin246,unknown,,0.0,3,,no self-identifying statements found
markojoke,unknown,,0.0,76,,no self-identifying statements found
markus_583,unknown,,0.0,6,,no self-identifying statements found
markus_b,unknown,,0.0,539,,no self-identifying statements found
maronnadituttecose,unknown,,0.0,101,,no self-identifying statements found
maroonjoggers,decentral_individual,student,1.0,14,I am just beginning my masters of robotics this fall,"The user mentions starting a master's program this fall without naming any specific university other than ETH Zurich, which is the default assumption for r/ethz posts."
martinbk5,former_individual,student,0.8,45,graduated in Biomedical Engineering (Master) in Basel,"The user explicitly mentions graduating from a program in Basel, which is not ETH Zurich. This indicates a former affiliation as a student at a non-ETH institution."
marxikus,unknown,,0.0,7,,no self-identifying statements found
masterkenobi31,unknown,,0.0,21,,no self-identifying statements found
matchy233,unknown,,0.2,21,I participated in an exchange program in the US during 2020 spring,"The statement mentions participation in an exchange program in the US but does not provide any explicit or implicit evidence of the user's current or past university affiliation. No specific institution is named, and the statement does not indicate whether the user is affiliated with ETH Zurich or another university."
math_nerd_77,external_individual,student,0.8,7,"I am currently completing my master's degree in Industrial Engineering, with a strong emphasis on electronics and control systems, in Spain.","The user explicitly states they are currently completing a master's degree in Spain, without mentioning ETH Zurich. No ETH affiliation is visible, and the statement indicates a current role at a non-ETH institution."
mathguy59,unknown,,0.0,53,,no self-identifying statements found
mathiswiss,unknown,,0.0,732,,no self-identifying statements found
mathmob,unknown,,0.0,1,,no self-identifying statements found
matisbv,unknown,,0.0,17,,no self-identifying statements found
matt78whoop,unknown,,0.0,17,,no self-identifying statements found
matu1234567,decentral_individual,phd,1.0,15,I am a Canadian PhD student at ETH now,"The user explicitly states they are a PhD student at ETH Zurich, which is the home institution. The mention of being Canadian does not override the current ETH affiliation."
maumaumaumaumau,unknown,,0.0,1,,no self-identifying statements found
maximilianbernoulli,unknown,,0.0,8,,no self-identifying statements found
maxmellow_9,unknown,,0.0,159,,no self-identifying statements found
maybeincoherent,unknown,,0.0,4,,no self-identifying statements found
mayonnaise989,unknown,,0.0,18,,no self-identifying statements found
mbo25,unknown,,0.0,135,,no self-identifying statements found
mdkovachev,unknown,,0.0,78,,no self-identifying statements found
meagainstmyselff,unknown,,0.0,22,,no self-identifying statements found
meancream_ow,decentral_individual,student,1.0,4,I have just started my first semester at eth,"The user explicitly states they have started their first semester at ETH Zurich, indicating a current affiliation with ETH."
meeneemeten,external_individual,other,0.5,18,"statements refer to others at ETH, not the user themselves","The user does not explicitly state their own affiliation with any university. They only mention others (e.g., 'my PI', 'my professor', 'Iranian friend') who are affiliated with ETH, but there is no direct indication of the user's own current university affiliation. Therefore, the classification is 'external_individual/other' with moderate confidence due to the lack of explicit self-identification."
megamaracuja,external_individual,phd,0.8,20,Got my PhD in 2023 from the UK,"The user explicitly mentions obtaining a PhD from the UK, which is a non-ETH institution. There is no mention of a current or upcoming ETH affiliation, and the focus is on a past degree."
mekkim,unknown,,0.0,14,,no self-identifying statements found
melancholy_mountain,unknown,,0.0,2,,no self-identifying statements found
melumiemi,external_individual,student,0.7,2,as an IB student I am also considering ETH at the moment,"The user identifies as an IB student, which implies they are currently enrolled at an external institution (likely a high school). They mention considering ETH, but this is not a confirmed or current affiliation with ETH."
memetellectual,unknown,,0.0,11,,no self-identifying statements found
mensii,decentral_individual,student,0.8,9,doing my master thesis with [Mothy's](https://people.inf.ethz.ch/troscoe/) group,"The user mentions doing a master thesis with a group at ETH Zurich, indicating a current affiliation with ETH Zurich as a student."
menthol-squirrel,unknown,,0.0,27,,no self-identifying statements found
meowmilie,unknown,,0.0,2,,no self-identifying statements found
meppel,unknown,,0.0,90,,no self-identifying statements found
mercykanaiza,unknown,,0.0,10,,no self-identifying statements found
mexican_next_door,unknown,,0.0,119,,no self-identifying statements found
mfroyo9086,unknown,,0.0,15,,no self-identifying statements found
micha4w,unknown,,0.0,1,,no self-identifying statements found
michu050696,unknown,,0.0,3,,no self-identifying statements found
mick_sunglasses,former_individual,student,0.5,2,I did math bsc and msc,"The user mentions completing a BSc and MSc in math but does not specify the institution. Since no non-ETH university is named and no ETH affiliation is explicitly stated, the classification defaults to 'former_individual/student' based on the implicit signal of having completed degrees."
microtherion,former_individual,student,0.8,845,studied (several decades ago),"The user explicitly mentions having studied at ETH in the past, indicating a former affiliation as a student."
microwavedsalad69,unknown,,0.0,9,,no self-identifying statements found
mihai_mc98,unknown,,0.0,12,,no self-identifying statements found
miinouuu,unknown,,0.0,283,,no self-identifying statements found
mike445545,unknown,,0.0,23,,no self-identifying statements found
mildm1nd,external_individual,student,0.8,10,BSc in Data Science from FHNW (Uni of Applied Sciences),"The user explicitly names FHNW (a non-ETH institution) as their current role (BSc student), with no mention of a current or upcoming ETH affiliation."
milfiway,decentral_individual,student,1.0,119,I want to do my Masters at eth in Biology / I'm thinking about doing my Masters at ETH in Pharmaceutical sciences,"The user explicitly mentions intending to pursue a Master's degree at ETH, which indicates a current or upcoming affiliation with ETH Zurich. This satisfies condition B in the decision tree, leading to the classification of 'decentral_individual/student' with high confidence."
mintpepp,unknown,,0.0,4,,no self-identifying statements found
mintwurm,external_individual,student,0.8,18,I can speak from experience at EPFL.,"The user explicitly mentions EPFL, a non-ETH institution, as their current affiliation, indicating they are not affiliated with ETH Zurich."
minusmode,unknown,,0.0,33,,no self-identifying statements found
misplacedlion,external_individual,other,0.5,102,aiming to study at a top graduate school in the US,"The user explicitly mentions aiming to study at a top graduate school in the US, which indicates a current affiliation with an external institution, though it is not named specifically. The lack of any mention of ETH Zurich or any other Swiss institution supports the classification as external_individual/other."
mitsuki666,unknown,,0.0,9,,no self-identifying statements found
mixmax0M,unknown,,0.0,1,,no self-identifying statements found
mkangw,unknown,,0.0,4,,no self-identifying statements found
mlgngrlbs,unknown,,0.0,11,,no self-identifying statements found
mlx11,unknown,,0.0,22,,no self-identifying statements found
mmmmmmmmmkm,unknown,,0.0,9,,no self-identifying statements found
modr1c,unknown,,0.0,3,,no self-identifying statements found
mog-thesify,unknown,,0.0,153,,no self-identifying statements found
mohannadhaitham,unknown,,0.0,52,,no self-identifying statements found
moiwantkwason,unknown,,0.0,491,,no self-identifying statements found
mokugres,unknown,,0.0,59,,no self-identifying statements found
moldersmut,unknown,,0.0,4,,no self-identifying statements found
moniblm108,unknown,,0.0,3,,no self-identifying statements found
monkey_work,unknown,,0.0,20,,no self-identifying statements found
monsemania,unknown,,0.0,5,,no self-identifying statements found
monti2510,unknown,,0.0,13,,no self-identifying statements found
moormaster73,unknown,,0.0,209,,no self-identifying statements found
moripaa,unknown,,0.0,131,,no self-identifying statements found
moritzmadafaka,unknown,,0.0,3,,no self-identifying statements found
mou-no_pep-si,unknown,,0.0,35,,no self-identifying statements found
mouceen,unknown,,0.0,16,,no self-identifying statements found
mr5400,unknown,,0.0,1,,no self-identifying statements found
mr_fin3man,external_individual,student,0.7,2,I’m an MSc Computational Engineering student in Germany,"The user explicitly identifies as a student at an unspecified university in Germany, with no current or upcoming ETH affiliation mentioned. The second statement only mentions consideration of ETH for a PhD, which does not confirm current affiliation."
mr_stargazer,decentral_individual,student,0.8,224,"I do, yes. I also am in 'IT' (Machine Learning)","The user is currently enrolled in a program at ETH Zurich (implied by the context of the subreddit and the statement about being in 'IT' (Machine Learning), which is a field offered at ETH Zurich). No other university is explicitly named, and the tense and role indicate a current affiliation."
mrafinch,unknown,,0.0,894,,no self-identifying statements found
mrahab100,unknown,,0.0,847,,no self-identifying statements found
mrex778,decentral_individual,applicant,0.8,6,Applied for MSc in Data Science and got the email few days ago,"The user explicitly mentions applying for an MSc program at ETH Zurich (implied by context of r/ethz), and has not yet confirmed acceptance. This matches the 'decentral_individual/applicant' category."
mrlibman,unknown,,0.0,1,,no self-identifying statements found
mrnacknime,decentral_individual,phd,1.0,315,Im a PhD student,"The user explicitly identifies as a PhD student without mentioning any non-ETH institution. Since no external university is named, and the default rule applies (studying/doing a PhD implies ETH Zurich), the affiliation is assumed to be ETH Zurich."
mrrossiontravel,former_individual,student,0.6,5,When I studied in Zurich,"The statement refers to a past action ('studied') and does not explicitly mention ETH Zurich or any other institution, but the context of studying in Zurich implies a former affiliation with a university, likely ETH Zurich given the subreddit's default assumption."
multiversal-citizen,unknown,,0.0,90,,no self-identifying statements found
murdercheese,unknown,,0.0,60,,no self-identifying statements found
myblueear,unknown,,0.0,919,,no self-identifying statements found
mygrannyhascancer,external_individual,student,0.8,69,I’m a first year at uni at UZH,"The user explicitly mentions studying at UZH (University of Zurich), which is a non-ETH institution. There is no mention of ETH Zurich or any current or upcoming ETH affiliation."
myguruedgecom,unknown,,0.0,485,,no self-identifying statements found
mymathsucksbigtime,unknown,,0.0,205,,no self-identifying statements found
myname_8,unknown,,0.0,3,,no self-identifying statements found
mytinyteenieproblem,decentral_individual,student,1.0,11,I am in first year masters in IT&EE; I am finishing my MSc at ETHZ,"The user explicitly mentions being in a master's program at ETH Zurich (ETHZ), which is the home institution. The statements indicate a current student role at ETH Zurich."
n123k15,unknown,,0.0,3,,no self-identifying statements found
nGaggi,unknown,,0.0,106,,no self-identifying statements found
nakedchef24,unknown,,0.0,1,,no self-identifying statements found
nalliable,unknown,,0.0,521,,no self-identifying statements found
nameless_presence,unknown,,0.0,9,,no self-identifying statements found
nanotechmama,external_individual,other,0.5,682,University of North Texas,"The user explicitly mentions studying at the University of North Texas as a freshman, which is a non-ETH institution. There is no mention of a current or upcoming ETH affiliation, and the PhD is not tied to ETH. The role is not explicitly tied to a university in the present, so 'other' is used as the subtype."
naratcis,unknown,,0.0,443,,no self-identifying statements found
natankastel,unknown,,0.0,3,,no self-identifying statements found
natirniger,external_individual,student,0.8,1,I went to Utokyo in FS23,"The user explicitly mentions attending the University of Tokyo (Utokyo) in the past, indicating a former affiliation with an external institution. No current or upcoming ETH affiliation is mentioned."
nauhgc,unknown,,0.0,7,,no self-identifying statements found
nccantos,unknown,,0.0,1,,no self-identifying statements found
ndnator,external_individual,student,0.8,319,I failed an exam twice during the 5th semester at epfl,"The user explicitly mentions studying at EPFL (École Polytechnique Fédérale de Lausanne), a non-ETH institution, and refers to being in their 5th semester, indicating a current affiliation."
neatoburrito4,unknown,,0.0,1,,no self-identifying statements found
nebnoskcaj,decentral_individual,student,1.0,3,I am taking this course as a first year Informatik student,"The statement indicates the user is a first-year student in Informatik, which is a program offered at ETH Zurich. No other university is mentioned, and the default rule applies since the user is studying at ETH."
nebulous_crab,unknown,,0.0,9,,no self-identifying statements found
nechl,unknown,,0.0,1,,no self-identifying statements found
needyfr,former_individual,student,0.8,1,graduated in 2022,"The user mentions graduating in 2022, which indicates a past affiliation with a university. Since no specific institution is named, and the default rule applies (ETH Zurich is the home institution unless stated otherwise), the classification is 'former_individual/student'."
neilus03,external_individual,student,0.8,20,I'm an incoming exchange student at TUM for the summer semester,The user explicitly names TUM (Technische Universität München) as their current role (incoming exchange student) without mentioning ETH Zurich or any current/upcoming ETH affiliation.
neo2551,unknown,,0.0,714,,no self-identifying statements found
nephelauxetic,unknown,,0.0,1,,no self-identifying statements found
nerdie16,decentral_individual,phd,0.8,2,As a PhD you get some discount on the GA,"The statement implies the user is currently a PhD student at ETH Zurich, as no other institution is mentioned and the default rule applies."
nervoustwig,unknown,,0.0,10,,no self-identifying statements found
neuronerd624,unknown,,0.0,2,,no self-identifying statements found
neurophotoblast,unknown,,0.0,161,,no self-identifying statements found
newname_tabitha,former_individual,student,0.8,10,graduated from ETH (BSc and MSc),"The user explicitly mentions graduating from ETH, indicating a former affiliation as a student."
nibr1609,decentral_individual,applicant,0.8,10,Got admitted to MSc CS (rejection from Direct Doctorate)!!! Very happy :),"The user explicitly mentions being admitted to the MSc CS program at ETH Zurich, which indicates a current affiliation as an applicant. The mention of rejection from the Direct Doctorate does not override the current admission to ETH."
nickbob00,unknown,,0.0,1269,,no self-identifying statements found
nico-zh,unknown,,0.0,5,,no self-identifying statements found
nicobonacorsi,unknown,,0.0,5,,no self-identifying statements found
nicolamuttoni,unknown,,0.0,4,,no self-identifying statements found
nicolaswiths,unknown,,0.0,2,,no self-identifying statements found
nicpssd,unknown,,0.0,963,,no self-identifying statements found
nieggou,unknown,,0.0,1,,no self-identifying statements found
niemertweis,unknown,,0.0,1220,,no self-identifying statements found
nikki4716,decentral_individual,student,1.0,4,I'm about to enter my 6th semester in my Mechanical Engineering bachelor,"The user is currently enrolled in a bachelor's program, and no other university is explicitly named. ETH Zurich is the default institution for r/ethz posts."
nikolastefan,unknown,,0.0,121,,no self-identifying statements found
nikxtaco,unknown,,0.0,41,,no self-identifying statements found
nilbiescas3,unknown,,0.0,1,,no self-identifying statements found
nilguvenal,unknown,,0.0,6,,no self-identifying statements found
nilsbenswiss,unknown,,0.0,11,,no self-identifying statements found
nilsleum,unknown,,0.0,148,,no self-identifying statements found
nishhi,unknown,,0.0,32,,no self-identifying statements found
njalo,unknown,,0.0,3,,no self-identifying statements found
no_underage_trading,decentral_individual,student,0.8,77,eth bachelor,"The user mentions 'eth bachelor', indicating they are currently enrolled in a bachelor's program at ETH Zurich. This satisfies condition B of the decision tree, which identifies current ETH affiliation."
nobblebox,unknown,,0.0,17,,no self-identifying statements found
nochilllll,unknown,,0.0,157,,no self-identifying statements found
noctualarua,unknown,,0.0,2,,no self-identifying statements found
nodemon404,unknown,,0.0,10,,no self-identifying statements found
nogoodskeleton,unknown,,0.0,71,,no self-identifying statements found
nohatevibez,unknown,,0.0,18,,no self-identifying statements found
nomadkomo,unknown,,0.0,175,,no self-identifying statements found
nononeffervescent_ml,decentral_individual,student,1.0,4,I’m on my interdisciplinary sciences master,"The user is currently studying for a master's degree, and no other university is explicitly named. According to the rules, if a user mentions studying without naming a specific other university, ETH Zurich is assumed as the home institution."
notMeiwakuna,decentral_individual,student,0.8,1,MSc Quantum Engineering,"The user is asking about an MSc program, which implies they are currently studying. Since no other university is mentioned and ETH Zurich offers a Quantum Engineering MSc, the default assumption is ETH Zurich affiliation."
nova_nocturna,external_individual,student,0.8,10,"University of Munich, Computer Science B.Sc.","The user explicitly names a non-ETH institution (University of Munich) as their current role (B.Sc. in Computer Science), with no mention of a current or upcoming ETH affiliation."
np-heart,unknown,,0.0,2,,no self-identifying statements found
nubpod23,unknown,,0.0,184,,no self-identifying statements found
nudeice,external_individual,student,0.8,5,got acceptance from a lab at UZH,"The user explicitly mentions being accepted to a lab at UZH, which is a non-ETH institution, and no current or upcoming ETH affiliation is stated."
nuevofilipo,unknown,,0.0,1,,no self-identifying statements found
numericalclerk,unknown,,0.0,894,,no self-identifying statements found
nurdagniriel,unknown,,0.0,7,,no self-identifying statements found
nurufen,unknown,,0.0,1,,no self-identifying statements found
nxx-ch,unknown,,0.0,184,,no self-identifying statements found
nzflmc,decentral_individual,student,0.8,16,I'm an incoming first year maths student,"The user explicitly states they are an incoming first-year maths student at ETH Zurich, which is the default assumption when no other institution is named."
oaschlurch,external_individual,phd,0.8,162,I have a PhD from Stanford,"The user explicitly mentions having a PhD from Stanford, which is a non-ETH institution, with no indication of a current or upcoming ETH affiliation."
oat_milk_daddy,decentral_individual,student,1.0,28,admitted to ETH Zurich,"The user explicitly states they are admitted to ETH Zurich for a master's program, which qualifies as a current or upcoming ETH affiliation."
obviously_anal,unknown,,0.0,14,,no self-identifying statements found
octahedralcomplex,unknown,,0.0,11,,no self-identifying statements found
octo_mann,unknown,,0.0,27,,no self-identifying statements found
ogldr,unknown,,0.0,4,,no self-identifying statements found
ohalipchak,unknown,,0.0,2,,no self-identifying statements found
ok-alma,unknown,,0.0,1,,no self-identifying statements found
okiharaherbst,unknown,,0.0,172,,no self-identifying statements found
oldppd,unknown,,0.0,3,,no self-identifying statements found
omnipresentzeus,unknown,,0.0,795,,no self-identifying statements found
ondasboy1,unknown,,0.0,24,,no self-identifying statements found
onil34,unknown,,0.0,122,,no self-identifying statements found
oopswhatsmyusername,unknown,,0.0,10,,no self-identifying statements found
opanguete,unknown,,0.0,30,,no self-identifying statements found
opensourceartwork,decentral_individual,student,1.0,32,I am a computer music student looking to continue my studies in Zurich!,"The user explicitly mentions continuing studies in Zurich, and since ETH Zurich is the default institution for such statements when no other university is named, it is assumed to be ETH Zurich."
opinionated_exciton,external_individual,phd,0.8,4,PhD at the Paul Scherrer Institute,"The user explicitly states they are pursuing a PhD at the Paul Scherrer Institute, which is a non-ETH institution. There is no mention of a current or upcoming ETH affiliation."
opopoca,unknown,,0.0,39,,no self-identifying statements found
oppa_i_30,unknown,,0.0,17,,no self-identifying statements found
osteonc,unknown,,0.0,15,,no self-identifying statements found
other_users,external_individual,student,1.0,3,I’m at Princeton now,"The user explicitly states they are currently affiliated with Princeton, a non-ETH institution, with no mention of a current or upcoming ETH affiliation."
ounipeperouni,unknown,,0.0,24,,no self-identifying statements found
outdoor_addict94,unknown,,0.0,1,,no self-identifying statements found
outsidethecave,unknown,,0.0,14,,no self-identifying statements found
overthrowingdinosaur,unknown,,0.0,433,,no self-identifying statements found
pV-ZnRT,unknown,,0.0,26,,no self-identifying statements found
paaaaattttttt,external_individual,student,0.8,17,enrolled in a Tech Management/Economics Master’s program at a top Business School,"The user explicitly mentions enrollment in a program at a non-ETH institution (a top Business School) without naming ETH Zurich, and there is no indication of a current or upcoming ETH affiliation."
pad0lex,decentral_individual,student,1.0,2,"I accepted an internship that goes on until the end of September, which would mean that I would miss the first two weeks of my master's program.","The user explicitly mentions starting a master's program at ETH Zurich, indicating a current affiliation with ETH. The mention of an internship that ends in September and the concern about matriculation further supports that they are a current student at ETH."
palatiz,unknown,,0.0,3,,no self-identifying statements found
panda-cool123,external_individual,student,0.8,1,I’m an incoming fall exchange student,"The user identifies as an exchange student, which implies they are currently affiliated with a university other than ETH Zurich. No ETH affiliation is explicitly mentioned."
pang-zorgon,unknown,,0.0,222,,no self-identifying statements found
paradisesadness,former_individual,student,0.7,2451,I did my masters in CH,"The statement indicates that the user completed their master's degree in CH (likely at ETH Zurich, given the context of the subreddit). The use of past tense ('did my masters') suggests this is a former affiliation."
parcerodelwettstein,external_individual,other,0.5,54,graduated 6 months ago,"The user mentions graduating with a bachelor’s in business management but does not name a specific university. However, the mention of a KV apprenticeship suggests a vocational or non-university education path, and no explicit ETH affiliation is present. Since the user does not name a non-ETH university explicitly, the classification defaults to 'external_individual/other' due to lack of ETH affiliation and ambiguity."
passificrimjob,unknown,,0.0,7,,no self-identifying statements found
passsion66,unknown,,0.0,15,,no self-identifying statements found
pasturaboy,external_individual,student,0.5,216,I'm currently studying in a Swiss university,"The user mentions studying at a Swiss university without explicitly naming ETH Zurich, and no current ETH affiliation is stated. This meets the criteria for external_individual with a student subtype."
patatadavinci,unknown,,0.0,28,,no self-identifying statements found
patrickgiust,unknown,,0.0,4,,no self-identifying statements found
paul-est,unknown,,0.0,46,,no self-identifying statements found
paulh0107,former_individual,student,0.8,16,I was an exchange student here last year,"The user mentions being an exchange student at ETH in the past, indicating a former affiliation as a student."
pay_of_my_credit,unknown,,0.0,1,,no self-identifying statements found
pberton,unknown,,0.0,1,,no self-identifying statements found
peaceradiant,unknown,,0.0,118,,no self-identifying statements found
pebble_co,unknown,,0.0,3,,no self-identifying statements found
peculiar-meowie,unknown,,0.0,143,,no self-identifying statements found
pekopeko-ch,unknown,,0.0,11,,no self-identifying statements found
pelfet,unknown,,0.0,955,,no self-identifying statements found
penguinsontv,unknown,,0.0,148,,no self-identifying statements found
pentesticals,unknown,,0.0,1319,,no self-identifying statements found
peony2506,unknown,,0.0,66,,no self-identifying statements found
percentage97,external_individual,other,0.8,29,studied at epfl,"The user explicitly mentions studying at EPFL, a non-ETH institution, and does not indicate any current or upcoming affiliation with ETH Zurich."
personaDisguised,external_individual,student,1.0,5,I'm an upcoming Master's student in AI at UZH,"The user explicitly names UZH (University of Zurich) as their current role, with no mention of ETH Zurich or any upcoming ETH connection."
pesce36,unknown,,0.0,4,,no self-identifying statements found
peter1714,decentral_individual,phd,1.0,2,I am a new PhD student at ETH,"The user explicitly states they are a new PhD student at ETH Zurich, which is the home institution. This matches the criteria for 'decentral_individual/phd'."
petrograd67,unknown,,0.0,8,,no self-identifying statements found
peyonze,unknown,,0.0,49,,no self-identifying statements found
pferden,unknown,,0.0,2743,,no self-identifying statements found
pfyffervonaltishofen,external_individual,student,1.0,87,I graduated in CS at EPFL,"The user explicitly states they graduated from EPFL, a non-ETH institution, with no mention of a current or upcoming ETH affiliation."
phicreative1997,external_individual,student,1.0,1044,I got admission to UZH,The user explicitly names a non-ETH institution (UZH) as their current role with no mention of ETH affiliation.
philkellr,unknown,,0.0,66,,no self-identifying statements found
philwen,unknown,,0.0,33,,no self-identifying statements found
phonendoscope,unknown,,0.2,5,I lived there for a year,The statement does not provide any explicit or implicit information about the user's university affiliation or role.
phonybelle,former_individual,student,0.8,47,Despite being an ETHZ grad,The statement 'Despite being an ETHZ grad' indicates that the user is no longer affiliated with ETH Zurich but was a student in the past. The phrase 'on the list' does not provide additional affiliation information.
phystrol,unknown,,0.0,125,,no self-identifying statements found
pineapple-account-00,unknown,,0.0,2,,no self-identifying statements found
pingpongtiddly,unknown,,0.0,4,,no self-identifying statements found
pixusnixus,decentral_individual,student,1.0,88,currently a bachelor student at ETH Zürich,"The user explicitly states they are a current bachelor student at ETH Zürich, which matches the criteria for decentral_individual/student."
plainerman,unknown,,0.0,1,,no self-identifying statements found
playerpipp,external_individual,student,0.5,2,I am in my Bachelors doing environmental sciences,"The user is currently a student but does not explicitly name ETH Zurich or any other university. However, the statement 'next autumn I will do an exchange semester at ETH' implies they are currently affiliated with a different institution (as they are going to ETH for an exchange). This aligns with the default rule: if studying without naming a specific other university, assume ETH Zurich is not the current affiliation."
pleasemore05,unknown,,0.0,92,,no self-identifying statements found
pleda_,unknown,,0.0,204,,no self-identifying statements found
png-dude,unknown,,0.0,1,,no self-identifying statements found
pointbreak_7,external_individual,student,0.7,21,studying at Melbourne next year for masters in computer science,"The user explicitly mentions studying at Melbourne University in the future, which is a non-ETH institution. There is no current or confirmed ETH affiliation."
pointermess,unknown,,0.0,208,,no self-identifying statements found
pointnopoints,unknown,,0.0,2,,no self-identifying statements found
poiuqwer78,unknown,,0.0,45,,no self-identifying statements found
pokku3,unknown,,0.0,214,,no self-identifying statements found
polapix,unknown,,0.0,44,,no self-identifying statements found
polissilop,unknown,,0.0,32,,no self-identifying statements found
polypancake,unknown,,0.0,16,,no self-identifying statements found
por135,unknown,,0.0,12,,no self-identifying statements found
ppvrysoft,unknown,,0.0,3,,no self-identifying statements found
pranavadvani2003,external_individual,student,0.8,14,Undergrad Institution: MIT-WPU,"The user explicitly names a non-ETH institution (MIT-WPU) as their current undergraduate institution, with no mention of a current or upcoming ETH affiliation."
preetesque,unknown,,0.0,123,,no self-identifying statements found
presentation-chaude,unknown,,0.0,271,,no self-identifying statements found
presentssmoochies,unknown,,0.0,11,,no self-identifying statements found
prince_Vegeta___,unknown,,0.0,22,,no self-identifying statements found
priscala,unknown,,0.0,1290,,no self-identifying statements found
pro_bro007,decentral_individual,student,1.0,1,I am going to join ETHZ MSCS this fall,"The user explicitly mentions joining ETH Zurich's MSCS program this fall, indicating a current or upcoming ETH affiliation."
probably_random,unknown,,0.0,3,,no self-identifying statements found
procrastomaster,unknown,,0.0,49,,no self-identifying statements found
progressivemonkey,unknown,,0.0,113,,no self-identifying statements found
psanchi2,unknown,,0.0,155,,no self-identifying statements found
pseudogelber,former_individual,student,0.8,27,Ich habe selber ET an der ETH studiert,"The user explicitly mentions studying at ETH Zurich in the past, indicating a former student status."
pup_k,unknown,,0.0,3,,no self-identifying statements found
puppetalk,decentral_individual,phd,0.9,332,I’m finishing my PhD in ETH now,"The user explicitly states they are finishing their PhD at ETH Zurich, which confirms their current affiliation with ETH."
pussydestroyer42069l,unknown,,0.0,144,,no self-identifying statements found
pwxykd,decentral_individual,student,0.8,3,join in ETH half an year ago,"The user explicitly mentions joining ETH half a year ago, indicating a current affiliation with ETH Zurich as a student."
pxtrxia,unknown,,0.0,20,,no self-identifying statements found
q_moonstone,unknown,,0.0,14,,no self-identifying statements found
qaywsxqaywsxqay,external_individual,student,0.8,108,I study at the University of Bern during the week,"The user explicitly states they are studying at the University of Bern, which is a non-ETH institution, and there is no mention of a current or upcoming ETH affiliation."
qkrrmsdn,unknown,,0.0,2,,no self-identifying statements found
qra_01516,unknown,,0.0,19,,no self-identifying statements found
quanganh9900,unknown,,0.0,37,,no self-identifying statements found
quazlyy,external_individual,other,0.5,133,No explicit university affiliation mentioned,"The statements do not mention any university affiliation, current or past. The first statement refers to employment, and the second refers to a past dilemma before studying but does not name a specific institution. Therefore, the affiliation is classified as 'external_individual/other' due to lack of clear evidence."
quitProgGetLife,unknown,,0.0,3,,no self-identifying statements found
qwer_24,unknown,,0.0,1,,no self-identifying statements found
r0guss,unknown,,0.0,4,,no self-identifying statements found
r0kzzzz,unknown,,0.0,3,,no self-identifying statements found
rBlu3b0x,decentral_individual,student,0.8,14,I'm studying physics,"The statement mentions studying physics without naming a specific university. According to the rules, if a user mentions studying, doing a degree, or working as a researcher without naming a specific other university, ETH Zurich is assumed as the home institution."
r_card_,external_individual,other,0.5,22,I'm working in a big tech company,"The user is currently employed at a large tech company as a Software Engineer and Release Engineer, with no mention of any university affiliation. Since they are not explicitly affiliated with ETH Zurich or any other university in their current role, they are classified as external_individual/other."
r_moma,decentral_individual,student,1.0,24,currently doing my master thesis,"The user explicitly mentions being in the process of completing their master's thesis, which implies they are currently enrolled at a university. Since no other institution is named and ETH Zurich is the default for r/ethz posts, the affiliation is assumed to be ETH Zurich."
raadim,former_individual,student,0.8,165,I studied at ETH,"The user explicitly mentions having studied at ETH, indicating a past affiliation. There is no mention of a current or upcoming affiliation with another institution, so ETH Zurich is the only relevant institution mentioned."
rabbitfoot89,unknown,,0.0,62,,no self-identifying statements found
rachelKD637,decentral_individual,phd,1.0,17,PhD student at ETH,"The user explicitly states they are a PhD student at ETH Zurich, which is the home institution."
radfemagogo,external_individual,postdoc,0.5,137,I’m currently doing a postdoc in a very prestigious group (in my field),"The statement mentions a postdoc role but does not explicitly name ETH Zurich or any other institution. Since the user does not mention ETH Zurich and the affiliation is not clear, the classification defaults to external_individual with moderate confidence."
radioactivegoddes,unknown,,0.0,22,,no self-identifying statements found
raefoo,unknown,,0.0,64,,no self-identifying statements found
rafael0301,decentral_individual,student,1.0,5,I'm a computer science BSc student at ETH,"The user explicitly states they are a current student at ETH Zurich, which is the home institution."
rah_whos_that,unknown,,0.0,7,,no self-identifying statements found
rainer_d,unknown,,0.0,1010,,no self-identifying statements found
rakk109,unknown,,0.0,33,,no self-identifying statements found
ramchi99,unknown,,0.0,2,,no self-identifying statements found
randelung,unknown,,0.0,386,,no self-identifying statements found
randomUser539123,unknown,,0.0,62,,no self-identifying statements found
random_fr_username,decentral_individual,student,1.0,68,I'm currently in my third semester of the DAS data science.,"The statement indicates the user is currently enrolled in a program (third semester), and since no other university is mentioned, ETH Zurich is assumed as the home institution."
randomelgen,unknown,,0.0,17,,no self-identifying statements found
randommofo3369,unknown,,0.0,25,,no self-identifying statements found
randomperson212351,unknown,,0.0,16,,no self-identifying statements found
randomsubaccount,former_individual,student,0.8,26,Canadian student who did Master's at ETH Zurich,"The user explicitly mentions having completed a Master's at ETH Zurich, indicating a past affiliation with the institution."
ranranrandrand1,unknown,,0.0,223,,no self-identifying statements found
rapax,unknown,,0.0,508,,no self-identifying statements found
rastrellogiallo,unknown,,0.0,1,,no self-identifying statements found
rather_pass_by,unknown,,0.0,201,,no self-identifying statements found
raulo1998,unknown,,0.0,54,,no self-identifying statements found
raumdeuter255,unknown,,0.0,70,,no self-identifying statements found
ravingrabbid_baba,unknown,,0.0,5,,no self-identifying statements found
raviolibuxe,unknown,,0.0,8,,no self-identifying statements found
raymondh31lt,unknown,,0.0,148,,no self-identifying statements found
razenmaeher,unknown,,0.0,5,,no self-identifying statements found
rd211x,unknown,,0.0,17,,no self-identifying statements found
reactionchamber,external_individual,student,0.6,30,got admitted to Chemical Engineering from a very unknown university of applied s,"The user explicitly mentions being admitted to a non-ETH university (though unspecified), which qualifies as a current affiliation under external_individual/student."
ready0gunner,unknown,,0.0,34,,no self-identifying statements found
realcarmen1678,unknown,,0.0,2,,no self-identifying statements found
recently_banned,unknown,,0.0,619,,no self-identifying statements found
recklessproceeding,external_individual,student,1.0,108,I am in my 3rd year or Electrical Engineering Bachelor’s at TU/e in the Netherlands,"The user explicitly states they are a student at TU/e, a non-ETH institution, with no mention of a current or upcoming ETH affiliation."
recursive_tree,decentral_individual,student,1.0,102,I’m in my first year right now.,"The statement indicates the user is currently a student, and since no other university is mentioned, ETH Zurich is assumed as the affiliation per the subreddit default."
red_eyed_devil,unknown,,0.0,123,,no self-identifying statements found
red_tabasco,unknown,,0.0,31,,no self-identifying statements found
reddit_jasper,external_individual,student,0.8,2,hoping to do the MS Data Science at EPFL next year,"The user explicitly mentions a non-ETH institution (EPFL) as their current or upcoming role, with no current or upcoming ETH connection."
redditboy117,unknown,,0.0,127,,no self-identifying statements found
redditisgarbage1103,former_individual,student,0.8,27,enrolled as a CS Master’s in ETH,"The user explicitly mentions having enrolled at ETH Zurich for a Master’s program, indicating a past affiliation as a student."
redit411,unknown,,0.0,178,,no self-identifying statements found
redytusr123,unknown,,0.0,17,,no self-identifying statements found
reisk4nzler,unknown,,0.0,9,,no self-identifying statements found
relativisticcobalt,unknown,,0.0,111,,no self-identifying statements found
remolueoend,unknown,,0.0,1,,no self-identifying statements found
renens_reditor1020,unknown,,0.0,25,,no self-identifying statements found
resignresign2,unknown,,0.0,1,,no self-identifying statements found
restzoe,unknown,,0.0,5,,no self-identifying statements found
retermist,external_individual,student,0.5,9,recent Master graduate in Physics from a Swiss uni,"The user mentions being a graduate from a Swiss university but does not explicitly name ETH Zurich. Since the statement does not confirm ETH affiliation and refers to a non-specific Swiss institution, it is classified as external_individual/student with moderate confidence."
rezayazdanfar,unknown,,0.0,200,,no self-identifying statements found
rhl,external_individual,phd,1.0,14,current grad student in the school of Engineering at Stanford,"The user explicitly states they are a current grad student at Stanford, which is a non-ETH institution with no mention of a current or upcoming ETH affiliation."
rhorho22,unknown,,0.0,11,,no self-identifying statements found
riceball4real,unknown,,0.0,188,,no self-identifying statements found
richard--b,unknown,,0.0,529,,no self-identifying statements found
rillaboom3,unknown,,0.0,155,,no self-identifying statements found
rio_gambles,unknown,,0.0,134,,no self-identifying statements found
riomaxx,unknown,,0.0,2,,no self-identifying statements found
riptorial,unknown,,0.0,8,,no self-identifying statements found
rj380,unknown,,0.2,45,No explicit or implicit university affiliation mentioned,"The statements do not mention any university, academic role, or affiliation. There is no indication of current or past university involvement."
rlyehiangabriel,decentral_individual,student,1.0,22,I'll be starting my Physics MsC this September,"The user explicitly states they will be starting their Master's program in Physics, which is a current and upcoming affiliation with ETH Zurich as per the subreddit's default rule."
robikgrin,unknown,,0.0,5,,no self-identifying statements found
robotoron,decentral_individual,student,1.0,5,heading to eth for the RSC program,"The user explicitly states they are heading to ETH for the RSC program, indicating a current or upcoming ETH affiliation."
rocket-alpha,unknown,,0.0,463,,no self-identifying statements found
rocknets,unknown,,0.0,5,,no self-identifying statements found
rodrigo-benenson,external_individual,other,0.5,688,"I studied electronics and robotics (in Chile and France), ETH was well known in the field.","The user mentions studying in Chile and France but does not explicitly state a current or past affiliation with ETH. They only reference ETH as being well known in the field, which is not sufficient to classify them as affiliated with ETH. No other university is explicitly named as their current or past institution, so 'other' is used as a fallback subtype."
rokietrap,unknown,,0.0,3,,no self-identifying statements found
rosavb,unknown,,0.0,10,,no self-identifying statements found
rosealyd,unknown,,0.0,44,,no self-identifying statements found
roseyardgraves,unknown,,0.0,9,,no self-identifying statements found
rosscargome,unknown,,0.0,1,,no self-identifying statements found
roy_meraki,unknown,,0.0,57,,no self-identifying statements found
royastudio,unknown,,0.0,1,,no self-identifying statements found
rteasghnwmyksrx,external_individual,student,1.0,27,I’m currently an undergraduate finance student at Bocconi University,"The user explicitly names Bocconi University as their current institution, which is not ETH Zurich. This matches rule A, where a non-ETH institution is named as the current role with no current or upcoming ETH connection."
rueblimaster,unknown,,0.0,47,,no self-identifying statements found
rukacheded,unknown,,0.0,19,,no self-identifying statements found
rzaytsev,unknown,,0.0,8,,no self-identifying statements found
s195t,unknown,,0.0,14,,no self-identifying statements found
sabagian,unknown,,0.0,1,,no self-identifying statements found
safflower23,unknown,,0.0,13,,no self-identifying statements found
sah10406,unknown,,0.0,1597,,no self-identifying statements found
saint_zeze,unknown,,0.0,211,,no self-identifying statements found
sakuragaoka2001,unknown,,0.0,9,,no self-identifying statements found
sankleta,unknown,,0.2,4,No explicit or implicit university affiliation mentioned,The statements provided do not contain any information about the user's university affiliation or role.
sarcastosaurus,unknown,,0.0,170,,no self-identifying statements found
sas1111344,unknown,,0.0,26,,no self-identifying statements found
sccy1,unknown,,0.0,5,,no self-identifying statements found
schoki_banane,unknown,,0.0,1,,no self-identifying statements found
schrieffer321,unknown,,0.0,987,,no self-identifying statements found
schrodingers_wave,decentral_individual,applicant,0.7,3,I applied for MS in Geomatics,"The user explicitly states they applied for a master's program, which aligns with the 'applicant' subtype under 'decentral_individual'. No specific university is named, but the context implies application to a program, likely at ETH Zurich given the subreddit's default rule."
schwabbbel,unknown,,0.0,9,,no self-identifying statements found
scorpion-hamfish,unknown,,0.0,559,,no self-identifying statements found
scrapyscrape,unknown,,0.0,1,,no self-identifying statements found
screwBrexit,unknown,,0.0,41,,no self-identifying statements found
sedemokiN,unknown,,0.0,6,,no self-identifying statements found
seinseikakashee,unknown,,0.0,1,,no self-identifying statements found
sekex,external_individual,other,0.5,41,I have a master in finance so that's where my interests lie.,"The statement mentions a master's degree but does not explicitly name a university. However, the absence of any mention of ETH Zurich and the focus on 'finance' as the field of interest suggests an external affiliation. The confidence is moderate due to the lack of explicit evidence but the absence of ETH affiliation."
selenethestar1,unknown,,0.0,29,,no self-identifying statements found
selfentropy,decentral_individual,student,1.0,3,Master students at ETH,"The statement explicitly mentions being a Master student at ETH Zurich, which is the home institution."
sense8__,unknown,,0.0,8,,no self-identifying statements found
septimius42,unknown,,0.0,9,,no self-identifying statements found
serialkiller03,unknown,,0.0,31,,no self-identifying statements found
sernameistaken4,unknown,,0.0,12,,no self-identifying statements found
servant_ch,unknown,,0.0,100,,no self-identifying statements found
sexy_ricardo,unknown,,0.0,1,,no self-identifying statements found
shadowknight63782,unknown,,0.0,10,,no self-identifying statements found
shamishami3,decentral_individual,student,0.8,301,I continued for a Master.,"The user mentions continuing for a Master's degree without specifying a university. According to the rules, if a statement mentions studying or doing a master's without naming a specific other university, it is assumed to be ETH Zurich."
shaolinmasterkiller2,former_individual,student,0.8,3,from Polimi ~28.5/30 gpa,"The user mentions having a degree from Polimi (a non-ETH institution) in the past, indicating they are a former student of Polimi."
shaquilleoatmeal477,unknown,,0.0,26,,no self-identifying statements found
sharenogulub4e,decentral,department_or_lab,1.0,10,"yes, MTEC","The statement 'yes, MTEC' refers to the MTEC department at ETH Zurich, indicating a current affiliation with a decentral institutional unit at ETH Zurich."
shekyboms,unknown,,0.0,91,,no self-identifying statements found
shineme26,unknown,,0.0,5,,no self-identifying statements found
shinjirokatei,unknown,,0.0,1,,no self-identifying statements found
shirogeek,unknown,,0.0,13,,no self-identifying statements found
showingsmthing,unknown,,0.0,5,,no self-identifying statements found
shrawnschone,unknown,,0.0,9,,no self-identifying statements found
sillyleopard84,unknown,,0.0,8,,no self-identifying statements found
silviacambiago,unknown,,0.0,13,,no self-identifying statements found
simplyyAL,external_individual,student,0.5,308,I am an exchange student from germany,"The user identifies as an exchange student from Germany, which implies a current affiliation with a non-ETH institution. No explicit mention of ETH Zurich is present, and the statement 'I am graduating this semester' does not specify the institution."
siorge,unknown,,0.0,272,,no self-identifying statements found
siriusserious,unknown,,0.0,1353,,no self-identifying statements found
sixdayspizza,unknown,,0.0,680,,no self-identifying statements found
skarros,former_individual,student,0.7,469,I finished my studies some time ago,"The user mentions having finished their studies in the past, indicating a former affiliation. No current or upcoming ETH affiliation is mentioned, and no other university is explicitly named, but the statement implies a prior academic role."
skeleton_dancer,unknown,,0.0,12,,no self-identifying statements found
skeptic234234,unknown,,0.2,141,I'm doing that,The statement is too vague and does not provide any explicit or implicit information about the user's university affiliation.
skinnyangeldream,unknown,,0.0,1,,no self-identifying statements found
skip-narrative,former_individual,student,0.7,18,CS master by training,"The user mentions having a CS master's degree, indicating a past affiliation. Since no current or upcoming ETH affiliation is mentioned, and no other institution is explicitly named, the classification defaults to former_individual/student."
skolemiz,unknown,,0.0,2,,no self-identifying statements found
sleep-deprived16,unknown,,0.0,22,,no self-identifying statements found
slippery_slimy_fish,unknown,,0.0,18,,no self-identifying statements found
slramuu,unknown,,0.0,1,,no self-identifying statements found
snowmandala,unknown,,0.0,79,,no self-identifying statements found
softgale,unknown,,0.0,143,,no self-identifying statements found
softielle,unknown,,0.0,119,,no self-identifying statements found
something384,unknown,,0.0,9,,no self-identifying statements found
sonofszyslak,unknown,,0.0,22,,no self-identifying statements found
sortikova,unknown,,0.0,26,,no self-identifying statements found
souhhcong,unknown,,0.0,4,,no self-identifying statements found
sousex_007,unknown,,0.0,91,,no self-identifying statements found
soviet-seneca,decentral_individual,student,1.0,6,I'm a new master's student in RSC here,"The user explicitly states they are a new master's student at RSC, which is a department within ETH Zurich. This indicates a current ETH affiliation."
spacedario,unknown,,0.0,12,,no self-identifying statements found
sparklingwoter,unknown,,0.0,2,,no self-identifying statements found
spctclr,unknown,,0.0,8,,no self-identifying statements found
specijalan,unknown,,0.0,1,,no self-identifying statements found
speedbumpee,unknown,,0.0,220,,no self-identifying statements found
spike-spiegel92,former_individual,phd,0.7,178,got the PhD,"The user mentions having completed a PhD, indicating a former affiliation as a PhD graduate. No specific university is named, but the completion of a PhD implies a prior institutional affiliation, which is classified as 'former_individual/phd'."
splishsplashdrop,unknown,,0.0,12,,no self-identifying statements found
spooky_strawberri04,unknown,,0.0,49,,no self-identifying statements found
spprshit,unknown,,0.0,1,,no self-identifying statements found
spread_those_flaps,unknown,,0.0,275,,no self-identifying statements found
squigguilty,decentral_individual,student,0.8,8,I'm doing CSE,"The statement indicates the user is currently studying (CSE likely refers to Computer Science and Engineering), and no specific external university is named. According to the rules, if a statement mentions studying without naming a specific other university, ETH Zurich is assumed as the home institution."
ssamuel558,unknown,,0.0,7,,no self-identifying statements found
stamcro,unknown,,0.0,5,,no self-identifying statements found
standermatt,unknown,,0.0,203,,no self-identifying statements found
stanimal91,unknown,,0.0,1,,no self-identifying statements found
stef_himself,unknown,,0.0,3,,no self-identifying statements found
stefan2017ch,unknown,,0.0,12,,no self-identifying statements found
steinblitz,decentral_individual,student,0.8,35,started masters last semester,"The user mentions starting a master's program, which implies a current affiliation with a university. Since no other institution is named and ETH Zurich is the default for r/ethz posts, the affiliation is assumed to be ETH Zurich."
stemcellrevolution,unknown,,0.0,1,,no self-identifying statements found
stereosteam,unknown,,0.0,6,,no self-identifying statements found
steromez,external_individual,student,0.8,7,Portuguese student currently pursuing an undergraduate degree in Applied Mathematics to Economics and Management,The user explicitly identifies as a student at a non-ETH institution (Portugal) without mentioning any current or upcoming ETH affiliation.
stichtom,unknown,,0.0,136,,no self-identifying statements found
stockholm_maniac,unknown,,0.0,12,,no self-identifying statements found
strame3,unknown,,0.0,28,,no self-identifying statements found
strawberryscoups,decentral_individual,student,1.0,1,pursue my MSc in Statistics,"The user explicitly states they will be moving to Zurich to pursue an MSc, which implies a current or upcoming affiliation with ETH Zurich as the home institution."
strawberryyymilkkk,unknown,,0.0,12,,no self-identifying statements found
strawmangva,unknown,,0.0,156,,no self-identifying statements found
strugglin4adoctorat,unknown,,0.0,63,,no self-identifying statements found
studentofbio,decentral_individual,student,1.0,3,incoming international master's student,"The user explicitly states they are an 'incoming international master's student' at ETH Zurich, indicating a current or upcoming affiliation with ETH. This matches rule B of the decision tree, which assigns 'decentral_individual/student' for current or upcoming ETH affiliations."
studentprojecthouse,unknown,,0.0,1,,no self-identifying statements found
studentqu,decentral_individual,applicant,0.8,9,I've applied to study an MSc at ETHZ and EPFL. I got the offer of a place last week and the ESOP 'refusal' email a few hours ago. I was offered a place in the Computer Science MSc,"The user explicitly mentions applying to and being offered a place at ETHZ, which is the home institution. The mention of EPFL is in the context of applying, not being currently affiliated. The user is classified as an applicant at ETH Zurich."
studyharrrrrrrrd,unknown,,0.0,1,,no self-identifying statements found
styl5apofis,unknown,,0.0,78,,no self-identifying statements found
sudo_rm-r-f,unknown,,0.2,8,Moved here around 8 months ago. :),"The statement does not mention any university affiliation, study, research, or role related to a university. There is no explicit or implicit indication of a current or past university connection."
suholdmeback,unknown,,0.0,16,,no self-identifying statements found
suinodivino33,unknown,,0.0,4,,no self-identifying statements found
sumik02,decentral_individual,student,1.0,2,coming to MTEC,"The user mentions coming to MTEC, which is a department at ETH Zurich. This indicates a current or upcoming affiliation with ETH Zurich."
super-servant,unknown,,0.0,5,,no self-identifying statements found
super_kami_1337,unknown,,0.2,95,I recently restarted university,The statement does not provide any explicit or implicit information about the user's current university affiliation. It is too vague to determine whether the user is affiliated with ETH Zurich or another institution.
supercali_,unknown,,0.0,32,,no self-identifying statements found
supermag2,decentral_individual,researcher,0.8,122,access the cluster with the default laptop provided by the university,"The statement implies affiliation with a university that provides cluster access, and since no other university is explicitly named, ETH Zurich is assumed as the home institution."
supermarkio-,unknown,,0.0,195,,no self-identifying statements found
supersevi,unknown,,0.0,3,,no self-identifying statements found
svechinskaya,unknown,,0.0,6,,no self-identifying statements found
svensKatten,external_individual,other,0.8,133,recently got a job here in Zurich as a non-EU,"The user explicitly states they did not graduate from ETH and mentions working in Zurich, but no specific university is named for their current role. However, the absence of ETH affiliation and the presence of a non-EU job context implies an external affiliation."
swazilaender,unknown,,0.0,189,,no self-identifying statements found
sweat-child-of-mine,decentral_individual,student,0.8,2,I was recently admitted to the MSc CBB program,"The user was admitted to an ETH Zurich program (MSc CBB), which qualifies them as a decentral_individual/student. The mention of future PhD plans in the US does not override the current ETH affiliation."
sweet_potato_elsisi,unknown,,0.0,81,,no self-identifying statements found
sweet_selection_1996,external_individual,other,0.5,349,I am in a European country where I am still payed when,"The statement does not explicitly name a university, but the context implies the user is currently employed or working in a European country, which aligns with the 'other' subtype under external_individual. There is no explicit mention of ETH Zurich or any other university, but the absence of ETH affiliation and presence of a current role (implied by 'still payed when') suggests an external affiliation."
swiss_boy_128,unknown,,0.0,11,,no self-identifying statements found
swiss_lt,unknown,,0.0,67,,no self-identifying statements found
szuruburuszuru,unknown,,0.0,181,,no self-identifying statements found
t0t0zenerd,unknown,,0.0,427,,no self-identifying statements found
tackslabor,unknown,,0.0,237,,no self-identifying statements found
taenyfan95,decentral_individual,phd,0.5,250,I work my ass off for my physics PhD,"The statement indicates the user is currently pursuing a PhD, but no specific university is named. According to the rules, if a user mentions studying or doing a PhD without naming a specific other university, ETH Zurich is assumed as the default affiliation."
tagleaf,decentral_individual,student,1.0,10,I am about to finish my 2nd year at D-MAVT,"The statement explicitly mentions being in the second year at D-MAVT, which is a department at ETH Zurich. This indicates a current student affiliation with ETH Zurich."
tagpro_samuele,unknown,,0.0,38,,no self-identifying statements found
talpazz,unknown,,0.0,50,,no self-identifying statements found
tamantiga,unknown,,0.0,7,,no self-identifying statements found
tarquasso,unknown,,0.0,12,,no self-identifying statements found
tarudesu,unknown,,0.0,17,,no self-identifying statements found
tau_pi,unknown,,0.0,5,,no self-identifying statements found
tauloki,external_individual,student,0.8,2,σε ημμυ,"The statement explicitly mentions 'ημμυ' (IMMY, the Greek acronym for the National Technical University of Athens), indicating the user is currently a student at a non-ETH institution."
taurjr,external_individual,student,0.7,6,I will study for a semester in Rome,"The user explicitly mentions studying in Rome, which is a non-ETH institution, and there is no mention of a current or upcoming ETH affiliation."
tawayforsadvice,unknown,,0.0,19,,no self-identifying statements found
team_analysis5,unknown,,0.0,115,,no self-identifying statements found
teig123,decentral_individual,applicant,0.8,7,applied for a MSc at ETHZ,"The user mentions applying for a MSc at ETH Zurich, indicating a current application status without confirmation of acceptance. This fits the 'decentral_individual/applicant' category."
tenzinleila,former_individual,student,0.8,2,BSc in Earth Science from ETH,"The user mentions having a degree from ETH, indicating a past affiliation as a student."
terdinatore,unknown,,0.0,13,,no self-identifying statements found
terminal__object,unknown,,0.0,107,,no self-identifying statements found
terminal_object,unknown,,0.0,325,,no self-identifying statements found
terraformerre,unknown,,0.0,15,,no self-identifying statements found
thatchemist96,external_individual,student,0.8,42,I was at EPFL (ETH Lausanne),"The user explicitly mentions being at EPFL (ETH Lausanne), which is a non-ETH institution. The statement refers to a past affiliation, and no current ETH connection is indicated."
thatzodiackiller,decentral_individual,applicant,0.9,9,I'm looking to join ETHZ in 2025 as and Bachelors in EE&IT or CS,"The user explicitly mentions applying to join ETH Zurich in 2025, which aligns with the 'decentral_individual/applicant' category as they have applied but have not yet confirmed acceptance."
thbaloo,unknown,,0.0,2,,no self-identifying statements found
the-medium-cheese,unknown,,0.0,311,,no self-identifying statements found
the-return-of-amir,external_individual,other,0.8,72,"graduated from The university of Manchester, UK","The user explicitly mentions graduating from The University of Manchester, UK, which is a non-ETH institution. There is no mention of any current or upcoming affiliation with ETH Zurich."
the_evil_biscuit,unknown,,0.0,3,,no self-identifying statements found
thechickenmaster6000,decentral_individual,student,1.0,6,im currently at ETH Zurich chem eng programme,"The user explicitly states they are currently enrolled in the ETH Zurich chemical engineering program, which matches the criteria for a current ETH affiliation."
thedolfiin,unknown,,0.0,8,,no self-identifying statements found
thelambdamale,unknown,,0.0,5,,no self-identifying statements found
thenakednucleus,unknown,,0.0,349,,no self-identifying statements found
theoconomist,unknown,,0.0,569,,no self-identifying statements found
theonewhoask11,unknown,,0.0,271,,no self-identifying statements found
therage_,unknown,,0.0,9,,no self-identifying statements found
therealRCKola,unknown,,0.0,18,,no self-identifying statements found
therealshunkaido,unknown,,0.2,51,Im currently 17 and attending a Gymnasium with a Spanish profile in Kanton Zürich,"The statement mentions attending a Gymnasium (a type of secondary school), not a university. There is no explicit or implicit mention of a university affiliation, and the individual is currently 17, likely too young to be enrolled in a university program."
thesaltyanchovyyy,decentral_individual,phd,1.0,6,I am going to start my doctorate at ETH in September,"The user explicitly states they are starting their doctorate at ETH Zurich, indicating a current or upcoming affiliation with ETH."
thetaharvest,unknown,,0.0,7,,no self-identifying statements found
thetta-reddast,unknown,,0.0,9,,no self-identifying statements found
thoangzr,decentral_individual,student,1.0,40,I’m gonna finish my Master in CS this April,"The user is currently finishing their Master's degree, and no external university is mentioned. ETH Zurich is the default institution for r/ethz posts."
thottlieb,decentral_individual,applicant,0.8,4,I’m applying for MSc Statistics,"The user explicitly states they are applying for an MSc program at ETH Zurich, which is the default institution for such statements when no other university is named."
throaway_ch,unknown,,0.0,29,,no self-identifying statements found
throwawayacc42424242,decentral_individual,student,1.0,14,I got accepted into ETH Math bsc which i started,"The user explicitly states they are currently enrolled in the ETH Zurich Math BSc program, which confirms their current affiliation with ETH Zurich. The mention of prior education in France does not override the current ETH affiliation."
throwawayrotterdam2,unknown,,0.0,320,,no self-identifying statements found
thvgfcghfh,unknown,,0.0,8,,no self-identifying statements found
tibetatakan,unknown,,0.0,8,,no self-identifying statements found
tiddlywinks_truth,unknown,,0.0,9,,no self-identifying statements found
tiderborse,unknown,,0.0,15,,no self-identifying statements found
tigrayt2,unknown,,0.0,65,,no self-identifying statements found
timebandit456,unknown,,0.0,1,,no self-identifying statements found
tinatsh,decentral_individual,student,0.8,3,incoming master’s student,"The user identifies as an 'incoming master’s student from abroad,' which indicates a current or upcoming affiliation with ETH Zurich. The statement does not mention any other institution as their current role, and the context implies enrollment at ETH Zurich."
tinkerthinker1337,unknown,,0.0,69,,no self-identifying statements found
tinytiny_val,unknown,,0.0,210,,no self-identifying statements found
tioskott,decentral_individual,student,1.0,26,I’m wrapping up my master’s thesis,"The statement indicates the user is currently a student working on their master’s thesis. Since no other university is explicitly named and the default rule applies (no external institution mentioned), ETH Zurich is assumed as the home institution."
tischbombe23,unknown,,0.0,340,,no self-identifying statements found
tobevivid,decentral_individual,student,1.0,19,I'm starting my MSc this fall,"The user explicitly mentions starting an MSc, which aligns with being a current student at ETH Zurich based on the default rule since no other institution is named."
tobisaurier,unknown,,0.0,3,,no self-identifying statements found
toefungusgonebad,decentral_individual,student,1.0,2,international master’s student from America beginning my studies in February,"The user explicitly mentions being a master’s student starting at an unspecified time, but since no other university is named and the default rule applies (no specific external university mentioned), ETH Zurich is assumed as the home institution."
tojig,unknown,,0.0,519,,no self-identifying statements found
tomasbm5,decentral_individual,student,1.0,2,I‘m a first year chemistry student soon to take the Basisprüfung,"The statement indicates the user is a first-year student at ETH Zurich, as Basisprüfung is a specific exam taken by ETH students in their first year."
tommi-eth,unknown,,0.0,1,,no self-identifying statements found
toooni,unknown,,0.0,56,,no self-identifying statements found
top_ofthe_morning,unknown,,0.0,995,,no self-identifying statements found
toshass,unknown,,0.0,11,,no self-identifying statements found
total_desaster,unknown,,0.0,420,,no self-identifying statements found
totalboring,external_individual,student,0.9,1,"In September, I will be starting a joint MSc degree at UZH/ETHZ with the leading institution being UZH.","The user explicitly names UZH as the leading institution for their upcoming MSc degree, which is a current affiliation. ETH Zurich is not named as the primary institution, and the user is not stated to be enrolled or accepted at ETH Zurich."
tpauss,external_individual,student,0.8,14,"statements 1 and 2 mention studying at Politecnico di Milano and Bocconi University, both non-ETH institutions, with no indication of current or upcoming ETH affiliation","The user explicitly names non-ETH institutions (Politecnico di Milano and Bocconi University) as their current or recent academic affiliations. There is no mention of ETH Zurich in any of the statements, and the user is described as finishing an MSc, indicating an external affiliation."
tpawn42,unknown,,0.0,1,,no self-identifying statements found
tradbeg,decentral_individual,student,1.0,1,I will be starting my master in civil engineering with specialisation in structural engineering and construction management.,"The user explicitly states they will be starting their master's program, which implies a current or upcoming affiliation with ETH Zurich as per the subreddit default rule."
trafik_canavari,unknown,,0.0,52,,no self-identifying statements found
trembel12,decentral_individual,student,0.8,23,"at ETH also the semester is intense, especially in the first year","The statement explicitly refers to being at ETH during the semester, indicating a current student affiliation."
trip_tripp,external_individual,student,1.0,18,I'm a maths student as well (not from ETH),"The user explicitly states they are a maths student and clarifies they are not from ETH, indicating a current affiliation with a non-ETH institution."
trotoka,decentral_individual,student,1.0,3,Im in my third year of studying at eth,"The user explicitly states they are studying at ETH Zurich, which is the home institution. They are currently enrolled as a student, so the classification is decentral_individual/student with high confidence."
trufa27,external_individual,student,0.7,86,I'm doing a master’s in the same field,"The user mentions being a master’s student but does not explicitly name ETH Zurich or any other institution. However, since they do not mention ETH and the statement implies a current role without naming a specific university, the default assumption is that they are affiliated with a non-ETH institution."
trufaluffy,unknown,,0.0,5,,no self-identifying statements found
truthwwmm,unknown,,0.0,43,,no self-identifying statements found
tsrumble,unknown,,0.0,1,,no self-identifying statements found
ttthhheeeoooooo,external_individual,student,1.0,60,I’m a bachelor student at EPFL,"The user explicitly states they are a student at EPFL, a non-ETH institution, with no mention of a current or upcoming ETH affiliation."
turbman2,unknown,,0.0,1,,no self-identifying statements found
turingawardwinner,unknown,,0.0,7,,no self-identifying statements found
turtulin,external_individual,student,1.0,7,I am currently a student at Unicam (University of Camerino),"The user explicitly states they are currently a student at Unicam (University of Camerino), which is a non-ETH institution, with no mention of ETH affiliation."
twm2718,former_individual,professor,0.8,11,I studied physics at ETH,"The user explicitly mentions studying at ETH in the past and is now a tenured professor at another institution, indicating they are no longer affiliated with ETH."
txmxzzx,unknown,,0.0,1,,no self-identifying statements found
tym0704,external_individual,student,0.8,10,finishing studies at Charles University in Prague,"The user explicitly states they are finishing their studies at Charles University in Prague, a non-ETH institution, with no mention of a current or upcoming ETH affiliation."
ubernion,unknown,,0.0,2,,no self-identifying statements found
uenuifah,unknown,,0.0,377,,no self-identifying statements found
ugwemubweosas,unknown,,0.0,1,,no self-identifying statements found
ulfOptimism,external_individual,student,0.5,1,What I found out during studies at university,"The statement mentions 'studies at university' without naming ETH Zurich or any other specific institution. According to the rules, if a user mentions studying without naming a specific university, it is assumed to be external."
umammy,unknown,,0.0,1,,no self-identifying statements found
umm_wtf_hey,decentral_individual,applicant,0.8,28,Applying to ETH Zürich on a whim,"The user explicitly states they are applying to ETH Zürich, which matches the 'decentral_individual/applicant' category. The statement does not mention any other institution as their current role, and the application is to ETH, which is the home institution."
un-glaublich,unknown,,0.0,804,,no self-identifying statements found
undefined0326,unknown,,0.0,32,,no self-identifying statements found
underthebanyantree,unknown,,0.0,11,,no self-identifying statements found
undigestedFiD,unknown,,0.0,1013,,no self-identifying statements found
unga_bunga520,unknown,,0.2,199,No explicit or implicit university affiliation mentioned,"The statements do not provide any information about the user's university affiliation. They mention an internship, moving house, and seeking help from a graduate, but no institution is named or implied."
unknown_qw,decentral_individual,student,0.8,75,studying something I love,"The statement implies the user is currently studying, and no specific external university is named. According to the rules, if a user mentions studying without naming a specific other university, ETH Zurich is assumed as the home institution."
unknownstudentoflife,unknown,,0.0,1041,,no self-identifying statements found
unsuspiciousprofile,external_individual,student,0.5,290,I'm at a uni which offers the best undergrad course in europe for the subject I am studying,"The user mentions being at a university but does not explicitly name ETH Zurich or any other institution. The statement implies a current affiliation with a non-ETH university, but the specific institution is not named. This leads to a classification of external_individual/student with moderate confidence."
urgent-lost,unknown,,0.0,181,,no self-identifying statements found
urshootingstar,unknown,,0.0,55,,no self-identifying statements found
useless_neutrino,external_individual,student,0.5,132,I study at ...,"The statement 'I study at ...' indicates a current student role at an unspecified institution. Since no specific university is named and the statement does not mention ETH Zurich, it is classified as external_individual/student with moderate confidence."
user07711229999,unknown,,0.0,4,,no self-identifying statements found
user13376942069,decentral_individual,phd,0.8,146,I'm a PhD,"The user explicitly identifies as a PhD without mentioning any specific university other than ETH Zurich. Since no external institution is named, and the default assumption is ETH Zurich, the affiliation is classified as decentral_individual/phd."
user365710,unknown,,0.0,18,,no self-identifying statements found
user_052525,unknown,,0.0,7,,no self-identifying statements found
username6056,unknown,,0.0,67,,no self-identifying statements found
usualSputnik,unknown,,0.0,4,,no self-identifying statements found
v0idness,unknown,,0.0,396,,no self-identifying statements found
vac-ation,decentral_individual,student,0.8,280,now im studying computer science,"The statement indicates the user is currently studying computer science. Since no specific university is mentioned and the default rule applies, ETH Zurich is assumed as the institution."
vakulaboredofquora,unknown,,0.0,21,,no self-identifying statements found
vantheman0,unknown,,0.0,25,,no self-identifying statements found
vavavas,unknown,,0.0,1,,no self-identifying statements found
velirozh,unknown,,0.0,37,,no self-identifying statements found
veliwi,unknown,,0.0,3,,no self-identifying statements found
verilaks,unknown,,0.0,154,,no self-identifying statements found
vermee,unknown,,0.0,4,,no text content available
verys-aleph,decentral_individual,student,1.0,6,I'm a first year math student,"The statement indicates the user is currently a student, and since no other university is mentioned, ETH Zurich is assumed as the affiliation per the subreddit default."
virgin_fap_master,unknown,,0.0,1,,no self-identifying statements found
virtualdweller,external_individual,student,0.7,24,Coming from a university where the rules enforced that the grading scheme be determined and adhered to BEFORE students take the test,"The user refers to a past university experience (""Coming from a university"") and mentions moving to ETH, indicating they are currently affiliated with ETH. However, the first statement does not explicitly name ETH or any other institution, but the second statement implies a current affiliation with ETH. Since the first statement refers to a past university without naming it, it is classified as external_individual with a confidence of 0.7."
visciousblack,unknown,,0.2,11,myself I am writing notes directly on the slides that the professor explain,The statement does not provide any explicit or implicit information about the user's university affiliation. It only describes an action (taking notes during a lecture) without mentioning any institution or role.
vltmusic,decentral_individual,student,0.8,6,im graduating with a master’s in CS next year,"The user mentions graduating with a master’s in CS but does not name a specific university. Since they are currently enrolled (implying they are at ETH Zurich based on the subreddit default), the classification is decentral_individual/student."
vocalproletariat28,unknown,,0.2,692,No explicit or implicit university affiliation mentioned,"The statements do not provide any information about the user's current or past university affiliation. The first statement is vague and does not name a specific institution, and the second statement is unrelated to university affiliation."
vocdex,unknown,,0.0,14,,no self-identifying statements found
voldemort9289,decentral_individual,applicant,0.6,46,I am interested to apply for 2025 phd program at ETH or other univ.,"The user mentions applying to ETH's PhD program, which indicates a current application status without confirmed acceptance. This fits the 'decentral_individual/applicant' category."
vrwv,unknown,,0.0,15,,no self-identifying statements found
w4lt3rwalter,unknown,,0.0,1,,no self-identifying statements found
wallexd7,unknown,,0.0,34,,no self-identifying statements found
walter3white,unknown,,0.0,3,,no self-identifying statements found
wasserkonfetti,unknown,,0.0,128,,no self-identifying statements found
wassup369,unknown,,0.0,16,,no self-identifying statements found
watchm8,unknown,,0.0,13,,no self-identifying statements found
way_ze,former_individual,student,0.8,3,did my bachelors at ETH too,"The user mentions having completed their bachelor's at ETH, and the context implies they are no longer a student there (past tense). They also mention completing an MSc in math and a thesis in D-INFK, which are affiliated with ETH Zurich."
weRborg,unknown,,0.0,354,,no self-identifying statements found
webbs3,unknown,,0.0,1325,,no self-identifying statements found
weekendhope,unknown,,0.0,9,,no self-identifying statements found
weiss_doch_o_ni,decentral_individual,student,0.5,105,I'm a university student,"The user identifies as a university student but does not specify an institution. Since they are on r/ethz and no external institution is named, the default assumption is ETH Zurich."
whatdoiknooow,unknown,,0.0,87,,no self-identifying statements found
wheregold,unknown,,0.0,115,,no self-identifying statements found
whitehole_phy,former_individual,student,0.5,53,I was supposed to start my bachelor at ETH two years ago,"The user mentions starting a bachelor's program at ETH in the past, indicating a former affiliation as a student."
whothatboah,unknown,,0.0,18,,no self-identifying statements found
wild_brocoli37,unknown,,0.0,43,,no self-identifying statements found
william_andrew_simon,unknown,,0.0,8,,no self-identifying statements found
wilrob2,unknown,,0.0,34,,no self-identifying statements found
winkymann,unknown,,0.0,1,,no self-identifying statements found
winstonchurchilloffi,unknown,,0.0,4,,no self-identifying statements found
wizened-planner,unknown,,0.0,1,,no self-identifying statements found
wolfstettler,unknown,,0.0,66,,no self-identifying statements found
woozy_1729,unknown,,0.0,21,,no self-identifying statements found
wormyOdyssey,unknown,,0.0,5,,no self-identifying statements found
wowmyearhurts,unknown,,0.0,4,,no self-identifying statements found
wraith-mayhem,unknown,,0.0,120,,no self-identifying statements found
ws11235,former_individual,employee_or_alumni,0.8,196,We are ETH graduates,"The statement explicitly mentions being graduates of ETH, indicating a former affiliation as alumni."
wylde_d7,unknown,,0.0,44,,no self-identifying statements found
x3non_04,unknown,,0.0,98,,no self-identifying statements found
xAshenDemonx,external_individual,student,0.8,12,Now at UZH in biomedicine,"The user explicitly states they are currently at UZH (University of Zurich), which is a non-ETH institution. They also mention past affiliation with ETH, but current role is at UZH."
xDerDachDeckerx,decentral_individual,student,1.0,42,upcoming student who just got admitted into studying at eth,"The user explicitly mentions being an 'upcoming student' who has been 'admitted into studying at eth', which clearly indicates a current or upcoming ETH affiliation. This matches rule B in the decision tree, and the subtype 'student' is appropriate for an upcoming student."
xLexip,unknown,,0.0,55,,no self-identifying statements found
xXGIMpL0rdXx,unknown,,0.2,5,I went and it helped me find some fun ppl,The statement does not provide any explicit or implicit information about the user's university affiliation or role.
xXVareszXx,unknown,,0.0,122,,no self-identifying statements found
x_AdvaitD_x,unknown,,0.0,6,,no self-identifying statements found
xcxzero,unknown,,0.0,13,,no self-identifying statements found
xelanxxs,unknown,,0.0,60,,no self-identifying statements found
xeme11,unknown,,0.0,2,,no self-identifying statements found
xiikjuy,unknown,,0.0,486,,no self-identifying statements found
xinn-6153,unknown,,0.0,3,,no self-identifying statements found
xplosivexpert,decentral_individual,student,0.8,4,I do some complicated math at my university,"The statement implies the user is currently a student at a university, but no specific institution is named. Since the user is on r/ethz and the default assumption is ETH Zurich when no other institution is mentioned, the affiliation is assumed to be ETH Zurich."
xschunka,unknown,,0.0,12,,no self-identifying statements found
y0xi,decentral_individual,applicant,0.7,4,I applied to two MSc degrees,"The user explicitly mentions applying to MSc programs, which aligns with the 'applicant' subtype under 'decentral_individual'. The mention of submitting applications indicates a current application process, and no explicit non-ETH affiliation is stated, so ETH Zurich is assumed as the home institution."
y_abdelaziz,unknown,,0.0,46,,no self-identifying statements found
yarpen_z,unknown,,0.0,191,,no self-identifying statements found
yassin_01_,decentral_individual,student,0.8,122,Ich suche für meine Bachelorarbeit noch Teilnehmende,"The statement indicates the user is currently working on a bachelor's thesis, which implies they are a current student at ETH Zurich, as no other institution is mentioned."
yaxir,decentral_individual,phd,1.0,2126,"I am doing PhD, am a PhD student","The user explicitly states they are a PhD student without mentioning any specific university other than ETH Zurich. According to the rules, if a user mentions studying or doing a PhD without naming a specific other university, ETH Zurich is assumed as the home institution."
yellowtulip04,unknown,,0.0,3,,no self-identifying statements found
yesNoIdunnno,former_individual,student,0.8,5,"BSc INFK, around 2018/2019","The statement indicates a past degree (BSc INFK) from ETH Zurich, which is implied by the context of the subreddit and the nature of the degree. The use of 'around 2018/2019' suggests the user is no longer a current student, placing them in the 'former_individual' category with the 'student' subtype."
yesplease63636jwj,unknown,,0.0,1,,no self-identifying statements found
yfsarah,unknown,,0.0,40,,no self-identifying statements found
ygtrhos,external_individual,other,0.5,145,I have a PhD,"The user mentions having a PhD but does not explicitly name a university. However, the absence of any mention of ETH Zurich and the presence of a self-identifying statement about a PhD implies affiliation with a non-ETH institution. This is a strong implicit signal, leading to a confidence level of 0.5."
yhaxxxxxx,unknown,,0.0,17,,no self-identifying statements found
yikem_606,decentral_individual,applicant,0.7,2,I'm now applying for environmental science (in specialization of Landscape and Forest Management),"The user mentions they are currently applying for a program but does not specify the institution. However, since the default is to assume ETH Zurich if no other institution is named, and the user is in the process of applying, they are classified as a decentral_individual/applicant."
ykozyr,decentral_individual,student,0.8,13,I am going to do Masters in CS / I am finishing my Bachelor's in CS,"The user is currently finishing their Bachelor's and planning to pursue a Master's, but no specific university is mentioned. According to the rules, if a statement mentions studying or doing a degree without naming a specific other university, assume ETH Zurich."
your_curious_guy,unknown,,0.0,13,,no self-identifying statements found
ysenngard,unknown,,0.0,19,,no self-identifying statements found
yulindu,unknown,,0.0,7,,no self-identifying statements found
yummy_broccoli,unknown,,0.0,42,,no self-identifying statements found
yungSturrr,unknown,,0.0,1,,no self-identifying statements found
yungreseller,unknown,,0.0,16,,no self-identifying statements found
ywecur,external_individual,student,0.7,77,European university,"The user explicitly mentions studying at a European university without naming ETH Zurich, and there is no indication of a current or upcoming ETH affiliation."
z3iah,unknown,,0.0,4,,no self-identifying statements found
zacyivk,unknown,,0.0,7,,no self-identifying statements found
zaka9923,unknown,,0.0,14,,no self-identifying statements found
zambaros,unknown,,0.0,158,,no self-identifying statements found
zarkonnen,unknown,,0.0,44,,no self-identifying statements found
zeoreeves13,unknown,,0.0,359,,no self-identifying statements found
zeytonx_,unknown,,0.0,5,,no self-identifying statements found
zgjs24,decentral_individual,student,1.0,6,I'm currently finishing my Master's at ETH in Computational Biology,"The user explicitly states they are currently finishing their Master's at ETH, which confirms a current ETH affiliation."
zhantongz,unknown,,0.0,203,,no self-identifying statements found
zhdc,unknown,,0.0,94,,no self-identifying statements found
zhsrd,unknown,,0.0,6,,no self-identifying statements found
zieglas258,unknown,,0.0,1,,no self-identifying statements found
zinsights19,unknown,,0.0,13,,no self-identifying statements found
zirande,unknown,,0.0,11,,no self-identifying statements found
zoe_tinytoes03,unknown,,0.0,2,,no self-identifying statements found
zombieslayer124,unknown,,0.0,447,,no self-identifying statements found
zonamoroza,unknown,,0.0,32,,no self-identifying statements found
zoroasterixer,unknown,,0.0,91,,no self-identifying statements found
zpiman,unknown,,0.0,1,,no self-identifying statements found
zue2000,unknown,,0.0,1,,no self-identifying statements found
zweiter_mensch,unknown,,0.0,38,,no self-identifying statements found
zzztz,unknown,,0.0,51,,no self-identifying statements found
